Date,JackpotId,Home,Away,Score,Result
2022-12-18T21:11:36.161Z,1,Aquila Montevarchi,Rimini FC 1912,0:1,Away
2022-12-18T21:11:36.161Z,1,Olbia Calcio,Lucchese Libertas 1905,1:1,Draw
2022-12-18T21:11:36.161Z,1,SC Pisa,Brescia Calcio,3:0,Home
2022-12-18T21:11:36.161Z,1,Akritas Chlorakas,Nea Salamina Famagusta,1:2,Away
2022-12-18T21:11:36.161Z,1,Beitar Jerusalem FC,Maccabi Netanya FC,6:3,Home
2022-12-18T21:11:36.161Z,1,Estrela Amadora,FC Penafiel,1:1,Draw
2022-12-18T21:11:36.161Z,1,Reggina 1914,SSC Bari,0:0,Draw
2022-12-18T21:11:36.161Z,1,Real Oviedo,Sporting Gijon,1:0,Home
2022-12-18T21:11:36.161Z,1,Western United FC,Western Sydney Wanderers,1:0,Home
2022-12-18T21:11:36.161Z,1,Bandirmaspor,Pendikspor,1:0,Home
2022-12-18T21:11:36.161Z,1,CD Atletico Baleares,Real Murcia CF,0:3,Away
2022-12-18T21:11:36.161Z,1,Turris Calcio,Calcio Foggia,1:2,Away
2022-12-18T21:11:36.161Z,1,AO Egaleo 1931 PAE,Chania FC,0:0,Draw
2022-12-18T21:11:36.161Z,1,Cosenza Calcio,Ascoli Calcio 1898,1:3,Away
2022-12-18T21:11:36.161Z,1,Modena FC,Benevento Calcio,1:1,Draw
2022-12-18T21:11:36.161Z,1,Palermo FC,Cagliari Calcio,2:1,Home
2022-12-18T21:11:36.161Z,1,Burgos CF,SD Huesca,1:1,Draw
2022-12-26T23:57:16.040Z,2,Everton FC,Wolverhampton Wanderers,1:2,Away
2022-12-26T23:57:16.040Z,2,Bristol City,West Bromwich Albion,0:2,Away
2022-12-26T23:57:16.040Z,2,Rotherham United,Stoke City,2:2,Draw
2022-12-26T23:57:16.040Z,2,Burton Albion,Lincoln City,3:0,Home
2022-12-26T23:57:16.040Z,2,Cambridge United,Shrewsbury Town,2:1,Home
2022-12-26T23:57:16.040Z,2,Charlton Athletic,Peterborough United,1:1,Draw
2022-12-26T23:57:16.040Z,2,Exeter City,Portsmouth FC,0:0,Draw
2022-12-26T23:57:16.040Z,2,FC Annecy,AS Saint-Etienne,2:1,Home
2022-12-26T23:57:16.040Z,2,Goztepe Izmir,BB Bodrumspor,0:1,Away
2022-12-26T23:57:16.040Z,2,Cardiff City,Queens Park Rangers,0:0,Draw
2022-12-26T23:57:16.040Z,2,Luton Town,Norwich City,2:1,Home
2022-12-26T23:57:16.040Z,2,Royal Charleroi SC,RSC Anderlecht,0:1,Away
2022-12-26T23:57:16.040Z,2,Quevilly-Rouen Metropole,Grenoble Foot,2:0,Home
2022-12-26T23:57:16.040Z,2,SC Bastia,SM Caen,1:0,Home
2022-12-26T23:57:16.040Z,2,Nimes Olympique,EA Guingamp,1:2,Away
2022-12-26T23:57:16.040Z,2,Pau FC,Paris FC,0:1,Away
2022-12-26T23:57:16.040Z,2,Valenciennes FC,Amiens SC,1:1,Draw
2023-01-01T20:24:14.192Z,3,AFC Bournemouth,Crystal Palace,0:2,Away
2023-01-01T20:24:14.192Z,3,Hapoel Tel Aviv FC,Maccabi Netanya FC,1:1,Draw
2023-01-01T20:24:14.192Z,3,Sekhukhune United,AmaZulu FC,0:0,Draw
2023-01-01T20:24:14.192Z,3,Bnei Sakhnin FC,Hapoel Haifa FC,1:2,Away
2023-01-01T20:24:14.192Z,3,FC Ashdod,Hapoel Jerusalem FC,1:1,Draw
2023-01-01T20:24:14.192Z,3,Blackburn Rovers,Cardiff City,1:0,Home
2023-01-01T20:24:14.192Z,3,Angers SCO,FC Lorient,1:2,Away
2023-01-01T20:24:14.192Z,3,Hartlepool United,Harrogate Town,3:3,Draw
2023-01-01T20:24:14.192Z,3,Walsall FC,Mansfield Town,2:1,Home
2023-01-01T20:24:14.192Z,3,Huddersfield Town,Luton Town,1:2,Away
2023-01-01T20:24:14.192Z,3,Blackpool,Sunderland AFC,1:1,Draw
2023-01-01T20:24:14.192Z,3,Morecambe FC,Burton Albion,5:0,Home
2023-01-01T20:24:14.192Z,3,Colchester United,Swindon Town,1:0,Home
2023-01-01T20:24:14.192Z,3,Crewe Alexandra,Tranmere Rovers FC,1:0,Home
2023-01-01T20:24:14.192Z,3,Doncaster Rovers,Carlisle United,2:1,Home
2023-01-01T20:24:14.192Z,3,Grimsby Town,Stockport County FC,1:0,Home
2023-01-01T20:24:14.192Z,3,Hapoel Hadera FC,Maccabi Bney Reine,2:2,Draw
2023-01-08T20:02:30.164Z,4,KAS Eupen,Royal Charleroi SC,1:2,Away
2023-01-08T20:02:30.164Z,4,Millwall FC,Sheffield United,0:2,Away
2023-01-08T20:02:30.164Z,4,AFC Bournemouth,Burnley FC,2:4,Away
2023-01-08T20:02:30.164Z,4,Cambridge United,Bristol Rovers,1:2,Away
2023-01-08T20:02:30.164Z,4,Morecambe FC,Cheltenham Town,2:1,Home
2023-01-08T20:02:30.164Z,4,RKC Waalwijk,SC Heerenveen,0:0,Draw
2023-01-08T20:02:30.164Z,4,Brentford FC,West Ham United,0:1,Away
2023-01-08T20:02:30.164Z,4,Fortuna Sittard,Go Ahead Eagles,0:2,Away
2023-01-08T20:02:30.164Z,4,Royal Antwerp FC,KAA Gent,2:0,Home
2023-01-08T20:02:30.164Z,4,Espanyol Barcelona,Girona FC,2:2,Draw
2023-01-08T20:02:30.164Z,4,US Salernitana,Torino FC,1:1,Draw
2023-01-08T20:02:30.164Z,4,Bristol City,Swansea City,1:1,Draw
2023-01-08T20:02:30.164Z,4,Spezia Calcio,US Lecce,0:0,Draw
2023-01-08T20:02:30.164Z,4,SV Zulte Waregem,Yellow-Red KV Mechelen,2:0,Home
2023-01-08T20:02:30.164Z,4,FC Pacos Ferreira,GD Chaves,1:1,Draw
2023-01-08T20:02:30.164Z,4,Excelsior Rotterdam,FC Groningen,1:0,Home
2023-01-08T20:02:30.164Z,4,Fenerbahce Istanbul,Galatasaray Istanbul,0:3,Away
2023-01-15T16:40:46.418Z,5,Nottingham Forest,Leicester City,2:0,Home
2023-01-15T16:40:46.418Z,5,Wolverhampton Wanderers,West Ham United,1:0,Home
2023-01-15T16:40:46.418Z,5,Luton Town,West Bromwich Albion,2:3,Away
2023-01-15T16:40:46.418Z,5,Preston North End,Norwich City,0:4,Away
2023-01-15T16:40:46.418Z,5,Reading FC,Queens Park Rangers,2:2,Draw
2023-01-15T16:40:46.418Z,5,Sunderland AFC,Swansea City,1:3,Away
2023-01-15T16:40:46.418Z,5,DR Congo,Uganda,0:0,Draw
2023-01-15T16:40:46.418Z,5,Girona FC,Sevilla FC,2:1,Home
2023-01-15T16:40:46.418Z,5,KAS Eupen,St. Truidense VV,0:2,Away
2023-01-15T16:40:46.418Z,5,FC Volendam,RKC Waalwijk,2:1,Home
2023-01-15T16:40:46.418Z,5,Ivory Coast,Senegal,0:1,Away
2023-01-15T16:40:46.418Z,5,Real Sociedad San Sebastian,Athletic Bilbao,3:1,Home
2023-01-15T16:40:46.418Z,5,Getafe CF,Espanyol Barcelona,1:2,Away
2023-01-15T16:40:46.418Z,5,Go Ahead Eagles,FC Utrecht,2:2,Draw
2023-01-15T16:40:46.418Z,5,Angers SCO,Clermont Foot 63,1:2,Away
2023-01-15T16:40:46.418Z,5,Montpellier HSC,FC Nantes,0:3,Away
2023-01-15T16:40:46.418Z,5,Stade Reims,OGC Nice,0:0,Draw
2023-01-23T08:45:34.907Z,6,AFC Bournemouth,Nottingham Forest,1:1,Draw
2023-01-23T08:45:34.907Z,6,Southampton FC,Aston Villa,0:1,Away
2023-01-23T08:45:34.907Z,6,Birmingham City,Preston North End,1:2,Away
2023-01-23T08:45:34.907Z,6,Blackpool,Huddersfield Town,PD:X,Draw
2023-01-23T08:45:34.907Z,6,Cardiff City,Millwall FC,0:1,Away
2023-01-23T08:45:34.907Z,6,Queens Park Rangers,Swansea City,1:1,Draw
2023-01-23T08:45:34.907Z,6,Wigan Athletic,Luton Town,0:2,Away
2023-01-23T08:45:34.907Z,6,Espanyol Barcelona,Real Betis Seville,1:0,Home
2023-01-23T08:45:34.907Z,6,SC Cambuur,Sparta Rotterdam,0:3,Away
2023-01-23T08:45:34.907Z,6,RKC Waalwijk,Go Ahead Eagles,PD:2,Away
2023-01-23T08:45:34.907Z,6,Gaziantep FK,Sivasspor,1:2,Away
2023-01-23T08:45:34.907Z,6,Sunderland AFC,Middlesbrough FC,2:0,Home
2023-01-23T08:45:34.907Z,6,Feyenoord Rotterdam,Ajax Amsterdam,1:1,Draw
2023-01-23T08:45:34.907Z,6,Leeds United,Brentford FC,0:0,Draw
2023-01-23T08:45:34.907Z,6,AC Monza,Sassuolo Calcio,1:1,Draw
2023-01-23T08:45:34.907Z,6,Maritimo Madeira,Estoril Praia,1:0,Home
2023-01-23T08:45:34.907Z,6,Borussia Monchengladbach,Bayer Leverkusen,2:3,Away
2023-01-29T20:31:20.135Z,7,Hull City,Queens Park Rangers,3:0,Home
2023-01-29T20:31:20.135Z,7,Blackburn Rovers,Birmingham City,2:2,Draw
2023-01-29T20:31:20.135Z,7,Getafe CF,Real Betis Seville,0:1,Away
2023-01-29T20:31:20.135Z,7,FC Twente Enschede,Feyenoord Rotterdam,1:1,Draw
2023-01-29T20:31:20.135Z,7,OGC Nice,Lille OSC,1:0,Home
2023-01-29T20:31:20.135Z,7,RSC Anderlecht,Royal Antwerp FC,0:0,Draw
2023-01-29T20:31:20.135Z,7,Real Valladolid,Valencia CF,1:0,Home
2023-01-29T20:31:20.135Z,7,Brighton & Hove Albion,Liverpool FC,2:1,Home
2023-01-29T20:31:20.135Z,7,AJ Auxerre,Montpellier HSC,0:2,Away
2023-01-29T20:31:20.135Z,7,Clermont Foot 63,FC Nantes,0:0,Draw
2023-01-29T20:31:20.135Z,7,Schalke 04,1. FC Cologne,0:0,Draw
2023-01-29T20:31:20.135Z,7,Cercle Brugge,KAA Gent,3:2,Home
2023-01-29T20:31:20.135Z,7,CA Osasuna,Atletico Madrid,0:1,Away
2023-01-29T20:31:20.135Z,7,SC Cambuur,Fortuna Sittard,1:2,Away
2023-01-29T20:31:20.135Z,7,Bayer Leverkusen,Borussia Dortmund,0:2,Away
2023-01-29T20:31:20.135Z,7,RC Celta de Vigo,Athletic Bilbao,1:0,Home
2023-01-29T20:31:20.135Z,7,Boavista Porto,Portimonense SC,4:2,Home
2023-02-05T17:01:26.560Z,8,Preston North End,Bristol City,1:2,Away
2023-02-05T17:01:26.560Z,8,Huddersfield Town,Queens Park Rangers,1:1,Draw
2023-02-05T17:01:26.560Z,8,Reading FC,Watford FC,2:2,Draw
2023-02-05T17:01:26.560Z,8,KAS Eupen,KVC Westerlo,1:1,Draw
2023-02-05T17:01:26.560Z,8,FC Emmen,Vitesse Arnhem,2:2,Draw
2023-02-05T17:01:26.560Z,8,Excelsior Rotterdam,RKC Waalwijk,0:0,Draw
2023-02-05T17:01:26.560Z,8,Stade Rennes,Lille OSC,1:3,Away
2023-02-05T17:01:26.560Z,8,Estoril Praia,Vitoria SC Guimaraes,0:1,Away
2023-02-05T17:01:26.560Z,8,Argentinos Juniors,Racing Club Avellaneda,1:0,Home
2023-02-05T17:01:26.560Z,8,Atletico Lanus,CA San Lorenzo de Almagro,2:1,Home
2023-02-05T17:01:26.560Z,8,Royal Antwerp FC,Club Brugge,0:0,Draw
2023-02-05T17:01:26.560Z,8,Villarreal CF B,Granada CF,0:2,Away
2023-02-05T17:01:26.560Z,8,FC Sion,FC Zurich,0:1,Away
2023-02-05T17:01:26.560Z,8,Go Ahead Eagles,NEC Nijmegen,1:0,Home
2023-02-05T17:01:26.560Z,8,Nottingham Forest,Leeds United,1:0,Home
2023-02-05T17:01:26.560Z,8,AC Ajaccio,FC Nantes,0:2,Away
2023-02-05T17:01:26.560Z,8,Torino FC,Udinese Calcio,1:0,Home
2023-02-12T22:08:51.629Z,9,Southampton FC,Wolverhampton Wanderers,1:2,Away
2023-02-12T22:08:51.629Z,9,KVC Westerlo,KAA Gent,3:3,Draw
2023-02-12T22:08:51.629Z,9,UD Almeria,Real Betis Seville,2:3,Away
2023-02-12T22:08:51.629Z,9,Lazio Rome,Atalanta BC,0:2,Away
2023-02-12T22:08:51.629Z,9,Valencia CF,Athletic Bilbao,1:2,Away
2023-02-12T22:08:51.629Z,9,Macarthur FC,Wellington Phoenix FC,2:1,Home
2023-02-12T22:08:51.629Z,9,Toulouse FC,Stade Rennes,3:1,Home
2023-02-12T22:08:51.629Z,9,Getafe CF,Rayo Vallecano,1:1,Draw
2023-02-12T22:08:51.629Z,9,Vitesse Arnhem,FC Utrecht,2:0,Home
2023-02-12T22:08:51.629Z,9,Angers SCO,AJ Auxerre,1:1,Draw
2023-02-12T22:08:51.629Z,9,Montpellier HSC,Stade Brest 29,3:0,Home
2023-02-12T22:08:51.629Z,9,Hertha BSC,Borussia Monchengladbach,4:1,Home
2023-02-12T22:08:51.629Z,9,RC Celta de Vigo,Atletico Madrid,0:1,Away
2023-02-12T22:08:51.629Z,9,1. FC Cologne,Eintracht Frankfurt,3:0,Home
2023-02-12T22:08:51.629Z,9,Real Valladolid,CA Osasuna,0:0,Draw
2023-02-12T22:08:51.629Z,9,Sporting Lisbon,FC Porto,1:2,Away
2023-02-12T22:08:51.629Z,9,Olympique Lyon,RC Lens,2:1,Home
2023-02-19T18:29:27.668Z,10,Huddersfield Town,Birmingham City,2:1,Home
2023-02-19T18:29:27.668Z,10,Hull City,Preston North End,0:0,Draw
2023-02-19T18:29:27.668Z,10,Blackpool,Stoke City,1:0,Home
2023-02-19T18:29:27.668Z,10,Everton FC,Leeds United,1:0,Home
2023-02-19T18:29:27.668Z,10,Portimonense SC,Maritimo Madeira,2:1,Home
2023-02-19T18:29:27.668Z,10,FC Winterthur,FC Sion,1:1,Draw
2023-02-19T18:29:27.668Z,10,RCD Mallorca,Villarreal CF,4:2,Home
2023-02-19T18:29:27.668Z,10,Newcastle United,Liverpool FC,0:2,Away
2023-02-19T18:29:27.668Z,10,CD Leganes,UD Las Palmas,0:0,Draw
2023-02-19T18:29:27.668Z,10,FC Groningen,FC Emmen,1:1,Draw
2023-02-19T18:29:27.668Z,10,SC Cambuur,SC Heerenveen,1:2,Away
2023-02-19T18:29:27.668Z,10,Motherwell FC,Heart of Midlothian FC,2:0,Home
2023-02-19T18:29:27.668Z,10,Elche CF,Espanyol Barcelona,0:1,Away
2023-02-19T18:29:27.668Z,10,SD Huesca,Granada CF,1:1,Draw
2023-02-19T18:29:27.668Z,10,ESTAC Troyes,Montpellier HSC,0:1,Away
2023-02-19T18:29:27.668Z,10,Rayo Vallecano,Sevilla FC,1:1,Draw
2023-02-19T18:29:27.668Z,10,Santa Clara Azores,FC Famalicao,1:3,Away
2023-02-26T18:48:20.800Z,11,Everton FC,Aston Villa,0:2,Away
2023-02-26T18:48:20.800Z,11,Birmingham City,Luton Town,0:1,Away
2023-02-26T18:48:20.800Z,11,Bristol City,Hull City,1:0,Home
2023-02-26T18:48:20.800Z,11,Queens Park Rangers,Blackburn Rovers,1:3,Away
2023-02-26T18:48:20.800Z,11,Stoke City,Millwall FC,0:1,Away
2023-02-26T18:48:20.800Z,11,West Bromwich Albion,Middlesbrough FC,2:0,Home
2023-02-26T18:48:20.800Z,11,Cadiz CF,Rayo Vallecano,1:0,Home
2023-02-26T18:48:20.800Z,11,Schalke 04,VfB Stuttgart,2:1,Home
2023-02-26T18:48:20.800Z,11,Maritimo Madeira,Santa Clara Azores,3:1,Home
2023-02-26T18:48:20.800Z,11,US Lecce,Sassuolo Calcio,0:1,Away
2023-02-26T18:48:20.800Z,11,Valencia CF,Real Sociedad San Sebastian,1:0,Home
2023-02-26T18:48:20.800Z,11,Tottenham Hotspur,Chelsea FC,2:0,Home
2023-02-26T18:48:20.800Z,11,FC Nantes,Stade Rennes,0:1,Away
2023-02-26T18:48:20.800Z,11,Clermont Foot 63,Strasbourg Alsace,1:1,Draw
2023-02-26T18:48:20.800Z,11,SC Freiburg,Bayer Leverkusen,1:1,Draw
2023-02-26T18:48:20.800Z,11,Rio Ave FC,GD Chaves,1:0,Home
2023-02-26T18:48:20.800Z,11,FC Lugano,FC Basel 1893,2:2,Draw
2023-03-05T22:37:19.412Z,12,Tenerife CD,SD Eibar,0:1,Away
2023-03-05T22:37:19.412Z,12,Southampton FC,Leicester City,1:0,Home
2023-03-05T22:37:19.412Z,12,FC Volendam,FC Emmen,3:1,Home
2023-03-05T22:37:19.412Z,12,Standard Liege,KVC Westerlo,2:0,Home
2023-03-05T22:37:19.412Z,12,ACF Fiorentina,AC Milan,2:1,Home
2023-03-05T22:37:19.412Z,12,CD Mirandes,Real Oviedo,1:0,Home
2023-03-05T22:37:19.412Z,12,Spezia Calcio,Hellas Verona,0:0,Draw
2023-03-05T22:37:19.412Z,12,Hansa Rostock,Karlsruher SC,0:2,Away
2023-03-05T22:37:19.412Z,12,Real Valladolid,Espanyol Barcelona,2:1,Home
2023-03-05T22:37:19.412Z,12,Nottingham Forest,Everton FC,2:2,Draw
2023-03-05T22:37:19.412Z,12,Liverpool FC,Manchester United,7:0,Home
2023-03-05T22:37:19.412Z,12,VfL Wolfsburg,Eintracht Frankfurt,2:2,Draw
2023-03-05T22:37:19.412Z,12,Rayo Vallecano,Athletic Bilbao,0:0,Draw
2023-03-05T22:37:19.412Z,12,Santa Clara Azores,Vitoria SC Guimaraes,1:3,Away
2023-03-05T22:37:19.412Z,12,SC Cambuur,Go Ahead Eagles,4:1,Home
2023-03-05T22:37:19.412Z,12,Stade Rennes,Olympique Marseille,0:1,Away
2023-03-05T22:37:19.412Z,12,AS Roma,Juventus Turin,1:0,Home
2023-03-12T21:23:44.475Z,13,Everton FC,Brentford FC,1:0,Home
2023-03-12T21:23:44.475Z,13,Preston North End,Cardiff City,2:0,Home
2023-03-12T21:23:44.475Z,13,Queens Park Rangers,Watford FC,1:0,Home
2023-03-12T21:23:44.475Z,13,Elche CF,Real Valladolid,1:1,Draw
2023-03-12T21:23:44.475Z,13,FC Pacos Ferreira,Santa Clara Azores,1:0,Home
2023-03-12T21:23:44.475Z,13,KAS Eupen,KV Oostende,4:4,Draw
2023-03-12T21:23:44.475Z,13,Bologna FC,Lazio Rome,0:0,Draw
2023-03-12T21:23:44.475Z,13,Sparta Rotterdam,Vitesse Arnhem,3:1,Home
2023-03-12T21:23:44.475Z,13,NEC Nijmegen,FC Utrecht,2:2,Draw
2023-03-12T21:23:44.475Z,13,US Lecce,Torino FC,0:2,Away
2023-03-12T21:23:44.475Z,13,RCD Mallorca,Real Sociedad San Sebastian,1:1,Draw
2023-03-12T21:23:44.475Z,13,AC Ajaccio,Montpellier HSC,0:1,Away
2023-03-12T21:23:44.475Z,13,FC Nantes,OGC Nice,2:2,Draw
2023-03-12T21:23:44.475Z,13,Hellas Verona,AC Monza,1:1,Draw
2023-03-12T21:23:44.475Z,13,Rio Ave FC,Gil Vicente Barcelos,2:1,Home
2023-03-12T21:23:44.475Z,13,KRC Genk,Union Saint-Gilloise,1:2,Away
2023-03-12T21:23:44.475Z,13,VfL Wolfsburg,Union Berlin,1:1,Draw
2023-03-20T10:17:12.259Z,14,Rotherham United,Cardiff City,PD:2,Away
2023-03-20T10:17:12.259Z,14,Aberdeen FC,Heart of Midlothian FC,3:0,Home
2023-03-20T10:17:12.259Z,14,Stoke City,Norwich City,0:0,Draw
2023-03-20T10:17:12.259Z,14,Albacete Balompie,Granada CF,1:2,Away
2023-03-20T10:17:12.259Z,14,Portimonense SC,FC Vizela,0:1,Away
2023-03-20T10:17:12.259Z,14,Espanyol Barcelona,RC Celta de Vigo,1:3,Away
2023-03-20T10:17:12.259Z,14,FC Emmen,Sparta Rotterdam,0:2,Away
2023-03-20T10:17:12.259Z,14,Chamois Niort FC,Stade Lavallois MFC,3:2,Home
2023-03-20T10:17:12.259Z,14,Quevilly-Rouen Metropole,FC Metz,1:2,Away
2023-03-20T10:17:12.259Z,14,FC Groningen,SC Heerenveen,0:2,Away
2023-03-20T10:17:12.259Z,14,Sampdoria Genoa,Hellas Verona,3:1,Home
2023-03-20T10:17:12.259Z,14,Eintracht Braunschweig,Hannover 96,1:0,Home
2023-03-20T10:17:12.259Z,14,Excelsior Rotterdam,SC Cambuur,4:1,Home
2023-03-20T10:17:12.259Z,14,ESTAC Troyes,Stade Brest 29,2:2,Draw
2023-03-20T10:17:12.259Z,14,CA Osasuna,Villarreal CF,0:3,Away
2023-03-20T10:17:12.259Z,14,FK Austria Wien,SK Rapid Wien,2:0,Home
2023-03-20T10:17:12.259Z,14,Lazio Rome,AS Roma,1:0,Home
2023-03-26T20:16:20.828Z,15,Peterborough United,Derby County,2:0,Home
2023-03-26T20:16:20.828Z,15,Doncaster Rovers,Northampton Town,0:2,Away
2023-03-26T20:16:20.828Z,15,Racing Santander,Levante UD,0:1,Away
2023-03-26T20:16:20.828Z,15,UD Ibiza,Burgos CF,2:0,Home
2023-03-26T20:16:20.828Z,15,Bogota FC,Tigres FC,0:1,Away
2023-03-26T20:16:20.828Z,15,Portland Timbers,Los Angeles Galaxy,0:0,Draw
2023-03-26T20:16:20.828Z,15,Charlotte FC,New York Red Bulls,1:1,Draw
2023-03-26T20:16:20.828Z,15,Columbus Crew,Atlanta United FC,6:1,Home
2023-03-26T20:16:20.828Z,15,DC United,New England Revolution,1:2,Away
2023-03-26T20:16:20.828Z,15,Houston Dynamo,New York City FC,1:0,Home
2023-03-26T20:16:20.828Z,15,Sporting Kansas City,Seattle Sounders,1:4,Away
2023-03-26T20:16:20.828Z,15,CF Correcaminos UAT,CD Mineros de Zacatecas,1:0,Home
2023-03-26T20:16:20.828Z,15,Pumas de Tabasco,Raya2 Expansion,1:3,Away
2023-03-26T20:16:20.828Z,15,Iwaki FC,Machida Zelvia,0:1,Away
2023-03-26T20:16:20.828Z,15,FC Dordrecht,Helmond Sport,0:0,Draw
2023-03-26T20:16:20.828Z,15,SD Ponferradina,CD Mirandes,0:0,Draw
2023-03-26T20:16:20.828Z,15,Real Zaragoza,Albacete Balompie,1:1,Draw
2023-04-02T18:52:18.644Z,16,Crystal Palace,Leicester City,2:1,Home
2023-04-02T18:52:18.644Z,16,AFC Bournemouth,Fulham FC,2:1,Home
2023-04-02T18:52:18.644Z,16,Nottingham Forest,Wolverhampton Wanderers,1:1,Draw
2023-04-02T18:52:18.644Z,16,Cadiz CF,Sevilla FC,0:2,Away
2023-04-02T18:52:18.644Z,16,SC Cambuur,FC Emmen,1:2,Away
2023-04-02T18:52:18.644Z,16,Stade Rennes,RC Lens,0:1,Away
2023-04-02T18:52:18.644Z,16,RKC Waalwijk,Vitesse Arnhem,1:0,Home
2023-04-02T18:52:18.644Z,16,Umraniyespor,Konyaspor,2:2,Draw
2023-04-02T18:52:18.644Z,16,Bologna FC,Udinese Calcio,3:0,Home
2023-04-02T18:52:18.644Z,16,Grasshopper Club Zurich,FC Lugano,2:1,Home
2023-04-02T18:52:18.644Z,16,FC Nantes,Stade Reims,0:3,Away
2023-04-02T18:52:18.644Z,16,Stade Brest 29,Toulouse FC,3:1,Home
2023-04-02T18:52:18.644Z,16,Giresunspor,Alanyaspor,2:2,Draw
2023-04-02T18:52:18.644Z,16,Maritimo Madeira,Boavista Porto,4:2,Home
2023-04-02T18:52:18.644Z,16,Newcastle United,Manchester United,2:0,Home
2023-04-02T18:52:18.644Z,16,Werder Bremen,TSG Hoffenheim,1:2,Away
2023-04-02T18:52:18.644Z,16,Villarreal CF,Real Sociedad San Sebastian,2:0,Home
2023-04-09T19:01:11.231Z,17,Brentford FC,Newcastle United,1:2,Away
2023-04-09T19:01:11.231Z,17,Fulham FC,West Ham United,0:1,Away
2023-04-09T19:01:11.231Z,17,Tottenham Hotspur,Brighton & Hove Albion,2:1,Home
2023-04-09T19:01:11.231Z,17,Sampdoria Genoa,US Cremonese,2:3,Away
2023-04-09T19:01:11.231Z,17,Hellas Verona,Sassuolo Calcio,2:1,Home
2023-04-09T19:01:11.231Z,17,Torino FC,AS Roma,0:1,Away
2023-04-09T19:01:11.231Z,17,Lazio Rome,Juventus Turin,2:1,Home
2023-04-09T19:01:11.231Z,17,KAA Gent,Union Saint-Gilloise,1:1,Draw
2023-04-09T19:01:11.231Z,17,Olympique Lyon,Stade Rennes,3:1,Home
2023-04-09T19:01:11.231Z,17,Real Valladolid,RCD Mallorca,3:3,Draw
2023-04-09T19:01:11.231Z,17,AC Ajaccio,AJ Auxerre,0:3,Away
2023-04-09T19:01:11.231Z,17,Montpellier HSC,Toulouse FC,1:2,Away
2023-04-09T19:01:11.231Z,17,ESTAC Troyes,Clermont Foot 63,0:2,Away
2023-04-09T19:01:11.231Z,17,Borussia Monchengladbach,VfL Wolfsburg,2:0,Home
2023-04-09T19:01:11.231Z,17,Liverpool FC,Arsenal FC,2:2,Draw
2023-04-09T19:01:11.231Z,17,VfL Bochum,VfB Stuttgart,2:3,Away
2023-04-09T19:01:11.231Z,17,UD Almeria,Valencia CF,2:1,Home
2023-04-16T20:12:42.705Z,18,Wolverhampton Wanderers,Brentford FC,2:0,Home
2023-04-16T20:12:42.705Z,18,Chelsea FC,Brighton & Hove Albion,1:2,Away
2023-04-16T20:12:42.705Z,18,Southampton FC,Crystal Palace,0:2,Away
2023-04-16T20:12:42.705Z,18,KAS Eupen,SV Zulte Waregem,1:5,Away
2023-04-16T20:12:42.705Z,18,Blackpool,Wigan Athletic,1:0,Home
2023-04-16T20:12:42.705Z,18,Queens Park Rangers,Coventry City,0:3,Away
2023-04-16T20:12:42.705Z,18,Stoke City,West Bromwich Albion,1:2,Away
2023-04-16T20:12:42.705Z,18,Estoril Praia,Portimonense SC,0:1,Away
2023-04-16T20:12:42.705Z,18,Stade Rennes,Stade Reims,3:0,Home
2023-04-16T20:12:42.705Z,18,KV Oostende,Oud-Heverlee Leuven,0:4,Away
2023-04-16T20:12:42.705Z,18,Sparta Rotterdam,SC Heerenveen,4:0,Home
2023-04-16T20:12:42.705Z,18,America FC MG,Fluminense FC RJ,0:3,Away
2023-04-16T20:12:42.705Z,18,Botafogo FR RJ,Sao Paulo FC SP,2:1,Home
2023-04-16T20:12:42.705Z,18,Gimnasia Y Esgrima La Plata,CA Belgrano,0:2,Away
2023-04-16T20:12:42.705Z,18,Malaga CF,FC Cartagena,1:0,Home
2023-04-16T20:12:42.705Z,18,Union de Santa Fe,CA Tigre,0:0,Draw
2023-04-16T20:12:42.705Z,18,VfL Wolfsburg,Bayer Leverkusen,0:0,Draw
2023-04-25T15:53:32.758Z,19,Brentford FC,Aston Villa,1:1,Draw
2023-04-25T15:53:32.758Z,19,Leicester City,Wolverhampton Wanderers,2:1,Home
2023-04-25T15:53:32.758Z,19,Preston North End,Blackburn Rovers,1:1,Draw
2023-04-25T15:53:32.758Z,19,FC Groningen,NEC Nijmegen,0:1,Away
2023-04-25T15:53:32.758Z,19,Sampdoria Genoa,Spezia Calcio,1:1,Draw
2023-04-25T15:53:32.758Z,19,Kawasaki Frontale,Urawa Red Diamonds,1:1,Draw
2023-04-25T15:53:32.758Z,19,Kasimpasa Istanbul,Konyaspor,1:2,Away
2023-04-25T15:53:32.758Z,19,PSV Eindhoven,Ajax Amsterdam,3:0,Home
2023-04-25T15:53:32.758Z,19,AFC Bournemouth,West Ham United,0:4,Away
2023-04-25T15:53:32.758Z,19,AC Ajaccio,Stade Brest 29,0:0,Draw
2023-04-25T15:53:32.758Z,19,Montpellier HSC,Stade Rennes,1:0,Home
2023-04-25T15:53:32.758Z,19,Brighton & Hove Albion,Manchester United,0:0,Draw
2023-04-25T15:53:32.758Z,19,Bayer Leverkusen,RB Leipzig,2:0,Home
2023-04-25T15:53:32.758Z,19,Borussia Monchengladbach,Union Berlin,0:1,Away
2023-04-25T15:53:32.758Z,19,Juventus Turin,SSC Napoli,0:1,Away
2023-04-25T15:53:32.758Z,19,Olympique Lyon,Olympique Marseille,1:2,Away
2023-04-25T15:53:32.758Z,19,Sevilla FC,Villarreal CF,2:1,Home
2023-04-30T19:03:10.928Z,20,AS Roma,AC Milan,1:1,Draw
2023-04-30T19:03:10.928Z,20,Schalke 04,Werder Bremen,2:1,Home
2023-04-30T19:03:10.928Z,20,Velez Sarsfield,CA San Lorenzo de Almagro,0:0,Draw
2023-04-30T19:03:10.928Z,20,Servette Geneva,FC St. Gallen 1879,1:1,Draw
2023-04-30T19:03:10.928Z,20,Torino FC,Atalanta BC,1:2,Away
2023-04-30T19:03:10.928Z,20,Gimnasia Y Esgrima La Plata,CA Tigre,1:1,Draw
2023-04-30T19:03:10.928Z,20,Coritiba FC PR,Sao Paulo FC SP,1:1,Draw
2023-04-30T19:03:10.928Z,20,Fortaleza EC CE,Fluminense FC RJ,4:2,Home
2023-04-30T19:03:10.928Z,20,Skovde AIK,IK Brage,0:0,Draw
2023-04-30T19:03:10.928Z,20,Cadiz CF,Valencia CF,2:1,Home
2023-04-30T19:03:10.928Z,20,Glasgow Rangers,Celtic Glasgow,0:1,Away
2023-04-30T19:03:10.928Z,20,AFC Bournemouth,Leeds United,4:1,Home
2023-04-30T19:03:10.928Z,20,Clermont Foot 63,Stade Reims,1:0,Home
2023-04-30T19:03:10.928Z,20,VfL Wolfsburg,FSV Mainz,3:0,Home
2023-04-30T19:03:10.928Z,20,Besiktas Istanbul,Galatasaray Istanbul,3:1,Home
2023-04-30T19:03:10.928Z,20,Ajax Amsterdam,PSV Eindhoven,1:1,Draw
2023-04-30T19:03:10.928Z,20,Espanyol Barcelona,Getafe CF,1:0,Home
2023-05-07T20:07:05.725Z,21,Wolverhampton Wanderers,Aston Villa,1:0,Home
2023-05-07T20:07:05.725Z,21,OGC Nice,Stade Rennes,2:1,Home
2023-05-07T20:07:05.725Z,21,AS Roma,Inter Milano,0:2,Away
2023-05-07T20:07:05.725Z,21,US Cremonese,Spezia Calcio,2:0,Home
2023-05-07T20:07:05.725Z,21,RC Lens,Olympique Marseille,2:1,Home
2023-05-07T20:07:05.725Z,21,CA Belgrano,Atletico Tucuman,1:0,Home
2023-05-07T20:07:05.725Z,21,San Jose Earthquakes,Los Angeles FC,2:1,Home
2023-05-07T20:07:05.725Z,21,Charlotte FC,New York City FC,3:2,Home
2023-05-07T20:07:05.725Z,21,Inter Miami CF,Atlanta United FC,2:1,Home
2023-05-07T20:07:05.725Z,21,Umraniyespor,Sivasspor,4:1,Home
2023-05-07T20:07:05.725Z,21,Atalanta BC,Juventus Turin,0:2,Away
2023-05-07T20:07:05.725Z,21,FC Lorient,Stade Brest 29,2:1,Home
2023-05-07T20:07:05.725Z,21,FC Nantes,Strasbourg Alsace,0:2,Away
2023-05-07T20:07:05.725Z,21,AJ Auxerre,Clermont Foot 63,1:1,Draw
2023-05-07T20:07:05.725Z,21,Maritimo Madeira,Rio Ave FC,2:2,Draw
2023-05-07T20:07:05.725Z,21,Newcastle United,Arsenal FC,0:2,Away
2023-05-07T20:07:05.725Z,21,Vitoria SC Guimaraes,FC Vizela,3:0,Home
2023-05-14T19:44:33.788Z,22,Aston Villa,Tottenham Hotspur,2:1,Home
2023-05-14T19:44:33.788Z,22,Southampton FC,Fulham FC,0:2,Away
2023-05-14T19:44:33.788Z,22,FC Vizela,FC Famalicao,0:0,Draw
2023-05-14T19:44:33.788Z,22,Cercle Brugge,KAA Gent,0:4,Away
2023-05-14T19:44:33.788Z,22,Villarreal CF,Athletic Bilbao,5:1,Home
2023-05-14T19:44:33.788Z,22,Sunderland AFC,Luton Town,2:1,Home
2023-05-14T19:44:33.788Z,22,FC Volendam,Sparta Rotterdam,2:1,Home
2023-05-14T19:44:33.788Z,22,CA Independiente Avellaneda,CA Tigre,2:1,Home
2023-05-14T19:44:33.788Z,22,CA Banfield,CA San Lorenzo de Almagro,1:2,Away
2023-05-14T19:44:33.788Z,22,Hellas Verona,Torino FC,0:1,Away
2023-05-14T19:44:33.788Z,22,Coventry City,Middlesbrough FC,0:0,Draw
2023-05-14T19:44:33.788Z,22,RC Celta de Vigo,Valencia CF,1:2,Away
2023-05-14T19:44:33.788Z,22,VfB Stuttgart,Bayer Leverkusen,1:1,Draw
2023-05-14T19:44:33.788Z,22,Rio Ave FC,Vitoria SC Guimaraes,0:1,Away
2023-05-14T19:44:33.788Z,22,AS Monaco,Lille OSC,0:0,Draw
2023-05-14T19:44:33.788Z,22,Bologna FC,AS Roma,0:0,Draw
2023-05-14T19:44:33.788Z,22,Defensa y Justicia,Estudiantes de La Plata,1:1,Draw
2023-05-21T22:05:21.156Z,23,Fulham FC,Crystal Palace,2:2,Draw
2023-05-21T22:05:21.156Z,23,Wolverhampton Wanderers,Everton FC,1:1,Draw
2023-05-21T22:05:21.156Z,23,FC Arouca,GD Chaves,1:0,Home
2023-05-21T22:05:21.156Z,23,FC Nantes,Montpellier HSC,0:3,Away
2023-05-21T22:05:21.156Z,23,KVC Westerlo,Standard Liege,3:0,Home
2023-05-21T22:05:21.156Z,23,Lille OSC,Olympique Marseille,2:1,Home
2023-05-21T22:05:21.156Z,23,Botafogo FR RJ,Fluminense FC RJ,1:0,Home
2023-05-21T22:05:21.156Z,23,America FC MG,Fortaleza EC CE,2:1,Home
2023-05-21T22:05:21.156Z,23,Club Brugge,Royal Antwerp FC,2:0,Home
2023-05-21T22:05:21.156Z,23,SK Rapid Wien,LASK,1:1,Draw
2023-05-21T22:05:21.156Z,23,West Ham United,Leeds United,3:1,Home
2023-05-21T22:05:21.156Z,23,FSV Mainz,VfB Stuttgart,1:4,Away
2023-05-21T22:05:21.156Z,23,Adana Demirspor,Besiktas Istanbul,1:4,Away
2023-05-21T22:05:21.156Z,23,SSC Napoli,Inter Milano,3:1,Home
2023-05-21T22:05:21.156Z,23,KRC Genk,Union Saint-Gilloise,1:1,Draw
2023-05-21T22:05:21.156Z,23,CA Belgrano,CA Talleres de Cordoba,1:1,Draw
2023-05-21T22:05:21.156Z,23,Sporting Lisbon,Benfica Lisbon,2:2,Draw
2023-05-28T21:43:19.651Z,25,ACF Fiorentina,AS Roma,2:1,Home
2023-05-28T21:43:19.651Z,25,Sevilla FC,Real Madrid,1:2,Away
2023-05-28T21:43:19.651Z,25,Montpellier HSC,OGC Nice,2:3,Away
2023-05-28T21:43:19.651Z,25,Orlando City SC,Atlanta United FC,1:1,Draw
2023-05-28T21:43:19.651Z,25,Carlisle United,Stockport County FC,1:1,Draw
2023-05-28T21:43:19.651Z,25,AZ Alkmaar,PSV Eindhoven,1:2,Away
2023-05-28T21:43:19.651Z,25,Fortuna Sittard,NEC Nijmegen,1:1,Draw
2023-05-28T21:43:19.651Z,25,AC Monza,US Lecce,0:1,Away
2023-05-28T21:43:19.651Z,25,Racing Santander,FC Cartagena,3:1,Home
2023-05-28T21:43:19.651Z,25,Aston Villa,Brighton & Hove Albion,2:1,Home
2023-05-28T21:43:19.651Z,25,Chelsea FC,Newcastle United,1:1,Draw
2023-05-28T21:43:19.651Z,25,Leeds United,Tottenham Hotspur,1:4,Away
2023-05-28T21:43:19.651Z,25,Girona FC,Real Betis Seville,1:2,Away
2023-05-28T21:43:19.651Z,25,Cadiz CF,RC Celta de Vigo,1:0,Home
2023-05-28T21:43:19.651Z,25,Getafe CF,CA Osasuna,2:1,Home
2023-05-28T21:43:19.651Z,25,Juventus Turin,AC Milan,0:1,Away
2023-05-28T21:43:19.651Z,25,SC Corinthians SP,Fluminense FC RJ,2:0,Home
2023-06-04T21:49:35.312Z,26,KFUM Oslo,Kristiansund BK,2:0,Home
2023-06-04T21:49:35.312Z,26,Raufoss IL,Fredrikstad FK,1:1,Draw
2023-06-04T21:49:35.312Z,26,Skeid Fotball,Bryne FK,2:0,Home
2023-06-04T21:49:35.312Z,26,AIK,Kalmar FF,1:1,Draw
2023-06-04T21:49:35.312Z,26,FC Nordsjaelland,Viborg FF,0:0,Draw
2023-06-04T21:49:35.312Z,26,Sandefjord Fotball,Odds BK,4:1,Home
2023-06-04T21:49:35.312Z,26,Tromsoe IL,Sarpsborg 08,2:1,Home
2023-06-04T21:49:35.312Z,26,Plaza Colonia,Cerro Largo FC,3:3,Draw
2023-06-04T21:49:35.312Z,26,KRC Genk,Royal Antwerp FC,2:2,Draw
2023-06-04T21:49:35.312Z,26,RCD Mallorca,Rayo Vallecano,3:0,Home
2023-06-04T21:49:35.312Z,26,Villarreal CF,Atletico Madrid,2:2,Draw
2023-06-04T21:49:35.312Z,26,Viking FK,Molde FK,3:4,Away
2023-06-04T21:49:35.312Z,26,Real Betis Seville,Valencia CF,1:1,Draw
2023-06-04T21:49:35.312Z,26,RC Celta de Vigo,FC Barcelona,2:1,Home
2023-06-04T21:49:35.312Z,26,Elche CF,Cadiz CF,1:1,Draw
2023-06-04T21:49:35.312Z,26,Espanyol Barcelona,UD Almeria,3:3,Draw
2023-06-04T21:49:35.312Z,26,US Lecce,Bologna FC,2:3,Away
2023-06-11T21:49:03.210Z,27,Coritiba FC PR,Santos FC SP,0:0,Draw
2023-06-11T21:49:03.210Z,27,CA Platense,CA Tigre,1:0,Home
2023-06-11T21:49:03.210Z,27,EC Bahia BA,Cruzeiro EC MG,2:2,Draw
2023-06-11T21:49:03.210Z,27,Omiya Ardija,Fujieda MYFC,2:3,Away
2023-06-11T21:49:03.210Z,27,Gamba Osaka,FC Tokyo,3:1,Home
2023-06-11T21:49:03.210Z,27,Kawasaki Frontale,Sanfrecce Hiroshima,1:0,Home
2023-06-11T21:49:03.210Z,27,Fagiano Okayama,Tokyo Verdy,1:2,Away
2023-06-11T21:49:03.210Z,27,AFC Eskilstuna,Helsingborgs IF,0:1,Away
2023-06-11T21:49:03.210Z,27,Ostersunds FK,Orgryte IS,2:1,Home
2023-06-11T21:49:03.210Z,27,Skeid Fotball,KFUM Oslo,0:4,Away
2023-06-11T21:49:03.210Z,27,America FC MG,CA Paranaense PR,2:2,Draw
2023-06-11T21:49:03.210Z,27,AA Ponte Preta SP,SC Recife PE,1:1,Draw
2023-06-11T21:49:03.210Z,27,Londrina EC PR,Mirassol FC SP,1:2,Away
2023-06-11T21:49:03.210Z,27,Stabaek IF,Rosenborg BK,2:2,Draw
2023-06-11T21:49:03.210Z,27,Aalesunds FK,Tromsoe IL,2:3,Away
2023-06-11T21:49:03.210Z,27,Spezia Calcio,Hellas Verona,1:3,Away
2023-06-11T21:49:03.210Z,27,Sao Paulo FC SP,SE Palmeiras SP,0:2,Away
2023-06-18T18:23:40.352Z,28,Botswana,Libya,1:0,Home
2023-06-18T18:23:40.352Z,28,Deportivo Moron,Agropecuario Argentino,2:1,Home
2023-06-18T18:23:40.352Z,28,Tristan Suarez,Atletico de Rafaela,0:0,Draw
2023-06-18T18:23:40.352Z,28,Iceland,Slovakia,1:2,Away
2023-06-18T18:23:40.352Z,28,Levante UD,Deportivo Alaves,0:0,Draw
2023-06-18T18:23:40.352Z,28,Hartford Athletic,Charleston Battery,3:4,Away
2023-06-18T18:23:40.352Z,28,Aguilas Doradas Rionegro,CD Alianza Petrolera,1:1,Draw
2023-06-18T18:23:40.352Z,28,Guyana,Grenada,1:1,Draw
2023-06-18T18:23:40.352Z,28,Phoenix Rising FC,Louisville City FC,2:2,Draw
2023-06-18T18:23:40.352Z,28,Iwaki FC,JEF United Ichihara Chiba,0:0,Draw
2023-06-18T18:23:40.352Z,28,Nagoya Grampus,Sanfrecce Hiroshima,2:1,Home
2023-06-18T18:23:40.352Z,28,Kashiwa Reysol,Avispa Fukuoka,0:1,Away
2023-06-18T18:23:40.352Z,28,Kyoto Sanga FC,FC Tokyo,1:3,Away
2023-06-18T18:23:40.352Z,28,Rwanda,Mozambique,0:2,Away
2023-06-18T18:23:40.352Z,28,Tanzania,Niger,1:0,Home
2023-06-18T18:23:40.352Z,28,Cape Verde,Burkina Faso,3:1,Home
2023-06-18T18:23:40.352Z,28,Congo,Mali,0:2,Away
2023-06-26T09:30:29.841Z,29,Viking FK,SK Brann,3:1,Home
2023-06-26T09:30:29.841Z,29,KR Reykjavik,KA Akureyri,2:0,Home
2023-06-26T09:30:29.841Z,29,Union de Santa Fe,CA Independiente Avellaneda,3:0,Home
2023-06-26T09:30:29.841Z,29,Chapecoense SC,Criciuma EC SC,1:1,Draw
2023-06-26T09:30:29.841Z,29,Tombense FC MG,Gremio Novorizontino SP,1:2,Away
2023-06-26T09:30:29.841Z,29,Fortaleza EC CE,Atletico Mineiro MG,2:1,Home
2023-06-26T09:30:29.841Z,29,Atletico Lanus,CA Talleres de Cordoba,2:1,Home
2023-06-26T09:30:29.841Z,29,Hartford Athletic,Indy Eleven,0:2,Away
2023-06-26T09:30:29.841Z,29,DC United,FC Cincinnati,3:0,Home
2023-06-26T09:30:29.841Z,29,Real Salt Lake,Minnesota United FC,2:2,Draw
2023-06-26T09:30:29.841Z,29,Incheon United FC,Pohang Steelers FC,0:1,Away
2023-06-26T09:30:29.841Z,29,Gimpo FC,Jeonnam Dragons,1:2,Away
2023-06-26T09:30:29.841Z,29,Suwon FC,Gangwon FC,1:1,Draw
2023-06-26T09:30:29.841Z,29,Moss FK,Kongsvinger IL Fotball,0:1,Away
2023-06-26T09:30:29.841Z,29,Hamarkameratene,Odds BK,0:1,Away
2023-06-26T09:30:29.841Z,29,Arsenal de Sarandi,CA Platense,0:2,Away
2023-06-26T09:30:29.841Z,29,Sampaio Correa FC MA,Ceara SC CE,1:1,Draw
2023-07-02T22:16:27.030Z,30,NC Magra,CS Constantine,2:1,Home
2023-07-02T22:16:27.030Z,30,RC Arbaa,USM Alger,2:1,Home
2023-07-02T22:16:27.030Z,30,Longford Town FC,Wexford FC,2:1,Home
2023-07-02T22:16:27.030Z,30,Sampaio Correa FC MA,Criciuma EC SC,0:2,Away
2023-07-02T22:16:27.030Z,30,EC Bahia BA,Gremio FB Porto Alegrense RS,1:2,Away
2023-07-02T22:16:27.030Z,30,Inter Miami CF,Austin FC,1:1,Draw
2023-07-02T22:16:27.030Z,30,Cuba,Guadeloupe,1:4,Away
2023-07-02T22:16:27.030Z,30,SC Internacional RS,Cruzeiro EC MG,0:0,Draw
2023-07-02T22:16:27.030Z,30,FC Dallas,Los Angeles FC,2:0,Home
2023-07-02T22:16:27.030Z,30,Roasso Kumamoto,Tokyo Verdy,0:1,Away
2023-07-02T22:16:27.030Z,30,Gimpo FC,Chungnam Asan FC,1:1,Draw
2023-07-02T22:16:27.030Z,30,Halmstads BK,IFK Goteborg,0:0,Draw
2023-07-02T22:16:27.030Z,30,Bryne FK,Raufoss IL,4:1,Home
2023-07-02T22:16:27.030Z,30,SC Corinthians SP,Red Bull Bragantino SP,0:1,Away
2023-07-02T22:16:27.030Z,30,FK Haugesund,Odds BK,2:1,Home
2023-07-02T22:16:27.030Z,30,CA Independiente Avellaneda,CA Huracan,1:0,Home
2023-07-02T22:16:27.030Z,30,EC Juventude RS,EC Vitoria BA,1:0,Home
2023-07-09T17:38:30.539Z,31,FC KTP Kotka,Tampereen Ilves,0:0,Draw
2023-07-09T17:38:30.539Z,31,Gefle IF,AFC Eskilstuna,2:0,Home
2023-07-09T17:38:30.539Z,31,ABC FC RN,Criciuma EC SC,0:1,Away
2023-07-09T17:38:30.539Z,31,CR Vasco da Gama RJ,Cruzeiro EC MG,0:1,Away
2023-07-09T17:38:30.539Z,31,Ituano FC SP,EC Juventude RS,1:1,Draw
2023-07-09T17:38:30.539Z,31,Tombense FC MG,Sampaio Correa FC MA,0:1,Away
2023-07-09T17:38:30.539Z,31,Coritiba FC PR,America FC MG,3:1,Home
2023-07-09T17:38:30.539Z,31,CF Montreal,Atlanta United FC,0:1,Away
2023-07-09T17:38:30.539Z,31,Chicago Fire,Nashville SC,1:0,Home
2023-07-09T17:38:30.539Z,31,Los Angeles Galaxy,Philadelphia Union,3:1,Home
2023-07-09T17:38:30.539Z,31,Blaublitz Akita,Roasso Kumamoto,1:1,Draw
2023-07-09T17:38:30.539Z,31,Iwaki FC,Mito Hollyhock,4:3,Home
2023-07-09T17:38:30.539Z,31,Tochigi SC,Vegalta Sendai,2:2,Draw
2023-07-09T17:38:30.539Z,31,Machida Zelvia,Tokyo Verdy,2:2,Draw
2023-07-09T17:38:30.539Z,31,Fredrikstad FK,Kongsvinger IL Fotball,1:1,Draw
2023-07-09T17:38:30.539Z,31,Sandefjord Fotball,Stabaek IF,0:0,Draw
2023-07-09T17:38:30.539Z,31,Tromsoe IL,Vaalerenga IF,0:0,Draw
2023-07-16T21:32:19.085Z,32,Vaasan Palloseura,AC Oulu,3:0,Home
2023-07-16T21:32:19.085Z,32,Degerfors IF,IK Sirius,0:3,Away
2023-07-16T21:32:19.085Z,32,RKS Rakow Czestochowa,Legia Warszawa,0:0,Draw
2023-07-16T21:32:19.085Z,32,Miami FC,Charleston Battery,1:1,Draw
2023-07-16T21:32:19.085Z,32,Birmingham Legion FC,Tampa Bay Rowdies,1:0,Home
2023-07-16T21:32:19.085Z,32,Loudoun United FC,Orange County SC,1:3,Away
2023-07-16T21:32:19.085Z,32,Portland Timbers,Columbus Crew,3:2,Home
2023-07-16T21:32:19.085Z,32,Azul Claro Numazu,Kagoshima United,2:0,Home
2023-07-16T21:32:19.085Z,32,Mito Hollyhock,Montedio Yamagata,3:1,Home
2023-07-16T21:32:19.085Z,32,Cerezo Osaka,Urawa Red Diamonds,2:0,Home
2023-07-16T21:32:19.085Z,32,FC Tokyo,Kashima Antlers,1:3,Away
2023-07-16T21:32:19.085Z,32,Shonan Bellmare,Avispa Fukuoka,0:1,Away
2023-07-16T21:32:19.085Z,32,Omiya Ardija,Tochigi SC,0:0,Draw
2023-07-16T21:32:19.085Z,32,Zweigen Kanazawa,Vegalta Sendai,2:1,Home
2023-07-16T21:32:19.085Z,32,AFC Eskilstuna,IK Brage,2:1,Home
2023-07-16T21:32:19.085Z,32,Mjallby AIF,IFK Norrkoping FK,1:2,Away
2023-07-16T21:32:19.085Z,32,Fluminense FC RJ,CR Flamengo RJ,0:0,Draw
2023-07-23T23:00:12.888Z,33,Polonia Warszawa,GKS Tychy,2:3,Away
2023-07-23T23:00:12.888Z,33,Criciuma EC SC,Gremio Novorizontino SP,0:1,Away
2023-07-23T23:00:12.888Z,33,EC Bahia BA,SC Corinthians SP,0:0,Draw
2023-07-23T23:00:12.888Z,33,Cuiaba Esporte Clube MT,Sao Paulo FC SP,2:1,Home
2023-07-23T23:00:12.888Z,33,Detroit City FC,Monterey Bay FC,1:0,Home
2023-07-23T23:00:12.888Z,33,Gremio FB Porto Alegrense RS,Atletico Mineiro MG,1:0,Home
2023-07-23T23:00:12.888Z,33,New Mexico United,Sacramento Republic FC,3:0,Home
2023-07-23T23:00:12.888Z,33,Utsiktens BK,Jonkopings Sodra IF,2:1,Home
2023-07-23T23:00:12.888Z,33,FC Vaduz,FC Sion,0:2,Away
2023-07-23T23:00:12.888Z,33,MKS Znicz Pruszkow,CWKS Resovia,2:0,Home
2023-07-23T23:00:12.888Z,33,Guarani FC SP,AC Goianiense GO,1:0,Home
2023-07-23T23:00:12.888Z,33,Hamarkameratene,Stabaek IF,3:2,Home
2023-07-23T23:00:12.888Z,33,Tromsoe IL,SK Brann,3:1,Home
2023-07-23T23:00:12.888Z,33,Odds BK,Vaalerenga IF,2:1,Home
2023-07-23T23:00:12.888Z,33,SJK Akatemia,Ekenas Idrottsforening,0:4,Away
2023-07-23T23:00:12.888Z,33,Silkeborg IF,Broendby IF,1:2,Away
2023-07-23T23:00:12.888Z,33,Stroemsgodset IF,Rosenborg BK,0:1,Away
2023-07-30T23:00:47.882Z,34,Trelleborgs FF,Landskrona BoIS,0:3,Away
2023-07-30T23:00:47.882Z,34,Eintracht Braunschweig,Holstein Kiel,0:1,Away
2023-07-30T23:00:47.882Z,34,Hansa Rostock,1 FC Nuremberg,2:0,Home
2023-07-30T23:00:47.882Z,34,Greuther Furth,SC Paderborn 07,5:0,Home
2023-07-30T23:00:47.882Z,34,Tombense FC MG,Criciuma EC SC,2:2,Draw
2023-07-30T23:00:47.882Z,34,Mikkelin Palloilijat,IF Gnistan,0:0,Draw
2023-07-30T23:00:47.882Z,34,Aalesunds FK,Stroemsgodset IF,1:0,Home
2023-07-30T23:00:47.882Z,34,NK Domzale,Bravo Ljubljana,1:1,Draw
2023-07-30T23:00:47.882Z,34,IFK Mariehamn,FC Inter Turku,0:2,Away
2023-07-30T23:00:47.882Z,34,IFK Goteborg,Kalmar FF,2:0,Home
2023-07-30T23:00:47.882Z,34,MSK Zilina,MFK Ruzomberok,3:1,Home
2023-07-30T23:00:47.882Z,34,Deportes Magallanes,Universidad de Chile,2:1,Home
2023-07-30T23:00:47.882Z,34,NK Rudes Zagreb,NK Osijek,3:4,Away
2023-07-30T23:00:47.882Z,34,St. Truidense VV,Standard Liege,1:0,Home
2023-07-30T23:00:47.882Z,34,Gremio Novorizontino SP,Vila Nova FC GO,3:1,Home
2023-07-30T23:00:47.882Z,34,FC CFR 1907 Cluj,CS Universitatea Craiova,1:1,Draw
2023-07-30T23:00:47.882Z,34,Barranquilla FC,Tigres FC,0:0,Draw
2023-08-06T19:35:18.398Z,35,Sagan Tosu,Avispa Fukuoka,0:1,Away
2023-08-06T19:35:18.398Z,35,Urawa Red Diamonds,Yokohama Marinos,0:0,Draw
2023-08-06T19:35:18.398Z,35,Kyoto Sanga FC,Kashiwa Reysol,0:1,Away
2023-08-06T19:35:18.398Z,35,Thespakusatsu,Tochigi SC,1:0,Home
2023-08-06T19:35:18.398Z,35,Omiya Ardija,Blaublitz Akita,1:0,Home
2023-08-06T19:35:18.398Z,35,Tokushima Vortis,JEF United Ichihara Chiba,3:3,Draw
2023-08-06T19:35:18.398Z,35,1 FC Nuremberg,Hannover 96,2:2,Draw
2023-08-06T19:35:18.398Z,35,RSC Anderlecht,Royal Antwerp FC,1:0,Home
2023-08-06T19:35:18.398Z,35,Karlsruher SC,Hamburger SV,2:2,Draw
2023-08-06T19:35:18.398Z,35,FK Teplice,FK Jablonec,0:0,Draw
2023-08-06T19:35:18.398Z,35,Kalmar FF,AIK,1:1,Draw
2023-08-06T19:35:18.398Z,35,Grasshopper Club Zurich,FC Basel 1893,3:1,Home
2023-08-06T19:35:18.398Z,35,Tromsoe IL,Lillestrom SK,3:1,Home
2023-08-06T19:35:18.398Z,35,FK Haugesund,Rosenborg BK,1:2,Away
2023-08-06T19:35:18.398Z,35,Blau-Weiss Linz,TSV Hartberg,3:3,Draw
2023-08-06T19:35:18.398Z,35,Sunderland AFC,Ipswich Town,1:2,Away
2023-08-06T19:35:18.398Z,35,KV Kortrijk,St. Truidense VV,0:1,Away
2023-08-13T20:07:31.402Z,36,Daejeon Citizen FC,FC Seoul,4:3,Home
2023-08-13T20:07:31.402Z,36,Incheon United FC,Daegu FC,3:1,Home
2023-08-13T20:07:31.402Z,36,Naestved BK,Kolding IF,1:2,Away
2023-08-13T20:07:31.402Z,36,FC Baden,FC Vaduz,2:3,Away
2023-08-13T20:07:31.402Z,36,Brentford FC,Tottenham Hotspur,2:2,Draw
2023-08-13T20:07:31.402Z,36,FC Nantes,Toulouse FC,1:2,Away
2023-08-13T20:07:31.402Z,36,Hobro IK,Vendsyssel FF,0:1,Away
2023-08-13T20:07:31.402Z,36,IK Sirius,Kalmar FF,3:0,Home
2023-08-13T20:07:31.402Z,36,GIF Sundsvall,Trelleborgs FF,1:1,Draw
2023-08-13T20:07:31.402Z,36,Cercle Brugge,KRC Genk,0:1,Away
2023-08-13T20:07:31.402Z,36,Motherwell FC,Hibernian FC,2:1,Home
2023-08-13T20:07:31.402Z,36,Burgos CF,SD Huesca,1:1,Draw
2023-08-13T20:07:31.402Z,36,Halmstads BK,IFK Norrkoping FK,1:3,Away
2023-08-13T20:07:31.402Z,36,Chelsea FC,Liverpool FC,1:1,Draw
2023-08-13T20:07:31.402Z,36,Erzurumspor FK,Bandirmaspor,1:1,Draw
2023-08-13T20:07:31.402Z,36,Estrela Amadora,Vitoria SC Guimaraes,0:1,Away
2023-08-13T20:07:31.402Z,36,Albacete Balompie,Espanyol Barcelona,1:1,Draw
2023-08-20T21:09:07.757Z,37,Fulham FC,Brentford FC,0:3,Away
2023-08-20T21:09:07.757Z,37,Caykur Rizespor,Alanyaspor,0:0,Draw
2023-08-20T21:09:07.757Z,37,Tottenham Hotspur,Manchester United,2:0,Home
2023-08-20T21:09:07.757Z,37,Empoli FC,Hellas Verona,0:1,Away
2023-08-20T21:09:07.757Z,37,Genoa CFC,ACF Fiorentina,1:4,Away
2023-08-20T21:09:07.757Z,37,Hatayspor Antakya,Kasimpasa Istanbul,0:0,Draw
2023-08-20T21:09:07.757Z,37,Portimonense SC,Boavista Porto,1:4,Away
2023-08-20T21:09:07.757Z,37,CA Osasuna,Athletic Bilbao,0:2,Away
2023-08-20T21:09:07.757Z,37,VfL 1899 Osnabruck,1 FC Nuremberg,2:3,Away
2023-08-20T21:09:07.757Z,37,Holstein Kiel,1. FC Magdeburg,2:4,Away
2023-08-20T21:09:07.757Z,37,Le Havre AC,Stade Brest 29,1:2,Away
2023-08-20T21:09:07.757Z,37,FC Lorient,OGC Nice,1:1,Draw
2023-08-20T21:09:07.757Z,37,Estoril Praia,Rio Ave FC,2:0,Home
2023-08-20T21:09:07.757Z,37,Hamarkameratene,Rosenborg BK,3:0,Home
2023-08-20T21:09:07.757Z,37,FC Sudtirol Bolzano,Spezia Calcio,3:3,Draw
2023-08-20T21:09:07.757Z,37,KV Kortrijk,KAS Eupen,1:3,Away
2023-08-20T21:09:07.757Z,37,RC Lens,Stade Rennes,1:1,Draw
2023-08-27T18:21:45.840Z,38,Everton FC,Wolverhampton Wanderers,0:1,Away
2023-08-27T18:21:45.840Z,38,Cadiz CF,UD Almeria,1:1,Draw
2023-08-27T18:21:45.840Z,38,SC Farense,GD Chaves,5:0,Home
2023-08-27T18:21:45.840Z,38,Granada CF,RCD Mallorca,3:2,Home
2023-08-27T18:21:45.840Z,38,KV Kortrijk,Standard Liege,1:1,Draw
2023-08-27T18:21:45.840Z,38,Excelsior Rotterdam,Fortuna Sittard,2:2,Draw
2023-08-27T18:21:45.840Z,38,New York Red Bulls,Inter Miami CF,0:2,Away
2023-08-27T18:21:45.840Z,38,PEC Zwolle,FC Utrecht,1:0,Home
2023-08-27T18:21:45.840Z,38,Strasbourg Alsace,Toulouse FC,2:0,Home
2023-08-27T18:21:45.840Z,38,Mjallby AIF,Hammarby IF,0:3,Away
2023-08-27T18:21:45.840Z,38,FSV Mainz,Eintracht Frankfurt,1:1,Draw
2023-08-27T18:21:45.840Z,38,St. Truidense VV,Cercle Brugge,0:2,Away
2023-08-27T18:21:45.840Z,38,Boavista Porto,Casa Pia Lisbon,1:1,Draw
2023-08-27T18:21:45.840Z,38,SC Heerenveen,Sparta Rotterdam,1:3,Away
2023-08-27T18:21:45.840Z,38,Racing Club de Ferrol,Sporting Gijon,2:0,Home
2023-08-27T18:21:45.840Z,38,Sandefjord Fotball,FK Haugesund,0:0,Draw
2023-08-27T18:21:45.840Z,38,Newcastle United,Liverpool FC,1:2,Away
2023-09-03T19:44:42.665Z,39,Brighton & Hove Albion,Newcastle United,3:1,Home
2023-09-03T19:44:42.665Z,39,Go Ahead Eagles,SC Heerenveen,3:2,Home
2023-09-03T19:44:42.665Z,39,Portimonense SC,Estrela Amadora,1:1,Draw
2023-09-03T19:44:42.665Z,39,Glasgow Rangers,Celtic Glasgow,0:1,Away
2023-09-03T19:44:42.665Z,39,KAA Gent,Club Brugge,2:1,Home
2023-09-03T19:44:42.665Z,39,FC Andorra,Tenerife CD,0:1,Away
2023-09-03T19:44:42.665Z,39,Kalmar FF,Mjallby AIF,0:2,Away
2023-09-03T19:44:42.665Z,39,Union Saint-Gilloise,Royal Antwerp FC,2:2,Draw
2023-09-03T19:44:42.665Z,39,RCD Mallorca,Athletic Bilbao,0:0,Draw
2023-09-03T19:44:42.665Z,39,GD Chaves,Moreirense FC,1:2,Away
2023-09-03T19:44:42.665Z,39,Estoril Praia,Boavista Porto,1:2,Away
2023-09-03T19:44:42.665Z,39,FC Basel 1893,FC Zurich,2:2,Draw
2023-09-03T19:44:42.665Z,39,Stroemsgodset IF,Stabaek IF,2:1,Home
2023-09-03T19:44:42.665Z,39,Union Berlin,RB Leipzig,0:3,Away
2023-09-03T19:44:42.665Z,39,IFK Norrkoping FK,Djurgardens IF,0:2,Away
2023-09-03T19:44:42.665Z,39,KRC Genk,RSC Anderlecht,1:1,Draw
2023-09-03T19:44:42.665Z,39,Royal Charleroi SC,St. Truidense VV,1:1,Draw
2023-09-11T08:46:48.902Z,40,AFC Wimbledon,Stockport County FC,1:2,Away
2023-09-11T08:46:48.902Z,40,Milton Keynes Dons,Notts County,1:1,Draw
2023-09-11T08:46:48.902Z,40,Accrington Stanley,Mansfield Town,0:3,Away
2023-09-11T08:46:48.902Z,40,Crawley Town,Newport County,4:1,Home
2023-09-11T08:46:48.902Z,40,Burgos CF,SD Eibar,1:0,Home
2023-09-11T08:46:48.902Z,40,Real Oviedo,Sporting Gijon,0:0,Draw
2023-09-11T08:46:48.902Z,40,Cobh Ramblers,Athlone Town AFC,1:0,Home
2023-09-11T08:46:48.902Z,40,"Virgin Islands, British",Turks and Caicos Islands,3:1,Home
2023-09-11T08:46:48.902Z,40,Cerro Largo FC,CA Fenix Montevideo,PD:1,Home
2023-09-11T08:46:48.902Z,40,FC Tulsa,Phoenix Rising FC,0:0,Draw
2023-09-11T08:46:48.902Z,40,Colorado Springs Switchbacks FC,San Antonio FC,1:1,Draw
2023-09-11T08:46:48.902Z,40,Portland Timbers,Los Angeles FC,2:0,Home
2023-09-11T08:46:48.902Z,40,Shanghai Jiading City Dev,Heilongjiang Ice City,1:0,Home
2023-09-11T08:46:48.902Z,40,Kazakhstan,Northern Ireland,1:0,Home
2023-09-11T08:46:48.902Z,40,CA Cerro,CA River Plate (URU),PD:1,Home
2023-09-11T08:46:48.902Z,40,Faroe Islands,Moldova,0:1,Away
2023-09-11T08:46:48.902Z,40,Tristan Suarez,Deportivo Riestra,0:0,Draw
2023-09-17T18:33:08.017Z,41,Bristol City,West Bromwich Albion,0:0,Draw
2023-09-17T18:33:08.017Z,41,Kilmarnock FC,Hibernian FC,2:2,Draw
2023-09-17T18:33:08.017Z,41,Rio Ave FC,FC Famalicao,1:1,Draw
2023-09-17T18:33:08.017Z,41,Inter Milano,AC Milan,5:1,Home
2023-09-17T18:33:08.017Z,41,VfL Bochum,Eintracht Frankfurt,1:1,Draw
2023-09-17T18:33:08.017Z,41,USL Dunkerque,Grenoble Foot,0:0,Draw
2023-09-17T18:33:08.017Z,41,Rodez Aveyron Football,Angers SCO,4:1,Home
2023-09-17T18:33:08.017Z,41,Paris FC,Amiens SC,3:0,Home
2023-09-17T18:33:08.017Z,41,SK Sturm Graz,FC Salzburg,2:2,Draw
2023-09-17T18:33:08.017Z,41,Cardiff City,Swansea City,2:0,Home
2023-09-17T18:33:08.017Z,41,Cagliari Calcio,Udinese Calcio,0:0,Draw
2023-09-17T18:33:08.017Z,41,Getafe CF,CA Osasuna,3:2,Home
2023-09-17T18:33:08.017Z,41,FC Twente Enschede,Ajax Amsterdam,3:1,Home
2023-09-17T18:33:08.017Z,41,Frosinone Calcio,Sassuolo Calcio,4:2,Home
2023-09-17T18:33:08.017Z,41,1. FC Heidenheim,Werder Bremen,4:2,Home
2023-09-17T18:33:08.017Z,41,US Catanzaro,Parma Calcio,0:5,Away
2023-09-17T18:33:08.017Z,41,ACF Fiorentina,Atalanta BC,3:2,Home
2023-09-25T10:26:21.248Z,42,Middlesbrough FC,Southampton FC,2:1,Home
2023-09-25T10:26:21.248Z,42,Dundee FC,Kilmarnock FC,2:2,Draw
2023-09-25T10:26:21.248Z,42,Airdrieonians FC,Raith Rovers FC,1:0,Home
2023-09-25T10:26:21.248Z,42,CA Osasuna,Sevilla FC,0:0,Draw
2023-09-25T10:26:21.248Z,42,Burgos CF,Elche CF,4:0,Home
2023-09-25T10:26:21.248Z,42,Werder Bremen,1. FC Cologne,2:1,Home
2023-09-25T10:26:21.248Z,42,NEC Nijmegen,FC Utrecht,3:0,Home
2023-09-25T10:26:21.248Z,42,Casa Pia Lisbon,Vitoria SC Guimaraes,0:0,Draw
2023-09-25T10:26:21.248Z,42,Stade Brest 29,Olympique Lyon,1:0,Home
2023-09-25T10:26:21.248Z,42,FC Metz,Strasbourg Alsace,0:1,Away
2023-09-25T10:26:21.248Z,42,Ajax Amsterdam,Feyenoord Rotterdam,PD:1,Home
2023-09-25T10:26:21.248Z,42,Cercle Brugge,Union Saint-Gilloise,0:2,Away
2023-09-25T10:26:21.248Z,42,Rayo Vallecano,Villarreal CF,1:1,Draw
2023-09-25T10:26:21.248Z,42,Real Oviedo,Real Valladolid,0:1,Away
2023-09-25T10:26:21.248Z,42,Montpellier HSC,Stade Rennes,0:0,Draw
2023-09-25T10:26:21.248Z,42,Torino FC,AS Roma,1:1,Draw
2023-09-25T10:26:21.248Z,42,Atletico Madrid,Real Madrid,3:1,Home
2023-10-01T18:51:16.742Z,43,Tottenham Hotspur,Liverpool FC,2:1,Home
2023-10-01T18:51:16.742Z,43,Boavista Porto,FC Famalicao,2:2,Draw
2023-10-01T18:51:16.742Z,43,Real Sociedad San Sebastian,Athletic Bilbao,3:0,Home
2023-10-01T18:51:16.742Z,43,AS Monaco,Olympique Marseille,3:2,Home
2023-10-01T18:51:16.742Z,43,Fatih Karagumruk Istanbul,Kasimpasa Istanbul,2:3,Away
2023-10-01T18:51:16.742Z,43,1 FC Nuremberg,1. FC Magdeburg,1:0,Home
2023-10-01T18:51:16.742Z,43,SV 07 Elversberg,Greuther Furth,1:1,Draw
2023-10-01T18:51:16.742Z,43,VfL 1899 Osnabruck,1 FC Kaiserslautern,2:2,Draw
2023-10-01T18:51:16.742Z,43,Udinese Calcio,Genoa CFC,2:2,Draw
2023-10-01T18:51:16.742Z,43,Nottingham Forest,Brentford FC,1:1,Draw
2023-10-01T18:51:16.742Z,43,Deportivo Alaves,CA Osasuna,0:2,Away
2023-10-01T18:51:16.742Z,43,FC Luzern,FC Zurich,1:4,Away
2023-10-01T18:51:16.742Z,43,FK Austria Wien,SK Rapid Wien,0:0,Draw
2023-10-01T18:51:16.742Z,43,FC Lorient,Montpellier HSC,0:3,Away
2023-10-01T18:51:16.742Z,43,Atalanta BC,Juventus Turin,0:0,Draw
2023-10-01T18:51:16.742Z,43,Konyaspor,Besiktas Istanbul,0:2,Away
2023-10-01T18:51:16.742Z,43,Viborg FF,AGF Aarhus,2:1,Home
2023-10-09T07:58:10.372Z,44,Werder Bremen,TSG Hoffenheim,2:3,Away
2023-10-09T07:58:10.372Z,44,RCD Mallorca,Valencia CF,1:1,Draw
2023-10-09T07:58:10.372Z,44,Stade Reims,AS Monaco,1:3,Away
2023-10-09T07:58:10.372Z,44,FC Lugano,Servette Geneva,0:1,Away
2023-10-09T07:58:10.372Z,44,West Ham United,Newcastle United,2:2,Draw
2023-10-09T07:58:10.372Z,44,GIF Sundsvall,IK Brage,1:2,Away
2023-10-09T07:58:10.372Z,44,Wolverhampton Wanderers,Aston Villa,1:1,Draw
2023-10-09T07:58:10.372Z,44,Brighton & Hove Albion,Liverpool FC,2:2,Draw
2023-10-09T07:58:10.372Z,44,Lazio Rome,Atalanta BC,3:2,Home
2023-10-09T07:58:10.372Z,44,Frosinone Calcio,Hellas Verona,2:1,Home
2023-10-09T07:58:10.372Z,44,FC Famalicao,Vitoria SC Guimaraes,1:3,Away
2023-10-09T07:58:10.372Z,44,Lausanne-Sport,FC Luzern,3:1,Home
2023-10-09T07:58:10.372Z,44,FK Haugesund,Stroemsgodset IF,1:0,Home
2023-10-09T07:58:10.372Z,44,RC Lens,Lille OSC,1:1,Draw
2023-10-09T07:58:10.372Z,44,Arsenal FC,Manchester City,1:0,Home
2023-10-09T07:58:10.372Z,44,Hammarby IF,Hacken Gothenburg,2:2,Draw
2023-10-09T07:58:10.372Z,44,Deportivo Alaves,Real Betis Seville,1:1,Draw
2023-10-15T21:38:14.958Z,45,FC Cartagena,Racing Santander,2:3,Away
2023-10-15T21:38:14.958Z,45,Sporting Gijon,Real Zaragoza,2:2,Draw
2023-10-15T21:38:14.958Z,45,Hungary,Serbia,2:1,Home
2023-10-15T21:38:14.958Z,45,Detroit City FC,Pittsburgh Riverhounds,0:0,Draw
2023-10-15T21:38:14.958Z,45,Ituano FC SP,CR Brasil AL,0:0,Draw
2023-10-15T21:38:14.958Z,45,CS Deportivo Pereira,CD La Equidad,1:0,Home
2023-10-15T21:38:14.958Z,45,Alebrijes de Oaxaca FC,Cancun FC,2:5,Away
2023-10-15T21:38:14.958Z,45,Atletico Nacional Medellin,Independiente Medellin,1:2,Away
2023-10-15T21:38:14.958Z,45,Cuiaba Esporte Clube MT,Cruzeiro EC MG,0:0,Draw
2023-10-15T21:38:14.958Z,45,Monterey Bay FC,Orange County SC,0:1,Away
2023-10-15T21:38:14.958Z,45,Las Vegas Lights,San Diego Loyal SC,0:2,Away
2023-10-15T21:38:14.958Z,45,Los Angeles Galaxy,Real Salt Lake,2:2,Draw
2023-10-15T21:38:14.958Z,45,FC Osaka,FC Gifu,1:1,Draw
2023-10-15T21:38:14.958Z,45,Club Deportivo Eldense,Elche CF,1:1,Draw
2023-10-15T21:38:14.958Z,45,SC Preussen 06 Munster,TSV 1860 Munich,1:1,Draw
2023-10-15T21:38:14.958Z,45,CA Estudiantes,Tristan Suarez,0:2,Away
2023-10-15T21:38:14.958Z,45,AA Ponte Preta SP,AC Goianiense GO,0:2,Away
2023-10-22T20:36:38.487Z,46,Chelsea FC,Arsenal FC,2:2,Draw
2023-10-22T20:36:38.487Z,46,FC Annecy,Amiens SC,1:1,Draw
2023-10-22T20:36:38.487Z,46,Sassuolo Calcio,Lazio Rome,0:2,Away
2023-10-22T20:36:38.487Z,46,Real Zaragoza,SD Eibar,2:3,Away
2023-10-22T20:36:38.487Z,46,Nashville SC,New York Red Bulls,0:1,Away
2023-10-22T20:36:38.487Z,46,Colorado Rapids,Real Salt Lake,0:1,Away
2023-10-22T20:36:38.487Z,46,Tochigi SC,Oita Trinita,1:1,Draw
2023-10-22T20:36:38.487Z,46,Chungbuk Cheongju FC,Gyeongnam FC,1:1,Draw
2023-10-22T20:36:38.487Z,46,1 FC Nuremberg,Hertha BSC,3:1,Home
2023-10-22T20:36:38.487Z,46,Hansa Rostock,Holstein Kiel,1:3,Away
2023-10-22T20:36:38.487Z,46,UD Las Palmas,Rayo Vallecano,0:1,Away
2023-10-22T20:36:38.487Z,46,SCR Altach,Wolfsberger AC,0:0,Draw
2023-10-22T20:36:38.487Z,46,CSM Politehnica Iasi,FC U Craiova 1948,1:1,Draw
2023-10-22T20:36:38.487Z,46,FC Nantes,Montpellier HSC,2:0,Home
2023-10-22T20:36:38.487Z,46,FC Spartak Trnava,SK Slovan Bratislava,1:2,Away
2023-10-22T20:36:38.487Z,46,Erzgebirge Aue,SSV Ulm 1846,1:2,Away
2023-10-22T20:36:38.487Z,46,Pumas UNAM,CF Monterrey,0:1,Away
2023-10-29T20:51:20.957Z,47,US Lecce,Torino FC,0:1,Away
2023-10-29T20:51:20.957Z,47,Sporting Gijon,Espanyol Barcelona,2:0,Home
2023-10-29T20:51:20.957Z,47,Almere City FC,Go Ahead Eagles,0:0,Draw
2023-10-29T20:51:20.957Z,47,Vasteras SK,GAIS,2:1,Home
2023-10-29T20:51:20.957Z,47,Kilmarnock FC,Aberdeen FC,2:0,Home
2023-10-29T20:51:20.957Z,47,Naestved BK,Vendsyssel FF,1:1,Draw
2023-10-29T20:51:20.957Z,47,Soroksar SC,Szeged-Csanad Grosics Akademia,1:1,Draw
2023-10-29T20:51:20.957Z,47,Adanaspor,Umraniyespor,1:0,Home
2023-10-29T20:51:20.957Z,47,Vejle BK,Viborg FF,1:1,Draw
2023-10-29T20:51:20.957Z,47,FC Volendam,Excelsior Rotterdam,3:1,Home
2023-10-29T20:51:20.957Z,47,Lille OSC,AS Monaco,2:0,Home
2023-10-29T20:51:20.957Z,47,NK Radomlje,Mura Murska Sobota,1:1,Draw
2023-10-29T20:51:20.957Z,47,SD Huesca,Albacete Balompie,0:0,Draw
2023-10-29T20:51:20.957Z,47,Brescia Calcio,SSC Bari,1:2,Away
2023-10-29T20:51:20.957Z,47,Rio Ave FC,SC Farense,3:4,Away
2023-10-29T20:51:20.957Z,47,Estrela Amadora,FC Famalicao,1:0,Home
2023-10-29T20:51:20.957Z,47,UD Oliveirense,UD Leiria,1:4,Away
2023-11-05T22:27:28.539Z,48,Union Berlin,Eintracht Frankfurt,0:3,Away
2023-11-05T22:27:28.539Z,48,1. FC Cologne,FC Augsburg,1:1,Draw
2023-11-05T22:27:28.539Z,48,Swansea City,Sunderland AFC,0:0,Draw
2023-11-05T22:27:28.539Z,48,Preston North End,Coventry City,3:2,Home
2023-11-05T22:27:28.539Z,48,Huddersfield Town,Watford FC,0:0,Draw
2023-11-05T22:27:28.539Z,48,Rotherham United,Queens Park Rangers,1:1,Draw
2023-11-05T22:27:28.539Z,48,Burnley FC,Crystal Palace,0:2,Away
2023-11-05T22:27:28.539Z,48,Everton FC,Brighton & Hove Albion,1:1,Draw
2023-11-05T22:27:28.539Z,48,Sampdoria Genoa,Palermo FC,1:0,Home
2023-11-05T22:27:28.539Z,48,Atalanta BC,Inter Milano,1:2,Away
2023-11-05T22:27:28.539Z,48,Newcastle United,Arsenal FC,1:0,Home
2023-11-05T22:27:28.539Z,48,RC Celta de Vigo,Sevilla FC,1:1,Draw
2023-11-05T22:27:28.539Z,48,Real Sociedad San Sebastian,FC Barcelona,0:1,Away
2023-11-05T22:27:28.539Z,48,Hellas Verona,AC Monza,1:3,Away
2023-11-05T22:27:28.539Z,48,FC Nantes,Stade Reims,0:1,Away
2023-11-05T22:27:28.539Z,48,Cagliari Calcio,Genoa CFC,2:1,Home
2023-11-05T22:27:28.539Z,48,ACF Fiorentina,Juventus Turin,0:1,Away
2023-11-12T22:21:37.192Z,49,VfL Bochum,1. FC Cologne,1:1,Draw
2023-11-12T22:21:37.192Z,49,Granada CF,Getafe CF,1:1,Draw
2023-11-12T22:21:37.192Z,49,AC Monza,Torino FC,1:1,Draw
2023-11-12T22:21:37.192Z,49,Urawa Red Diamonds,Vissel Kobe,1:2,Away
2023-11-12T22:21:37.192Z,49,Pendikspor,Samsunspor,1:0,Home
2023-11-12T22:21:37.192Z,49,Greuther Furth,Fortuna Dusseldorf,1:0,Home
2023-11-12T22:21:37.192Z,49,SV Wehen Wiesbaden,1 FC Kaiserslautern,2:1,Home
2023-11-12T22:21:37.192Z,49,Vejle BK,Lyngby BK,1:0,Home
2023-11-12T22:21:37.192Z,49,FC Metz,FC Nantes,3:1,Home
2023-11-12T22:21:37.192Z,49,Clermont Foot 63,FC Lorient,1:0,Home
2023-11-12T22:21:37.192Z,49,FC Midtjylland,FC Nordsjaelland,2:0,Home
2023-11-12T22:21:37.192Z,49,Sandefjord Fotball,Rosenborg BK,3:2,Home
2023-11-12T22:21:37.192Z,49,Werder Bremen,Eintracht Frankfurt,2:2,Draw
2023-11-12T22:21:37.192Z,49,Lazio Rome,AS Roma,0:0,Draw
2023-11-12T22:21:37.192Z,49,KAA Gent,RSC Anderlecht,1:1,Draw
2023-11-12T22:21:37.192Z,49,Ceara SC CE,Mirassol FC SP,2:0,Home
2023-11-12T22:21:37.192Z,49,RC Lens,Olympique Marseille,1:0,Home
2023-11-20T00:50:43.268Z,50,Niger,Tanzania,0:1,Away
2023-11-20T00:50:43.268Z,50,SD Amorebieta,Tenerife CD,2:0,Home
2023-11-20T00:50:43.268Z,50,Cerro Largo FC,Plaza Colonia,4:0,Home
2023-11-20T00:50:43.268Z,50,Israel,Romania,1:2,Away
2023-11-20T00:50:43.268Z,50,Racing Club de Ferrol,Burgos CF,1:1,Draw
2023-11-20T00:50:43.268Z,50,Novara FC,US Pergolettese Crema,2:1,Home
2023-11-20T00:50:43.268Z,50,Fermana FC,SS Arezzo,2:3,Away
2023-11-20T00:50:43.268Z,50,SC Cambuur,Roda JC Kerkrade,1:1,Draw
2023-11-20T00:50:43.268Z,50,CF Os Belenenses,FC Penafiel,2:0,Home
2023-11-20T00:50:43.268Z,50,Club Deportivo Eldense,CD Mirandes,2:2,Draw
2023-11-20T00:50:43.268Z,50,Real Oviedo,SD Eibar,2:1,Home
2023-11-20T00:50:43.268Z,50,Cyprus,Lithuania,1:0,Home
2023-11-20T00:50:43.268Z,50,Villarreal CF B,FC Andorra,0:0,Draw
2023-11-20T00:50:43.268Z,50,FC Cartagena,Albacete Balompie,1:1,Draw
2023-11-20T00:50:43.268Z,50,Potenza Calcio,Audace Cerignola,2:2,Draw
2023-11-20T00:50:43.268Z,50,Danubio FC,CA Penarol Montevideo,2:1,Home
2023-11-20T00:50:43.268Z,50,Bosnia & Herzegovina,Slovakia,1:2,Away
2023-11-26T22:14:14.548Z,51,Newcastle United,Chelsea FC,4:1,Home
2023-11-26T22:14:14.548Z,51,Nottingham Forest,Brighton & Hove Albion,2:3,Away
2023-11-26T22:14:14.548Z,51,Millwall FC,Coventry City,0:3,Away
2023-11-26T22:14:14.548Z,51,Swansea City,Hull City,2:2,Draw
2023-11-26T22:14:14.548Z,51,Sheffield United,AFC Bournemouth,1:3,Away
2023-11-26T22:14:14.548Z,51,Stoke City,Blackburn Rovers,0:3,Away
2023-11-26T22:14:14.548Z,51,Atalanta BC,SSC Napoli,1:2,Away
2023-11-26T22:14:14.548Z,51,Eintracht Frankfurt,VfB Stuttgart,1:2,Away
2023-11-26T22:14:14.548Z,51,West Bromwich Albion,Ipswich Town,2:0,Home
2023-11-26T22:14:14.548Z,51,Kayserispor,Adana Demirspor,1:1,Draw
2023-11-26T22:14:14.548Z,51,Cagliari Calcio,AC Monza,1:1,Draw
2023-11-26T22:14:14.548Z,51,KAA Gent,Union Saint-Gilloise,1:1,Draw
2023-11-26T22:14:14.548Z,51,Wolfsberger AC,FK Austria Wien,1:0,Home
2023-11-26T22:14:14.548Z,51,Tottenham Hotspur,Aston Villa,1:2,Away
2023-11-26T22:14:14.548Z,51,Frosinone Calcio,Genoa CFC,2:1,Home
2023-11-26T22:14:14.548Z,51,Everton FC,Manchester United,0:3,Away
2023-11-26T22:14:14.548Z,51,Juventus Turin,Inter Milano,1:1,Draw
2023-12-03T22:35:54.403Z,52,Nottingham Forest,Everton FC,0:1,Away
2023-12-03T22:35:54.403Z,52,FC Volendam,PEC Zwolle,0:5,Away
2023-12-03T22:35:54.403Z,52,CA Osasuna,Real Sociedad San Sebastian,1:1,Draw
2023-12-03T22:35:54.403Z,52,Albirex Niigata,Cerezo Osaka,1:0,Home
2023-12-03T22:35:54.403Z,52,Feyenoord Rotterdam,PSV Eindhoven,1:2,Away
2023-12-03T22:35:54.403Z,52,US Lecce,Bologna FC,1:1,Draw
2023-12-03T22:35:54.403Z,52,RCD Mallorca,Deportivo Alaves,0:0,Draw
2023-12-03T22:35:54.403Z,52,Bristol City,Norwich City,1:2,Away
2023-12-03T22:35:54.403Z,52,FSV Mainz,SC Freiburg,0:1,Away
2023-12-03T22:35:54.403Z,52,AD Alcorcon,Elche CF,0:2,Away
2023-12-03T22:35:54.403Z,52,UD Almeria,Real Betis Seville,0:0,Draw
2023-12-03T22:35:54.403Z,52,FK Austria Wien,LASK,0:0,Draw
2023-12-03T22:35:54.403Z,52,CD Mirandes,Racing Santander,0:0,Draw
2023-12-03T22:35:54.403Z,52,Racing Club de Ferrol,Albacete Balompie,5:4,Home
2023-12-03T22:35:54.403Z,52,FC Augsburg,Eintracht Frankfurt,2:1,Home
2023-12-03T22:35:54.403Z,52,SSC Napoli,Inter Milano,0:3,Away
2023-12-03T22:35:54.403Z,52,SD Amorebieta,Burgos CF,0:1,Away
2023-12-10T20:57:06.461Z,53,Atalanta BC,AC Milan,3:2,Home
2023-12-10T20:57:06.461Z,53,Borussia Dortmund,RB Leipzig,2:3,Away
2023-12-10T20:57:06.461Z,53,Villarreal CF,Real Sociedad San Sebastian,0:3,Away
2023-12-10T20:57:06.461Z,53,RCD Mallorca,Sevilla FC,1:0,Home
2023-12-10T20:57:06.461Z,53,Istanbulspor AS,Alanyaspor,0:1,Away
2023-12-10T20:57:06.461Z,53,Frosinone Calcio,Torino FC,0:0,Draw
2023-12-10T20:57:06.461Z,53,Hansa Rostock,Schalke 04,0:2,Away
2023-12-10T20:57:06.461Z,53,Fulham FC,West Ham United,5:0,Home
2023-12-10T20:57:06.461Z,53,FC Metz,Stade Brest 29,0:1,Away
2023-12-10T20:57:06.461Z,53,VfB Stuttgart,Bayer Leverkusen,1:1,Draw
2023-12-10T20:57:06.461Z,53,Racing Santander,Real Oviedo,2:2,Draw
2023-12-10T20:57:06.461Z,53,Estrela Amadora,Boavista Porto,3:1,Home
2023-12-10T20:57:06.461Z,53,Gaziantep FK,Trabzonspor,1:3,Away
2023-12-10T20:57:06.461Z,53,Tottenham Hotspur,Newcastle United,4:1,Home
2023-12-10T20:57:06.461Z,53,1. FC Cologne,FSV Mainz,0:0,Draw
2023-12-10T20:57:06.461Z,53,Cadiz CF,CA Osasuna,1:1,Draw
2023-12-10T20:57:06.461Z,53,FC Arouca,Rio Ave FC,2:2,Draw
2023-12-18T09:30:21.347Z,54,FC Cartagena,Burgos CF,0:3,Away
2023-12-18T09:30:21.347Z,54,Excelsior Rotterdam,Go Ahead Eagles,1:1,Draw
2023-12-18T09:30:21.347Z,54,FC Arouca,Gil Vicente Barcelos,3:0,Home
2023-12-18T09:30:21.347Z,54,Ankara Keciorengucu,Bandirmaspor,PD:X,Draw
2023-12-18T09:30:21.347Z,54,FC Nantes,Stade Brest 29,0:2,Away
2023-12-18T09:30:21.347Z,54,Eintracht Braunschweig,1 FC Kaiserslautern,2:1,Home
2023-12-18T09:30:21.347Z,54,Alanyaspor,MKE Ankaragucu,PD:X,Draw
2023-12-18T09:30:21.347Z,54,FC Winterthur,Lausanne-Sport,1:0,Home
2023-12-18T09:30:21.347Z,54,FC Metz,Montpellier HSC,0:1,Away
2023-12-18T09:30:21.347Z,54,West Ham United,Wolverhampton Wanderers,3:0,Home
2023-12-18T09:30:21.347Z,54,FC Lorient,Strasbourg Alsace,1:2,Away
2023-12-18T09:30:21.347Z,54,Udinese Calcio,Sassuolo Calcio,2:2,Draw
2023-12-18T09:30:21.347Z,54,Toulouse FC,Stade Rennes,0:0,Draw
2023-12-18T09:30:21.347Z,54,Calcio Lecco 1912,Ternana Calcio,2:3,Away
2023-12-18T09:30:21.347Z,54,GD Chaves,Casa Pia Lisbon,1:3,Away
2023-12-18T09:30:21.347Z,54,Bologna FC,AS Roma,2:0,Home
2023-12-18T09:30:21.347Z,54,SD Amorebieta,Real Zaragoza,1:1,Draw
2023-12-24T08:40:32.940Z,55,Nottingham Forest,AFC Bournemouth,2:3,Away
2023-12-24T08:40:32.940Z,55,Blackburn Rovers,Watford FC,1:2,Away
2023-12-24T08:40:32.940Z,55,Middlesbrough FC,West Bromwich Albion,1:0,Home
2023-12-24T08:40:32.940Z,55,Plymouth Argyle,Birmingham City,3:3,Draw
2023-12-24T08:40:32.940Z,55,Sheffield Wednesday,Cardiff City,1:2,Away
2023-12-24T08:40:32.940Z,55,Stoke City,Millwall FC,0:0,Draw
2023-12-24T08:40:32.940Z,55,Barnsley,Stevenage FC,2:1,Home
2023-12-24T08:40:32.940Z,55,Carlisle United,Cheltenham Town,0:1,Away
2023-12-24T08:40:32.940Z,55,Northampton Town,Oxford United,2:1,Home
2023-12-24T08:40:32.940Z,55,Wycombe Wanderers,Port Vale,1:1,Draw
2023-12-24T08:40:32.940Z,55,Accrington Stanley,Walsall FC,2:1,Home
2023-12-24T08:40:32.940Z,55,Morecambe FC,Milton Keynes Dons,1:3,Away
2023-12-24T08:40:32.940Z,55,Tranmere Rovers FC,Swindon Town,2:1,Home
2023-12-24T08:40:32.940Z,55,Dundee FC,Aberdeen FC,PD:2,Away
2023-12-24T08:40:32.940Z,55,Ross County FC,Hibernian FC,PD:1,Home
2023-12-24T08:40:32.940Z,55,Airdrieonians FC,Greenock Morton FC,0:0,Draw
2023-12-24T08:40:32.940Z,55,Alloa Athletic FC,Montrose FC,2:2,Draw
2023-12-31T08:41:24.818Z,56,Udinese Calcio,Bologna FC,3:0,Home
2023-12-31T08:41:24.818Z,56,National Bank of Egypt SC,Al Mokawloon Al Arab,3:1,Home
2023-12-31T08:41:24.818Z,56,Cagliari Calcio,Empoli FC,0:0,Draw
2023-12-31T08:41:24.818Z,56,Glentoran FC,Cliftonville FC,PD:X,Draw
2023-12-31T08:41:24.818Z,56,Ayr United FC,Dunfermline Athletic FC,2:2,Draw
2023-12-31T08:41:24.818Z,56,Inverness Caledonian Thistle FC,Greenock Morton FC,0:0,Draw
2023-12-31T08:41:24.818Z,56,Larne FC,Linfield FC,1:1,Draw
2023-12-31T08:41:24.818Z,56,Crystal Palace,Brentford FC,3:1,Home
2023-12-31T08:41:24.818Z,56,Wolverhampton Wanderers,Everton FC,3:0,Home
2023-12-31T08:41:24.818Z,56,Queens Park FC,Airdrieonians FC,1:2,Away
2023-12-31T08:41:24.818Z,56,Kidderminster Harriers FC,Boreham Wood FC,1:2,Away
2023-12-31T08:41:24.818Z,56,Truro City,Torquay United,PD:1,Home
2023-12-31T08:41:24.818Z,56,Gil Vicente Barcelos,Boavista Porto,1:0,Home
2023-12-31T08:41:24.818Z,56,Talaea El Gaish,Zed FC,1:0,Home
2023-12-31T08:41:24.818Z,56,Enppi Club,Baladiyyat AL Mehalla,3:0,Home
2023-12-31T08:41:24.818Z,56,Nottingham Forest,Manchester United,2:1,Home
2023-12-31T08:41:24.818Z,56,Sekhukhune United,Kaizer Chiefs,1:1,Draw
2024-01-07T22:27:51.997Z,57,Port Vale,Charlton Athletic,3:3,Draw
2024-01-07T22:27:51.997Z,57,Burton Albion,Wycombe Wanderers,1:1,Draw
2024-01-07T22:27:51.997Z,57,Estrela Amadora,FC Vizela,1:1,Draw
2024-01-07T22:27:51.997Z,57,Espanyol Barcelona,Getafe CF,0:1,Away
2024-01-07T22:27:51.997Z,57,MKE Ankaragucu,Trabzonspor,0:1,Away
2024-01-07T22:27:51.997Z,57,US Lecce,Cagliari Calcio,1:1,Draw
2024-01-07T22:27:51.997Z,57,Sheffield Wednesday,Cardiff City,4:0,Home
2024-01-07T22:27:51.997Z,57,SD Huesca,Rayo Vallecano,0:0,Draw
2024-01-07T22:27:51.997Z,57,Deportivo Alaves,Real Betis Seville,1:0,Home
2024-01-07T22:27:51.997Z,57,Sassuolo Calcio,ACF Fiorentina,1:0,Home
2024-01-07T22:27:51.997Z,57,Burgos CF,RCD Mallorca,0:3,Away
2024-01-07T22:27:51.997Z,57,RC Lens,AS Monaco,2:2,Draw
2024-01-07T22:27:51.997Z,57,Shrewsbury Town,Wrexham AFC,0:1,Away
2024-01-07T22:27:51.997Z,57,Torino FC,SSC Napoli,3:0,Home
2024-01-07T22:27:51.997Z,57,Udinese Calcio,Lazio Rome,1:2,Away
2024-01-07T22:27:51.997Z,57,FC Cartagena,Valencia CF,1:1,Draw
2024-01-07T22:27:51.997Z,57,AS Roma,Atalanta BC,1:1,Draw
2024-01-14T19:10:48.891Z,58,Hellas Verona,Empoli FC,2:1,Home
2024-01-14T19:10:48.891Z,58,Tenerife CD,Elche CF,0:1,Away
2024-01-14T19:10:48.891Z,58,PEC Zwolle,SC Heerenveen,2:2,Draw
2024-01-14T19:10:48.891Z,58,Stade Rennes,OGC Nice,2:0,Home
2024-01-14T19:10:48.891Z,58,Burgos CF,Real Valladolid,1:0,Home
2024-01-14T19:10:48.891Z,58,Brisbane Roar FC,Newcastle United Jets FC,3:2,Home
2024-01-14T19:10:48.891Z,58,Perth Glory FC,Wellington Phoenix FC,3:4,Away
2024-01-14T19:10:48.891Z,58,FC Volendam,Almere City FC,0:1,Away
2024-01-14T19:10:48.891Z,58,Queens Park Rangers,Watford FC,1:2,Away
2024-01-14T19:10:48.891Z,58,Vitesse Arnhem,FC Utrecht,0:0,Draw
2024-01-14T19:10:48.891Z,58,Everton FC,Aston Villa,0:0,Draw
2024-01-14T19:10:48.891Z,58,Cagliari Calcio,Bologna FC,2:1,Home
2024-01-14T19:10:48.891Z,58,FC Metz,Toulouse FC,0:1,Away
2024-01-14T19:10:48.891Z,58,VfL Bochum,Werder Bremen,1:1,Draw
2024-01-14T19:10:48.891Z,58,Cadiz CF,Valencia CF,1:4,Away
2024-01-14T19:10:48.891Z,58,Le Havre AC,Olympique Lyon,3:1,Home
2024-01-14T19:10:48.891Z,58,Manchester United,Tottenham Hotspur,2:2,Draw
2024-01-22T08:54:57.270Z,59,Valencia CF,Athletic Bilbao,1:0,Home
2024-01-22T08:54:57.270Z,59,RB Leipzig,Bayer Leverkusen,2:3,Away
2024-01-22T08:54:57.270Z,59,Barnet FC,Chesterfield FC,PD:X,Draw
2024-01-22T08:54:57.270Z,59,RC Celta de Vigo,Real Sociedad San Sebastian,0:1,Away
2024-01-22T08:54:57.270Z,59,Frosinone Calcio,Cagliari Calcio,3:1,Home
2024-01-22T08:54:57.270Z,59,CA Osasuna,Getafe CF,3:2,Home
2024-01-22T08:54:57.270Z,59,Sparta Rotterdam,Go Ahead Eagles,0:2,Away
2024-01-22T08:54:57.270Z,59,Sheffield United,West Ham United,2:2,Draw
2024-01-22T08:54:57.270Z,59,Empoli FC,AC Monza,3:0,Home
2024-01-22T08:54:57.270Z,59,Konyaspor,Antalyaspor,1:1,Draw
2024-01-22T08:54:57.270Z,59,CD Mirandes,Levante UD,1:1,Draw
2024-01-22T08:54:57.270Z,59,Clermont Foot 63,Strasbourg Alsace,1:3,Away
2024-01-22T08:54:57.270Z,59,US Salernitana,Genoa CFC,1:2,Away
2024-01-22T08:54:57.270Z,59,Zambia,Tanzania,1:1,Draw
2024-01-22T08:54:57.270Z,59,SD Huesca,SD Eibar,2:3,Away
2024-01-22T08:54:57.270Z,59,Elche CF,Real Valladolid,0:0,Draw
2024-01-22T08:54:57.270Z,59,Stade Rennes,Olympique Marseille,1:1,Draw
2024-01-28T23:21:47.251Z,60,Fulham FC,Newcastle United,0:2,Away
2024-01-28T23:21:47.251Z,60,RCD Mallorca,Real Betis Seville,0:1,Away
2024-01-28T23:21:47.251Z,60,Olympique Marseille,AS Monaco,2:2,Draw
2024-01-28T23:21:47.251Z,60,Genoa CFC,US Lecce,2:1,Home
2024-01-28T23:21:47.251Z,60,RC Celta de Vigo,Girona FC,0:1,Away
2024-01-28T23:21:47.251Z,60,Clermont Foot 63,Strasbourg Alsace,1:1,Draw
2024-01-28T23:21:47.251Z,60,AC Monza,Sassuolo Calcio,1:0,Home
2024-01-28T23:21:47.251Z,60,Hellas Verona,Frosinone Calcio,1:1,Draw
2024-01-28T23:21:47.251Z,60,FC Lorient,Le Havre AC,3:3,Draw
2024-01-28T23:21:47.251Z,60,FC Andorra,Elche CF,0:1,Away
2024-01-28T23:21:47.251Z,60,Gil Vicente Barcelos,Vitoria SC Guimaraes,1:0,Home
2024-01-28T23:21:47.251Z,60,Moreirense FC,FC Famalicao,1:0,Home
2024-01-28T23:21:47.251Z,60,Lazio Rome,SSC Napoli,0:0,Draw
2024-01-28T23:21:47.251Z,60,Sevilla FC,CA Osasuna,1:1,Draw
2024-01-28T23:21:47.251Z,60,RSC Anderlecht,Union Saint-Gilloise,2:2,Draw
2024-01-28T23:21:47.251Z,60,Burgos CF,Albacete Balompie,2:1,Home
2024-01-28T23:21:47.251Z,60,PAOK Thessaloniki,Panathinaikos Athens,2:1,Home
2024-02-04T22:17:23.530Z,61,1. FC Cologne,Eintracht Frankfurt,2:0,Home
2024-02-04T22:17:23.530Z,61,Fortuna Sittard,SC Heerenveen,3:3,Draw
2024-02-04T22:17:23.530Z,61,Girona FC,Real Sociedad San Sebastian,0:0,Draw
2024-02-04T22:17:23.530Z,61,Pendikspor,Adana Demirspor,2:1,Home
2024-02-04T22:17:23.530Z,61,Vitesse Arnhem,Go Ahead Eagles,0:2,Away
2024-02-04T22:17:23.530Z,61,Kasimpasa Istanbul,Alanyaspor,2:1,Home
2024-02-04T22:17:23.530Z,61,Racing Club de Ferrol,SD Eibar,1:1,Draw
2024-02-04T22:17:23.530Z,61,FC Metz,FC Lorient,1:2,Away
2024-02-04T22:17:23.530Z,61,VfL Wolfsburg,TSG Hoffenheim,2:2,Draw
2024-02-04T22:17:23.530Z,61,CA Osasuna,RC Celta de Vigo,0:3,Away
2024-02-04T22:17:23.530Z,61,SD Amorebieta,Racing Santander,0:1,Away
2024-02-04T22:17:23.530Z,61,GD Chaves,SC Farense,1:1,Draw
2024-02-04T22:17:23.530Z,61,FC Luzern,FC St. Gallen 1879,1:0,Home
2024-02-04T22:17:23.530Z,61,Stade Brest 29,OGC Nice,0:0,Draw
2024-02-04T22:17:23.530Z,61,Arsenal FC,Liverpool FC,3:1,Home
2024-02-04T22:17:23.530Z,61,Atalanta BC,Lazio Rome,3:1,Home
2024-02-04T22:17:23.530Z,61,Olympique Lyon,Olympique Marseille,1:0,Home
2024-02-12T00:48:34.282Z,62,UD Las Palmas,Valencia CF,2:0,Home
2024-02-12T00:48:34.282Z,62,Heracles Almelo,Vitesse Arnhem,3:2,Home
2024-02-12T00:48:34.282Z,62,Le Havre AC,Stade Rennes,0:1,Away
2024-02-12T00:48:34.282Z,62,Getafe CF,RC Celta de Vigo,3:2,Home
2024-02-12T00:48:34.282Z,62,Konyaspor,MKE Ankaragucu,1:0,Home
2024-02-12T00:48:34.282Z,62,Istanbulspor AS,Gaziantep FK,1:3,Away
2024-02-12T00:48:34.282Z,62,Toulouse FC,FC Nantes,1:2,Away
2024-02-12T00:48:34.282Z,62,FC Pacos Ferreira,Maritimo Madeira,1:2,Away
2024-02-12T00:48:34.282Z,62,RCD Mallorca,Rayo Vallecano,2:1,Home
2024-02-12T00:48:34.282Z,62,AD Alcorcon,FC Andorra,1:0,Home
2024-02-12T00:48:34.282Z,62,FC Cartagena,CD Mirandes,1:0,Home
2024-02-12T00:48:34.282Z,62,Ternana Calcio,Spezia Calcio,1:1,Draw
2024-02-12T00:48:34.282Z,62,Rio Ave FC,Casa Pia Lisbon,1:0,Home
2024-02-12T00:48:34.282Z,62,Montpellier HSC,Olympique Lyon,1:2,Away
2024-02-12T00:48:34.282Z,62,Aston Villa,Manchester United,1:2,Away
2024-02-12T00:48:34.282Z,62,Genoa CFC,Atalanta BC,1:4,Away
2024-02-12T00:48:34.282Z,62,OGC Nice,AS Monaco,2:3,Away
2024-02-18T21:20:02.637Z,63,Fulham FC,Aston Villa,1:2,Away
2024-02-18T21:20:02.637Z,63,Nottingham Forest,West Ham United,2:0,Home
2024-02-18T21:20:02.637Z,63,GD Chaves,Boavista Porto,2:1,Home
2024-02-18T21:20:02.637Z,63,Oud-Heverlee Leuven,Royal Charleroi SC,0:0,Draw
2024-02-18T21:20:02.637Z,63,Valencia CF,Sevilla FC,0:0,Draw
2024-02-18T21:20:02.637Z,63,PEC Zwolle,Almere City FC,0:1,Away
2024-02-18T21:20:02.637Z,63,Macarthur FC,Wellington Phoenix FC,1:2,Away
2024-02-18T21:20:02.637Z,63,Lazio Rome,Bologna FC,1:2,Away
2024-02-18T21:20:02.637Z,63,Gaziantep FK,Samsunspor,1:1,Draw
2024-02-18T21:20:02.637Z,63,Albacete Balompie,Racing Santander,2:0,Home
2024-02-18T21:20:02.637Z,63,SC Freiburg,Eintracht Frankfurt,3:3,Draw
2024-02-18T21:20:02.637Z,63,Racing Club de Ferrol,Levante UD,0:0,Draw
2024-02-18T21:20:02.637Z,63,Casa Pia Lisbon,FC Arouca,1:0,Home
2024-02-18T21:20:02.637Z,63,Stade Reims,RC Lens,1:1,Draw
2024-02-18T21:20:02.637Z,63,RCD Mallorca,Real Sociedad San Sebastian,1:2,Away
2024-02-18T21:20:02.637Z,63,FC Dinamo Bucuresti 1948,ASC Otelul Galati,3:1,Home
2024-02-18T21:20:02.637Z,63,Estoril Praia,Gil Vicente Barcelos,1:3,Away
2024-02-25T21:16:58.370Z,64,Blackburn Rovers,Norwich City,1:1,Draw
2024-02-25T21:16:58.370Z,64,SC Farense,Moreirense FC,0:1,Away
2024-02-25T21:16:58.370Z,64,FC Lorient,FC Nantes,0:1,Away
2024-02-25T21:16:58.370Z,64,SCR Altach,TSV Hartberg,1:2,Away
2024-02-25T21:16:58.370Z,64,US Salernitana,AC Monza,0:2,Away
2024-02-25T21:16:58.370Z,64,Grasshopper Club Zurich,FC Luzern,0:1,Away
2024-02-25T21:16:58.370Z,64,CA Boston River,Danubio FC,0:0,Draw
2024-02-25T21:16:58.370Z,64,RC Lens,AS Monaco,2:3,Away
2024-02-25T21:16:58.370Z,64,Cadiz CF,RC Celta de Vigo,2:2,Draw
2024-02-25T21:16:58.370Z,64,FC Lugano,FC Zurich,2:0,Home
2024-02-25T21:16:58.370Z,64,Widzew Lodz,Gornik Zabrze,3:1,Home
2024-02-25T21:16:58.370Z,64,Sivasspor,Pendikspor,4:1,Home
2024-02-25T21:16:58.370Z,64,AD Alcorcon,Tenerife CD,1:1,Draw
2024-02-25T21:16:58.370Z,64,FC Vizela,Estoril Praia,3:3,Draw
2024-02-25T21:16:58.370Z,64,AGF Aarhus,FC Midtjylland,2:3,Away
2024-02-25T21:16:58.370Z,64,UD Las Palmas,CA Osasuna,1:1,Draw
2024-02-25T21:16:58.370Z,64,FC Cartagena,Elche CF,0:1,Away
2024-03-03T23:42:11.091Z,65,Brentford FC,Chelsea FC,2:2,Draw
2024-03-03T23:42:11.091Z,65,Fulham FC,Brighton & Hove Albion,3:0,Home
2024-03-03T23:42:11.091Z,65,Stade Reims,Lille OSC,0:1,Away
2024-03-03T23:42:11.091Z,65,VfL Wolfsburg,VfB Stuttgart,2:3,Away
2024-03-03T23:42:11.091Z,65,Torino FC,ACF Fiorentina,0:0,Draw
2024-03-03T23:42:11.091Z,65,Standard Liege,KAA Gent,4:2,Home
2024-03-03T23:42:11.091Z,65,Hellas Verona,Sassuolo Calcio,1:0,Home
2024-03-03T23:42:11.091Z,65,Toulouse FC,OGC Nice,2:1,Home
2024-03-03T23:42:11.091Z,65,KRC Genk,Club Brugge,0:3,Away
2024-03-03T23:42:11.091Z,65,Empoli FC,Cagliari Calcio,0:1,Away
2024-03-03T23:42:11.091Z,65,Frosinone Calcio,US Lecce,1:1,Draw
2024-03-03T23:42:11.091Z,65,Casa Pia Lisbon,Gil Vicente Barcelos,0:0,Draw
2024-03-03T23:42:11.091Z,65,Sparta Prague,Slavia Prague,0:0,Draw
2024-03-03T23:42:11.091Z,65,Heracles Almelo,Almere City FC,2:2,Draw
2024-03-03T23:42:11.091Z,65,Olympique Lyon,RC Lens,0:3,Away
2024-03-03T23:42:11.091Z,65,SSC Napoli,Juventus Turin,2:1,Home
2024-03-03T23:42:11.091Z,65,FC Porto,SL Benfica,5:0,Home
2024-03-10T23:27:53.910Z,66,Amiens SC,Rodez Aveyron Football,1:1,Draw
2024-03-10T23:27:53.910Z,66,Boavista Porto,Moreirense FC,1:0,Home
2024-03-10T23:27:53.910Z,66,Genoa CFC,AC Monza,2:3,Away
2024-03-10T23:27:53.910Z,66,Macarthur FC,Central Coast Mariners,0:3,Away
2024-03-10T23:27:53.910Z,66,US Lecce,Hellas Verona,0:1,Away
2024-03-10T23:27:53.910Z,66,Huddersfield Town,West Bromwich Albion,1:4,Away
2024-03-10T23:27:53.910Z,66,Bristol City,Swansea City,1:0,Home
2024-03-10T23:27:53.910Z,66,Deportivo Alaves,Rayo Vallecano,1:0,Home
2024-03-10T23:27:53.910Z,66,Aston Villa,Tottenham Hotspur,0:4,Away
2024-03-10T23:27:53.910Z,66,Racing Santander,Tenerife CD,4:2,Home
2024-03-10T23:27:53.910Z,66,Le Havre AC,Toulouse FC,1:0,Home
2024-03-10T23:27:53.910Z,66,FC Metz,Clermont Foot 63,1:0,Home
2024-03-10T23:27:53.910Z,66,VfL Bochum,SC Freiburg,1:2,Away
2024-03-10T23:27:53.910Z,66,Liverpool FC,Manchester City,1:1,Draw
2024-03-10T23:27:53.910Z,66,Juventus Turin,Atalanta BC,2:2,Draw
2024-03-10T23:27:53.910Z,66,ACF Fiorentina,AS Roma,2:2,Draw
2024-03-10T23:27:53.910Z,66,Real Betis Seville,Villarreal CF,2:3,Away
2024-03-17T23:17:59.998Z,67,Burnley FC,Brentford FC,2:1,Home
2024-03-17T23:17:59.998Z,67,Luton Town,Nottingham Forest,1:1,Draw
2024-03-17T23:17:59.998Z,67,FC Nantes,Strasbourg Alsace,1:3,Away
2024-03-17T23:17:59.998Z,67,US Salernitana,US Lecce,0:1,Away
2024-03-17T23:17:59.998Z,67,Fulham FC,Tottenham Hotspur,3:0,Home
2024-03-17T23:17:59.998Z,67,Getafe CF,Girona FC,1:0,Home
2024-03-17T23:17:59.998Z,67,SC Farense,Rio Ave FC,1:1,Draw
2024-03-17T23:17:59.998Z,67,Frosinone Calcio,Lazio Rome,2:3,Away
2024-03-17T23:17:59.998Z,67,RC Lens,OGC Nice,1:3,Away
2024-03-17T23:17:59.998Z,67,Stade Brest 29,Lille OSC,1:1,Draw
2024-03-17T23:17:59.998Z,67,West Ham United,Aston Villa,1:1,Draw
2024-03-17T23:17:59.998Z,67,Clermont Foot 63,Le Havre AC,2:1,Home
2024-03-17T23:17:59.998Z,67,Moreirense FC,FC Arouca,1:0,Home
2024-03-17T23:17:59.998Z,67,Sparta Rotterdam,Ajax Amsterdam,2:2,Draw
2024-03-17T23:17:59.998Z,67,Stade Rennes,Olympique Marseille,2:0,Home
2024-03-17T23:17:59.998Z,67,Rayo Vallecano,Real Betis Seville,2:0,Home
2024-03-17T23:17:59.998Z,67,Atletico Madrid,FC Barcelona,0:3,Away
2024-03-24T20:21:34.200Z,68,Villarreal CF B,CD Leganes,1:2,Away
2024-03-24T20:21:34.200Z,68,FC Cartagena,FC Andorra,1:0,Home
2024-03-24T20:21:34.200Z,68,New York Red Bulls,Inter Miami CF,4:0,Home
2024-03-24T20:21:34.200Z,68,Louisville City FC,Pittsburgh Riverhounds,3:1,Home
2024-03-24T20:21:34.200Z,68,North Carolina FC,Tampa Bay Rowdies,1:1,Draw
2024-03-24T20:21:34.200Z,68,Charlotte FC,Columbus Crew,2:0,Home
2024-03-24T20:21:34.200Z,68,Toronto FC,Atlanta United FC,2:0,Home
2024-03-24T20:21:34.200Z,68,Las Vegas Lights,El Paso Locomotive FC,1:0,Home
2024-03-24T20:21:34.200Z,68,Portland Timbers,Philadelphia Union,1:3,Away
2024-03-24T20:21:34.200Z,68,San Jose Earthquakes,Seattle Sounders,3:2,Home
2024-03-24T20:21:34.200Z,68,Iwaki FC,Montedio Yamagata,0:0,Draw
2024-03-24T20:21:34.200Z,68,Tochigi SC,Oita Trinita,2:1,Home
2024-03-24T20:21:34.200Z,68,V-Varen Nagasaki,Ventforet Kofu,1:1,Draw
2024-03-24T20:21:34.200Z,68,SD Amorebieta,Sporting Gijon,3:1,Home
2024-03-24T20:21:34.200Z,68,SD Huesca,Burgos CF,3:0,Home
2024-03-24T20:21:34.200Z,68,CD Mirandes,Real Zaragoza,0:0,Draw
2024-03-24T20:21:34.200Z,68,Levante UD,Elche CF,3:2,Home
2024-03-31T21:50:09.506Z,69,Lazio Rome,Juventus Turin,1:0,Home
2024-03-31T21:50:09.506Z,69,Sparta Rotterdam,Fortuna Sittard,4:0,Home
2024-03-31T21:50:09.506Z,69,Boavista Porto,Rio Ave FC,0:0,Draw
2024-03-31T21:50:09.506Z,69,RKC Waalwijk,SC Heerenveen,1:1,Draw
2024-03-31T21:50:09.506Z,69,ACF Fiorentina,AC Milan,1:2,Away
2024-03-31T21:50:09.506Z,69,Olympique Lyon,Stade Reims,1:1,Draw
2024-03-31T21:50:09.506Z,69,Brentford FC,Manchester United,1:1,Draw
2024-03-31T21:50:09.506Z,69,Schalke 04,Karlsruher SC,0:0,Draw
2024-03-31T21:50:09.506Z,69,AD Alcorcon,SD Amorebieta,1:1,Draw
2024-03-31T21:50:09.506Z,69,Clermont Foot 63,Toulouse FC,0:3,Away
2024-03-31T21:50:09.506Z,69,Le Havre AC,Montpellier HSC,0:2,Away
2024-03-31T21:50:09.506Z,69,Racing Club de Ferrol,Elche CF,1:0,Home
2024-03-31T21:50:09.506Z,69,Real Zaragoza,Tenerife CD,3:1,Home
2024-03-31T21:50:09.506Z,69,Strasbourg Alsace,Stade Rennes,2:0,Home
2024-03-31T21:50:09.506Z,69,Deportivo Alaves,Real Sociedad San Sebastian,0:1,Away
2024-03-31T21:50:09.506Z,69,FC Vizela,Casa Pia Lisbon,0:4,Away
2024-03-31T21:50:09.506Z,69,Olympique Marseille,Paris Saint-Germain,0:2,Away
2024-04-08T09:15:50.387Z,70,AS Roma,Lazio Rome,1:0,Home
2024-04-08T09:15:50.387Z,70,Borussia Dortmund,VfB Stuttgart,0:1,Away
2024-04-08T09:15:50.387Z,70,Empoli FC,Torino FC,3:2,Home
2024-04-08T09:15:50.387Z,70,Vitesse Arnhem,NEC Nijmegen,0:3,Away
2024-04-08T09:15:50.387Z,70,Glasgow Rangers,Celtic Glasgow,3:3,Draw
2024-04-08T09:15:50.387Z,70,SD Huesca,CD Leganes,0:0,Draw
2024-04-08T09:15:50.387Z,70,Stade Reims,OGC Nice,0:0,Draw
2024-04-08T09:15:50.387Z,70,TSG Hoffenheim,FC Augsburg,3:1,Home
2024-04-08T09:15:50.387Z,70,Villarreal CF B,Burgos CF,2:1,Home
2024-04-08T09:15:50.387Z,70,CD Mirandes,Sporting Gijon,1:3,Away
2024-04-08T09:15:50.387Z,70,GD Chaves,Portimonense SC,2:3,Away
2024-04-08T09:15:50.387Z,70,FK Haugesund,Lillestrom SK,0:2,Away
2024-04-08T09:15:50.387Z,70,Hellas Verona,Genoa CFC,1:2,Away
2024-04-08T09:15:50.387Z,70,Tenerife CD,SD Eibar,2:1,Home
2024-04-08T09:15:50.387Z,70,SC Heerenveen,FC Utrecht,2:3,Away
2024-04-08T09:15:50.387Z,70,Galatasaray Istanbul,Fenerbahce Istanbul,PD:2,Away
2024-04-08T09:15:50.387Z,70,FC Nantes,Olympique Lyon,1:3,Away
2024-04-15T08:56:59.227Z,71,Torino FC,Juventus Turin,0:0,Draw
2024-04-15T08:56:59.227Z,71,AFC Bournemouth,Manchester United,2:2,Draw
2024-04-15T08:56:59.227Z,71,US Concarneau,Amiens SC,0:0,Draw
2024-04-15T08:56:59.227Z,71,Almere City FC,Sparta Rotterdam,2:3,Away
2024-04-15T08:56:59.227Z,71,Heracles Almelo,SC Heerenveen,0:2,Away
2024-04-15T08:56:59.227Z,71,Le Havre AC,FC Nantes,0:1,Away
2024-04-15T08:56:59.227Z,71,West Ham United,Fulham FC,0:2,Away
2024-04-15T08:56:59.227Z,71,Clermont Foot 63,Montpellier HSC,1:1,Draw
2024-04-15T08:56:59.227Z,71,FC Andorra,SD Eibar,0:2,Away
2024-04-15T08:56:59.227Z,71,Estrela Amadora,Rio Ave FC,2:2,Draw
2024-04-15T08:56:59.227Z,71,Ajax Amsterdam,FC Twente Enschede,2:1,Home
2024-04-15T08:56:59.227Z,71,Udinese Calcio,AS Roma,PD:X,Draw
2024-04-15T08:56:59.227Z,71,Burgos CF,Racing Santander,2:1,Home
2024-04-15T08:56:59.227Z,71,Real Zaragoza,Elche CF,1:1,Draw
2024-04-15T08:56:59.227Z,71,Portimonense SC,Casa Pia Lisbon,2:2,Draw
2024-04-15T08:56:59.227Z,71,Olympique Lyon,Stade Brest 29,4:3,Home
2024-04-15T08:56:59.227Z,71,Racing Club de Ferrol,SD Huesca,2:1,Home
2024-04-21T18:05:39.962Z,72,Sheffield United,Burnley FC,1:4,Away
2024-04-21T18:05:39.962Z,72,Watford FC,Hull City,0:0,Draw
2024-04-21T18:05:39.962Z,72,Pau FC,Stade Lavallois MFC,3:0,Home
2024-04-21T18:05:39.962Z,72,AC Ajaccio,SM Caen,2:1,Home
2024-04-21T18:05:39.962Z,72,Boavista Porto,Estrela Amadora,1:1,Draw
2024-04-21T18:05:39.962Z,72,Hellas Verona,Udinese Calcio,1:0,Home
2024-04-21T18:05:39.962Z,72,SD Huesca,Real Zaragoza,1:2,Away
2024-04-21T18:05:39.962Z,72,Club Leon,CF Monterrey,2:0,Home
2024-04-21T18:05:39.962Z,72,Oita Trinita,Iwaki FC,0:2,Away
2024-04-21T18:05:39.962Z,72,Gangwon FC,Incheon United FC,4:1,Home
2024-04-21T18:05:39.962Z,72,Perth Glory FC,Western United FC,3:4,Away
2024-04-21T18:05:39.962Z,72,Sassuolo Calcio,US Lecce,0:3,Away
2024-04-21T18:05:39.962Z,72,Hansa Rostock,1. FC Magdeburg,0:2,Away
2024-04-21T18:05:39.962Z,72,Cercle Brugge,Royal Antwerp FC,0:1,Away
2024-04-21T18:05:39.962Z,72,ASC Otelul Galati,FC Universitatea Cluj,1:0,Home
2024-04-21T18:05:39.962Z,72,GD Chaves,Estoril Praia,2:2,Draw
2024-04-21T18:05:39.962Z,72,Stade Brest 29,AS Monaco,0:2,Away
2024-04-28T23:49:34.653Z,73,Juventus Turin,AC Milan,0:0,Draw
2024-04-28T23:49:34.653Z,73,Everton FC,Brentford FC,1:0,Home
2024-04-28T23:49:34.653Z,73,Aston Villa,Chelsea FC,2:2,Draw
2024-04-28T23:49:34.653Z,73,Cadiz CF,RCD Mallorca,1:1,Draw
2024-04-28T23:49:34.653Z,73,RKC Waalwijk,FC Utrecht,2:2,Draw
2024-04-28T23:49:34.653Z,73,AFC Bournemouth,Brighton & Hove Albion,3:0,Home
2024-04-28T23:49:34.653Z,73,Strasbourg Alsace,OGC Nice,1:3,Away
2024-04-28T23:49:34.653Z,73,FC Lorient,Toulouse FC,1:2,Away
2024-04-28T23:49:34.653Z,73,Borussia Monchengladbach,Union Berlin,0:0,Draw
2024-04-28T23:49:34.653Z,73,Granada CF,CA Osasuna,3:0,Home
2024-04-28T23:49:34.653Z,73,Portimonense SC,Moreirense FC,0:2,Away
2024-04-28T23:49:34.653Z,73,Stade Rennes,Stade Brest 29,4:5,Away
2024-04-28T23:49:34.653Z,73,Estoril Praia,FC Famalicao,1:0,Home
2024-04-28T23:49:34.653Z,73,Olympique Lyon,AS Monaco,3:2,Home
2024-04-28T23:49:34.653Z,73,Real Betis Seville,Sevilla FC,1:1,Draw
2024-04-28T23:49:34.653Z,73,Olympique Marseille,RC Lens,2:1,Home
2024-04-28T23:49:34.653Z,73,FC Porto,Sporting Lisbon,2:2,Draw
2024-05-06T00:41:55.282Z,74,Girona FC,FC Barcelona,4:2,Home
2024-05-06T00:41:55.282Z,74,1. FC Cologne,SC Freiburg,0:0,Draw
2024-05-06T00:41:55.282Z,74,Cercle Brugge,KRC Genk,4:1,Home
2024-05-06T00:41:55.282Z,74,Cagliari Calcio,US Lecce,1:1,Draw
2024-05-06T00:41:55.282Z,74,CA Osasuna,Real Betis Seville,0:2,Away
2024-05-06T00:41:55.282Z,74,FC Basel 1893,FC Luzern,1:1,Draw
2024-05-06T00:41:55.282Z,74,Hellas Verona,ACF Fiorentina,2:1,Home
2024-05-06T00:41:55.282Z,74,Empoli FC,Frosinone Calcio,0:0,Draw
2024-05-06T00:41:55.282Z,74,Brighton & Hove Albion,Aston Villa,1:0,Home
2024-05-06T00:41:55.282Z,74,Oud-Heverlee Leuven,Standard Liege,3:1,Home
2024-05-06T00:41:55.282Z,74,RC Celta de Vigo,Villarreal CF,3:2,Home
2024-05-06T00:41:55.282Z,74,FC Zurich,Young Boys Bern,0:2,Away
2024-05-06T00:41:55.282Z,74,AZ Alkmaar,FC Twente Enschede,2:1,Home
2024-05-06T00:41:55.282Z,74,Eintracht Frankfurt,Bayer Leverkusen,1:5,Away
2024-05-06T00:41:55.282Z,74,Club Deportivo Eldense,CD Leganes,1:2,Away
2024-05-06T00:41:55.282Z,74,1. FC Heidenheim,FSV Mainz,1:1,Draw
2024-05-06T00:41:55.282Z,74,AS Roma,Juventus Turin,1:1,Draw
2024-05-12T22:18:16.637Z,75,Genoa CFC,Sassuolo Calcio,2:1,Home
2024-05-12T22:18:16.637Z,75,Hellas Verona,Torino FC,1:2,Away
2024-05-12T22:18:16.637Z,75,West Bromwich Albion,Southampton FC,0:0,Draw
2024-05-12T22:18:16.637Z,75,Broendby IF,FC Copenhagen,1:3,Away
2024-05-12T22:18:16.637Z,75,St. Truidense VV,Yellow-Red KV Mechelen,2:1,Home
2024-05-12T22:18:16.637Z,75,FC St. Gallen 1879,Servette Geneva,1:1,Draw
2024-05-12T22:18:16.637Z,75,Stroemsgodset IF,Viking FK,0:1,Away
2024-05-12T22:18:16.637Z,75,LASK,SK Sturm Graz,2:2,Draw
2024-05-12T22:18:16.637Z,75,KFUM Oslo,Fredrikstad FK,1:4,Away
2024-05-12T22:18:16.637Z,75,Sandefjord Fotball,Sarpsborg 08,4:1,Home
2024-05-12T22:18:16.637Z,75,Valencia CF,Rayo Vallecano,0:0,Draw
2024-05-12T22:18:16.637Z,75,Albacete Balompie,CD Leganes,1:0,Home
2024-05-12T22:18:16.637Z,75,FC Cartagena,Tenerife CD,2:0,Home
2024-05-12T22:18:16.637Z,75,Royal Antwerp FC,Cercle Brugge,1:2,Away
2024-05-12T22:18:16.637Z,75,Casa Pia Lisbon,Moreirense FC,0:1,Away
2024-05-12T22:18:16.637Z,75,Strasbourg Alsace,FC Metz,2:1,Home
2024-05-12T22:18:16.637Z,75,Stade Rennes,RC Lens,1:1,Draw
2024-05-19T23:54:37.915Z,76,Heracles Almelo,Fortuna Sittard,0:0,Draw
2024-05-19T23:54:37.915Z,76,Almere City FC,NEC Nijmegen,1:4,Away
2024-05-19T23:54:37.915Z,76,AC Monza,Frosinone Calcio,0:1,Away
2024-05-19T23:54:37.915Z,76,Hannover 96,Holstein Kiel,1:2,Away
2024-05-19T23:54:37.915Z,76,Hansa Rostock,SC Paderborn 07,1:2,Away
2024-05-19T23:54:37.915Z,76,AD Alcorcon,Real Valladolid,1:1,Draw
2024-05-19T23:54:37.915Z,76,Crystal Palace,Aston Villa,5:0,Home
2024-05-19T23:54:37.915Z,76,Burnley FC,Nottingham Forest,1:2,Away
2024-05-19T23:54:37.915Z,76,Brentford FC,Newcastle United,2:4,Away
2024-05-19T23:54:37.915Z,76,Luton Town,Fulham FC,2:4,Away
2024-05-19T23:54:37.915Z,76,Ekenas Idrottsforening,FC Lahti,1:1,Draw
2024-05-19T23:54:37.915Z,76,Galatasaray Istanbul,Fenerbahce Istanbul,0:1,Away
2024-05-19T23:54:37.915Z,76,RSC Anderlecht,Club Brugge,0:1,Away
2024-05-19T23:54:37.915Z,76,Real Betis Seville,Real Sociedad San Sebastian,0:2,Away
2024-05-19T23:54:37.915Z,76,Granada CF,RC Celta de Vigo,1:2,Away
2024-05-19T23:54:37.915Z,76,Valencia CF,Girona FC,1:3,Away
2024-05-19T23:54:37.915Z,76,Stade Reims,Stade Rennes,2:1,Home
2024-05-26T20:02:42.475Z,77,Gefle IF,Orebro SK,3:1,Home
2024-05-26T20:02:42.475Z,77,National Bank of Egypt SC,Ismaily SC,2:2,Draw
2024-05-26T20:02:42.475Z,77,Leeds United,Southampton FC,0:1,Away
2024-05-26T20:02:42.475Z,77,Helsingborgs IF,Landskrona BoIS,0:1,Away
2024-05-26T20:02:42.475Z,77,UD Las Palmas,Deportivo Alaves,1:1,Draw
2024-05-26T20:02:42.475Z,77,Vasteras SK,IF Brommapojkarna,1:1,Draw
2024-05-26T20:02:42.475Z,77,Odds BK,Lillestroem SK,2:1,Home
2024-05-26T20:02:42.475Z,77,Al-Wasl FC,Shabab Al Ahli Dubai,3:0,Home
2024-05-26T20:02:42.475Z,77,Atalanta BC,Torino FC,3:0,Home
2024-05-26T20:02:42.475Z,77,Trabzonspor,MKE Ankaragucu,4:2,Home
2024-05-26T20:02:42.475Z,77,Pendikspor,Gaziantep FK,0:1,Away
2024-05-26T20:02:42.475Z,77,FC Porto,Sporting Lisbon,1:1,Draw
2024-05-26T20:02:42.475Z,77,Sporting Gijon,SD Eibar,1:0,Home
2024-05-26T20:02:42.475Z,77,Albacete Balompie,CD Mirandes,2:2,Draw
2024-05-26T20:02:42.475Z,77,Racing Club de Ferrol,CD Leganes,2:2,Draw
2024-05-26T20:02:42.475Z,77,FC Cartagena,SD Huesca,0:2,Away
2024-05-26T20:02:42.475Z,77,SD Amorebieta,Espanyol Barcelona,0:0,Draw
2024-06-02T20:33:40.175Z,78,Orebro SK,IK Oddevold,2:2,Draw
2024-06-02T20:33:40.175Z,78,KRC Genk,KAA Gent,0:1,Away
2024-06-02T20:33:40.175Z,78,Kalmar FF,Vasteras SK,0:4,Away
2024-06-02T20:33:40.175Z,78,Servette Geneva,FC Lugano,0:0,Draw
2024-06-02T20:33:40.175Z,78,GIF Sundsvall,Helsingborgs IF,1:3,Away
2024-06-02T20:33:40.175Z,78,CA River Plate (URU),Racing Club Montevideo,3:3,Draw
2024-06-02T20:33:40.175Z,78,FC Fredericia,Hobro IK,0:1,Away
2024-06-02T20:33:40.175Z,78,AD Alcorcon,Burgos CF,1:1,Draw
2024-06-02T20:33:40.175Z,78,SD Huesca,Levante UD,0:0,Draw
2024-06-02T20:33:40.175Z,78,FC Andorra,Racing Club de Ferrol,1:0,Home
2024-06-02T20:33:40.175Z,78,IFK Varnamo,Mjallby AIF,1:2,Away
2024-06-02T20:33:40.175Z,78,Kristiansund BK,Sarpsborg 08,3:1,Home
2024-06-02T20:33:40.175Z,78,Tromsoe IL,Lillestroem SK,1:2,Away
2024-06-02T20:33:40.175Z,78,FF Jaro,Turun Palloseura,0:1,Away
2024-06-02T20:33:40.175Z,78,Tenerife CD,Real Valladolid,2:1,Home
2024-06-02T20:33:40.175Z,78,Rosenborg BK,Fredrikstad FK,1:1,Draw
2024-06-02T20:33:40.175Z,78,CA Platense,Boca Juniors,1:0,Home
2024-06-09T21:37:53.716Z,79,Sweden,Serbia,0:3,Away
2024-06-09T21:37:53.716Z,79,Switzerland,Austria,1:1,Draw
2024-06-09T21:37:53.716Z,79,Real Oviedo,SD Eibar,0:0,Draw
2024-06-09T21:37:53.716Z,79,Denmark,Norway,3:1,Home
2024-06-09T21:37:53.716Z,79,USA,Colombia,1:5,Away
2024-06-09T21:37:53.716Z,79,Sporting Kansas City,Seattle Sounders,2:1,Home
2024-06-09T21:37:53.716Z,79,Montedio Yamagata,Oita Trinita,0:0,Draw
2024-06-09T21:37:53.716Z,79,IFK Stocksund,Orebro Syrianska IF,4:1,Home
2024-06-09T21:37:53.716Z,79,Mjoendalen IF,Ranheim,3:3,Draw
2024-06-09T21:37:53.716Z,79,IK Start,Lyn 1896 FK,1:4,Away
2024-06-09T21:37:53.716Z,79,Sollentuna FK,Vasalunds IF,0:1,Away
2024-06-09T21:37:53.716Z,79,CD Maipu,CA Estudiantes,1:0,Home
2024-06-09T21:37:53.716Z,79,CA Guemes,San Martin de Tucuman,0:0,Draw
2024-06-09T21:37:53.716Z,79,Racing de Cordoba,San Martin de San Juan,0:0,Draw
2024-06-09T21:37:53.716Z,79,Deportivo Madryn,Colon de Santa Fe,0:0,Draw
2024-06-09T21:37:53.716Z,79,Montenegro,Georgia,1:3,Away
2024-06-09T21:37:53.716Z,79,Sporting Gijon,Espanyol Barcelona,0:1,Away
2024-06-16T23:00:51.194Z,80,Union de Santa Fe,CA San Lorenzo de Almagro,2:1,Home
2024-06-16T23:00:51.194Z,80,New England Revolution,Vancouver Whitecaps FC,3:2,Home
2024-06-16T23:00:51.194Z,80,Orlando City SC,Los Angeles FC,1:3,Away
2024-06-16T23:00:51.194Z,80,FC Dallas,Saint Louis City SC,2:0,Home
2024-06-16T23:00:51.194Z,80,San Jose Earthquakes,FC Cincinnati,2:4,Away
2024-06-16T23:00:51.194Z,80,Iwaki FC,Ventforet Kofu,1:1,Draw
2024-06-16T23:00:51.194Z,80,Mito Hollyhock,Blaublitz Akita,1:0,Home
2024-06-16T23:00:51.194Z,80,Vegalta Sendai,V-Varen Nagasaki,2:2,Draw
2024-06-16T23:00:51.194Z,80,Gamba Osaka,Kashiwa Reysol,2:1,Home
2024-06-16T23:00:51.194Z,80,Roasso Kumamoto,Fagiano Okayama,0:1,Away
2024-06-16T23:00:51.194Z,80,Jeonbuk Hyundai Motors FC,Incheon United FC,2:2,Draw
2024-06-16T23:00:51.194Z,80,Daegu FC,Jeju United FC,1:0,Home
2024-06-16T23:00:51.194Z,80,Moss FK,Bryne FK,1:0,Home
2024-06-16T23:00:51.194Z,80,Al Mokawloon Al Arab,Talaea El Gaish,3:1,Home
2024-06-16T23:00:51.194Z,80,EC Vitoria BA,SC Internacional RS,2:1,Home
2024-06-16T23:00:51.194Z,80,CA Paranaense PR,CR Flamengo RJ,1:1,Draw
2024-06-16T23:00:51.194Z,80,SC Corinthians SP,Sao Paulo FC SP,2:2,Draw
2024-06-23T20:30:21.315Z,81,Tristan Suarez,CA All Boys,1:0,Home
2024-06-23T20:30:21.315Z,81,Deportivo Madryn,Estudiantes Rio Cuarto,1:0,Home
2024-06-23T20:30:21.315Z,81,CA Brown de Adrogue,Deportivo Moron,0:0,Draw
2024-06-23T20:30:21.315Z,81,Club Almagro,Nueva Chicago,1:2,Away
2024-06-23T20:30:21.315Z,81,Racing Club Montevideo,Defensor Sporting,0:1,Away
2024-06-23T20:30:21.315Z,81,CA Temperley,Quilmes AC,1:0,Home
2024-06-23T20:30:21.315Z,81,Gremio FB Porto Alegrense RS,SC Internacional RS,0:1,Away
2024-06-23T20:30:21.315Z,81,DC United,Houston Dynamo,1:4,Away
2024-06-23T20:30:21.315Z,81,CR Vasco da Gama RJ,Sao Paulo FC SP,4:1,Home
2024-06-23T20:30:21.315Z,81,Nashville SC,New York City FC,1:0,Home
2024-06-23T20:30:21.315Z,81,Portland Timbers,Vancouver Whitecaps FC,2:0,Home
2024-06-23T20:30:21.315Z,81,Tokushima Vortis,Mito Hollyhock,1:0,Home
2024-06-23T20:30:21.315Z,81,Ostersunds FK,Utsiktens BK,1:0,Home
2024-06-23T20:30:21.315Z,81,IK Oddevold,Degerfors IF,1:1,Draw
2024-06-23T20:30:21.315Z,81,Mjoendalen IF,Egersunds IK,0:3,Away
2024-06-23T20:30:21.315Z,81,Aalesunds FK,Ranheim,1:2,Away
2024-06-23T20:30:21.315Z,81,Aasane Fotball,Moss FK,1:4,Away
2024-06-30T13:03:08.207Z,82,Switzerland,Italy,2:0,Home
2024-06-30T13:03:08.207Z,82,Zamalek SC,Ceramica Cleopatra,4:2,Home
2024-06-30T13:03:08.207Z,82,CA All Boys,CA Patronato Parana,1:0,Home
2024-06-30T13:03:08.207Z,82,Agropecuario Argentino,Racing de Cordoba,2:4,Away
2024-06-30T13:03:08.207Z,82,CA Estudiantes,CA San Miguel,1:1,Draw
2024-06-30T13:03:08.207Z,82,Botafogo FC SP,SC Recife PE,1:1,Draw
2024-06-30T13:03:08.207Z,82,CR Vasco da Gama RJ,Botafogo FR RJ,1:1,Draw
2024-06-30T13:03:08.207Z,82,Cuiaba Esporte Clube MT,Red Bull Bragantino SP,1:1,Draw
2024-06-30T13:03:08.207Z,82,CF Montreal,Philadelphia Union,4:2,Home
2024-06-30T13:03:08.207Z,82,New England Revolution,Columbus Crew,1:5,Away
2024-06-30T13:03:08.207Z,82,Canada,Chile,0:0,Draw
2024-06-30T13:03:08.207Z,82,FC Dallas,FC Cincinnati,0:1,Away
2024-06-30T13:03:08.207Z,82,San Jose Earthquakes,Los Angeles Galaxy,0:3,Away
2024-06-30T13:03:08.207Z,82,Gamba Osaka,Machida Zelvia,1:3,Away
2024-06-30T13:03:08.207Z,82,Cerezo Osaka,Nagoya Grampus,2:1,Home
2024-06-30T13:03:08.207Z,82,FC Tokyo,Avispa Fukuoka,0:1,Away
2024-06-30T13:03:08.207Z,82,Sagan Tosu,Kashiwa Reysol,1:4,Away
2024-07-07T18:20:34.571Z,83,England,Switzerland,1:1,Draw
2024-07-07T18:20:34.571Z,83,Zed FC,National Bank of Egypt SC,0:1,Away
2024-07-07T18:20:34.571Z,83,CA Brown de Adrogue,CA Talleres de Remedios,0:0,Draw
2024-07-07T18:20:34.571Z,83,Club Almagro,CA Temperley,0:0,Draw
2024-07-07T18:20:34.571Z,83,Club Atletico Atlanta,Estudiantes Rio Cuarto,1:1,Draw
2024-07-07T18:20:34.571Z,83,CF Montreal,Vancouver Whitecaps FC,1:1,Draw
2024-07-07T18:20:34.571Z,83,Philadelphia Union,New York Red Bulls,0:0,Draw
2024-07-07T18:20:34.571Z,83,Austin FC,New York City FC,2:1,Home
2024-07-07T18:20:34.571Z,83,Daejeon Citizen FC,Jeonbuk Hyundai Motors FC,2:2,Draw
2024-07-07T18:20:34.571Z,83,Gangwon FC,Gwangju FC,2:0,Home
2024-07-07T18:20:34.571Z,83,Avispa Fukuoka,Kyoto Sanga FC,1:2,Away
2024-07-07T18:20:34.571Z,83,IFK Varnamo,IFK Goteborg,2:0,Home
2024-07-07T18:20:34.571Z,83,GAIS,Hammarby IF,0:0,Draw
2024-07-07T18:20:34.571Z,83,KFUM Oslo,Viking FK,1:2,Away
2024-07-07T18:20:34.571Z,83,FK Haugesund,Sarpsborg 08,1:2,Away
2024-07-07T18:20:34.571Z,83,IFK Mariehamn,FC Haka Valkeakoski,0:3,Away
2024-07-07T18:20:34.571Z,83,CA Progreso,Racing Club Montevideo,3:2,Home
2024-07-17T08:55:20.458Z,84,Suwon FC,Daegu FC,2:2,Draw
2024-07-17T08:55:20.458Z,84,Yokohama F Marinos,Kashima Antlers,4:1,Home
2024-07-17T08:55:20.458Z,84,IF Gnistan,IFK Mariehamn,PD:X,Draw
2024-07-17T08:55:20.458Z,84,CA Cerro,Cerro Largo FC,0:1,Away
2024-07-17T08:55:20.458Z,84,Kalmar FF,IF Brommapojkarna,0:1,Away
2024-07-17T08:55:20.458Z,84,FF Jaro,FC KTP Kotka,5:2,Home
2024-07-17T08:55:20.458Z,84,Arsenal de Sarandi,Ferro Carril Oeste,0:0,Draw
2024-07-17T08:55:20.458Z,84,FC Lahti,AC Oulu,1:2,Away
2024-07-17T08:55:20.458Z,84,CA Fenix Montevideo,Defensor Sporting,1:2,Away
2024-07-17T08:55:20.458Z,84,Nueva Chicago,San Telmo,0:3,Away
2024-07-17T08:55:20.458Z,84,CA Aldosivi,Club Atletico Atlanta,2:1,Home
2024-07-17T08:55:20.458Z,84,Guillermo Brown,Gimnasia Jujuy,0:0,Draw
2024-07-17T08:55:20.458Z,84,Alianza Atletico,Atletico Grau,0:0,Draw
2024-07-17T08:55:20.458Z,84,Gimnasia Y Tiro de Salta,Deportivo Madryn,0:0,Draw
2024-07-17T08:55:20.458Z,84,Spain,England,2:1,Home
2024-07-17T08:55:20.458Z,84,CA Patronato Parana,Colon de Santa Fe,1:0,Home
2024-07-17T08:55:20.458Z,84,Agropecuario Argentino,CA Guemes,3:1,Home
2024-07-21T23:30:14.289Z,85,Incheon United FC,Suwon FC,1:4,Away
2024-07-21T23:30:14.289Z,85,Daegu FC,Gwangju FC,0:1,Away
2024-07-21T23:30:14.289Z,85,Ostersunds FK,Degerfors IF,2:1,Home
2024-07-21T23:30:14.289Z,85,GKS Tychy,Miedz Legnica,2:2,Draw
2024-07-21T23:30:14.289Z,85,MKS Cracovia Krakow,GKS Piast Gliwice,1:1,Draw
2024-07-21T23:30:14.289Z,85,Vejle BK,Randers FC,2:3,Away
2024-07-21T23:30:14.289Z,85,Lausanne-Sport,FC Basel 1893,3:2,Home
2024-07-21T23:30:14.289Z,85,FC Luzern,Servette Geneva,1:2,Away
2024-07-21T23:30:14.289Z,85,Hamarkameratene,Fredrikstad FK,0:1,Away
2024-07-21T23:30:14.289Z,85,CD Palestino,CD Everton Vina del Mar,1:4,Away
2024-07-21T23:30:14.289Z,85,CA Defensores Unidos,Gimnasia Y Tiro de Salta,0:1,Away
2024-07-21T23:30:14.289Z,85,Enppi Club,Zed FC,1:4,Away
2024-07-21T23:30:14.289Z,85,Deportivo Madryn,Gimnasia y Esgrima Mendoza,0:2,Away
2024-07-21T23:30:14.289Z,85,Guarani FC SP,Goias EC GO,2:3,Away
2024-07-21T23:30:14.289Z,85,Oakland Roots SC,Sacramento Republic FC,2:5,Away
2024-07-21T23:30:14.289Z,85,CA Central Cordoba SE,CA Platense,0:2,Away
2024-07-21T23:30:14.289Z,85,CA Talleres de Remedios,CA Chacarita Juniors,2:1,Home
2024-07-28T21:42:19.612Z,86,FC Sion,Lausanne-Sport,4:0,Home
2024-07-28T21:42:19.612Z,86,FK Zeleziarne Podbrezova,MSK Zilina,0:0,Draw
2024-07-28T21:42:19.612Z,86,K Beerschot VA,Oud-Heverlee Leuven,0:0,Draw
2024-07-28T21:42:19.612Z,86,CA Brown de Adrogue,CA Chaco For Ever,0:0,Draw
2024-07-28T21:42:19.612Z,86,NK Domzale,Mura Murska Sobota,1:2,Away
2024-07-28T21:42:19.612Z,86,FC Basel 1893,FC Lugano,1:2,Away
2024-07-28T21:42:19.612Z,86,Detroit City FC,Sacramento Republic FC,0:1,Away
2024-07-28T21:42:19.612Z,86,CA Aldosivi,Colon de Santa Fe,1:0,Home
2024-07-28T21:42:19.612Z,86,St Albans Saints,Dandenong Thunder,1:0,Home
2024-07-28T21:42:19.612Z,86,Canberra Croatia FC,Gungahlin United FC,2:3,Away
2024-07-28T21:42:19.612Z,86,GIF Sundsvall,Trelleborgs FF,2:1,Home
2024-07-28T21:42:19.612Z,86,Henan,Shandong Taishan FC,1:0,Home
2024-07-28T21:42:19.612Z,86,Aalborg BK,Silkeborg IF,2:1,Home
2024-07-28T21:42:19.612Z,86,IF Elfsborg,Djurgardens IF,1:2,Away
2024-07-28T21:42:19.612Z,86,Odds BK,Stroemsgodset IF,2:0,Home
2024-07-28T21:42:19.612Z,86,Viking FK,Molde FK,1:0,Home
2024-07-28T21:42:19.612Z,86,Guarani FC SP,Brusque FC SC,1:0,Home
2024-08-04T18:38:27.217Z,87,Royal Antwerp FC,RSC Anderlecht,1:2,Away
2024-08-04T18:38:27.217Z,87,SV Darmstadt 98,Fortuna Dusseldorf,0:2,Away
2024-08-04T18:38:27.217Z,87,SSV Ulm 1846,1 FC Kaiserslautern,1:2,Away
2024-08-04T18:38:27.217Z,87,Silkeborg IF,Viborg FF,3:2,Home
2024-08-04T18:38:27.217Z,87,Esbjerg FB,AC Horsens,0:1,Away
2024-08-04T18:38:27.217Z,87,IFK Varnamo,IK Sirius,2:4,Away
2024-08-04T18:38:27.217Z,87,Lausanne-Sport,FC St. Gallen 1879,3:4,Away
2024-08-04T18:38:27.217Z,87,FC Vaduz,FC Wil 1900,3:2,Home
2024-08-04T18:38:27.217Z,87,Dundee United,Dundee FC,2:2,Draw
2024-08-04T18:38:27.217Z,87,LKP Motor Lublin,Korona Kielce,1:1,Draw
2024-08-04T18:38:27.217Z,87,St Mirren FC,Hibernian FC,3:0,Home
2024-08-04T18:38:27.217Z,87,Kalmar FF,Hammarby IF,1:4,Away
2024-08-04T18:38:27.217Z,87,Blau-Weiss Linz,FK Austria Wien,1:0,Home
2024-08-04T18:38:27.217Z,87,SK Rapid,SK Sturm Graz,1:0,Home
2024-08-04T18:38:27.217Z,87,Kristiansund BK,Lillestroem SK,2:1,Home
2024-08-04T18:38:27.217Z,87,Hamarkameratene,Viking FK,3:3,Draw
2024-08-04T18:38:27.217Z,87,Kuopion Palloseura,Seinajoen JK,2:1,Home
2024-08-11T20:33:19.756Z,88,Oita Trinita,Roasso Kumamoto,2:1,Home
2024-08-11T20:33:19.756Z,88,Montedio Yamagata,Tokushima Vortis,1:0,Home
2024-08-11T20:33:19.756Z,88,IK Oddevold,Sandvikens IF,2:2,Draw
2024-08-11T20:33:19.756Z,88,SC Preussen 06 Munster,Hannover 96,0:0,Draw
2024-08-11T20:33:19.756Z,88,Eintracht Braunschweig,1. FC Magdeburg,1:3,Away
2024-08-11T20:33:19.756Z,88,FC Schaffhausen,FC Vaduz,1:1,Draw
2024-08-11T20:33:19.756Z,88,Odra Opole,Wisla Plock,1:2,Away
2024-08-11T20:33:19.756Z,88,KS Lechia Gdansk,Zaglebie Lubin,1:1,Draw
2024-08-11T20:33:19.756Z,88,Estoril Praia,Santa Clara Azores,1:4,Away
2024-08-11T20:33:19.756Z,88,De Graafschap,FC Volendam,4:3,Home
2024-08-11T20:33:19.756Z,88,Odds BK,Sarpsborg 08,1:1,Draw
2024-08-11T20:33:19.756Z,88,FK Austria Wien,Wolfsberger AC,3:1,Home
2024-08-11T20:33:19.756Z,88,KFUM Oslo,Rosenborg BK,1:0,Home
2024-08-11T20:33:19.756Z,88,Kongsvinger IL Toppfotball,Lyn 1896 FK,1:1,Draw
2024-08-11T20:33:19.756Z,88,Royal Charleroi SC,KAA Gent,1:0,Home
2024-08-11T20:33:19.756Z,88,SC Farense,Moreirense FC,1:2,Away
2024-08-11T20:33:19.756Z,88,Lillestroem SK,Molde FK,1:2,Away
2024-08-18T18:30:00.506Z,89,Nottingham Forest,AFC Bournemouth,1:1,Draw
2024-08-18T18:30:00.506Z,89,Everton FC,Brighton & Hove Albion,0:3,Away
2024-08-18T18:30:00.506Z,89,Racing Club de Ferrol,Malaga CF,2:2,Draw
2024-08-18T18:30:00.506Z,89,West Ham United,Aston Villa,1:2,Away
2024-08-18T18:30:00.506Z,89,RC Deportivo La Coruna,Real Oviedo,0:1,Away
2024-08-18T18:30:00.506Z,89,Pisa SC,Spezia Calcio,2:2,Draw
2024-08-18T18:30:00.506Z,89,Empoli FC,AC Monza,0:0,Draw
2024-08-18T18:30:00.506Z,89,FC Pacos Ferreira,Maritimo Madeira,1:2,Away
2024-08-18T18:30:00.506Z,89,Sunderland AFC,Sheffield Wednesday,4:0,Home
2024-08-18T18:30:00.506Z,89,Brentford FC,Crystal Palace,2:1,Home
2024-08-18T18:30:00.506Z,89,AJ Auxerre,OGC Nice,2:1,Home
2024-08-18T18:30:00.506Z,89,CD Feirense,Academico de Viseu FC,2:2,Draw
2024-08-18T18:30:00.506Z,89,Oud-Heverlee Leuven,Cercle Brugge,1:1,Draw
2024-08-18T18:30:00.506Z,89,Moreirense FC,FC Arouca,3:1,Home
2024-08-18T18:30:00.506Z,89,Montpellier HSC,Strasbourg Alsace,1:1,Draw
2024-08-18T18:30:00.506Z,89,Toulouse FC,FC Nantes,0:0,Draw
2024-08-18T18:30:00.506Z,89,Racing Santander,UD Almeria,2:2,Draw
2024-08-25T20:30:56.343Z,90,Crystal Palace,West Ham United,0:2,Away
2024-08-25T20:30:56.343Z,90,Southampton FC,Nottingham Forest,0:1,Away
2024-08-25T20:30:56.343Z,90,CA Osasuna,RCD Mallorca,1:0,Home
2024-08-25T20:30:56.343Z,90,Olympique Lyon,AS Monaco,0:2,Away
2024-08-25T20:30:56.343Z,90,Udinese Calcio,Lazio Rome,2:1,Home
2024-08-25T20:30:56.343Z,90,AC Monza,Genoa CFC,0:1,Away
2024-08-25T20:30:56.343Z,90,Getafe CF,Rayo Vallecano,0:0,Draw
2024-08-25T20:30:56.343Z,90,Espanyol Barcelona,Real Sociedad San Sebastian,0:1,Away
2024-08-25T20:30:56.343Z,90,AFC Bournemouth,Newcastle United,1:1,Draw
2024-08-25T20:30:56.343Z,90,Strasbourg Alsace,Stade Rennes,3:1,Home
2024-08-25T20:30:56.343Z,90,FC Nantes,AJ Auxerre,2:0,Home
2024-08-25T20:30:56.343Z,90,FC St. Pauli,1. FC Heidenheim,0:2,Away
2024-08-25T20:30:56.343Z,90,Torino FC,Atalanta BC,2:1,Home
2024-08-25T20:30:56.343Z,90,CD Leganes,UD Las Palmas,2:1,Home
2024-08-25T20:30:56.343Z,90,Estoril Praia,Gil Vicente Barcelos,0:0,Draw
2024-08-25T20:30:56.343Z,90,Albacete Balompie,Elche CF,1:0,Home
2024-08-25T20:30:56.343Z,90,Deportivo Alaves,Real Betis Seville,0:0,Draw
2024-09-01T20:46:53.378Z,91,Athletic Bilbao,Atletico Madrid,0:1,Away
2024-09-01T20:46:53.378Z,91,Espanyol Barcelona,Rayo Vallecano,2:1,Home
2024-09-01T20:46:53.378Z,91,Lazio Rome,AC Milan,2:2,Draw
2024-09-01T20:46:53.378Z,91,Valencia CF,Villarreal CF,1:1,Draw
2024-09-01T20:46:53.378Z,91,Newcastle United,Tottenham Hotspur,2:1,Home
2024-09-01T20:46:53.378Z,91,1. FC Heidenheim,FC Augsburg,4:0,Home
2024-09-01T20:46:53.378Z,91,KAA Gent,Royal Antwerp FC,1:1,Draw
2024-09-01T20:46:53.378Z,91,IFK Goteborg,Hammarby IF,0:1,Away
2024-09-01T20:46:53.378Z,91,Nacional da Madeir,SC Farense,2:0,Home
2024-09-01T20:46:53.378Z,91,Le Havre AC,AJ Auxerre,3:1,Home
2024-09-01T20:46:53.378Z,91,Stade Reims,Stade Rennes,2:1,Home
2024-09-01T20:46:53.378Z,91,CA Osasuna,RC Celta de Vigo,3:2,Home
2024-09-01T20:46:53.378Z,91,SCR Altach,FK Austria Wien,1:1,Draw
2024-09-01T20:46:53.378Z,91,Eyupspor,Trabzonspor,0:0,Draw
2024-09-01T20:46:53.378Z,91,Sevilla FC,Girona FC,0:2,Away
2024-09-01T20:46:53.378Z,91,Rio Ave FC,FC Arouca,1:0,Home
2024-09-01T20:46:53.378Z,91,Getafe CF,Real Sociedad San Sebastian,0:0,Draw
2024-09-08T19:36:05.527Z,92,Georgia,Czechia,4:1,Home
2024-09-08T19:36:05.527Z,92,SD Huesca,Burgos CF,0:1,Away
2024-09-08T19:36:05.527Z,92,Sporting Gijon,Real Oviedo,3:1,Home
2024-09-08T19:36:05.527Z,92,Aldershot Town FC,Rochdale AFC,0:2,Away
2024-09-08T19:36:05.527Z,92,Avai FC SC,SC Recife PE,0:2,Away
2024-09-08T19:36:05.527Z,92,Hartford Athletic,Indy Eleven,0:0,Draw
2024-09-08T19:36:05.527Z,92,Pittsburgh Riverhounds,Rhode Island FC,2:0,Home
2024-09-08T19:36:05.527Z,92,Boca Juniors,CA Talleres de Cordoba,1:1,Draw
2024-09-08T19:36:05.527Z,92,New England Revolution,Saint Louis City SC,2:2,Draw
2024-09-08T19:36:05.527Z,92,Houston Dynamo,Los Angeles FC,0:0,Draw
2024-09-08T19:36:05.527Z,92,Colorado Springs Switchbacks FC,Tampa Bay Rowdies,4:2,Home
2024-09-08T19:36:05.527Z,92,El Paso Locomotive FC,Detroit City FC,0:0,Draw
2024-09-08T19:36:05.527Z,92,Monterey Bay FC,San Antonio FC,0:1,Away
2024-09-08T19:36:05.527Z,92,FC Cartagena,Levante UD,0:1,Away
2024-09-08T19:36:05.527Z,92,Bulgaria,Northern Ireland,1:0,Home
2024-09-08T19:36:05.527Z,92,Club Deportivo Eldense,UD Almeria,1:0,Home
2024-09-08T19:36:05.527Z,92,Real Zaragoza,Elche CF,3:0,Home
2024-09-16T14:08:48.267Z,93,Fulham FC,West Ham United,1:1,Draw
2024-09-16T14:08:48.267Z,93,Espanyol Barcelona,Deportivo Alaves,3:2,Home
2024-09-16T14:08:48.267Z,93,Sevilla FC,Getafe CF,1:0,Home
2024-09-16T14:08:48.267Z,93,Genoa CFC,AS Roma,1:1,Draw
2024-09-16T14:08:48.267Z,93,Royal Antwerp FC,Union Saint-Gilloise,2:0,Home
2024-09-16T14:08:48.267Z,93,CD Mirandes,Albacete Balompie,2:0,Home
2024-09-16T14:08:48.267Z,93,Odds BK,Tromsoe IL,1:0,Home
2024-09-16T14:08:48.267Z,93,Tottenham Hotspur,Arsenal FC,0:1,Away
2024-09-16T14:08:48.267Z,93,St. Truidense VV,Oud-Heverlee Leuven,2:1,Home
2024-09-16T14:08:48.267Z,93,Kayserispor,Eyupspor,2:2,Draw
2024-09-16T14:08:48.267Z,93,Kalmar FF,IFK Varnamo,3:1,Home
2024-09-16T14:08:48.267Z,93,FC Nantes,Stade Reims,1:2,Away
2024-09-16T14:08:48.267Z,93,FK Haugesund,Stroemsgodset IF,0:0,Draw
2024-09-16T14:08:48.267Z,93,FK Austria Wien,SK Sturm Graz,PD:2,Away
2024-09-16T14:08:48.267Z,93,Wolverhampton Wanderers,Newcastle United,1:2,Away
2024-09-16T14:08:48.267Z,93,Burgos CF,Real Zaragoza,1:0,Home
2024-09-16T14:08:48.267Z,93,Lillestroem SK,Rosenborg BK,1:1,Draw
2024-09-22T18:54:11.929Z,94,Juventus Turin,SSC Napoli,0:0,Draw
2024-09-22T18:54:11.929Z,94,Crystal Palace,Manchester United,0:0,Draw
2024-09-22T18:54:11.929Z,94,US Lecce,Parma Calcio,2:2,Draw
2024-09-22T18:54:11.929Z,94,ACF Fiorentina,Lazio Rome,2:1,Home
2024-09-22T18:54:11.929Z,94,Preston North End,Blackburn Rovers,0:0,Draw
2024-09-22T18:54:11.929Z,94,1. FC Magdeburg,Karlsruher SC,2:2,Draw
2024-09-22T18:54:11.929Z,94,Getafe CF,CD Leganes,1:1,Draw
2024-09-22T18:54:11.929Z,94,Tenerife CD,Sporting Gijon,1:1,Draw
2024-09-22T18:54:11.929Z,94,AC Monza,Bologna FC,1:2,Away
2024-09-22T18:54:11.929Z,94,Frosinone Calcio,SSC Bari,0:3,Away
2024-09-22T18:54:11.929Z,94,Yellow-Red KV Mechelen,Cercle Brugge,2:0,Home
2024-09-22T18:54:11.929Z,94,Caykur Rizespor,Samsunspor,0:1,Away
2024-09-22T18:54:11.929Z,94,FC Cartagena,Cadiz CF,1:2,Away
2024-09-22T18:54:11.929Z,94,Angers SCO,FC Nantes,1:1,Draw
2024-09-22T18:54:11.929Z,94,Stade Brest 29,Toulouse FC,2:0,Home
2024-09-22T18:54:11.929Z,94,Montpellier HSC,AJ Auxerre,3:2,Home
2024-09-22T18:54:11.929Z,94,VfB Stuttgart,Borussia Dortmund,5:1,Home
2024-09-29T22:41:03.512Z,95,Standard Liege,KVC Westerlo,1:2,Away
2024-09-29T22:41:03.512Z,95,Sporting Gijon,Real Zaragoza,1:0,Home
2024-09-29T22:41:03.512Z,95,Malaga CF,Elche CF,0:3,Away
2024-09-29T22:41:03.512Z,95,Torino FC,Lazio Rome,2:3,Away
2024-09-29T22:41:03.512Z,95,Levante UD,UD Almeria,4:2,Home
2024-09-29T22:41:03.512Z,95,Como 1907,Hellas Verona,3:2,Home
2024-09-29T22:41:03.512Z,95,Modena FC,Sampdoria Genoa,1:3,Away
2024-09-29T22:41:03.512Z,95,Toulouse FC,Olympique Lyon,1:2,Away
2024-09-29T22:41:03.512Z,95,Swansea City,Bristol City,1:1,Draw
2024-09-29T22:41:03.512Z,95,FC Luzern,FC Basel 1893,1:0,Home
2024-09-29T22:41:03.512Z,95,Angers SCO,Stade Reims,1:3,Away
2024-09-29T22:41:03.512Z,95,Lillestroem SK,Viking FK,1:4,Away
2024-09-29T22:41:03.512Z,95,Manchester United,Tottenham Hotspur,0:3,Away
2024-09-29T22:41:03.512Z,95,TSG Hoffenheim,Werder Bremen,3:4,Away
2024-09-29T22:41:03.512Z,95,Empoli FC,ACF Fiorentina,0:0,Draw
2024-09-29T22:41:03.512Z,95,Sandefjord Fotball,Rosenborg BK,0:1,Away
2024-09-29T22:41:03.512Z,95,Atletico Madrid,Real Madrid,1:1,Draw
2024-10-06T22:22:23.256Z,96,Everton FC,Newcastle United,0:0,Draw
2024-10-06T22:22:23.256Z,96,FC Arouca,Avs Futebol Sad,1:1,Draw
2024-10-06T22:22:23.256Z,96,Stade Rennes,AS Monaco,1:2,Away
2024-10-06T22:22:23.256Z,96,Fortuna Dusseldorf,Hamburger SV,0:3,Away
2024-10-06T22:22:23.256Z,96,Girona FC,Athletic Bilbao,2:1,Home
2024-10-06T22:22:23.256Z,96,Aston Villa,Manchester United,0:0,Draw
2024-10-06T22:22:23.256Z,96,Viborg FF,AGF Aarhus,1:1,Draw
2024-10-06T22:22:23.256Z,96,Club Deportivo Eldense,CD Castellon,2:3,Away
2024-10-06T22:22:23.256Z,96,SC Farense,Estoril Praia,1:0,Home
2024-10-06T22:22:23.256Z,96,FC Basel 1893,Young Boys Bern,1:0,Home
2024-10-06T22:22:23.256Z,96,SK Sturm Graz,FC Salzburg,5:0,Home
2024-10-06T22:22:23.256Z,96,Strasbourg Alsace,RC Lens,2:2,Draw
2024-10-06T22:22:23.256Z,96,Brighton & Hove Albion,Tottenham Hotspur,3:2,Home
2024-10-06T22:22:23.256Z,96,Broendby IF,FC Midtjylland,2:0,Home
2024-10-06T22:22:23.256Z,96,Sevilla FC,Real Betis Seville,1:0,Home
2024-10-06T22:22:23.256Z,96,ACF Fiorentina,AC Milan,2:1,Home
2024-10-06T22:22:23.256Z,96,Real Sociedad San Sebastian,Atletico Madrid,1:1,Draw
2024-10-13T21:29:22.325Z,97,Longford Town FC,Cobh Ramblers,2:0,Home
2024-10-13T21:29:22.325Z,97,Serbia,Switzerland,2:0,Home
2024-10-13T21:29:22.325Z,97,CD La Equidad,CD Junior FC,1:0,Home
2024-10-13T21:29:22.325Z,97,CA Talleres de Remedios,Gimnasia Y Esgrima De Jujuy,0:1,Away
2024-10-13T21:29:22.325Z,97,AD Union Adarve,CD Guadalajara,0:1,Away
2024-10-13T21:29:22.325Z,97,San Sebastian Reyes,CF Talavera de La Reina,3:1,Home
2024-10-13T21:29:22.325Z,97,CD Arenteiro,Gimnastic de Tarragona,4:0,Home
2024-10-13T21:29:22.325Z,97,RC Recreativo de Huelva,Real Murcia CF,0:1,Away
2024-10-13T21:29:22.325Z,97,FC Alania Vladikavkaz,FC Baltika Kaliningrad,0:2,Away
2024-10-13T21:29:22.325Z,97,Espanyol Barcelona B,CE Europa,1:1,Draw
2024-10-13T21:29:22.325Z,97,CD Coria,CDA Navalcarnero,1:2,Away
2024-10-13T21:29:22.325Z,97,UE Sant Andreu,CE Sabadell FC,2:1,Home
2024-10-13T21:29:22.325Z,97,Malta,Moldova,1:0,Home
2024-10-13T21:29:22.325Z,97,Miramar Misiones,Racing Club Montevideo,2:2,Draw
2024-10-13T21:29:22.325Z,97,CF Fuenlabrada,CD Alcoyano,0:2,Away
2024-10-13T21:29:22.325Z,97,Canuelas FC,Deportivo Merlo,0:2,Away
2024-10-13T21:29:22.325Z,97,Faroe Islands,Latvia,1:1,Draw
2024-10-21T13:45:38.564Z,98,1 FC Kaiserslautern,SC Paderborn 07,3:0,Home
2024-10-21T13:45:38.564Z,98,Sligo Rovers FC,Bohemians Dublin FC,0:2,Away
2024-10-21T13:45:38.564Z,98,CD Mirandes,SD Eibar,1:0,Home
2024-10-21T13:45:38.564Z,98,Willem II Tilburg,Fortuna Sittard,0:0,Draw
2024-10-21T13:45:38.564Z,98,Hammarby IF,Djurgardens IF,2:0,Home
2024-10-21T13:45:38.564Z,98,FC Groningen,FC Utrecht,0:1,Away
2024-10-21T13:45:38.564Z,98,Reggiana 1919,Frosinone Calcio,2:0,Home
2024-10-21T13:45:38.564Z,98,US Lecce,ACF Fiorentina,0:6,Away
2024-10-21T13:45:38.564Z,98,Holstein Kiel,Union Berlin,0:2,Away
2024-10-21T13:45:38.564Z,98,Oud-Heverlee Leuven,Royal Antwerp FC,1:1,Draw
2024-10-21T13:45:38.564Z,98,Hull City,Sunderland AFC,0:1,Away
2024-10-21T13:45:38.564Z,98,Racing Club de Ferrol,SD Huesca,0:0,Draw
2024-10-21T13:45:38.564Z,98,FC Nantes,OGC Nice,1:1,Draw
2024-10-21T13:45:38.564Z,98,AJ Auxerre,Stade Reims,2:1,Home
2024-10-21T13:45:38.564Z,98,Kristiansund BK,Stroemsgodset IF,0:0,Draw
2024-10-21T13:45:38.564Z,98,Cagliari Calcio,Torino FC,3:2,Home
2024-10-21T13:45:38.564Z,98,Standard Liege,Royal Charleroi SC,2:1,Home
2024-10-27T22:28:48.052Z,99,Everton FC,Fulham FC,1:1,Draw
2024-10-27T22:28:48.052Z,99,Stade Reims,Stade Brest 29,1:2,Away
2024-10-27T22:28:48.052Z,99,RC Lens,Lille OSC,0:2,Away
2024-10-27T22:28:48.052Z,99,Parma Calcio,Empoli FC,1:1,Draw
2024-10-27T22:28:48.052Z,99,CD Leganes,RC Celta de Vigo,3:0,Home
2024-10-27T22:28:48.052Z,99,West Ham United,Manchester United,2:1,Home
2024-10-27T22:28:48.052Z,99,AC Monza,Venezia FC,2:2,Draw
2024-10-27T22:28:48.052Z,99,Norwich City,Middlesbrough FC,3:3,Draw
2024-10-27T22:28:48.052Z,99,Getafe CF,Valencia CF,1:1,Draw
2024-10-27T22:28:48.052Z,99,RC Deportivo La Coruna,Racing Santander,1:2,Away
2024-10-27T22:28:48.052Z,99,Montpellier HSC,Toulouse FC,0:3,Away
2024-10-27T22:28:48.052Z,99,OGC Nice,AS Monaco,2:1,Home
2024-10-27T22:28:48.052Z,99,Arsenal FC,Liverpool FC,2:2,Draw
2024-10-27T22:28:48.052Z,99,Union Berlin,Eintracht Frankfurt,1:1,Draw
2024-10-27T22:28:48.052Z,99,Real Betis Seville,Atletico Madrid,1:0,Home
2024-10-27T22:28:48.052Z,99,1. FC Heidenheim,TSG Hoffenheim,0:0,Draw
2024-10-27T22:28:48.052Z,99,ACF Fiorentina,AS Roma,5:1,Home
2024-11-03T22:26:21.376Z,100,Borussia Dortmund,RB Leipzig,2:1,Home
2024-11-03T22:26:21.376Z,100,Wolverhampton Wanderers,Crystal Palace,2:2,Draw
2024-11-03T22:26:21.376Z,100,Stade Brest 29,OGC Nice,0:1,Away
2024-11-03T22:26:21.376Z,100,IF Brommapojkarna,IFK Varnamo,0:1,Away
2024-11-03T22:26:21.376Z,100,BB Bodrumspor,Alanyaspor,0:0,Draw
2024-11-03T22:26:21.376Z,100,FC Midtjylland,Broendby IF,1:5,Away
2024-11-03T22:26:21.376Z,100,Sparta Rotterdam,FC Utrecht,1:4,Away
2024-11-03T22:26:21.376Z,100,WSG Tirol,SCR Altach,1:0,Home
2024-11-03T22:26:21.376Z,100,Torino FC,ACF Fiorentina,0:1,Away
2024-11-03T22:26:21.376Z,100,Orebro SK,Helsingborgs IF,2:1,Home
2024-11-03T22:26:21.376Z,100,Millwall FC,Burnley FC,1:0,Home
2024-11-03T22:26:21.376Z,100,Cercle Brugge,Royal Charleroi SC,2:0,Home
2024-11-03T22:26:21.376Z,100,IK Sirius,Mjallby AIF,1:1,Draw
2024-11-03T22:26:21.376Z,100,Helmond Sport,Excelsior Rotterdam,0:1,Away
2024-11-03T22:26:21.376Z,100,RKC Waalwijk,Almere City FC,2:0,Home
2024-11-03T22:26:21.376Z,100,Manchester United,Chelsea FC,1:1,Draw
2024-11-03T22:26:21.376Z,100,Sevilla FC,Real Sociedad San Sebastian,0:2,Away
2024-11-11T09:35:01.504Z,101,Crystal Palace,Fulham FC,0:2,Away
2024-11-11T09:35:01.504Z,101,FC Groningen,Sparta Rotterdam,1:0,Home
2024-11-11T09:35:01.504Z,101,Espanyol Barcelona,Valencia CF,PD:X,Draw
2024-11-11T09:35:01.504Z,101,Cercle Brugge,RSC Anderlecht,0:5,Away
2024-11-11T09:35:01.504Z,101,FC Twente Enschede,Ajax Amsterdam,2:2,Draw
2024-11-11T09:35:01.504Z,101,OGC Nice,Lille OSC,2:2,Draw
2024-11-11T09:35:01.504Z,101,Nottingham Forest,Newcastle United,1:3,Away
2024-11-11T09:35:01.504Z,101,AS Roma,Bologna FC,2:3,Away
2024-11-11T09:35:01.504Z,101,FC Augsburg,TSG Hoffenheim,0:0,Draw
2024-11-11T09:35:01.504Z,101,RCD Mallorca,Atletico Madrid,0:1,Away
2024-11-11T09:35:01.504Z,101,Estrela Amadora,Nacional da Madeir,2:0,Home
2024-11-11T09:35:01.504Z,101,Le Havre AC,Stade Reims,0:3,Away
2024-11-11T09:35:01.504Z,101,Stade Rennes,Toulouse FC,0:2,Away
2024-11-11T09:35:01.504Z,101,Montpellier HSC,Stade Brest 29,3:1,Home
2024-11-11T09:35:01.504Z,101,Chelsea FC,Arsenal FC,1:1,Draw
2024-11-11T09:35:01.504Z,101,Santa Clara Azores,Vitoria SC Guimaraes,1:0,Home
2024-11-11T09:35:01.504Z,101,Getafe CF,Girona FC,0:1,Away
2024-11-17T22:09:32.229Z,103,Crewe Alexandra,Notts County,2:0,Home
2024-11-17T22:09:32.229Z,103,Stockport County FC,Wrexham AFC,1:0,Home
2024-11-17T22:09:32.229Z,103,CF Algeciras,Real Murcia CF,1:1,Draw
2024-11-17T22:09:32.229Z,103,Montenegro,Iceland,0:2,Away
2024-11-17T22:09:32.229Z,103,Georgia,Ukraine,1:1,Draw
2024-11-17T22:09:32.229Z,103,Forest Green Rovers,York City FC,2:0,Home
2024-11-17T22:09:32.229Z,103,Larne FC,Linfield FC,0:1,Away
2024-11-17T22:09:32.229Z,103,Unionistas de Salamanca CF,Zamora CF,1:1,Draw
2024-11-17T22:09:32.229Z,103,Guinea,DR Congo,1:0,Home
2024-11-17T22:09:32.229Z,103,Albania,Czechia,0:0,Draw
2024-11-17T22:09:32.229Z,103,SD Amorebieta,FC Barcelona Atletic,2:1,Home
2024-11-17T22:09:32.229Z,103,CF Intercity,CF Fuenlabrada,1:3,Away
2024-11-17T22:09:32.229Z,103,FC Eindhoven,MVV Maastricht,1:1,Draw
2024-11-17T22:09:32.229Z,103,FC Cartagena,SD Huesca,1:0,Home
2024-11-17T22:09:32.229Z,103,Lyn 1896 FK,Kongsvinger IL Toppfotball,1:1,Draw
2024-11-17T22:09:32.229Z,103,CD Lugo,CD Arenteiro,1:1,Draw
2024-11-17T22:09:32.229Z,103,Italy,France,1:3,Away
2024-11-24T20:01:52.968Z,104,Everton FC,Brentford FC,0:0,Draw
2024-11-24T20:01:52.968Z,104,AFC Bournemouth,Brighton & Hove Albion,1:2,Away
2024-11-24T20:01:52.968Z,104,RC Lens,Olympique Marseille,1:3,Away
2024-11-24T20:01:52.968Z,104,AC Milan,Juventus Turin,0:0,Draw
2024-11-24T20:01:52.968Z,104,UD Las Palmas,RCD Mallorca,2:3,Away
2024-11-24T20:01:52.968Z,104,AS Saint-Etienne,Montpellier HSC,1:0,Home
2024-11-24T20:01:52.968Z,104,Zamalek SC,Al Masry Club,0:1,Away
2024-11-24T20:01:52.968Z,104,Stade Reims,Olympique Lyon,1:1,Draw
2024-11-24T20:01:52.968Z,104,Sivasspor,Kasimpasa Istanbul,0:0,Draw
2024-11-24T20:01:52.968Z,104,NEC Nijmegen,FC Utrecht,1:2,Away
2024-11-24T20:01:52.968Z,104,Genoa CFC,Cagliari Calcio,2:2,Draw
2024-11-24T20:01:52.968Z,104,CA Osasuna,Villarreal CF,2:2,Draw
2024-11-24T20:01:52.968Z,104,Como 1907,ACF Fiorentina,0:2,Away
2024-11-24T20:01:52.968Z,104,Holstein Kiel,FSV Mainz,0:3,Away
2024-11-24T20:01:52.968Z,104,Sevilla FC,Rayo Vallecano,1:0,Home
2024-11-24T20:01:52.968Z,104,Palermo FC,Sampdoria Genoa,1:1,Draw
2024-11-24T20:01:52.968Z,104,SD Huesca,CD Castellon,1:1,Draw
2024-12-01T22:22:47.461Z,105,Wolverhampton Wanderers,AFC Bournemouth,2:4,Away
2024-12-01T22:22:47.461Z,105,Crystal Palace,Newcastle United,1:1,Draw
2024-12-01T22:22:47.461Z,105,Espanyol Barcelona,RC Celta de Vigo,3:1,Home
2024-12-01T22:22:47.461Z,105,Stade Brest 29,Strasbourg Alsace,3:1,Home
2024-12-01T22:22:47.461Z,105,Viborg FF,Randers FC,1:2,Away
2024-12-01T22:22:47.461Z,105,Lyngby BK,Soenderjyske,0:2,Away
2024-12-01T22:22:47.461Z,105,Lamontville Golden Arrows,Cape Town City FC,3:2,Home
2024-12-01T22:22:47.461Z,105,Frosinone Calcio,Cesena FC,3:2,Home
2024-12-01T22:22:47.461Z,105,Oud-Heverlee Leuven,RSC Anderlecht,0:0,Draw
2024-12-01T22:22:47.461Z,105,Heart of Midlothian FC,Aberdeen FC,1:1,Draw
2024-12-01T22:22:47.461Z,105,Derby County,Sheffield Wednesday,1:2,Away
2024-12-01T22:22:47.461Z,105,Estoril Praia,FC Famalicao,2:1,Home
2024-12-01T22:22:47.461Z,105,Liverpool FC,Manchester City,2:0,Home
2024-12-01T22:22:47.461Z,105,Le Havre AC,Angers SCO,0:1,Away
2024-12-01T22:22:47.461Z,105,Rayo Vallecano,Athletic Bilbao,1:2,Away
2024-12-01T22:22:47.461Z,105,KVC Westerlo,KAA Gent,2:2,Draw
2024-12-01T22:22:47.461Z,105,Olympique Marseille,AS Monaco,2:1,Home
2024-12-08T20:02:25.220Z,106,Borussia Monchengladbach,Borussia Dortmund,1:1,Draw
2024-12-08T20:02:25.220Z,106,Valencia CF,Rayo Vallecano,0:1,Away
2024-12-08T20:02:25.220Z,106,Heracles Almelo,Fortuna Sittard,2:2,Draw
2024-12-08T20:02:25.220Z,106,CD Leganes,Real Sociedad San Sebastian,0:3,Away
2024-12-08T20:02:25.220Z,106,AZ Alkmaar,Ajax Amsterdam,2:1,Home
2024-12-08T20:02:25.220Z,106,Willem II Tilburg,SC Heerenveen,1:2,Away
2024-12-08T20:02:25.220Z,106,Ipswich Town,AFC Bournemouth,1:2,Away
2024-12-08T20:02:25.220Z,106,Hellas Verona,Empoli FC,1:4,Away
2024-12-08T20:02:25.220Z,106,VfL Wolfsburg,FSV Mainz,4:3,Home
2024-12-08T20:02:25.220Z,106,West Bromwich Albion,Sheffield United,2:2,Draw
2024-12-08T20:02:25.220Z,106,Athletic Bilbao,Villarreal CF,2:0,Home
2024-12-08T20:02:25.220Z,106,Strasbourg Alsace,Stade Reims,0:0,Draw
2024-12-08T20:02:25.220Z,106,FC Nantes,Stade Rennes,1:0,Home
2024-12-08T20:02:25.220Z,106,TSG Hoffenheim,SC Freiburg,1:1,Draw
2024-12-08T20:02:25.220Z,106,Tottenham Hotspur,Chelsea FC,3:4,Away
2024-12-08T20:02:25.220Z,106,Venezia FC,Como 1907,2:2,Draw
2024-12-08T20:02:25.220Z,106,CA Osasuna,Deportivo Alaves,2:2,Draw
2024-12-15T22:45:32.842Z,107,Nottingham Forest,Aston Villa,2:1,Home
2024-12-15T22:45:32.842Z,107,Nacional da Madeira,Moreirense FC,1:0,Home
2024-12-15T22:45:32.842Z,107,KV Kortrijk,FCV Dender EH,0:3,Away
2024-12-15T22:45:32.842Z,107,Melbourne City FC,Auckland FC,2:2,Draw
2024-12-15T22:45:32.842Z,107,Hatayspor Antakya,Goztepe Izmir,1:1,Draw
2024-12-15T22:45:32.842Z,107,US Lecce,AC Monza,2:1,Home
2024-12-15T22:45:32.842Z,107,Young Boys Bern,Servette Geneva,2:1,Home
2024-12-15T22:45:32.842Z,107,Watford FC,West Bromwich Albion,2:1,Home
2024-12-15T22:45:32.842Z,107,Montpellier HSC,OGC Nice,2:2,Draw
2024-12-15T22:45:32.842Z,107,Bologna FC,ACF Fiorentina,1:0,Home
2024-12-15T22:45:32.842Z,107,Norwich City,Burnley FC,1:2,Away
2024-12-15T22:45:32.842Z,107,Deportivo Alaves,Athletic Bilbao,1:1,Draw
2024-12-15T22:45:32.842Z,107,FC Zurich,FC St. Gallen 1879,0:2,Away
2024-12-15T22:45:32.842Z,107,FC Arouca,Santa Clara Azores,1:0,Home
2024-12-15T22:45:32.842Z,107,Le Havre AC,Strasbourg Alsace,0:3,Away
2024-12-15T22:45:32.842Z,107,US Salernitana,Juve Stabia,1:2,Away
2024-12-15T22:45:32.842Z,107,Como 1907,AS Roma,2:0,Home
2024-12-22T21:10:08.189Z,108,CA Osasuna,Athletic Bilbao,1:2,Away
2024-12-22T21:10:08.189Z,108,AZ Alkmaar,FC Twente Enschede,1:0,Home
2024-12-22T21:10:08.189Z,108,KRC Genk,RSC Anderlecht,2:0,Home
2024-12-22T21:10:08.189Z,108,Hannover 96,Hertha BSC,0:0,Draw
2024-12-22T21:10:08.189Z,108,Valencia CF,Deportivo Alaves,2:2,Draw
2024-12-22T21:10:08.189Z,108,MVV Maastricht,SC Telstar,5:1,Home
2024-12-22T21:10:08.189Z,108,Leicester City,Wolverhampton Wanderers,0:3,Away
2024-12-22T21:10:08.189Z,108,Venezia FC,Cagliari Calcio,2:1,Home
2024-12-22T21:10:08.189Z,108,VfL Bochum,1. FC Heidenheim,2:0,Home
2024-12-22T21:10:08.189Z,108,Standard Liege,KAA Gent,0:1,Away
2024-12-22T21:10:08.189Z,108,CD Castellon,Elche CF,0:2,Away
2024-12-22T21:10:08.189Z,108,Willem II Tilburg,NEC Nijmegen,4:1,Home
2024-12-22T21:10:08.189Z,108,Corum FK,MKE Ankaragucu,1:1,Draw
2024-12-22T21:10:08.189Z,108,VfL Wolfsburg,Borussia Dortmund,1:3,Away
2024-12-22T21:10:08.189Z,108,Santa Clara Azores,SC Braga,0:2,Away
2024-12-22T21:10:08.189Z,108,Union Saint-Gilloise,Club Brugge,2:2,Draw
2024-12-22T21:10:08.189Z,108,Cercle Brugge,Oud-Heverlee Leuven,1:0,Home
2024-12-29T17:43:47.747Z,109,Bromley FC,Swindon Town,1:1,Draw
2024-12-29T17:43:47.747Z,109,Rotherham United,Stockport County FC,1:1,Draw
2024-12-29T17:43:47.747Z,109,Carlisle United,Accrington Stanley,2:1,Home
2024-12-29T17:43:47.747Z,109,Charlton Athletic,Wycombe Wanderers,2:1,Home
2024-12-29T17:43:47.747Z,109,Preston North End,Sheffield Wednesday,3:1,Home
2024-12-29T17:43:47.747Z,109,Cape Town City FC,AmaZulu FC,0:1,Away
2024-12-29T17:43:47.747Z,109,CD Mafra,CD Feirense,0:0,Draw
2024-12-29T17:43:47.747Z,109,Stoke City,Sunderland AFC,1:0,Home
2024-12-29T17:43:47.747Z,109,Peterborough United,Barnsley FC,1:3,Away
2024-12-29T17:43:47.747Z,109,Fulham FC,AFC Bournemouth,2:2,Draw
2024-12-29T17:43:47.747Z,109,Cheltenham Town,Notts County,3:5,Away
2024-12-29T17:43:47.747Z,109,Everton FC,Nottingham Forest,0:2,Away
2024-12-29T17:43:47.747Z,109,Reading FC,Mansfield Town,2:1,Home
2024-12-29T17:43:47.747Z,109,Colchester United,Doncaster Rovers,1:1,Draw
2024-12-29T17:43:47.747Z,109,Tranmere Rovers FC,Barrow AFC,1:1,Draw
2024-12-29T17:43:47.747Z,109,Bradford City FC,Chesterfield FC,2:1,Home
2024-12-29T17:43:47.747Z,109,Swansea City,Luton Town,2:1,Home
2025-01-07T09:57:26.604Z,110,ACF Fiorentina,SSC Napoli,0:3,Away
2025-01-07T09:57:26.604Z,110,Hellas Verona,Udinese Calcio,0:0,Draw
2025-01-07T09:57:26.604Z,110,Boavista Porto,FC Arouca,1:3,Away
2025-01-07T09:57:26.604Z,110,AC Monza,Cagliari Calcio,1:2,Away
2025-01-07T09:57:26.604Z,110,US Lecce,Genoa CFC,0:0,Draw
2025-01-07T09:57:26.604Z,110,Angers SCO,Stade Brest 29,2:0,Home
2025-01-07T09:57:26.604Z,110,Motherwell FC,Aberdeen FC,2:0,Home
2025-01-07T09:57:26.604Z,110,Newport County,Morecambe FC,PD:2,Away
2025-01-07T09:57:26.604Z,110,St. Johnstone FC,Dundee FC,1:3,Away
2025-01-07T09:57:26.604Z,110,Dundee United,Heart of Midlothian FC,0:1,Away
2025-01-07T09:57:26.604Z,110,Fleetwood Town,AFC Wimbledon,PD:X,Draw
2025-01-07T09:57:26.604Z,110,Cape Town City FC,Kaizer Chiefs,1:0,Home
2025-01-07T09:57:26.604Z,110,CS Sfaxien,Simba SC,0:1,Away
2025-01-07T09:57:26.604Z,110,Casa Pia Lisbon,FC Famalicao,1:1,Draw
2025-01-07T09:57:26.604Z,110,FC Pacos Ferreira,Academico de Viseu FC,4:3,Home
2025-01-07T09:57:26.604Z,110,Panathinaikos Athens,PAOK Thessaloniki,2:1,Home
2025-01-07T09:57:26.604Z,110,AS Roma,Lazio Rome,2:0,Home
2025-01-12T22:37:59.433Z,111,Stade Reims,OGC Nice,2:4,Away
2025-01-12T22:37:59.433Z,111,PEC Zwolle,NEC Nijmegen,0:1,Away
2025-01-12T22:37:59.433Z,111,Stade Rennes,Olympique Marseille,1:2,Away
2025-01-12T22:37:59.433Z,111,UD Las Palmas,Getafe CF,1:2,Away
2025-01-12T22:37:59.433Z,111,Cordoba CF,UD Almeria,0:3,Away
2025-01-12T22:37:59.433Z,111,Reggiana 1919,SSC Bari,0:0,Draw
2025-01-12T22:37:59.433Z,111,FC Sudtirol Bolzano,US Catanzaro,1:1,Draw
2025-01-12T22:37:59.433Z,111,Frosinone Calcio,US Cremonese,0:3,Away
2025-01-12T22:37:59.433Z,111,Aberdeen FC,Heart of Midlothian FC,0:0,Draw
2025-01-12T22:37:59.433Z,111,Cadiz CF,Levante UD,0:0,Draw
2025-01-12T22:37:59.433Z,111,NAC Breda,SC Heerenveen,2:4,Away
2025-01-12T22:37:59.433Z,111,Bologna FC,AS Roma,2:2,Draw
2025-01-12T22:37:59.433Z,111,Ourense CF,CD Lugo,2:1,Home
2025-01-12T22:37:59.433Z,111,UD Leiria,GD Chaves,1:1,Draw
2025-01-12T22:37:59.433Z,111,Cercle Brugge,Yellow-Red KV Mechelen,1:0,Home
2025-01-12T22:37:59.433Z,111,Brescia Calcio,Sampdoria Genoa,1:1,Draw
2025-01-12T22:37:59.433Z,111,AL Hilal (SDN),Young Africans SC,0:1,Away
2025-01-20T03:17:36.865Z,112,Juventus Turin,AC Milan,2:0,Home
2025-01-20T03:17:36.865Z,112,FC Utrecht,AZ Alkmaar,0:0,Draw
2025-01-20T03:17:36.865Z,112,Atalanta BC,SSC Napoli,2:3,Away
2025-01-20T03:17:36.865Z,112,RC Celta de Vigo,Athletic Bilbao,1:2,Away
2025-01-20T03:17:36.865Z,112,Almere City FC,Heracles Almelo,0:2,Away
2025-01-20T03:17:36.865Z,112,US Catanzaro,Pisa SC,0:0,Draw
2025-01-20T03:17:36.865Z,112,Parma Calcio,Venezia FC,1:1,Draw
2025-01-20T03:17:36.865Z,112,Everton FC,Tottenham Hotspur,3:2,Home
2025-01-20T03:17:36.865Z,112,AS Saint-Etienne,FC Nantes,1:1,Draw
2025-01-20T03:17:36.865Z,112,Panaitolikos Agrinio,OFI Crete,1:0,Home
2025-01-20T03:17:36.865Z,112,Union Berlin,FSV Mainz,2:1,Home
2025-01-20T03:17:36.865Z,112,APO Levadiakos FC,Asteras Tripolis,1:2,Away
2025-01-20T03:17:36.865Z,112,FC Lugano,FC Basel 1893,2:2,Draw
2025-01-20T03:17:36.865Z,112,Carrarese Calcio,Spezia Calcio,0:4,Away
2025-01-20T03:17:36.865Z,112,Angers SCO,AJ Auxerre,2:0,Home
2025-01-20T03:17:36.865Z,112,CA Osasuna,Rayo Vallecano,1:1,Draw
2025-01-20T03:17:36.865Z,112,Panathinaikos Athens,AEK Athens,1:0,Home
2025-01-26T22:24:25.010Z,113,Strasbourg Alsace,Lille OSC,2:1,Home
2025-01-26T22:24:25.010Z,113,Empoli FC,Bologna FC,1:1,Draw
2025-01-26T22:24:25.010Z,113,FC Groningen,SC Heerenveen,1:0,Home
2025-01-26T22:24:25.010Z,113,Standard Liege,FCV Dender EH,1:0,Home
2025-01-26T22:24:25.010Z,113,Rayo Vallecano,Girona FC,2:1,Home
2025-01-26T22:24:25.010Z,113,FC St. Gallen 1879,Lausanne-Sport,3:2,Home
2025-01-26T22:24:25.010Z,113,RKC Waalwijk,Willem II Tilburg,2:0,Home
2025-01-26T22:24:25.010Z,113,Udinese Calcio,AS Roma,1:2,Away
2025-01-26T22:24:25.010Z,113,Le Havre AC,Stade Brest 29,0:1,Away
2025-01-26T22:24:25.010Z,113,Reggiana 1919,Palermo FC,2:1,Home
2025-01-26T22:24:25.010Z,113,TSG Hoffenheim,Eintracht Frankfurt,2:2,Draw
2025-01-26T22:24:25.010Z,113,FC Luzern,FC Zurich,3:1,Home
2025-01-26T22:24:25.010Z,113,FC Nantes,Olympique Lyon,1:1,Draw
2025-01-26T22:24:25.010Z,113,FC St. Pauli,Union Berlin,3:0,Home
2025-01-26T22:24:25.010Z,113,Oud-Heverlee Leuven,KAA Gent,0:0,Draw
2025-01-26T22:24:25.010Z,113,Fulham FC,Manchester United,0:1,Away
2025-01-26T22:24:25.010Z,113,OGC Nice,Olympique Marseille,2:0,Home
2025-02-02T22:32:02.997Z,114,Union Berlin,RB Leipzig,0:0,Draw
2025-02-02T22:32:02.997Z,114,Kilmarnock FC,Dundee United,1:0,Home
2025-02-02T22:32:02.997Z,114,Schalke 04,1. FC Magdeburg,2:5,Away
2025-02-02T22:32:02.997Z,114,Go Ahead Eagles,FC Twente Enschede,2:2,Draw
2025-02-02T22:32:02.997Z,114,Ajax Amsterdam,Feyenoord Rotterdam,2:1,Home
2025-02-02T22:32:02.997Z,114,Toulouse FC,OGC Nice,1:1,Draw
2025-02-02T22:32:02.997Z,114,FC Sudtirol Bolzano,Reggiana 1919,2:0,Home
2025-02-02T22:32:02.997Z,114,US Salernitana,US Cremonese,1:0,Home
2025-02-02T22:32:02.997Z,114,Bristol Rovers,Peterborough United,3:1,Home
2025-02-02T22:32:02.997Z,114,Valencia CF,RC Celta de Vigo,2:1,Home
2025-02-02T22:32:02.997Z,114,SD Eibar,RC Deportivo La Coruna,0:1,Away
2025-02-02T22:32:02.997Z,114,Stade Reims,FC Nantes,1:2,Away
2025-02-02T22:32:02.997Z,114,CA Osasuna,Real Sociedad San Sebastian,2:1,Home
2025-02-02T22:32:02.997Z,114,KAA Gent,RSC Anderlecht,1:0,Home
2025-02-02T22:32:02.997Z,114,AS Roma,SSC Napoli,1:1,Draw
2025-02-02T22:32:02.997Z,114,Real Betis Seville,Athletic Bilbao,2:2,Draw
2025-02-02T22:32:02.997Z,114,Tenerife CD,Albacete Balompie,3:1,Home
2025-02-09T19:57:11.476Z,115,FC Groningen,NEC Nijmegen,2:1,Home
2025-02-09T19:57:11.476Z,115,Torino FC,Genoa CFC,1:1,Draw
2025-02-09T19:57:11.476Z,115,Brighton & Hove Albion,Chelsea FC,2:1,Home
2025-02-09T19:57:11.476Z,115,Deportivo Alaves,Getafe CF,0:1,Away
2025-02-09T19:57:11.476Z,115,Istanbulspor AS,MKE Ankaragucu,1:0,Home
2025-02-09T19:57:11.476Z,115,RKC Waalwijk,NAC Breda,5:0,Home
2025-02-09T19:57:11.476Z,115,Sekhukhune United,Supersport United,1:1,Draw
2025-02-09T19:57:11.476Z,115,Widzew Lodz,MKS Cracovia Krakow,1:1,Draw
2025-02-09T19:57:11.476Z,115,Reggiana 1919,Cesena FC,0:1,Away
2025-02-09T19:57:11.476Z,115,Holstein Kiel,VfL Bochum,2:2,Draw
2025-02-09T19:57:11.476Z,115,Burgos CF,Racing Santander,2:1,Home
2025-02-09T19:57:11.476Z,115,SC Farense,Nacional da Madeira,0:2,Away
2025-02-09T19:57:11.476Z,115,Antalyaspor,Istanbul Basaksehir,0:0,Draw
2025-02-09T19:57:11.476Z,115,AJ Auxerre,Toulouse FC,2:2,Draw
2025-02-09T19:57:11.476Z,115,NK Slaven Belupo,NK Lokomotiva Zagreb,2:1,Home
2025-02-09T19:57:11.476Z,115,Aris Limassol FC,AEK Larnaca,1:1,Draw
2025-02-09T19:57:11.476Z,115,RC Deportivo La Coruna,UD Almeria,3:1,Home
2025-02-16T22:53:44.279Z,116,Lazio Rome,SSC Napoli,2:2,Draw
2025-02-16T22:53:44.279Z,116,Bayer Leverkusen,Bayern Munich,0:0,Draw
2025-02-16T22:53:44.279Z,116,Fortuna Dusseldorf,Hertha BSC,2:1,Home
2025-02-16T22:53:44.279Z,116,PEC Zwolle,SC Heerenveen,1:1,Draw
2025-02-16T22:53:44.279Z,116,Frosinone Calcio,Reggiana 1919,1:1,Draw
2025-02-16T22:53:44.279Z,116,AC Monza,US Lecce,0:0,Draw
2025-02-16T22:53:44.279Z,116,St Mirren FC,Hibernian FC,0:0,Draw
2025-02-16T22:53:44.279Z,116,Club Deportivo Eldense,RC Deportivo La Coruna,2:0,Home
2025-02-16T22:53:44.279Z,116,SD Huesca,Granada CF,1:1,Draw
2025-02-16T22:53:44.279Z,116,Cesena FC,Pisa SC,1:1,Draw
2025-02-16T22:53:44.279Z,116,Tottenham Hotspur,Manchester United,1:0,Home
2025-02-16T22:53:44.279Z,116,Royal Charleroi SC,RSC Anderlecht,0:1,Away
2025-02-16T22:53:44.279Z,116,1. FC Heidenheim,FSV Mainz,0:2,Away
2025-02-16T22:53:44.279Z,116,Juventus Turin,Inter Milano,1:0,Home
2025-02-16T22:53:44.279Z,116,Stade Rennes,Lille OSC,0:2,Away
2025-02-16T22:53:44.279Z,116,Real Betis Seville,Real Sociedad San Sebastian,3:0,Home
2025-02-16T22:53:44.279Z,116,Vitoria SC Guimaraes,SC Braga,0:0,Draw
2025-02-24T19:12:30.999Z,117,Aston Villa,Chelsea FC,2:1,Home
2025-02-24T19:12:30.999Z,117,AS Saint-Etienne,Angers SCO,3:3,Draw
2025-02-24T19:12:30.999Z,117,FC St. Gallen 1879,FC Basel 1893,2:2,Draw
2025-02-24T19:12:30.999Z,117,Sporting Gijon,UD Almeria,1:1,Draw
2025-02-24T19:12:30.999Z,117,Western United FC,Adelaide United FC,3:0,Home
2025-02-24T19:12:30.999Z,117,SCU Torreense,GD Chaves,1:2,Away
2025-02-24T19:12:30.999Z,117,SV Darmstadt 98,Schalke 04,2:0,Home
2025-02-24T19:12:30.999Z,117,SCR Altach,TSV Hartberg,0:0,Draw
2025-02-24T19:12:30.999Z,117,Leixoes SC,FC Alverca SAD,1:1,Draw
2025-02-24T19:12:30.999Z,117,Cosenza Calcio,Palermo FC,0:3,Away
2025-02-24T19:12:30.999Z,117,Academico de Viseu FC,CD Tondela,1:1,Draw
2025-02-24T19:12:30.999Z,117,LASK Linz,SK Rapid,2:1,Home
2025-02-24T19:12:30.999Z,117,Strasbourg Alsace,Stade Brest 29,0:0,Draw
2025-02-24T19:12:30.999Z,117,Manchester City,Liverpool FC,0:2,Away
2025-02-24T19:12:30.999Z,117,RSC Anderlecht,Union Saint-Gilloise,0:2,Away
2025-02-24T19:12:30.999Z,117,Getafe CF,Real Betis Seville,1:2,Away
2025-02-24T19:12:30.999Z,117,CR Vasco da Gama RJ,Botafogo FR RJ,1:0,Home
2025-03-03T00:08:52.939Z,118,SSC Napoli,Inter Milano,1:1,Draw
2025-03-03T00:08:52.939Z,118,Real Zaragoza,Sporting Gijon,1:1,Draw
2025-03-03T00:08:52.939Z,118,Karlsruher SC,1. FC Cologne,1:0,Home
2025-03-03T00:08:52.939Z,118,AC Monza,Torino FC,0:2,Away
2025-03-03T00:08:52.939Z,118,CD Leganes,Getafe CF,1:0,Home
2025-03-03T00:08:52.939Z,118,Newcastle United,Brighton & Hove Albion,1:1,Draw
2025-03-03T00:08:52.939Z,118,US Catanzaro,Reggiana 1919,1:1,Draw
2025-03-03T00:08:52.939Z,118,Aberdeen FC,Dundee United,2:2,Draw
2025-03-03T00:08:52.939Z,118,AJ Auxerre,Strasbourg Alsace,0:1,Away
2025-03-03T00:08:52.939Z,118,Montpellier HSC,Stade Rennes,0:4,Away
2025-03-03T00:08:52.939Z,118,Angers SCO,Toulouse FC,0:4,Away
2025-03-03T00:08:52.939Z,118,SSC Bari,Sampdoria Genoa,1:1,Draw
2025-03-03T00:08:52.939Z,118,FC Augsburg,SC Freiburg,0:0,Draw
2025-03-03T00:08:52.939Z,118,Manchester United,Fulham FC,1:1,Draw
2025-03-03T00:08:52.939Z,118,RCD Mallorca,Deportivo Alaves,1:1,Draw
2025-03-03T00:08:52.939Z,118,Albacete Balompie,Cadiz CF,3:0,Home
2025-03-03T00:08:52.939Z,118,Club Deportivo Eldense,Levante UD,1:2,Away
2025-03-10T15:32:55.385Z,119,Brentford FC,Aston Villa,0:1,Away
2025-03-10T15:32:55.385Z,119,SC Freiburg,RB Leipzig,0:0,Draw
2025-03-10T15:32:55.385Z,119,Wolverhampton Wanderers,Everton FC,1:1,Draw
2025-03-10T15:32:55.385Z,119,SC Preussen 06 Munster,1 FC Nuremberg,0:1,Away
2025-03-10T15:32:55.385Z,119,Tenerife CD,SD Huesca,2:0,Home
2025-03-10T15:32:55.385Z,119,FC Zurich,Servette Geneva,1:3,Away
2025-03-10T15:32:55.385Z,119,NEC Nijmegen,Go Ahead Eagles,2:3,Away
2025-03-10T15:32:55.385Z,119,Tottenham Hotspur,AFC Bournemouth,2:2,Draw
2025-03-10T15:32:55.385Z,119,KVC Westerlo,RSC Anderlecht,2:0,Home
2025-03-10T15:32:55.385Z,119,Malaga CF,Cadiz CF,0:2,Away
2025-03-10T15:32:55.385Z,119,FC Luzern,FC Basel 1893,1:1,Draw
2025-03-10T15:32:55.385Z,119,FC Sion,FC Lugano,2:1,Home
2025-03-10T15:32:55.385Z,119,Stade Reims,AJ Auxerre,0:2,Away
2025-03-10T15:32:55.385Z,119,Le Havre AC,AS Saint-Etienne,1:1,Draw
2025-03-10T15:32:55.385Z,119,FC Nantes,Strasbourg Alsace,0:1,Away
2025-03-10T15:32:55.385Z,119,Royal Antwerp FC,KAA Gent,0:1,Away
2025-03-10T15:32:55.385Z,119,Juventus Turin,Atalanta BC,0:4,Away
2025-03-19T11:20:10.314Z,120,Sheffield Wednesday,Sheffield United,0:1,Away
2025-03-19T11:20:10.314Z,120,Club Deportivo Eldense,CD Mirandes,2:2,Draw
2025-03-19T11:20:10.314Z,120,Grasshopper Club Zurich,FC Sion,1:1,Draw
2025-03-19T11:20:10.314Z,120,Bologna FC,Lazio Rome,5:0,Home
2025-03-19T11:20:10.314Z,120,Reggiana 1919,Sampdoria Genoa,2:2,Draw
2025-03-19T11:20:10.314Z,120,VfL Bochum,Eintracht Frankfurt,1:3,Away
2025-03-19T11:20:10.314Z,120,Sevilla FC,Athletic Bilbao,0:1,Away
2025-03-19T11:20:10.314Z,120,SD Huesca,Levante UD,1:2,Away
2025-03-19T11:20:10.314Z,120,Montpellier HSC,AS Saint-Etienne,PD:2,Away
2025-03-19T11:20:10.314Z,120,Strasbourg Alsace,Toulouse FC,2:1,Home
2025-03-19T11:20:10.314Z,120,ACF Fiorentina,Juventus Turin,3:0,Home
2025-03-19T11:20:10.314Z,120,Cadiz CF,Granada CF,1:0,Home
2025-03-19T11:20:10.314Z,120,CA Osasuna,Getafe CF,1:2,Away
2025-03-19T11:20:10.314Z,120,Rayo Vallecano,Real Sociedad San Sebastian,2:2,Draw
2025-03-19T11:20:10.314Z,120,VfB Stuttgart,Bayer Leverkusen,3:4,Away
2025-03-19T11:20:10.314Z,120,Atalanta BC,Inter Milano,0:2,Away
2025-03-19T11:20:10.314Z,120,Atletico Madrid,FC Barcelona,2:4,Away
2025-03-22T19:08:48.168Z,121,Peterborough United,Charlton Athletic,3:0,Home
2025-03-22T19:08:48.168Z,121,Wrexham AFC,Stockport County FC,1:0,Home
2025-03-22T19:08:48.168Z,121,Carlisle United,Bromley FC,2:1,Home
2025-03-22T19:08:48.168Z,121,Cheltenham Town,Milton Keynes Dons,0:1,Away
2025-03-22T19:08:48.168Z,121,Gillingham FC,Walsall FC,0:0,Draw
2025-03-22T19:08:48.168Z,121,Greenock Morton FC,Queens Park FC,2:1,Home
2025-03-22T19:08:48.168Z,121,Clyde FC,Bonnyrigg Rose,3:1,Home
2025-03-22T19:08:48.168Z,121,Edinburgh City FC,East Fife FC,5:2,Home
2025-03-22T19:08:48.168Z,121,Stirling Albion FC,Peterhead FC,1:2,Away
2025-03-22T19:08:48.168Z,121,Dumbarton FC,Queen of the South FC,0:0,Draw
2025-03-22T19:08:48.168Z,121,Northampton Town,Blackpool FC,0:2,Away
2025-03-22T19:08:48.168Z,121,Bradford City FC,Colchester United,4:1,Home
2025-03-22T19:08:48.168Z,121,Spartans FC,Elgin City FC,1:2,Away
2025-03-22T19:08:48.168Z,121,Eastleigh FC,Southend United,1:2,Away
2025-03-22T19:08:48.168Z,121,Glenavon FC,Larne FC,0:1,Away
2025-03-22T19:08:48.168Z,121,Wealdstone FC,Woking FC,1:0,Home
2025-03-22T19:08:48.168Z,121,Sestao River Club,SD Tarazona,0:2,Away
2025-03-30T19:37:45.017Z,122,Eintracht Frankfurt,VfB Stuttgart,1:0,Home
2025-03-30T19:37:45.017Z,122,Deportivo Alaves,Rayo Vallecano,0:2,Away
2025-03-30T19:37:45.017Z,122,Fortuna Sittard,Sparta Rotterdam,0:3,Away
2025-03-30T19:37:45.017Z,122,Getafe CF,Villarreal CF,1:2,Away
2025-03-30T19:37:45.017Z,122,Wolfsberger AC,SK Sturm Graz,1:1,Draw
2025-03-30T19:37:45.017Z,122,Carrarese Calcio,SSC Bari,2:1,Home
2025-03-30T19:37:45.017Z,122,Ross County FC,Dundee United,0:1,Away
2025-03-30T19:37:45.017Z,122,KV Kortrijk,Cercle Brugge,2:2,Draw
2025-03-30T19:37:45.017Z,122,Halmstads BK,Degerfors IF,0:5,Away
2025-03-30T19:37:45.017Z,122,Grasshopper Club Zurich,FC Zurich,1:2,Away
2025-03-30T19:37:45.017Z,122,US Salernitana,Palermo FC,1:2,Away
2025-03-30T19:37:45.017Z,122,Le Havre AC,FC Nantes,3:2,Home
2025-03-30T19:37:45.017Z,122,AFC Bournemouth,Manchester City,1:2,Away
2025-03-30T19:37:45.017Z,122,Albacete Balompie,CD Mirandes,3:2,Home
2025-03-30T19:37:45.017Z,122,SD Huesca,Sporting Gijon,3:2,Home
2025-03-30T19:37:45.017Z,122,CD Feirense,FC Alverca SAD,0:1,Away
2025-03-30T19:37:45.017Z,122,FCV Dender EH,KVC Westerlo,1:0,Home
2025-04-06T19:43:48.505Z,123,RCD Mallorca,RC Celta de Vigo,1:2,Away
2025-04-06T19:43:48.505Z,123,FC Arouca,FC Famalicao,1:2,Away
2025-04-06T19:43:48.505Z,123,Olympique Lyon,Lille OSC,2:1,Home
2025-04-06T19:43:48.505Z,123,UD Las Palmas,Real Sociedad San Sebastian,1:3,Away
2025-04-06T19:43:48.505Z,123,Brentford FC,Chelsea FC,0:0,Draw
2025-04-06T19:43:48.505Z,123,Empoli FC,Cagliari Calcio,0:0,Draw
2025-04-06T19:43:48.505Z,123,FC St. Pauli,Borussia Monchengladbach,1:1,Draw
2025-04-06T19:43:48.505Z,123,Sevilla FC,Atletico Madrid,1:2,Away
2025-04-06T19:43:48.505Z,123,Gil Vicente Barcelos,Moreirense FC,0:1,Away
2025-04-06T19:43:48.505Z,123,Stade Reims,Strasbourg Alsace,0:1,Away
2025-04-06T19:43:48.505Z,123,Montpellier HSC,Le Havre AC,0:2,Away
2025-04-06T19:43:48.505Z,123,Union Berlin,VfL Wolfsburg,1:0,Home
2025-04-06T19:43:48.505Z,123,FC Nordsjaelland,FC Copenhagen,0:1,Away
2025-04-06T19:43:48.505Z,123,Burgos CF,SD Huesca,2:1,Home
2025-04-06T19:43:48.505Z,123,RSC Anderlecht,KRC Genk,1:2,Away
2025-04-06T19:43:48.505Z,123,Malaga CF,Cordoba CF,0:1,Away
2025-04-06T19:43:48.505Z,123,PAOK Thessaloniki,Olympiacos Piraeus,2:1,Home
2025-04-13T21:06:55.677Z,124,Toulouse FC,Lille OSC,1:2,Away
2025-04-13T21:06:55.677Z,124,FC Zurich,FC Basel 1893,0:4,Away
2025-04-13T21:06:55.677Z,124,Strasbourg Alsace,OGC Nice,2:2,Draw
2025-04-13T21:06:55.677Z,124,Albacete Balompie,Granada CF,0:2,Away
2025-04-13T21:06:55.677Z,124,Viborg FF,Silkeborg IF,2:1,Home
2025-04-13T21:06:55.677Z,124,CA Osasuna,Girona FC,2:1,Home
2025-04-13T21:06:55.677Z,124,Hellas Verona,Genoa CFC,0:0,Draw
2025-04-13T21:06:55.677Z,124,AS Saint-Etienne,Stade Brest 29,3:3,Draw
2025-04-13T21:06:55.677Z,124,Wolverhampton Wanderers,Tottenham Hotspur,4:2,Home
2025-04-13T21:06:55.677Z,124,FC Sion,Servette Geneva,1:1,Draw
2025-04-13T21:06:55.677Z,124,FC Luzern,Young Boys Bern,5:0,Home
2025-04-13T21:06:55.677Z,124,VVV Venlo,Helmond Sport,4:1,Home
2025-04-13T21:06:55.677Z,124,Panathinaikos Athens,PAOK Thessaloniki,3:1,Home
2025-04-13T21:06:55.677Z,124,Club Deportivo Eldense,Sporting Gijon,1:2,Away
2025-04-13T21:06:55.677Z,124,Real Betis Seville,Villarreal CF,1:2,Away
2025-04-13T21:06:55.677Z,124,FCV Dender EH,Standard Liege,1:1,Draw
2025-04-13T21:06:55.677Z,124,Lazio Rome,AS Roma,1:1,Draw
2025-04-20T21:00:46.710Z,125,Union Berlin,VfB Stuttgart,4:4,Draw
2025-04-20T21:00:46.710Z,125,Aston Villa,Newcastle United,4:1,Home
2025-04-20T21:00:46.710Z,125,Burgos CF,Cadiz CF,2:2,Draw
2025-04-20T21:00:46.710Z,125,Wolfsberger AC,SK Rapid,5:1,Home
2025-04-20T21:00:46.710Z,125,Fulham FC,Chelsea FC,1:2,Away
2025-04-20T21:00:46.710Z,125,Empoli FC,Venezia FC,2:2,Draw
2025-04-20T21:00:46.710Z,125,FC Augsburg,Eintracht Frankfurt,0:0,Draw
2025-04-20T21:00:46.710Z,125,KRC Genk,Union Saint-Gilloise,1:2,Away
2025-04-20T21:00:46.710Z,125,Cordoba CF,Real Oviedo,0:0,Draw
2025-04-20T21:00:46.710Z,125,IFK Goteborg,Hacken Gothenburg,2:3,Away
2025-04-20T21:00:46.710Z,125,FC Volendam,Excelsior Rotterdam,1:4,Away
2025-04-20T21:00:46.710Z,125,FK Austria Wien,FC Salzburg,1:3,Away
2025-04-20T21:00:46.710Z,125,Stade Reims,Toulouse FC,1:0,Home
2025-04-20T21:00:46.710Z,125,Stade Brest 29,RC Lens,1:3,Away
2025-04-20T21:00:46.710Z,125,Bologna FC,Inter Milano,1:0,Home
2025-04-20T21:00:46.710Z,125,Sevilla FC,Deportivo Alaves,1:1,Draw
2025-04-20T21:00:46.710Z,125,AC Milan,Atalanta BC,0:1,Away
2025-04-27T20:50:05.308Z,126,Crystal Palace,Aston Villa,3:0,Home
2025-04-27T20:50:05.308Z,126,Eintracht Frankfurt,RB Leipzig,4:0,Home
2025-04-27T20:50:05.308Z,126,FC Barcelona,Real Madrid,2:2,Draw
2025-04-27T20:50:05.308Z,126,Hannover 96,1. FC Cologne,1:0,Home
2025-04-27T20:50:05.308Z,126,Hacken Gothenburg,Hammarby IF,1:1,Draw
2025-04-27T20:50:05.308Z,126,Stevenage FC,Rotherham United,1:1,Draw
2025-04-27T20:50:05.308Z,126,VfL Bochum,Union Berlin,1:1,Draw
2025-04-27T20:50:05.308Z,126,AIK,IF Elfsborg,2:0,Home
2025-04-27T20:50:05.308Z,126,AGF Aarhus,FC Copenhagen,1:3,Away
2025-04-27T20:50:05.308Z,126,Moreirense FC,Nacional da Madeira,1:1,Draw
2025-04-27T20:50:05.308Z,126,IFK Varnamo,IFK Norrkoping FK,1:3,Away
2025-04-27T20:50:05.308Z,126,Almere City FC,Go Ahead Eagles,0:0,Draw
2025-04-27T20:50:05.308Z,126,FC Shakhtar Donetsk,FC Dynamo Kyiv,2:2,Draw
2025-04-27T20:50:05.308Z,126,FC Nantes,Toulouse FC,0:0,Draw
2025-04-27T20:50:05.308Z,126,Tenerife CD,SD Eibar,1:1,Draw
2025-04-27T20:50:05.308Z,126,Malaga CF,CD Castellon,1:0,Home
2025-04-27T20:50:05.308Z,126,Hercules de Alicante CF,AD Alcorcon,2:0,Home
2025-05-04T21:13:10.130Z,127,UD Las Palmas,Valencia CF,2:3,Away
2025-05-04T21:13:10.130Z,127,Toulouse FC,Stade Rennes,2:1,Home
2025-05-04T21:13:10.130Z,127,Burgos CF,Elche CF,0:1,Away
2025-05-04T21:13:10.130Z,127,FC Sion,FC Zurich,2:1,Home
2025-05-04T21:13:10.130Z,127,Sparta Rotterdam,FC Twente Enschede,0:2,Away
2025-05-04T21:13:10.130Z,127,Go Ahead Eagles,AZ Alkmaar,0:3,Away
2025-05-04T21:13:10.130Z,127,West Ham United,Tottenham Hotspur,1:1,Draw
2025-05-04T21:13:10.130Z,127,Brighton & Hove Albion,Newcastle United,1:1,Draw
2025-05-04T21:13:10.130Z,127,FC Luzern,FC Lugano,0:2,Away
2025-05-04T21:13:10.130Z,127,Chelsea FC,Liverpool FC,3:1,Home
2025-05-04T21:13:10.130Z,127,SC Freiburg,Bayer Leverkusen,2:2,Draw
2025-05-04T21:13:10.130Z,127,Espanyol Barcelona,Real Betis Seville,1:2,Away
2025-05-04T21:13:10.130Z,127,Olympiacos Piraeus,PAOK Thessaloniki,4:2,Home
2025-05-04T21:13:10.130Z,127,FSV Mainz,Eintracht Frankfurt,1:1,Draw
2025-05-04T21:13:10.130Z,127,Lille OSC,Olympique Marseille,1:1,Draw
2025-05-04T21:13:10.130Z,127,Bologna FC,Juventus Turin,1:1,Draw
2025-05-04T21:13:10.130Z,127,Real Sociedad San Sebastian,Athletic Bilbao,0:0,Draw
2025-05-11T20:26:34.841Z,128,Stade Reims,AS Saint-Etienne,0:2,Away
2025-05-11T20:26:34.841Z,128,AJ Auxerre,FC Nantes,1:1,Draw
2025-05-11T20:26:34.841Z,128,Toulouse FC,RC Lens,1:1,Draw
2025-05-11T20:26:34.841Z,128,CD Leganes,Espanyol Barcelona,3:2,Home
2025-05-11T20:26:34.841Z,128,FC Luzern,Lausanne-Sport,1:1,Draw
2025-05-11T20:26:34.841Z,128,Feyenoord Rotterdam,PSV Eindhoven,2:3,Away
2025-05-11T20:26:34.841Z,128,FC Twente Enschede,FC Utrecht,2:0,Home
2025-05-11T20:26:34.841Z,128,Hellas Verona,US Lecce,1:1,Draw
2025-05-11T20:26:34.841Z,128,Tottenham Hotspur,Crystal Palace,0:2,Away
2025-05-11T20:26:34.841Z,128,Bayer Leverkusen,Borussia Dortmund,2:4,Away
2025-05-11T20:26:34.841Z,128,Servette Geneva,Young Boys Bern,0:0,Draw
2025-05-11T20:26:34.841Z,128,Liverpool FC,Arsenal FC,2:2,Draw
2025-05-11T20:26:34.841Z,128,PAOK Thessaloniki,AEK Athens,1:0,Home
2025-05-11T20:26:34.841Z,128,Moreirense FC,Estoril Praia,2:2,Draw
2025-05-11T20:26:34.841Z,128,Panathinaikos Athens,Olympiacos Piraeus,0:1,Away
2025-05-11T20:26:34.841Z,128,FCV Dender EH,Oud-Heverlee Leuven,5:0,Home
2025-05-11T20:26:34.841Z,128,Wycombe Wanderers,Charlton Athletic,0:0,Draw
2025-05-18T19:32:22.895Z,129,Racing Club de Ferrol,Cadiz CF,1:0,Home
2025-05-18T19:32:22.895Z,129,NAC Breda,Willem II Tilburg,1:1,Draw
2025-05-18T19:32:22.895Z,129,SC Heerenveen,Feyenoord Rotterdam,2:0,Home
2025-05-18T19:32:22.895Z,129,Heracles Almelo,NEC Nijmegen,1:2,Away
2025-05-18T19:32:22.895Z,129,West Ham United,Nottingham Forest,1:2,Away
2025-05-18T19:32:22.895Z,129,Leicester City,Ipswich Town,2:0,Home
2025-05-18T19:32:22.895Z,129,Soenderjyske,Lyngby BK,5:1,Home
2025-05-18T19:32:22.895Z,129,Yellow-Red KV Mechelen,Royal Charleroi SC,1:1,Draw
2025-05-18T19:32:22.895Z,129,FC Luzern,Servette Geneva,3:4,Away
2025-05-18T19:32:22.895Z,129,Wolfsberger AC,FK Austria Wien,1:2,Away
2025-05-18T19:32:22.895Z,129,SK Rapid,SK Sturm Graz,3:1,Home
2025-05-18T19:32:22.895Z,129,BB Bodrumspor,Trabzonspor,1:1,Draw
2025-05-18T19:32:22.895Z,129,Kasimpasa Istanbul,Istanbul Basaksehir,2:3,Away
2025-05-18T19:32:22.895Z,129,Valencia CF,Athletic Bilbao,0:1,Away
2025-05-18T19:32:22.895Z,129,RCD Mallorca,Getafe CF,1:2,Away
2025-05-18T19:32:22.895Z,129,Real Sociedad San Sebastian,Girona FC,3:2,Home
2025-05-18T19:32:22.895Z,129,CA Osasuna,Espanyol Barcelona,2:0,Home
2025-05-25T21:35:15.111Z,130,Gremio FB Porto Alegrense RS,EC Bahia BA,1:0,Home
2025-05-25T21:35:15.111Z,130,IF Brommapojkarna,AIK,0:1,Away
2025-05-25T21:35:15.111Z,130,Wolverhampton Wanderers,Brentford FC,1:1,Draw
2025-05-25T21:35:15.111Z,130,Nottingham Forest,Chelsea FC,0:1,Away
2025-05-25T21:35:15.111Z,130,Ipswich Town,West Ham United,1:3,Away
2025-05-25T21:35:15.111Z,130,NK Osijek,NK Istra 1961,1:1,Draw
2025-05-25T21:35:15.111Z,130,Seinajoen JK,FC Inter Turku,0:1,Away
2025-05-25T21:35:15.111Z,130,SL Benfica,Sporting Lisbon,1:1,Draw
2025-05-25T21:35:15.111Z,130,Cadiz CF,SD Huesca,4:0,Home
2025-05-25T21:35:15.111Z,130,Club Deportivo Eldense,Racing Santander,3:3,Draw
2025-05-25T21:35:15.111Z,130,CD Mirandes,UD Almeria,0:0,Draw
2025-05-25T21:35:15.111Z,130,Austria Lustenau,ASK Voitsberg,3:0,Home
2025-05-25T21:35:15.111Z,130,SC Recife PE,SC Internacional RS,1:1,Draw
2025-05-25T21:35:15.111Z,130,Trabzonspor,Samsunspor,2:2,Draw
2025-05-25T21:35:15.111Z,130,Konyaspor,Alanyaspor,1:2,Away
2025-05-25T21:35:15.111Z,130,Athletic Bilbao,FC Barcelona,0:3,Away
2025-05-25T21:35:15.111Z,130,SE Palmeiras SP,CR Flamengo RJ,0:2,Away
2025-06-02T05:40:36.969Z,131,IF Brommapojkarna,IFK Goteborg,1:3,Away
2025-06-02T05:40:36.969Z,131,GIF Sundsvall,Falkenbergs FF,0:0,Draw
2025-06-02T05:40:36.969Z,131,CD Fatima,Amora FC,1:2,Away
2025-06-02T05:40:36.969Z,131,CA Cerro,Montevideo Wanderers,1:2,Away
2025-06-02T05:40:36.969Z,131,Oldham Athletic,Southend United,1:1,Draw
2025-06-02T05:40:36.969Z,131,Lusitano GC,O Elvas Cad,2:1,Home
2025-06-02T05:40:36.969Z,131,SD Huesca,Club Deportivo Eldense,3:2,Home
2025-06-02T05:40:36.969Z,131,IK Sirius,AIK,3:1,Home
2025-06-02T05:40:36.969Z,131,IK Oddevold,Landskrona BoIS,1:2,Away
2025-06-02T05:40:36.969Z,131,Bryne FK,Sandefjord Fotball,3:2,Home
2025-06-02T05:40:36.969Z,131,SalPa,SJK Akatemia,0:0,Draw
2025-06-02T05:40:36.969Z,131,Racing Santander,Granada CF,2:1,Home
2025-06-02T05:40:36.969Z,131,Molde FK,Viking FK,0:1,Away
2025-06-02T05:40:36.969Z,131,Chacarita Juniors,Gimnasia y Esgrima de Jujuy,0:1,Away
2025-06-02T05:40:36.969Z,131,Pyramids FC,Mamelodi Sundowns,2:1,Home
2025-06-02T05:40:36.969Z,131,CA River Plate (URU),Defensor Sporting,1:2,Away
2025-06-02T05:40:36.969Z,131,CD Maipu,CA Atlanta,0:1,Away
2025-06-08T21:12:32.499Z,132,Canada,Ukraine,4:2,Home
2025-06-08T21:12:32.499Z,132,Delfino Pescara,Ternana Calcio,0:1,Away
2025-06-08T21:12:32.499Z,132,USA,Turkiye,1:2,Away
2025-06-08T21:12:32.499Z,132,Mexico,Switzerland,2:4,Away
2025-06-08T21:12:32.499Z,132,Flekkeroy IL,Lysekloster,3:1,Home
2025-06-08T21:12:32.499Z,132,Pors Grenland,IL Sandviken,1:1,Draw
2025-06-08T21:12:32.499Z,132,Central SC PE,Treze FC PB,1:0,Home
2025-06-08T21:12:32.499Z,132,CA Progreso,Miramar Misiones,1:0,Home
2025-06-08T21:12:32.499Z,132,Skiljebo SK,Sunnersta AIF,1:1,Draw
2025-06-08T21:12:32.499Z,132,Ljungskile SK,Jonkopings Sodra IF,2:0,Home
2025-06-08T21:12:32.499Z,132,Vasalunds IF,IF Karlstad Fotbol,1:3,Away
2025-06-08T21:12:32.499Z,132,Mikkelin Palloilijat,Oulun Luistinseura,0:0,Draw
2025-06-08T21:12:32.499Z,132,Racing Santander,CD Mirandes,3:3,Draw
2025-06-08T21:12:32.499Z,132,UD Ibiza,FC Andorra,0:1,Away
2025-06-08T21:12:32.499Z,132,CA San Telmo,Gimnasia y Esgrima Mendoza,0:0,Draw
2025-06-08T21:12:32.499Z,132,CA Juventud de Las Piedras,Racing Club Montevideo,2:1,Home
2025-06-08T21:12:32.499Z,132,CD UAI Urquiza,Club Comunicaciones,1:0,Home
2025-06-15T23:15:16.144Z,133,AFC Eskilstuna,FC Arlanda,1:0,Home
2025-06-15T23:15:16.144Z,133,IF Vestri,KA Akureyri,1:0,Home
2025-06-15T23:15:16.144Z,133,Varbergs BoIS,Vasteraas SK,1:0,Home
2025-06-15T23:15:16.144Z,133,CA Fenix Montevideo,Deportivo Maldonado,1:1,Draw
2025-06-15T23:15:16.144Z,133,Lysekloster,Arendal FK,2:1,Home
2025-06-15T23:15:16.144Z,133,CA San Telmo,Nueva Chicago,2:2,Draw
2025-06-15T23:15:16.144Z,133,CD Antofagasta,Deportes Magallanes,5:0,Home
2025-06-15T23:15:16.144Z,133,CD Tecnico Universitario,SD Aucas,1:1,Draw
2025-06-15T23:15:16.144Z,133,CA Guemes,Ferro Carril Oeste,1:1,Draw
2025-06-15T23:15:16.144Z,133,Sampdoria Genoa,US Salernitana,2:0,Home
2025-06-15T23:15:16.144Z,133,Deportivo Madryn,CA Atlanta,1:1,Draw
2025-06-15T23:15:16.144Z,133,CA Alvarado,CA Colegiales,1:0,Home
2025-06-15T23:15:16.144Z,133,AC Goianiense GO,Coritiba FC PR,0:0,Draw
2025-06-15T23:15:16.144Z,133,Tacuarembo FC,Club Atletico Rentistas,2:1,Home
2025-06-15T23:15:16.144Z,133,Envigado FC,Aguilas Doradas Rionegro,2:0,Home
2025-06-15T23:15:16.144Z,133,Coquimbo Unido,Universidad de Chile,1:0,Home
2025-06-15T23:15:16.144Z,133,Fram Reykjavik,FH Hafnarfjordur,2:0,Home
2025-06-23T19:05:49.468Z,134,IK Oddevold,Varbergs BoIS,2:1,Home
2025-06-23T19:05:49.468Z,134,KFUM Oslo,Stroemsgodset IF,5:0,Home
2025-06-23T19:05:49.468Z,134,HamKam,Tromsoe IL,1:3,Away
2025-06-23T19:05:49.468Z,134,CA San Telmo,Chacarita Juniors,0:1,Away
2025-06-23T19:05:49.468Z,134,Deportes La Serena,Deportes Limache,1:1,Draw
2025-06-23T19:05:49.468Z,134,CD Santa Cruz,CD Antofagasta,3:0,Home
2025-06-23T19:05:49.468Z,134,York United FC,Atletico Ottawa,0:0,Draw
2025-06-23T19:05:49.468Z,134,LDU Quito,CSD Independiente del Valle,1:1,Draw
2025-06-23T19:05:49.468Z,134,Ferro Carril Oeste,San Martin de Tucuman,0:2,Away
2025-06-23T19:05:49.468Z,134,US Salernitana,Sampdoria Genoa,0:2,Away
2025-06-23T19:05:49.468Z,134,Agropecuario Argentino,CA Defensores de Belgrano,1:1,Draw
2025-06-23T19:05:49.468Z,134,Club Almirante Brown,CA Estudiantes,0:1,Away
2025-06-23T19:05:49.468Z,134,Universidad de Concepcion,Deportes Copiapo,1:0,Home
2025-06-23T19:05:49.468Z,134,Gimnasia y Esgrima de Jujuy,Estudiantes Rio Cuarto,2:2,Draw
2025-06-23T19:05:49.468Z,134,IA Akranes,Stjarnan Gardabae,0:3,Away
2025-06-23T19:05:49.468Z,134,CA Central Norte Salta,Deportivo Moron,0:0,Draw
2025-06-23T19:05:49.468Z,134,Mitre Santiago del Estero,CA Temperley,2:2,Draw
2025-06-29T21:23:23.437Z,135,SE Palmeiras SP,Botafogo FR RJ,0:0,Draw
2025-06-29T21:23:23.437Z,135,CA Rosario Central,Union de Santa Fe,0:0,Draw
2025-06-29T21:23:23.437Z,135,England,Germany,2:2,Draw
2025-06-29T21:23:23.437Z,135,SL Benfica,Chelsea FC,1:1,Draw
2025-06-29T21:23:23.437Z,135,Degerfors IF,IF Brommapojkarna,0:3,Away
2025-06-29T21:23:23.437Z,135,FK Haugesund,Kristiansund BK,0:0,Draw
2025-06-29T21:23:23.437Z,135,Hacken Gothenburg,GAIS,1:3,Away
2025-06-29T21:23:23.437Z,135,Fredrikstad FK,Tromsoe IL,0:1,Away
2025-06-29T21:23:23.437Z,135,Stroemsgodset IF,Vaalerenga IF,0:2,Away
2025-06-29T21:23:23.437Z,135,CA All Boys,CA Atlanta,0:0,Draw
2025-06-29T21:23:23.437Z,135,Racing Club Montevideo,Montevideo City Torque,1:1,Draw
2025-06-29T21:23:23.437Z,135,CD Maipu,CA San Miguel,0:1,Away
2025-06-29T21:23:23.437Z,135,CA Alvarado,CA Racing de Cordoba,0:1,Away
2025-06-29T21:23:23.437Z,135,Sacachispas FC,CSD San Martin,1:1,Draw
2025-06-29T21:23:23.437Z,135,CS Dock Sud,Club Comunicaciones,0:0,Draw
2025-06-29T21:23:23.437Z,135,Athletic Club Sjdr MG,Clube do Remo PA,1:2,Away
2025-06-29T21:23:23.437Z,135,Volta Redonda FC RJ,Operario Ferroviario EC PR,1:0,Home
2025-07-06T22:36:45.245Z,136,Club Almagro,CD Maipu,0:1,Away
2025-07-06T22:36:45.245Z,136,Clube do Remo PA,Cuiaba EC MT,0:0,Draw
2025-07-06T22:36:45.245Z,136,Tromsoe IL,Molde FK,1:0,Home
2025-07-06T22:36:45.245Z,136,Ehime FC,Montedio Yamagata,1:3,Away
2025-07-06T22:36:45.245Z,136,FC Gifu,SC Sagamihara,1:1,Draw
2025-07-06T22:36:45.245Z,136,Gimpo FC,Busan I Park,3:0,Home
2025-07-06T22:36:45.245Z,136,Sandefjord Fotball,Rosenborg BK,2:0,Home
2025-07-06T22:36:45.245Z,136,La Luz FC,CA Fenix Montevideo,2:2,Draw
2025-07-06T22:36:45.245Z,136,Nueva Chicago,Mitre Santiago del Estero,2:0,Home
2025-07-06T22:36:45.245Z,136,Club Nacional de Football,CA Penarol Montevideo,0:0,Draw
2025-07-06T22:36:45.245Z,136,Chacarita Juniors,CA Defensores de Belgrano,0:2,Away
2025-07-06T22:36:45.245Z,136,CA Patronato Parana,CSD Tristan Suarez,2:0,Home
2025-07-06T22:36:45.245Z,136,Ferroviaria Araraquara SP,Vila Nova FC GO,1:3,Away
2025-07-06T22:36:45.245Z,136,Deportes Magallanes,Deportes Copiapo,0:1,Away
2025-07-06T22:36:45.245Z,136,CD Universidad Catolica,Colo-Colo,2:0,Home
2025-07-06T22:36:45.245Z,136,Londrina EC PR,Guarani FC SP,1:1,Draw
2025-07-06T22:36:45.245Z,136,CA Guemes,San Martin de Tucuman,2:1,Home
2025-07-14T09:28:14.820Z,137,CA Talleres de Remedios,CA San Telmo,0:0,Draw
2025-07-14T09:28:14.820Z,137,Longford Town FC,Kerry FC,3:1,Home
2025-07-14T09:28:14.820Z,137,CA Estudiantes,Gimnasia y Esgrima de Jujuy,0:0,Draw
2025-07-14T09:28:14.820Z,137,Envigado FC,Fortaleza FC,0:1,Away
2025-07-14T09:28:14.820Z,137,Toronto FC,Atlanta United FC,1:1,Draw
2025-07-14T09:28:14.820Z,137,Miami FC,Lexington SC,1:1,Draw
2025-07-14T09:28:14.820Z,137,Chicago Fire,San Diego FC,1:2,Away
2025-07-14T09:28:14.820Z,137,New Mexico United,Charleston Battery,1:2,Away
2025-07-14T09:28:14.820Z,137,Oakland Roots SC,Phoenix Rising FC,1:2,Away
2025-07-14T09:28:14.820Z,137,Shanghai Jiading City Dev,Nantong Zhiyun,0:1,Away
2025-07-14T09:28:14.820Z,137,GAIS,Hammarby IF,3:2,Home
2025-07-14T09:28:14.820Z,137,Bryne FK,Vaalerenga IF,1:0,Home
2025-07-14T09:28:14.820Z,137,Kristiansund BK,Sarpsborg 08,0:0,Draw
2025-07-14T09:28:14.820Z,137,SalPa,KaPa Kapylan Pallo,1:0,Home
2025-07-14T09:28:14.820Z,137,SK Brann,Viking FK,3:1,Home
2025-07-14T09:28:14.820Z,137,Mirassol FC SP,Fluminense FC RJ,PD:1,Home
2025-07-14T09:28:14.820Z,137,Mitre Santiago del Estero,CA Chaco For Ever,1:0,Home
2025-07-20T21:37:05.073Z,138,FK Mlada Boleslav,FC Slovan Liberec,3:3,Draw
2025-07-20T21:37:05.073Z,138,FC Farul Constanta,ASC Otelul Galati,3:2,Home
2025-07-20T21:37:05.073Z,138,FC Kuressaare,Parnu JK Vaprus,2:1,Home
2025-07-20T21:37:05.073Z,138,Union Saint-Gilloise,Club Brugge,1:2,Away
2025-07-20T21:37:05.073Z,138,HamKam,Fredrikstad FK,1:1,Draw
2025-07-20T21:37:05.073Z,138,Pumas UNAM,CF Pachuca,2:3,Away
2025-07-20T21:37:05.073Z,138,CD Tecnico Universitario,CSD Macara,1:0,Home
2025-07-20T21:37:05.073Z,138,RKS Radomiak Radom,Pogon Szczecin,5:1,Home
2025-07-20T21:37:05.073Z,138,Ayacucho FC,Atletico Grau,1:2,Away
2025-07-20T21:37:05.073Z,138,NK Maribor,NK Celje,1:2,Away
2025-07-20T21:37:05.073Z,138,Club Almirante Brown,Mitre Santiago del Estero,2:0,Home
2025-07-20T21:37:05.073Z,138,CA Guemes,Gimnasia Y Tiro de Salta,1:1,Draw
2025-07-20T21:37:05.073Z,138,Rapid Bucuresti 1923,FC CFR 1907 Cluj,1:1,Draw
2025-07-20T21:37:05.073Z,138,CA Defensores de Belgrano,Estudiantes Rio Cuarto,0:0,Draw
2025-07-20T21:37:05.073Z,138,Amazonas FC AM,Botafogo FC SP,3:0,Home
2025-07-20T21:37:05.073Z,138,EC Vitoria BA,Red Bull Bragantino SP,1:0,Home
2025-07-20T21:37:05.073Z,138,Vikingur Reykjavik,Valur Reykjavik,1:2,Away
2025-07-27T21:55:51.516Z,139,IF Vestri,IBV Vestmannaeyjar,2:0,Home
2025-07-27T21:55:51.516Z,139,Oud-Heverlee Leuven,Royal Charleroi SC,2:2,Draw
2025-07-27T21:55:51.516Z,139,FK Liepaja,FK Auda Riga,2:0,Home
2025-07-27T21:55:51.516Z,139,FC Orenburg,FC Dynamo-Makhachkala,1:1,Draw
2025-07-27T21:55:51.516Z,139,Polonia Warszawa,GKS Tychy,1:2,Away
2025-07-27T21:55:51.516Z,139,FC Nordsjaelland,Broendby IF,0:1,Away
2025-07-27T21:55:51.516Z,139,CD Antofagasta,Santiago Wanderers,4:1,Home
2025-07-27T21:55:51.516Z,139,FK Napredak Krusevac,FK Novi Pazar,2:2,Draw
2025-07-27T21:55:51.516Z,139,St. Truidense VV,KAA Gent,3:1,Home
2025-07-27T21:55:51.516Z,139,CA Alvarado,Ferro Carril Oeste,3:0,Home
2025-07-27T21:55:51.516Z,139,FK IMT Novi Beograd,FK Cukaricki Belgrade,1:3,Away
2025-07-27T21:55:51.516Z,139,ASC Otelul Galati,FC Dinamo Bucuresti 1948,2:1,Home
2025-07-27T21:55:51.516Z,139,CA Temperley,Gimnasia y Esgrima de Jujuy,1:0,Home
2025-07-27T21:55:51.516Z,139,Colon de Santa Fe,Gimnasia y Esgrima Mendoza,0:2,Away
2025-07-27T21:55:51.516Z,139,CD Universidad Catolica,Coquimbo Unido,0:3,Away
2025-07-27T21:55:51.516Z,139,AO Itabaiana SE,Ituano FC SP,3:1,Home
2025-07-27T21:55:51.516Z,139,SER Caxias do Sul,AA Ponte Preta SP,2:1,Home
2025-08-04T14:16:01.966Z,140,AGF Aarhus,FC Midtjylland,0:0,Draw
2025-08-04T14:16:01.966Z,140,Cercle Brugge,RSC Anderlecht,0:2,Away
2025-08-04T14:16:01.966Z,140,FC Sion,FC Lugano,4:0,Home
2025-08-04T14:16:01.966Z,140,Karpaty Lviv,FC Polissya Zhytomyr,0:2,Away
2025-08-04T14:16:01.966Z,140,Pogon Siedlce,Odra Opole,0:1,Away
2025-08-04T14:16:01.966Z,140,KFUM Oslo,Rosenborg BK,4:1,Home
2025-08-04T14:16:01.966Z,140,Karcag SE,Soroksar SC,3:2,Home
2025-08-04T14:16:01.966Z,140,LKP Motor Lublin,Jagiellonia Bialystok,PD:X,Draw
2025-08-04T14:16:01.966Z,140,Bekescsaba 1912 Elore,Szeged-Csanad Grosics Akademia,1:1,Draw
2025-08-04T14:16:01.966Z,140,Tiszakecskei LC,Mezokovesd Zsory SE,1:1,Draw
2025-08-04T14:16:01.966Z,140,Aqvital FC Csakvar,Bvsc-Zuglo,2:0,Home
2025-08-04T14:16:01.966Z,140,FC Dynamo-Makhachkala,RFK Akhmat Grozny,1:0,Home
2025-08-04T14:16:01.966Z,140,Gornik Leczna,Puszcza Niepolomice,2:2,Draw
2025-08-04T14:16:01.966Z,140,SV Wehen Wiesbaden,SSV Ulm 1846,3:1,Home
2025-08-04T14:16:01.966Z,140,Club Atletico Los Andes,CA Racing de Cordoba,2:0,Home
2025-08-04T14:16:01.966Z,140,CA Guemes,Deportivo Madryn,1:3,Away
2025-08-04T14:16:01.966Z,140,Club Olimpia,Cerro Porteno,2:3,Away
2025-08-11T14:26:01.725Z,141,IF Vestri,Fram Reykjavik,3:2,Home
2025-08-11T14:26:01.725Z,141,Leixoes SC,FC Felgueiras 1932,3:0,Home
2025-08-11T14:26:01.725Z,141,Odra Opole,GKS Tychy,0:0,Draw
2025-08-11T14:26:01.725Z,141,Tobol Kostanay,FC Astana,PD:X,Draw
2025-08-11T14:26:01.725Z,141,Amarante FC,Varzim SC,0:1,Away
2025-08-11T14:26:01.725Z,141,Vaasan Palloseura,Seinajoen JK,1:2,Away
2025-08-11T14:26:01.725Z,141,Borussia Dortmund,Juventus Turin,1:2,Away
2025-08-11T14:26:01.725Z,141,Zalaegerszeg TE,WKW ETO FC Gyor,1:1,Draw
2025-08-11T14:26:01.725Z,141,Eyupspor,Konyaspor,1:4,Away
2025-08-11T14:26:01.725Z,141,FC Famalicao,Santa Clara Azores,3:0,Home
2025-08-11T14:26:01.725Z,141,Danubio FC,CA Juventud de Las Piedras,2:1,Home
2025-08-11T14:26:01.725Z,141,NK Slaven Belupo,NK Varazdin,3:1,Home
2025-08-11T14:26:01.725Z,141,FC Dinamo Minsk,FC Torpedo Belaz Zhodino,4:0,Home
2025-08-11T14:26:01.725Z,141,Pharco FC,Enppi Club,0:0,Draw
2025-08-11T14:26:01.725Z,141,CA Alvarado,CA Guemes,1:1,Draw
2025-08-11T14:26:01.725Z,141,FK Radnicki Nis,FK Novi Pazar,2:3,Away
2025-08-11T14:26:01.725Z,141,Mitre Santiago del Estero,Gimnasia y Esgrima de Jujuy,1:1,Draw
2025-08-17T22:25:10.662Z,142,Heracles Almelo,NEC Nijmegen,1:4,Away
2025-08-17T22:25:10.662Z,142,FC Groningen,SC Heerenveen,2:1,Home
2025-08-17T22:25:10.662Z,142,Valencia CF,Real Sociedad San Sebastian,1:1,Draw
2025-08-17T22:25:10.662Z,142,Sparta Rotterdam,FC Utrecht,2:1,Home
2025-08-17T22:25:10.662Z,142,Nottingham Forest,Brentford FC,3:1,Home
2025-08-17T22:25:10.662Z,142,Kilmarnock FC,Dundee United,2:1,Home
2025-08-17T22:25:10.662Z,142,Rio Ave FC,Nacional da Madeira,1:1,Draw
2025-08-17T22:25:10.662Z,142,FK Dinamo Moscow,CSKA Moscow,1:3,Away
2025-08-17T22:25:10.662Z,142,KFUM Oslo,Molde FK,0:0,Draw
2025-08-17T22:25:10.662Z,142,AJ Auxerre,FC Lorient,1:0,Home
2025-08-17T22:25:10.662Z,142,FC Metz,Strasbourg Alsace,0:1,Away
2025-08-17T22:25:10.662Z,142,Angers SCO,Paris FC,1:0,Home
2025-08-17T22:25:10.662Z,142,Manchester United,Arsenal FC,0:1,Away
2025-08-17T22:25:10.662Z,142,Randers FC,Broendby IF,0:2,Away
2025-08-17T22:25:10.662Z,142,Royal Charleroi SC,Royal Antwerp FC,1:1,Draw
2025-08-17T22:25:10.662Z,142,Cercle Brugge,KVC Westerlo,4:1,Home
2025-08-17T22:25:10.662Z,142,SD Huesca,CD Leganes,1:1,Draw
2025-08-24T21:38:16.335Z,143,AS Roma,Bologna FC,1:0,Home
2025-08-24T21:38:16.335Z,143,Everton FC,Brighton & Hove Albion,2:0,Home
2025-08-24T21:38:16.335Z,143,IFK Varnamo,Hacken Gothenburg,1:5,Away
2025-08-24T21:38:16.335Z,143,CA Osasuna,Valencia CF,1:0,Home
2025-08-24T21:38:16.335Z,143,Fulham FC,Manchester United,1:1,Draw
2025-08-24T21:38:16.335Z,143,Como 1907,Lazio Rome,2:0,Home
2025-08-24T21:38:16.335Z,143,Cagliari Calcio,ACF Fiorentina,1:1,Draw
2025-08-24T21:38:16.335Z,143,NK Osijek,HNK Hajduk Split,0:2,Away
2025-08-24T21:38:16.335Z,143,Venezia FC,SSC Bari,2:1,Home
2025-08-24T21:38:16.335Z,143,Cultural Leonesa,UD Almeria,0:1,Away
2025-08-24T21:38:16.335Z,143,Pogon Siedlce,Puszcza Niepolomice,0:0,Draw
2025-08-24T21:38:16.335Z,143,MTK Budapest,Paksi FC,2:3,Away
2025-08-24T21:38:16.335Z,143,Lille OSC,AS Monaco,1:0,Home
2025-08-24T21:38:16.335Z,143,US Catanzaro,FC Sudtirol Bolzano,1:1,Draw
2025-08-24T21:38:16.335Z,143,Frosinone Calcio,US Avellino,2:0,Home
2025-08-24T21:38:16.335Z,143,CR Vasco da Gama RJ,SC Corinthians SP,2:3,Away
2025-08-24T21:38:16.335Z,143,Paysandu SC PA,Operario Ferroviario EC PR,1:2,Away
2025-08-31T21:19:52.480Z,144,Girona FC,Sevilla FC,0:2,Away
2025-08-31T21:19:52.480Z,144,Dundee FC,Dundee United,0:2,Away
2025-08-31T21:19:52.480Z,144,Odense Boldklub,FC Nordsjaelland,1:2,Away
2025-08-31T21:19:52.480Z,144,CD Tondela,Estoril Praia,2:2,Draw
2025-08-31T21:19:52.480Z,144,HamKam,Sarpsborg 08,1:3,Away
2025-08-31T21:19:52.480Z,144,FC Andorra,Burgos CF,2:1,Home
2025-08-31T21:19:52.480Z,144,CSKA Moscow,FK Krasnodar,1:1,Draw
2025-08-31T21:19:52.480Z,144,RC Celta de Vigo,Villarreal CF,1:1,Draw
2025-08-31T21:19:52.480Z,144,NK Lokomotiva Zagreb,NK Osijek,1:1,Draw
2025-08-31T21:19:52.480Z,144,Torino FC,ACF Fiorentina,0:0,Draw
2025-08-31T21:19:52.480Z,144,FC Sudtirol Bolzano,Sampdoria Genoa,3:1,Home
2025-08-31T21:19:52.480Z,144,Real Betis Seville,Athletic Bilbao,1:2,Away
2025-08-31T21:19:52.480Z,144,Espanyol Barcelona,CA Osasuna,1:0,Home
2025-08-31T21:19:52.480Z,144,Beitar Jerusalem FC,Maccabi Haifa FC,0:0,Draw
2025-08-31T21:19:52.480Z,144,1. FC Cologne,SC Freiburg,4:1,Home
2025-08-31T21:19:52.480Z,144,Olympique Lyon,Olympique Marseille,1:0,Home
2025-08-31T21:19:52.480Z,144,SSC Bari,AC Monza,1:1,Draw
2025-09-07T22:50:43.646Z,145,Ireland,Hungary,2:2,Draw
2025-09-07T22:50:43.646Z,145,Union San Felipe,Curico Unido,4:2,Home
2025-09-07T22:50:43.646Z,145,Velez Sarsfield,CA Central Cordoba SE,2:0,Home
2025-09-07T22:50:43.646Z,145,Estoril Praia,Santa Clara Azores,0:1,Away
2025-09-07T22:50:43.646Z,145,AD Ceuta,SD Huesca,2:1,Home
2025-09-07T22:50:43.646Z,145,Sol de America Villa Elisa,Club River Plate Asuncion,1:0,Home
2025-09-07T22:50:43.646Z,145,MKS Stal Jasien,Karkonosze Jelenia Gora,3:2,Home
2025-09-07T22:50:43.646Z,145,Warta Poznan,Zaglebie Sosnowiec,1:0,Home
2025-09-07T22:50:43.646Z,145,CA Cerro,Cerro Largo FC,0:1,Away
2025-09-07T22:50:43.646Z,145,Burgos CF,UD Las Palmas,0:0,Draw
2025-09-07T22:50:43.646Z,145,CD Arenteiro,Unionistas de Salamanca CF,1:0,Home
2025-09-07T22:50:43.646Z,145,Cultural Leonesa,CD Leganes,0:0,Draw
2025-09-07T22:50:43.646Z,145,Cobresal,CD Palestino,2:1,Home
2025-09-07T22:50:43.646Z,145,Envigado FC,Aguilas Doradas Rionegro,1:1,Draw
2025-09-07T22:50:43.646Z,145,Floresta EC CE,SER Caxias do Sul,0:0,Draw
2025-09-07T22:50:43.646Z,145,CA Central Norte Salta,Agropecuario Argentino,0:2,Away
2025-09-07T22:50:43.646Z,145,Deportes Concepcion,CD Cobreloa Calama,4:0,Home
2025-09-14T21:25:53.407Z,146,ACF Fiorentina,SSC Napoli,1:3,Away
2025-09-14T21:25:53.407Z,146,Pisa SC,Udinese Calcio,0:1,Away
2025-09-14T21:25:53.407Z,146,FC St. Pauli,FC Augsburg,2:1,Home
2025-09-14T21:25:53.407Z,146,Levante UD,Real Betis Seville,2:2,Draw
2025-09-14T21:25:53.407Z,146,IK Sirius,GAIS,3:0,Home
2025-09-14T21:25:53.407Z,146,FC Luzern,Young Boys Bern,1:2,Away
2025-09-14T21:25:53.407Z,146,SC Telstar,Fortuna Sittard,1:3,Away
2025-09-14T21:25:53.407Z,146,KFUM Oslo,Viking FK,2:2,Draw
2025-09-14T21:25:53.407Z,146,FC Metz,Angers SCO,1:1,Draw
2025-09-14T21:25:53.407Z,146,Stade Brest 29,Paris FC,1:2,Away
2025-09-14T21:25:53.407Z,146,Silkeborg IF,Odense Boldklub,2:1,Home
2025-09-14T21:25:53.407Z,146,RSC Anderlecht,KRC Genk,1:1,Draw
2025-09-14T21:25:53.407Z,146,CA Osasuna,Rayo Vallecano,2:0,Home
2025-09-14T21:25:53.407Z,146,St. Truidense VV,KVC Westerlo,0:3,Away
2025-09-14T21:25:53.407Z,146,Empoli FC,Spezia Calcio,1:1,Draw
2025-09-14T21:25:53.407Z,146,Stade Rennes,Olympique Lyon,3:1,Home
2025-09-14T21:25:53.407Z,146,Granada CF,CD Leganes,0:2,Away
2025-09-21T21:31:35.866Z,147,Manchester United,Chelsea FC,2:1,Home
2025-09-21T21:31:35.866Z,147,AFC Bournemouth,Newcastle United,0:0,Draw
2025-09-21T21:31:35.866Z,147,Albacete Balompie,Real Valladolid,2:0,Home
2025-09-21T21:31:35.866Z,147,CD Tondela,Estrela Amadora,0:0,Draw
2025-09-21T21:31:35.866Z,147,AZ Alkmaar,Feyenoord Rotterdam,3:3,Draw
2025-09-21T21:31:35.866Z,147,Stroemsgodset IF,Sarpsborg 08,2:1,Home
2025-09-21T21:31:35.866Z,147,AJ Auxerre,Toulouse FC,1:0,Home
2025-09-21T21:31:35.866Z,147,Le Havre AC,FC Lorient,1:1,Draw
2025-09-21T21:31:35.866Z,147,ACF Fiorentina,Como 1907,1:2,Away
2025-09-21T21:31:35.866Z,147,AGF Aarhus,Broendby IF,1:0,Home
2025-09-21T21:31:35.866Z,147,Malaga CF,Cadiz CF,0:1,Away
2025-09-21T21:31:35.866Z,147,Elche CF,Real Oviedo,1:0,Home
2025-09-21T21:31:35.866Z,147,Gil Vicente Barcelos,Estoril Praia,2:0,Home
2025-09-21T21:31:35.866Z,147,Yellow-Red KV Mechelen,Cercle Brugge,0:0,Draw
2025-09-21T21:31:35.866Z,147,Calcio Padova,Virtus Entella,2:1,Home
2025-09-21T21:31:35.866Z,147,Panathinaikos Athens,Olympiacos Piraeus,1:1,Draw
2025-09-21T21:31:35.866Z,147,Cordoba CF,Racing Santander,2:2,Draw
2025-09-28T21:15:44.175Z,148,RCD Mallorca,Deportivo Alaves,1:0,Home
2025-09-28T21:15:44.175Z,148,Aston Villa,Fulham FC,3:1,Home
2025-09-28T21:15:44.175Z,148,Pisa SC,ACF Fiorentina,0:0,Draw
2025-09-28T21:15:44.175Z,148,SC Freiburg,TSG Hoffenheim,1:1,Draw
2025-09-28T21:15:44.175Z,148,Lommel SK,RFC Liege,0:1,Away
2025-09-28T21:15:44.175Z,148,Elche CF,RC Celta de Vigo,2:1,Home
2025-09-28T21:15:44.175Z,148,FC Sion,Lausanne-Sport,0:0,Draw
2025-09-28T21:15:44.175Z,148,Angers SCO,Stade Brest 29,0:2,Away
2025-09-28T21:15:44.175Z,148,Lille OSC,Olympique Lyon,0:1,Away
2025-09-28T21:15:44.175Z,148,FC Metz,Le Havre AC,0:0,Draw
2025-09-28T21:15:44.175Z,148,1. FC Cologne,VfB Stuttgart,1:2,Away
2025-09-28T21:15:44.175Z,148,Newcastle United,Arsenal FC,1:2,Away
2025-09-28T21:15:44.175Z,148,FC Nordsjaelland,AGF Aarhus,1:2,Away
2025-09-28T21:15:44.175Z,148,MSK Zilina,FC Spartak Trnava,2:2,Draw
2025-09-28T21:15:44.175Z,148,FC Viktoria Cologne,VfL 1899 Osnabruck,0:0,Draw
2025-09-28T21:15:44.175Z,148,AC Milan,SSC Napoli,2:1,Home
2025-09-28T21:15:44.175Z,148,Stade Rennes,RC Lens,0:0,Draw
2025-10-05T20:57:09.212Z,149,Chelsea FC,Liverpool FC,2:1,Home
2025-10-05T20:57:09.212Z,149,Everton FC,Crystal Palace,2:1,Home
2025-10-05T20:57:09.212Z,149,ACF Fiorentina,AS Roma,1:2,Away
2025-10-05T20:57:09.212Z,149,SK Sigma Olomouc,FK Jablonec,2:0,Home
2025-10-05T20:57:09.212Z,149,CSKA Moscow,FK Spartak Moscow,3:2,Home
2025-10-05T20:57:09.212Z,149,Fatih Karagumruk Istanbul,Gaziantep FK,0:2,Away
2025-10-05T20:57:09.212Z,149,IF Brommapojkarna,Hacken Gothenburg,1:3,Away
2025-10-05T20:57:09.212Z,149,Stroemsgodset IF,KFUM Oslo,1:1,Draw
2025-10-05T20:57:09.212Z,149,Le Havre AC,Stade Rennes,2:2,Draw
2025-10-05T20:57:09.212Z,149,Hamburger SV,FSV Mainz,4:0,Home
2025-10-05T20:57:09.212Z,149,Espanyol Barcelona,Real Betis Seville,1:2,Away
2025-10-05T20:57:09.212Z,149,Rio Ave FC,CD Tondela,3:0,Home
2025-10-05T20:57:09.212Z,149,Club Brugge,Union Saint-Gilloise,1:0,Home
2025-10-05T20:57:09.212Z,149,Borussia Monchengladbach,SC Freiburg,0:0,Draw
2025-10-05T20:57:09.212Z,149,PAOK Thessaloniki,Olympiacos Piraeus,2:1,Home
2025-10-05T20:57:09.212Z,149,Go Ahead Eagles,NEC Nijmegen,1:1,Draw
2025-10-05T20:57:09.212Z,149,Juventus Turin,AC Milan,0:0,Draw
2025-10-11T22:27:24.046Z,150,AFC Wimbledon,Port Vale,1:1,Draw
2025-10-11T22:27:24.046Z,150,Exeter City,Reading FC,1:1,Draw
2025-10-11T22:27:24.046Z,150,Leyton Orient London,Doncaster Rovers,4:0,Home
2025-10-11T22:27:24.046Z,150,Wigan Athletic,Wycombe Wanderers,0:1,Away
2025-10-11T22:27:24.046Z,150,Bristol Rovers,Milton Keynes Dons,0:4,Away
2025-10-11T22:27:24.046Z,150,Crawley Town,Walsall FC,1:1,Draw
2025-10-11T22:27:24.046Z,150,Crewe Alexandra,Bromley FC,0:1,Away
2025-10-11T22:27:24.046Z,150,Shrewsbury Town,Cambridge United,2:0,Home
2025-10-11T22:27:24.046Z,150,Tranmere Rovers FC,Barnet FC,0:2,Away
2025-10-11T22:27:24.046Z,150,Glenavon FC,Bangor FC,0:3,Away
2025-10-11T22:27:24.046Z,150,CD Mirandes,CD Leganes,0:0,Draw
2025-10-11T22:27:24.046Z,150,CD Trofense,Varzim SC,2:1,Home
2025-10-11T22:27:24.046Z,150,Forli FC,Ternana Calcio,1:1,Draw
2025-10-11T22:27:24.046Z,150,Real Sociedad San Sebastian B,FC Andorra,3:0,Home
2025-10-11T22:27:24.046Z,150,GKS Jastrzebie,KKS 1925 Kalisz,0:1,Away
2025-10-11T22:27:24.046Z,150,Cerro Largo FC,CA Boston River,2:2,Draw
2025-10-11T22:27:24.046Z,150,CSD Flandria,Argentino de Merlo,1:0,Home
2025-10-19T19:03:14.484Z,151,AS Roma,Inter Milano,0:1,Away
2025-10-19T19:03:14.484Z,151,Elche CF,Athletic Bilbao,0:0,Draw
2025-10-19T19:03:14.484Z,151,Excelsior Rotterdam,Fortuna Sittard,1:0,Home
2025-10-19T19:03:14.484Z,151,Tottenham Hotspur,Aston Villa,1:2,Away
2025-10-19T19:03:14.484Z,151,SC Freiburg,Eintracht Frankfurt,2:2,Draw
2025-10-19T19:03:14.484Z,151,Alanyaspor,Goztepe Izmir,1:0,Home
2025-10-19T19:03:14.484Z,151,FCV Dender EH,Yellow-Red KV Mechelen,1:3,Away
2025-10-19T19:03:14.484Z,151,RC Celta de Vigo,Real Sociedad San Sebastian,1:1,Draw
2025-10-19T19:03:14.484Z,151,FC Luzern,Lausanne-Sport,2:2,Draw
2025-10-19T19:03:14.484Z,151,IFK Varnamo,IF Brommapojkarna,1:1,Draw
2025-10-19T19:03:14.484Z,151,HamKam,Vaalerenga IF,2:1,Home
2025-10-19T19:03:14.484Z,151,FC Lorient,Stade Brest 29,3:3,Draw
2025-10-19T19:03:14.484Z,151,Empoli FC,Venezia FC,1:1,Draw
2025-10-19T19:03:14.484Z,151,FC St. Pauli,TSG Hoffenheim,0:3,Away
2025-10-19T19:03:14.484Z,151,Levante UD,Rayo Vallecano,0:3,Away
2025-10-19T19:03:14.484Z,151,Cordoba CF,UD Almeria,1:1,Draw
2025-10-19T19:03:14.484Z,151,Racing Santander,RC Deportivo La Coruna,2:1,Home
2025-10-26T22:03:54.290Z,152,RC Lens,Olympique Marseille,2:1,Home
2025-10-26T22:03:54.290Z,152,Feyenoord Rotterdam,PSV Eindhoven,2:3,Away
2025-10-26T22:03:54.290Z,152,Hellas Verona,Cagliari Calcio,2:2,Draw
2025-10-26T22:03:54.290Z,152,Calcio Padova,Juve Stabia,2:2,Draw
2025-10-26T22:03:54.290Z,152,Aberdeen FC,Hibernian FC,1:2,Away
2025-10-26T22:03:54.290Z,152,APO Levadiakos FC,Aris Thessaloniki,1:1,Draw
2025-10-26T22:03:54.290Z,152,Derry City FC,Shamrock Rovers,2:1,Home
2025-10-26T22:03:54.290Z,152,FC Viktoria Cologne,Hansa Rostock,2:4,Away
2025-10-26T22:03:54.290Z,152,Servette Geneva,FC Lugano,2:1,Home
2025-10-26T22:03:54.290Z,152,AJ Auxerre,Le Havre AC,0:1,Away
2025-10-26T22:03:54.290Z,152,Stade Rennes,OGC Nice,1:2,Away
2025-10-26T22:03:54.290Z,152,Angers SCO,FC Lorient,2:0,Home
2025-10-26T22:03:54.290Z,152,Everton FC,Tottenham Hotspur,0:3,Away
2025-10-26T22:03:54.290Z,152,ACF Fiorentina,Bologna FC,2:2,Draw
2025-10-26T22:03:54.290Z,152,CA Osasuna,RC Celta de Vigo,2:3,Away
2025-10-26T22:03:54.290Z,152,Lazio Rome,Juventus Turin,1:0,Home
2025-10-26T22:03:54.290Z,152,Olympique Lyon,Strasbourg Alsace,2:1,Home
2025-11-02T22:12:31.725Z,153,Tottenham Hotspur,Chelsea FC,0:1,Away
2025-11-02T22:12:31.725Z,153,Fortuna Dusseldorf,1 FC Kaiserslautern,1:1,Draw
2025-11-02T22:12:31.725Z,153,FC Andorra,Cadiz CF,0:0,Draw
2025-11-02T22:12:31.725Z,153,Levante UD,RC Celta de Vigo,1:2,Away
2025-11-02T22:12:31.725Z,153,FC Groningen,FC Twente Enschede,1:1,Draw
2025-11-02T22:12:31.725Z,153,Kayserispor,Kasimpasa Istanbul,3:2,Home
2025-11-02T22:12:31.725Z,153,SSC Bari,Cesena FC,1:0,Home
2025-11-02T22:12:31.725Z,153,US Catanzaro,Venezia FC,2:1,Home
2025-11-02T22:12:31.725Z,153,Sporting Gijon,UD Las Palmas,0:0,Draw
2025-11-02T22:12:31.725Z,153,Deportivo Alaves,Espanyol Barcelona,2:1,Home
2025-11-02T22:12:31.725Z,153,HamKam,Sandefjord Fotball,3:1,Home
2025-11-02T22:12:31.725Z,153,SK Rapid,SK Sturm Graz,2:1,Home
2025-11-02T22:12:31.725Z,153,VfL Wolfsburg,TSG Hoffenheim,2:3,Away
2025-11-02T22:12:31.725Z,153,Besiktas Istanbul,Fenerbahce Istanbul,2:3,Away
2025-11-02T22:12:31.725Z,153,RAAL La Louviere,Cercle Brugge,2:1,Home
2025-11-02T22:12:31.725Z,153,Stade Brest 29,Olympique Lyon,0:0,Draw
2025-11-02T22:12:31.725Z,153,Real Zaragoza,RC Deportivo La Coruna,0:2,Away
2025-11-09T22:10:50.292Z,154,Espanyol Barcelona,Villarreal CF,0:2,Away
2025-11-09T22:10:50.292Z,154,Nottingham Forest,Leeds United,3:1,Home
2025-11-09T22:10:50.292Z,154,Crystal Palace,Brighton & Hove Albion,0:0,Draw
2025-11-09T22:10:50.292Z,154,Brentford FC,Newcastle United,3:1,Home
2025-11-09T22:10:50.292Z,154,Genoa CFC,ACF Fiorentina,2:2,Draw
2025-11-09T22:10:50.292Z,154,FC Lorient,Toulouse FC,1:1,Draw
2025-11-09T22:10:50.292Z,154,Bologna FC,SSC Napoli,2:0,Home
2025-11-09T22:10:50.292Z,154,Estrela Amadora,Nacional da Madeira,1:1,Draw
2025-11-09T22:10:50.292Z,154,FC St. Gallen 1879,Young Boys Bern,1:4,Away
2025-11-09T22:10:50.292Z,154,SK Sturm Graz,FC Salzburg,1:1,Draw
2025-11-09T22:10:50.292Z,154,Sandefjord Fotball,Tromsoe IL,1:0,Home
2025-11-09T22:10:50.292Z,154,Strasbourg Alsace,Lille OSC,2:0,Home
2025-11-09T22:10:50.292Z,154,Angers SCO,AJ Auxerre,2:0,Home
2025-11-09T22:10:50.292Z,154,Valencia CF,Real Betis Seville,1:1,Draw
2025-11-09T22:10:50.292Z,154,RCD Mallorca,Getafe CF,1:0,Home
2025-11-09T22:10:50.292Z,154,Panathinaikos Athens,PAOK Thessaloniki,2:1,Home
2025-11-09T22:10:50.292Z,154,Cadiz CF,Real Valladolid,0:0,Draw
2025-11-16T19:54:01.485Z,155,Burton Albion,Blackpool FC,1:0,Home
2025-11-16T19:54:01.485Z,155,Port Vale,Wycombe Wanderers,0:0,Draw
2025-11-16T19:54:01.485Z,155,Accrington Stanley,Bristol Rovers,3:1,Home
2025-11-16T19:54:01.485Z,155,Cambridge United,Barnet FC,0:0,Draw
2025-11-16T19:54:01.485Z,155,Fleetwood Town,Swindon Town,1:1,Draw
2025-11-16T19:54:01.485Z,155,CA Osasuna B,Barakaldo CF,2:0,Home
2025-11-16T19:54:01.485Z,155,Milton Keynes Dons,Salford City,2:0,Home
2025-11-16T19:54:01.485Z,155,AC Lumezzane,Pro Vercelli 1892,3:1,Home
2025-11-16T19:54:01.485Z,155,Triestina Calcio 1918,AC Trento,1:1,Draw
2025-11-16T19:54:01.485Z,155,Bosnia and Herzegovina,Romania,3:1,Home
2025-11-16T19:54:01.485Z,155,Greece,Scotland,3:2,Home
2025-11-16T19:54:01.485Z,155,Mexico,Uruguay,0:0,Draw
2025-11-16T19:54:01.485Z,155,Vissel Kobe,Sanfrecce Hiroshima,2:0,Home
2025-11-16T19:54:01.485Z,155,AD Alcorcon,Atletico Madrid B,0:1,Away
2025-11-16T19:54:01.485Z,155,AD Ceuta,CD Leganes,1:2,Away
2025-11-16T19:54:01.485Z,155,Cordoba CF,RC Deportivo La Coruna,1:3,Away
2025-11-16T19:54:01.485Z,155,CD Mirandes,Burgos CF,0:2,Away
2025-11-23T20:32:29.961Z,156,SSC Napoli,Atalanta BC,3:1,Home
2025-11-23T20:32:29.961Z,156,1 FC Nuremberg,Arminia Bielefeld,2:0,Home
2025-11-23T20:32:29.961Z,156,Real Oviedo,Rayo Vallecano,0:0,Draw
2025-11-23T20:32:29.961Z,156,Bryne FK,Sarpsborg 08,0:3,Away
2025-11-23T20:32:29.961Z,156,Leeds United,Aston Villa,1:2,Away
2025-11-23T20:32:29.961Z,156,Mantova 1911,Spezia Calcio,4:1,Home
2025-11-23T20:32:29.961Z,156,Al Ittihad Al Sakandary,El Gouna FC,0:2,Away
2025-11-23T20:32:29.961Z,156,SD Huesca,Sporting Gijon,2:0,Home
2025-11-23T20:32:29.961Z,156,Richards Bay FC,Durban City,0:0,Draw
2025-11-23T20:32:29.961Z,156,FC Nantes,FC Lorient,1:1,Draw
2025-11-23T20:32:29.961Z,156,Primorje Ajdovscina,Mura Murska Sobota,1:0,Home
2025-11-23T20:32:29.961Z,156,FC St. Pauli,Union Berlin,0:1,Away
2025-11-23T20:32:29.961Z,156,Lokomotiv Moscow,FK Krasnodar,1:1,Draw
2025-11-23T20:32:29.961Z,156,HNK Gorica,NK Istra 1961,1:0,Home
2025-11-23T20:32:29.961Z,156,1. FC Slovacko Uherske Hradiste,FC Zlin,2:0,Home
2025-11-23T20:32:29.961Z,156,Burgos CF,Racing Santander,0:2,Away
2025-11-23T20:32:29.961Z,156,Oud-Heverlee Leuven,St. Truidense VV,1:2,Away
2025-11-30T22:04:07.569Z,157,Sunderland AFC,AFC Bournemouth,3:2,Home
2025-11-30T22:04:07.569Z,157,Everton FC,Newcastle United,1:4,Away
2025-11-30T22:04:07.569Z,157,Bayer Leverkusen,Borussia Dortmund,1:2,Away
2025-11-30T22:04:07.569Z,157,Tottenham Hotspur,Fulham FC,1:2,Away
2025-11-30T22:04:07.569Z,157,US Lecce,Torino FC,2:1,Home
2025-11-30T22:04:07.569Z,157,Crystal Palace,Manchester United,1:2,Away
2025-11-30T22:04:07.569Z,157,Real Sociedad San Sebastian,Villarreal CF,2:3,Away
2025-11-30T22:04:07.569Z,157,Nottingham Forest,Brighton & Hove Albion,0:2,Away
2025-11-30T22:04:07.569Z,157,Hamburger SV,VfB Stuttgart,2:1,Home
2025-11-30T22:04:07.569Z,157,Sevilla FC,Real Betis Seville,0:2,Away
2025-11-30T22:04:07.569Z,157,FC Twente Enschede,AZ Alkmaar,1:0,Home
2025-11-30T22:04:07.569Z,157,FC Lorient,OGC Nice,3:1,Home
2025-11-30T22:04:07.569Z,157,Chelsea FC,Arsenal FC,1:1,Draw
2025-11-30T22:04:07.569Z,157,RC Celta de Vigo,Espanyol Barcelona,0:1,Away
2025-11-30T22:04:07.569Z,157,RSC Anderlecht,Union Saint-Gilloise,1:0,Home
2025-11-30T22:04:07.569Z,157,SC Freiburg,FSV Mainz,4:0,Home
2025-11-30T22:04:07.569Z,157,AS Roma,SSC Napoli,0:1,Away
2025-12-07T22:03:48.595Z,158,AFC Bournemouth,Chelsea FC,0:0,Draw
2025-12-07T22:03:48.595Z,158,Toulouse FC,Strasbourg Alsace,1:0,Home
2025-12-07T22:03:48.595Z,158,Heracles Almelo,SC Telstar,1:1,Draw
2025-12-07T22:03:48.595Z,158,Athletic Bilbao,Atletico Madrid,1:0,Home
2025-12-07T22:03:48.595Z,158,US Cremonese,US Lecce,2:0,Home
2025-12-07T22:03:48.595Z,158,Elche CF,Girona FC,3:0,Home
2025-12-07T22:03:48.595Z,158,Cadiz CF,Racing Santander,2:3,Away
2025-12-07T22:03:48.595Z,158,Hamburger SV,Werder Bremen,3:2,Home
2025-12-07T22:03:48.595Z,158,CD Leganes,Cordoba CF,0:0,Draw
2025-12-07T22:03:48.595Z,158,Valencia CF,Sevilla FC,1:1,Draw
2025-12-07T22:03:48.595Z,158,Le Havre AC,Paris FC,0:0,Draw
2025-12-07T22:03:48.595Z,158,Fulham FC,Crystal Palace,1:2,Away
2025-12-07T22:03:48.595Z,158,Lazio Rome,Bologna FC,1:1,Draw
2025-12-07T22:03:48.595Z,158,RC Deportivo La Coruna,CD Castellon,1:3,Away
2025-12-07T22:03:48.595Z,158,Espanyol Barcelona,Rayo Vallecano,1:0,Home
2025-12-07T22:03:48.595Z,158,FC Lorient,Olympique Lyon,1:0,Home
2025-12-07T22:03:48.595Z,158,SSC Napoli,Juventus Turin,2:1,Home
2025-12-14T22:54:26.165Z,159,Parma Calcio,Lazio Rome,0:1,Away
2025-12-14T22:54:26.165Z,159,Getafe CF,Espanyol Barcelona,0:1,Away
2025-12-14T22:54:26.165Z,159,Sparta Rotterdam,SC Heerenveen,0:3,Away
2025-12-14T22:54:26.165Z,159,KAA Gent,Royal Antwerp FC,0:2,Away
2025-12-14T22:54:26.165Z,159,Ajax Amsterdam,Feyenoord Rotterdam,2:0,Home
2025-12-14T22:54:26.165Z,159,Sunderland AFC,Newcastle United,1:0,Home
2025-12-14T22:54:26.165Z,159,Carrarese Calcio,Virtus Entella,3:1,Home
2025-12-14T22:54:26.165Z,159,Fatih Karagumruk Istanbul,Kocaelispor,1:1,Draw
2025-12-14T22:54:26.165Z,159,Nottingham Forest,Tottenham Hotspur,3:0,Home
2025-12-14T22:54:26.165Z,159,SC Freiburg,Borussia Dortmund,1:1,Draw
2025-12-14T22:54:26.165Z,159,RC Celta de Vigo,Athletic Bilbao,2:0,Home
2025-12-14T22:54:26.165Z,159,NAC Breda,FC Utrecht,1:1,Draw
2025-12-14T22:54:26.165Z,159,Trabzonspor,Besiktas Istanbul,3:3,Draw
2025-12-14T22:54:26.165Z,159,Werder Bremen,VfB Stuttgart,0:4,Away
2025-12-14T22:54:26.165Z,159,Bologna FC,Juventus Turin,0:1,Away
2025-12-14T22:54:26.165Z,159,AD Ceuta,UD Las Palmas,1:1,Draw
2025-12-14T22:54:26.165Z,159,FC Arouca,FC Alverca SAD,1:0,Home
2025-12-21T22:22:18.838Z,160,Queens Park Rangers,Leicester City,4:1,Home
2025-12-21T22:22:18.838Z,160,CA Osasuna,Deportivo Alaves,3:0,Home
2025-12-21T22:22:18.838Z,160,Leeds United,Crystal Palace,4:1,Home
2025-12-21T22:22:18.838Z,160,Estrela Amadora,Moreirense FC,0:0,Draw
2025-12-21T22:22:18.838Z,160,Malaga CF,UD Almeria,2:1,Home
2025-12-21T22:22:18.838Z,160,Go Ahead Eagles,FC Groningen,1:1,Draw
2025-12-21T22:22:18.838Z,160,Sassuolo Calcio,Torino FC,0:1,Away
2025-12-21T22:22:18.838Z,160,CD Mirandes,Cordoba CF,1:2,Away
2025-12-21T22:22:18.838Z,160,AE Larissa FC,Atromitos Athinon,0:0,Draw
2025-12-21T22:22:18.838Z,160,AVS Futebol SAD,Nacional da Madeira,2:2,Draw
2025-12-21T22:22:18.838Z,160,FC Volendam,Sparta Rotterdam,0:1,Away
2025-12-21T22:22:18.838Z,160,Mantova 1911,Empoli FC,0:1,Away
2025-12-21T22:22:18.838Z,160,Royal Antwerp FC,RSC Anderlecht,2:2,Draw
2025-12-21T22:22:18.838Z,160,Elche CF,Rayo Vallecano,4:0,Home
2025-12-21T22:22:18.838Z,160,Oud-Heverlee Leuven,Cercle Brugge,0:2,Away
2025-12-21T22:22:18.838Z,160,FC Viktoria Cologne,MSV Duisburg,0:0,Draw
2025-12-21T22:22:18.838Z,160,Cadiz CF,CD Castellon,2:0,Home
2025-12-28T22:21:20.581Z,161,Brentford FC,AFC Bournemouth,4:1,Home
2025-12-28T22:21:20.581Z,161,West Ham United,Fulham FC,0:1,Away
2025-12-28T22:21:20.581Z,161,Dundee FC,Falkirk FC,1:0,Home
2025-12-28T22:21:20.581Z,161,Queen of the South FC,Hamilton Academical FC,4:1,Home
2025-12-28T22:21:20.581Z,161,Forfar Athletic FC,Elgin City FC,4:2,Home
2025-12-28T22:21:20.581Z,161,RAAL La Louviere,Oud-Heverlee Leuven,0:0,Draw
2025-12-28T22:21:20.581Z,161,Udinese Calcio,Lazio Rome,1:1,Draw
2025-12-28T22:21:20.581Z,161,Uganda,Tanzania,1:1,Draw
2025-12-28T22:21:20.581Z,161,SSC Bari,US Avellino,1:1,Draw
2025-12-28T22:21:20.581Z,161,Nigeria,Tunisia,3:2,Home
2025-12-28T22:21:20.581Z,161,Malut United,Borneo Samarinda,3:2,Home
2025-12-28T22:21:20.581Z,161,Erbaaspor,Beyoglu Yeni Carsi,0:2,Away
2025-12-28T22:21:20.581Z,161,Sunderland AFC,Leeds United,1:1,Draw
2025-12-28T22:21:20.581Z,161,Equatorial Guinea,Sudan,0:1,Away
2025-12-28T22:21:20.581Z,161,Casa Pia Lisbon,Vitoria SC Guimaraes,0:0,Draw
2025-12-28T22:21:20.581Z,161,Atalanta BC,Inter Milano,0:1,Away
2025-12-28T22:21:20.581Z,161,Ivory Coast,Cameroon,1:1,Draw
2026-01-11T21:01:06.494Z,163,Algeria,Nigeria,0:2,Away
2026-01-11T21:01:06.494Z,163,Girona FC,CA Osasuna,1:0,Home
2026-01-11T21:01:06.494Z,163,Tottenham Hotspur,Aston Villa,1:2,Away
2026-01-11T21:01:06.494Z,163,US Lecce,Parma Calcio,1:2,Away
2026-01-11T21:01:06.494Z,163,CD Leganes,Real Valladolid,3:0,Home
2026-01-11T21:01:06.494Z,163,Sivasspor,Erzurumspor FK,0:2,Away
2026-01-11T21:01:06.494Z,163,Swansea City,West Bromwich Albion,1:1,Draw
2026-01-11T21:01:06.494Z,163,Unionistas de Salamanca CF,Zamora CF,0:0,Draw
2026-01-11T21:01:06.494Z,163,Granada CF,CD Castellon,0:0,Draw
2026-01-11T21:01:06.494Z,163,Levante UD,Espanyol Barcelona,1:1,Draw
2026-01-11T21:01:06.494Z,163,OFI Crete,Asteras Tripolis,4:0,Home
2026-01-11T21:01:06.494Z,163,GD Chaves,Maritimo Madeira,2:3,Away
2026-01-11T21:01:06.494Z,163,Nacional da Madeira,Santa Clara Azores,3:3,Draw
2026-01-11T21:01:06.494Z,163,Pendikspor,Bodrum FK,0:0,Draw
2026-01-11T21:01:06.494Z,163,Hellas Verona,Lazio Rome,0:1,Away
2026-01-11T21:01:06.494Z,163,FC Nantes,OGC Nice,1:1,Draw
2026-01-11T21:01:06.494Z,163,UD Oliveirense,CD Feirense,3:4,Away
2026-01-18T20:56:03.396Z,164,Sunderland AFC,Crystal Palace,2:1,Home
2026-01-18T20:56:03.396Z,164,Swansea City,Birmingham City,1:1,Draw
2026-01-18T20:56:03.396Z,164,Hertha BSC,Schalke 04,0:0,Draw
2026-01-18T20:56:03.396Z,164,Real Betis Seville,Villarreal CF,2:0,Home
2026-01-18T20:56:03.396Z,164,VfL Bochum,SV Darmstadt 98,3:3,Draw
2026-01-18T20:56:03.396Z,164,Holstein Kiel,SC Paderborn 07,2:0,Home
2026-01-18T20:56:03.396Z,164,CD Mirandes,FC Andorra,1:2,Away
2026-01-18T20:56:03.396Z,164,Getafe CF,Valencia CF,0:1,Away
2026-01-18T20:56:03.396Z,164,Kocaelispor,Trabzonspor,1:2,Away
2026-01-18T20:56:03.396Z,164,Genclerbirligi SK,Samsunspor,1:1,Draw
2026-01-18T20:56:03.396Z,164,FCV Dender EH,Royal Antwerp FC,1:0,Home
2026-01-18T20:56:03.396Z,164,Racing Santander,UD Las Palmas,4:1,Home
2026-01-18T20:56:03.396Z,164,Santa Clara Azores,FC Famalicao,0:1,Away
2026-01-18T20:56:03.396Z,164,FC Nantes,Paris FC,1:2,Away
2026-01-18T20:56:03.396Z,164,FC Augsburg,SC Freiburg,2:2,Draw
2026-01-18T20:56:03.396Z,164,Apollon Limassol,APOEL Nikosia,2:1,Home
2026-01-18T20:56:03.396Z,164,Maccabi Haifa FC,Maccabi Tel Aviv FC,4:1,Home
2026-01-25T22:57:01.422Z,165,Fulham FC,Brighton & Hove Albion,2:1,Home
2026-01-25T22:57:01.422Z,165,Valencia CF,Espanyol Barcelona,3:2,Home
2026-01-25T22:57:01.422Z,165,Cadiz CF,Granada CF,1:2,Away
2026-01-25T22:57:01.422Z,165,Estoril Praia,Vitoria SC Guimaraes,4:2,Home
2026-01-25T22:57:01.422Z,165,Genoa CFC,Bologna FC,3:2,Home
2026-01-25T22:57:01.422Z,165,FC Nantes,OGC Nice,1:4,Away
2026-01-25T22:57:01.422Z,165,Antalyaspor,Genclerbirligi SK,2:1,Home
2026-01-25T22:57:01.422Z,165,Aris Thessaloniki,APO Levadiakos FC,2:2,Draw
2026-01-25T22:57:01.422Z,165,Borussia Monchengladbach,VfB Stuttgart,0:3,Away
2026-01-25T22:57:01.422Z,165,Amarante FC,CD Trofense,1:1,Draw
2026-01-25T22:57:01.422Z,165,Heart of Midlothian FC,Celtic Glasgow,2:2,Draw
2026-01-25T22:57:01.422Z,165,FC St. Gallen 1879,Servette Geneva,2:4,Away
2026-01-25T22:57:01.422Z,165,US Catanzaro,Sampdoria Genoa,0:0,Draw
2026-01-25T22:57:01.422Z,165,Stade Brest 29,Toulouse FC,0:2,Away
2026-01-25T22:57:01.422Z,165,Aris Limassol FC,AC Omonia Nicosia,3:5,Away
2026-01-25T22:57:01.422Z,165,AS Roma,AC Milan,1:1,Draw
2026-01-25T22:57:01.422Z,165,Deportivo Alaves,Real Betis Seville,2:1,Home
2026-02-01T22:33:17.869Z,166,SV Zulte Waregem,KVC Westerlo,0:1,Away
2026-02-01T22:33:17.869Z,166,Rio Ave FC,FC Arouca,0:3,Away
2026-02-01T22:33:17.869Z,166,Cagliari Calcio,Hellas Verona,4:0,Home
2026-02-01T22:33:17.869Z,166,Sparta Rotterdam,FC Groningen,2:0,Home
2026-02-01T22:33:17.869Z,166,Dynamo Dresden,Arminia Bielefeld,1:1,Draw
2026-02-01T22:33:17.869Z,166,FC Luzern,FC St. Gallen 1879,2:2,Draw
2026-02-01T22:33:17.869Z,166,Heracles Almelo,Fortuna Sittard,2:1,Home
2026-02-01T22:33:17.869Z,166,Pro Vercelli 1892,Novara FC,1:0,Home
2026-02-01T22:33:17.869Z,166,Como 1907,Atalanta BC,0:0,Draw
2026-02-01T22:33:17.869Z,166,NK Maribor,NK Celje,3:3,Draw
2026-02-01T22:33:17.869Z,166,Gil Vicente Barcelos,FC Famalicao,5:0,Home
2026-02-01T22:33:17.869Z,166,CP Cacereno SAD,Barakaldo CF,0:0,Draw
2026-02-01T22:33:17.869Z,166,Getafe CF,RC Celta de Vigo,0:0,Draw
2026-02-01T22:33:17.869Z,166,SD Huesca,Cadiz CF,1:0,Home
2026-02-01T22:33:17.869Z,166,AEK Athens,Olympiacos Piraeus,1:1,Draw
2026-02-01T22:33:17.869Z,166,Granada CF,Racing Santander,1:0,Home
2026-02-01T22:33:17.869Z,166,Athletic Bilbao,Real Sociedad San Sebastian,1:1,Draw
2026-02-09T08:29:56.882Z,167,AFC Bournemouth,Aston Villa,1:1,Draw
2026-02-09T08:29:56.882Z,167,Real Zaragoza,SD Eibar,1:1,Draw
2026-02-09T08:29:56.882Z,167,Aberdeen FC,Motherwell FC,PD:1,Home
2026-02-09T08:29:56.882Z,167,Cadiz CF,UD Almeria,1:2,Away
2026-02-09T08:29:56.882Z,167,Deportivo Alaves,Getafe CF,0:2,Away
2026-02-09T08:29:56.882Z,167,Real Valladolid,CD Castellon,0:4,Away
2026-02-09T08:29:56.882Z,167,US Lecce,Udinese Calcio,2:1,Home
2026-02-09T08:29:56.882Z,167,Konyaspor,Goztepe Izmir,0:0,Draw
2026-02-09T08:29:56.882Z,167,Bohemians Dublin FC,Saint Patrick´s Athletic FC,0:0,Draw
2026-02-09T08:29:56.882Z,167,AD Ceuta,Cordoba CF,PD:1,Home
2026-02-09T08:29:56.882Z,167,Angers SCO,Toulouse FC,1:0,Home
2026-02-09T08:29:56.882Z,167,AJ Auxerre,Paris FC,0:0,Draw
2026-02-09T08:29:56.882Z,167,Liverpool FC,Manchester City,1:2,Away
2026-02-09T08:29:56.882Z,167,HNK Rijeka,GNK Dinamo Zagreb,0:0,Draw
2026-02-09T08:29:56.882Z,167,Pafos FC,AC Omonia Nicosia,2:4,Away
2026-02-09T08:29:56.882Z,167,Yellow-Red KV Mechelen,Royal Antwerp FC,2:0,Home
2026-02-09T08:29:56.882Z,167,MSV Duisburg,SC Verl,4:2,Home
2026-02-15T22:17:22.064Z,168,Getafe CF,Villarreal CF,2:1,Home
2026-02-15T22:17:22.064Z,168,Lazio Rome,Atalanta BC,0:2,Away
2026-02-15T22:17:22.064Z,168,EA Guingamp,AS Saint-Etienne,1:2,Away
2026-02-15T22:17:22.064Z,168,Udinese Calcio,Sassuolo Calcio,1:2,Away
2026-02-15T22:17:22.064Z,168,Parma Calcio,Hellas Verona,2:1,Home
2026-02-15T22:17:22.064Z,168,US Cremonese,Genoa CFC,0:0,Draw
2026-02-15T22:17:22.064Z,168,Le Havre AC,Toulouse FC,2:1,Home
2026-02-15T22:17:22.064Z,168,Spezia Calcio,Frosinone Calcio,0:2,Away
2026-02-15T22:17:22.064Z,168,SSC Bari,FC Sudtirol Bolzano,1:2,Away
2026-02-15T22:17:22.064Z,168,Viborg FF,Broendby IF,1:0,Home
2026-02-15T22:17:22.064Z,168,FC Metz,AJ Auxerre,1:3,Away
2026-02-15T22:17:22.064Z,168,Istanbul Basaksehir,Besiktas Istanbul,2:3,Away
2026-02-15T22:17:22.064Z,168,Torino FC,Bologna FC,1:2,Away
2026-02-15T22:17:22.064Z,168,Levante UD,Valencia CF,0:2,Away
2026-02-15T22:17:22.064Z,168,Albacete Balompie,Sporting Gijon,1:1,Draw
2026-02-15T22:17:22.064Z,168,SSC Napoli,AS Roma,2:2,Draw
2026-02-15T22:17:22.064Z,168,RCD Mallorca,Real Betis Seville,1:2,Away
2026-02-22T22:07:11.593Z,169,West Ham United,AFC Bournemouth,0:0,Draw
2026-02-22T22:07:11.593Z,169,RB Leipzig,Borussia Dortmund,2:2,Draw
2026-02-22T22:07:11.593Z,169,UD Las Palmas,CD Castellon,1:1,Draw
2026-02-22T22:07:11.593Z,169,Getafe CF,Sevilla FC,0:1,Away
2026-02-22T22:07:11.593Z,169,Sunderland AFC,Fulham FC,1:3,Away
2026-02-22T22:07:11.593Z,169,Juve Stabia,Modena FC,1:2,Away
2026-02-22T22:07:11.593Z,169,AJ Auxerre,Stade Rennais FC,0:3,Away
2026-02-22T22:07:11.593Z,169,Atalanta BC,SSC Napoli,2:1,Home
2026-02-22T22:07:11.593Z,169,FK Teplice,SK Sigma Olomouc,1:3,Away
2026-02-22T22:07:11.593Z,169,LASK Linz,FC Salzburg,1:5,Away
2026-02-22T22:07:11.593Z,169,Reggiana 1919,US Avellino,1:1,Draw
2026-02-22T22:07:11.593Z,169,FC Nantes,Le Havre AC,2:0,Home
2026-02-22T22:07:11.593Z,169,FC St. Pauli,Werder Bremen,2:1,Home
2026-02-22T22:07:11.593Z,169,Korona Kielce,KKS Lech Poznan,1:2,Away
2026-02-22T22:07:11.593Z,169,Estoril Praia,Gil Vicente Barcelos,3:1,Home
2026-02-22T22:07:11.593Z,169,KVC Westerlo,Royal Charleroi SC,2:1,Home
2026-02-22T22:07:11.593Z,169,Strasbourg Alsace,Olympique Lyon,3:1,Home
2026-03-01T22:21:16.631Z,170,RCD Mallorca,Real Sociedad San Sebastian,0:1,Away
2026-03-01T22:21:16.631Z,170,US Avellino,Juve Stabia,0:0,Draw
2026-03-01T22:21:16.631Z,170,Elche CF,Espanyol Barcelona,2:2,Draw
2026-03-01T22:21:16.631Z,170,Brighton & Hove Albion,Nottingham Forest,2:1,Home
2026-03-01T22:21:16.631Z,170,US Catanzaro,Frosinone Calcio,2:2,Draw
2026-03-01T22:21:16.631Z,170,Paris FC,OGC Nice,1:0,Home
2026-03-01T22:21:16.631Z,170,CD Mirandes,AD Ceuta,0:1,Away
2026-03-01T22:21:16.631Z,170,Valencia CF,CA Osasuna,1:0,Home
2026-03-01T22:21:16.631Z,170,FC Utrecht,AZ Alkmaar,2:0,Home
2026-03-01T22:21:16.631Z,170,FC Fredericia,Silkeborg IF,2:1,Home
2026-03-01T22:21:16.631Z,170,Wolfsberger AC,SK Sturm Graz,2:2,Draw
2026-03-01T22:21:16.631Z,170,Eintracht Frankfurt,SC Freiburg,2:0,Home
2026-03-01T22:21:16.631Z,170,Torino FC,Lazio Rome,2:0,Home
2026-03-01T22:21:16.631Z,170,Casa Pia Lisbon,Moreirense FC,1:1,Draw
2026-03-01T22:21:16.631Z,170,Excelsior Rotterdam,Go Ahead Eagles,0:1,Away
2026-03-01T22:21:16.631Z,170,AS Roma,Juventus Turin,3:3,Draw
2026-03-01T22:21:16.631Z,170,Girona FC,RC Celta de Vigo,1:2,Away
2026-03-08T22:59:24.723Z,171,Levante UD,Girona FC,1:1,Draw
2026-03-08T22:59:24.723Z,171,FC Nantes,Angers SCO,0:1,Away
2026-03-08T22:59:24.723Z,171,Sligo Rovers FC,Drogheda United FC,2:1,Home
2026-03-08T22:59:24.723Z,171,Karlsruher SC,Dynamo Dresden,3:3,Draw
2026-03-08T22:59:24.723Z,171,Mantova 1911,Juve Stabia,2:0,Home
2026-03-08T22:59:24.723Z,171,FC St. Pauli,Eintracht Frankfurt,0:0,Draw
2026-03-08T22:59:24.723Z,171,Getafe CF,Real Betis Seville,2:0,Home
2026-03-08T22:59:24.723Z,171,FC Andorra,Sporting Gijon,1:0,Home
2026-03-08T22:59:24.723Z,171,Young Boys Bern,FC Thun,1:2,Away
2026-03-08T22:59:24.723Z,171,TSV Hartberg,Blau-Weiss Linz,1:1,Draw
2026-03-08T22:59:24.723Z,171,OGC Nice,Stade Rennais FC,0:4,Away
2026-03-08T22:59:24.723Z,171,Union Berlin,Werder Bremen,1:4,Away
2026-03-08T22:59:24.723Z,171,Sevilla FC,Rayo Vallecano,1:1,Draw
2026-03-08T22:59:24.723Z,171,CD Leganes,SD Eibar,0:1,Away
2026-03-08T22:59:24.723Z,171,Rapid Bucuresti 1923,CS Universitatea Craiova,1:1,Draw
2026-03-08T22:59:24.723Z,171,AC Milan,Inter Milano,1:0,Home
2026-03-08T22:59:24.723Z,171,Santa Clara Azores,Vitoria SC Guimaraes,2:0,Home
2026-03-15T22:25:31.697Z,172,Real Oviedo,Valencia CF,1:0,Home
2026-03-15T22:25:31.697Z,172,Angers SCO,OGC Nice,0:2,Away
2026-03-15T22:25:31.697Z,172,Hellas Verona,Genoa CFC,0:2,Away
2026-03-15T22:25:31.697Z,172,RCD Mallorca,Espanyol Barcelona,2:1,Home
2026-03-15T22:25:31.697Z,172,Crystal Palace,Leeds United,0:0,Draw
2026-03-15T22:25:31.697Z,172,Pisa SC,Cagliari Calcio,3:1,Home
2026-03-15T22:25:31.697Z,172,Sassuolo Calcio,Bologna FC,0:1,Away
2026-03-15T22:25:31.697Z,172,Werder Bremen,FSV Mainz,0:2,Away
2026-03-15T22:25:31.697Z,172,Nacional da Madeira,Estoril Praia,0:1,Away
2026-03-15T22:25:31.697Z,172,SC Freiburg,Union Berlin,0:1,Away
2026-03-15T22:25:31.697Z,172,Como 1907,AS Roma,2:1,Home
2026-03-15T22:25:31.697Z,172,Real Betis Seville,RC Celta de Vigo,1:1,Draw
2026-03-15T22:25:31.697Z,172,Rio Ave FC,Estrela Amadora,2:1,Home
2026-03-15T22:25:31.697Z,172,VfB Stuttgart,RB Leipzig,1:0,Home
2026-03-15T22:25:31.697Z,172,SSV Ulm 1846,FC Ingolstadt 04,1:3,Away
2026-03-15T22:25:31.697Z,172,Stade Rennais FC,Lille OSC,1:2,Away
2026-03-15T22:25:31.697Z,172,Sporting Gijon,CD Castellon,4:1,Home
2026-03-22T19:55:20.092Z,173,CA Osasuna,Girona FC,1:0,Home
2026-03-22T19:55:20.092Z,173,AJ Auxerre,Stade Brest 29,3:0,Home
2026-03-22T19:55:20.092Z,173,Leeds United,Brentford FC,0:0,Draw
2026-03-22T19:55:20.092Z,173,Sevilla FC,Valencia CF,0:2,Away
2026-03-22T19:55:20.092Z,173,Olympique Lyon,AS Monaco,1:2,Away
2026-03-22T19:55:20.092Z,173,Bologna FC,Lazio Rome,0:2,Away
2026-03-22T19:55:20.092Z,173,FC Sudtirol Bolzano,Frosinone Calcio,1:3,Away
2026-03-22T19:55:20.092Z,173,Tottenham Hotspur,Nottingham Forest,0:3,Away
2026-03-22T19:55:20.092Z,173,FSV Mainz,Eintracht Frankfurt,2:1,Home
2026-03-22T19:55:20.092Z,173,CD Mirandes,Real Valladolid,2:1,Home
2026-03-22T19:55:20.092Z,173,FC Groningen,AZ Alkmaar,3:0,Home
2026-03-22T19:55:20.092Z,173,SK Rapid,LASK Linz,4:2,Home
2026-03-22T19:55:20.092Z,173,Arsenal FC,Manchester City,0:2,Away
2026-03-22T19:55:20.092Z,173,FC St. Pauli,SC Freiburg,1:2,Away
2026-03-22T19:55:20.092Z,173,Standard Liege,KVC Westerlo,0:0,Draw
2026-03-22T19:55:20.092Z,173,SV Zulte Waregem,Royal Charleroi SC,1:0,Home
2026-03-22T19:55:20.092Z,173,Oud-Heverlee Leuven,Royal Antwerp FC,1:0,Home
2026-03-30T09:31:44.623Z,174,Blackpool FC,Burton Albion,1:0,Home
2026-03-30T09:31:44.623Z,174,Exeter City,Leyton Orient London,0:0,Draw
2026-03-30T09:31:44.623Z,174,Barnet FC,Cambridge United,1:0,Home
2026-03-30T09:31:44.623Z,174,Crawley Town,Gillingham FC,2:0,Home
2026-03-30T09:31:44.623Z,174,Crewe Alexandra,Oldham Athletic,2:1,Home
2026-03-30T09:31:44.623Z,174,Newport County,Shrewsbury Town,1:0,Home
2026-03-30T09:31:44.623Z,174,Salford City,Milton Keynes Dons,1:0,Home
2026-03-30T09:31:44.623Z,174,Brackley Town FC,Tamworth FC,0:1,Away
2026-03-30T09:31:44.623Z,174,FC Halifax Town,Scunthorpe United,1:2,Away
2026-03-30T09:31:44.623Z,174,Morecambe FC,Aldershot Town FC,0:2,Away
2026-03-30T09:31:44.623Z,174,Glentoran FC,Linfield FC,1:1,Draw
2026-03-30T09:31:44.623Z,174,Montrose FC,Cove Rangers FC,PD:X,Draw
2026-03-30T09:31:44.623Z,174,Scotland,Japan,0:1,Away
2026-03-30T09:31:44.623Z,174,Longford Town FC,Finn Harps FC,0:1,Away
2026-03-30T09:31:44.623Z,174,USA,Belgium,2:5,Away
2026-03-30T09:31:44.623Z,174,Albacete Balompie,CD Castellon,1:1,Draw
2026-03-30T09:31:44.623Z,174,Sporting Gijon,RC Deportivo De La Coruna,1:1,Draw
2026-04-05T21:20:42.649Z,175,VfB Stuttgart,Borussia Dortmund,0:2,Away
2026-04-05T21:20:42.649Z,175,Atletico Madrid,FC Barcelona,1:2,Away
2026-04-05T21:20:42.649Z,175,Lille OSC,Racing Club De Lens,3:0,Home
2026-04-05T21:20:42.649Z,175,Getafe CF,Athletic Bilbao,2:0,Home
2026-04-05T21:20:42.649Z,175,Valencia CF,RC Celta de Vigo,2:3,Away
2026-04-05T21:20:42.649Z,175,FC Andorra,Racing Santander,6:2,Home
2026-04-05T21:20:42.649Z,175,SK Rapid,SK Sturm Graz,0:2,Away
2026-04-05T21:20:42.649Z,175,Le Havre AC,AJ Auxerre,1:1,Draw
2026-04-05T21:20:42.649Z,175,FC Metz,FC Nantes,0:0,Draw
2026-04-05T21:20:42.649Z,175,FC Lorient,Paris FC,1:1,Draw
2026-04-05T21:20:42.649Z,175,West Ham United,Leeds United,2:2,Draw
2026-04-05T21:20:42.649Z,175,Eintracht Frankfurt,1. FC Cologne,2:2,Draw
2026-04-05T21:20:42.649Z,175,Pisa SC,Torino FC,0:1,Away
2026-04-05T21:20:42.649Z,175,KVC Westerlo,Royal Charleroi SC,2:0,Home
2026-04-05T21:20:42.649Z,175,Real Oviedo,Sevilla FC,1:0,Home
2026-04-05T21:20:42.649Z,175,AS Monaco,Olympique Marseille,2:1,Home
2026-04-05T21:20:42.649Z,175,Deportivo Alaves,CA Osasuna,2:2,Draw
2026-04-12T21:27:07.074Z,176,Atalanta BC,Juventus Turin,0:1,Away
2026-04-12T21:27:07.074Z,176,CA Osasuna,Real Betis Seville,1:1,Draw
2026-04-12T21:27:07.074Z,176,Nottingham Forest,Aston Villa,1:1,Draw
2026-04-12T21:27:07.074Z,176,Sunderland AFC,Tottenham Hotspur,1:0,Home
2026-04-12T21:27:07.074Z,176,Crystal Palace,Newcastle United,2:1,Home
2026-04-12T21:27:07.074Z,176,Calcio Padova,Empoli FC,1:0,Home
2026-04-12T21:27:07.074Z,176,1. FC Cologne,Werder Bremen,3:1,Home
2026-04-12T21:27:07.074Z,176,Luton Town,Stockport County FC,3:1,Home
2026-04-12T21:27:07.074Z,176,RCD Mallorca,Rayo Vallecano,3:0,Home
2026-04-12T21:27:07.074Z,176,FK Austria Wien,SK Rapid,1:1,Draw
2026-04-12T21:27:07.074Z,176,Toulouse FC,Lille OSC,0:4,Away
2026-04-12T21:27:07.074Z,176,Cadiz CF,FC Andorra,0:1,Away
2026-04-12T21:27:07.074Z,176,FSV Mainz,SC Freiburg,0:1,Away
2026-04-12T21:27:07.074Z,176,Reggiana 1919,Carrarese Calcio,2:0,Home
2026-04-12T21:27:07.074Z,176,Como 1907,Inter Milano,3:4,Away
2026-04-12T21:27:07.074Z,176,Athletic Bilbao,Villarreal CF,1:2,Away
2026-04-12T21:27:07.074Z,176,Racing Santander,UD Almeria,5:1,Home
2026-04-19T19:46:34.066Z,177,Tottenham Hotspur,Brighton & Hove Albion,2:2,Draw
2026-04-19T19:46:34.066Z,177,AS Roma,Atalanta BC,1:1,Draw
2026-04-19T19:46:34.066Z,177,Chelsea FC,Manchester United,0:1,Away
2026-04-19T19:46:34.066Z,177,US Cremonese,Torino FC,0:0,Draw
2026-04-19T19:46:34.066Z,177,Everton FC,Liverpool FC,1:2,Away
2026-04-19T19:46:34.066Z,177,Carrarese Calcio,Delfino Pescara,2:2,Draw
2026-04-19T19:46:34.066Z,177,Port Vale,Wigan Athletic,0:0,Draw
2026-04-19T19:46:34.066Z,177,FC Petrolul Ploiesti,AFC Hermannstadt,1:1,Draw
2026-04-19T19:46:34.066Z,177,AEK Athens,PAOK Thessaloniki,3:0,Home
2026-04-19T19:46:34.066Z,177,FC Metz,Paris FC,1:3,Away
2026-04-19T19:46:34.066Z,177,FC Nantes,Stade Brest 29,1:1,Draw
2026-04-19T19:46:34.066Z,177,Strasbourg Alsace,Stade Rennais FC,0:3,Away
2026-04-19T19:46:34.066Z,177,AZ Alkmaar,NEC Nijmegen,5:1,Home
2026-04-19T19:46:34.066Z,177,Pisa SC,Genoa CFC,1:2,Away
2026-04-19T19:46:34.066Z,177,Albacete Balompie,Granada CF,4:1,Home
2026-04-19T19:46:34.066Z,177,RAAL La Louviere,SV Zulte Waregem,0:2,Away
2026-04-19T19:46:34.066Z,177,Borussia Monchengladbach,FSV Mainz,1:1,Draw
2026-04-26T21:11:56.334Z,178,West Ham United,Everton FC,2:1,Home
2026-04-26T21:11:56.334Z,178,Bologna FC,AS Roma,0:2,Away
2026-04-26T21:11:56.334Z,178,Hellas Verona,US Lecce,0:0,Draw
2026-04-26T21:11:56.334Z,178,Atletico Madrid,Athletic Bilbao,3:2,Home
2026-04-26T21:11:56.334Z,178,FC Lorient,Strasbourg Alsace,2:3,Away
2026-04-26T21:11:56.334Z,178,Real Oviedo,Elche CF,1:2,Away
2026-04-26T21:11:56.334Z,178,Granada CF,UD Almeria,2:4,Away
2026-04-26T21:11:56.334Z,178,SK Sturm Graz,FK Austria Wien,1:1,Draw
2026-04-26T21:11:56.334Z,178,Hibernian FC,Heart of Midlothian FC,1:2,Away
2026-04-26T21:11:56.334Z,178,Apollon Limassol,AC Omonia Nicosia,2:3,Away
2026-04-26T21:11:56.334Z,178,SD Huesca,Real Zaragoza,1:0,Home
2026-04-26T21:11:56.334Z,178,CD Leganes,FC Andorra,0:4,Away
2026-04-26T21:11:56.334Z,178,CA Osasuna,Sevilla FC,2:1,Home
2026-04-26T21:11:56.334Z,178,Galatasaray Istanbul,Fenerbahce Istanbul,3:0,Home
2026-04-26T21:11:56.334Z,178,FC Dinamo Bucuresti 1948,Rapid Bucuresti 1923,3:1,Home
2026-04-26T21:11:56.334Z,178,AGF Aarhus,FC Midtjylland,0:0,Draw
2026-04-26T21:11:56.334Z,178,AC Milan,Juventus Turin,0:0,Draw
2026-05-03T21:58:25.319Z,179,Newcastle United,Brighton & Hove Albion,3:1,Home
2026-05-03T21:58:25.319Z,179,Wolverhampton Wanderers,Sunderland AFC,1:1,Draw
2026-05-03T21:58:25.319Z,179,Como 1907,SSC Napoli,0:0,Draw
2026-05-03T21:58:25.319Z,179,Deportivo Alaves,Athletic Bilbao,2:4,Away
2026-05-03T21:58:25.319Z,179,FC St. Pauli,FSV Mainz,1:2,Away
2026-05-03T21:58:25.319Z,179,APOEL Nikosia,AEK Larnaca,1:0,Home
2026-05-03T21:58:25.319Z,179,IF Elfsborg,AIK,1:1,Draw
2026-05-03T21:58:25.319Z,179,Manchester United,Liverpool FC,3:2,Home
2026-05-03T21:58:25.319Z,179,Casa Pia Lisbon,CD Tondela,0:1,Away
2026-05-03T21:58:25.319Z,179,FC Lugano,Young Boys Bern,1:0,Home
2026-05-03T21:58:25.319Z,179,AZ Alkmaar,FC Twente Enschede,2:2,Draw
2026-05-03T21:58:25.319Z,179,Kristiansund BK,HamKam,1:1,Draw
2026-05-03T21:58:25.319Z,179,Strasbourg Alsace,Toulouse FC,1:2,Away
2026-05-03T21:58:25.319Z,179,Apollon Limassol,Pafos FC,2:1,Home
2026-05-03T21:58:25.319Z,179,Real Sociedad San Sebastian B,Burgos CF,0:0,Draw
2026-05-03T21:58:25.319Z,179,SC Freiburg,VFL Wolfsburg,1:1,Draw
2026-05-03T21:58:25.319Z,179,Olympique Lyon,Stade Rennais FC,4:2,Home
2026-05-11T13:36:22.995Z,180,Real Sociedad San Sebastian,Real Betis Seville,2:2,Draw
2026-05-11T13:36:22.995Z,180,RCD Mallorca,Villarreal CF,1:1,Draw
2026-05-11T13:36:22.995Z,180,FC Andorra,UD Las Palmas,5:1,Home
2026-05-11T13:36:22.995Z,180,AIK,Djurgardens IF,2:4,Away
2026-05-11T13:36:22.995Z,180,Nottingham Forest,Newcastle United,1:1,Draw
2026-05-11T13:36:22.995Z,180,Crystal Palace,Everton FC,2:2,Draw
2026-05-11T13:36:22.995Z,180,Hamburger SV,SC Freiburg,3:2,Home
2026-05-11T13:36:22.995Z,180,Royal Antwerp FC,Royal Charleroi SC,0:1,Away
2026-05-11T13:36:22.995Z,180,Boreham Wood FC,Rochdale AFC,2:2,Draw
2026-05-11T13:36:22.995Z,180,CD Leganes,Racing Santander,1:2,Away
2026-05-11T13:36:22.995Z,180,BK Hacken,Malmo FF,3:2,Home
2026-05-11T13:36:22.995Z,180,NAC Breda,SC Heerenveen,2:0,Home
2026-05-11T13:36:22.995Z,180,LASK Linz,FC Salzburg,2:1,Home
2026-05-11T13:36:22.995Z,180,Real Oviedo,Getafe CF,0:0,Draw
2026-05-11T13:36:22.995Z,180,CD Mirandes,SD Eibar,0:1,Away
2026-05-11T13:36:22.995Z,180,AS Monaco,Lille OSC,0:1,Away
2026-05-11T13:36:22.995Z,180,AJ Auxerre,OGC Nice,2:1,Home
2026-05-19T08:49:07.815Z,181,Granada CF,Burgos CF,0:1,Away
2026-05-19T08:49:07.815Z,181,FC Volendam,SC Telstar,1:2,Away
2026-05-19T08:49:07.815Z,181,Livingston FC,Kilmarnock FC,1:4,Away
2026-05-19T08:49:07.815Z,181,Dundee FC,Aberdeen FC,3:2,Home
2026-05-19T08:49:07.815Z,181,Karlsruher SC,VfL Bochum,1:2,Away
2026-05-19T08:49:07.815Z,181,Greuther Furth,Fortuna Dusseldorf,3:0,Home
2026-05-19T08:49:07.815Z,181,FK Sochi,RFK Akhmat Grozny,1:1,Draw
2026-05-19T08:49:07.815Z,181,CSKA Moscow,Lokomotiv Moscow,3:1,Home
2026-05-19T08:49:07.815Z,181,AEK Athens,Olympiacos Piraeus,1:1,Draw
2026-05-19T08:49:07.815Z,181,Panathinaikos Athens,PAOK Thessaloniki,2:2,Draw
2026-05-19T08:49:07.815Z,181,Elche CF,Getafe CF,1:0,Home
2026-05-19T08:49:07.815Z,181,Rayo Vallecano,Villarreal CF,2:0,Home
2026-05-19T08:49:07.815Z,181,Cagliari Calcio,Torino FC,2:1,Home
2026-05-19T08:49:07.815Z,181,Sassuolo Calcio,US Lecce,2:3,Away
2026-05-19T08:49:07.815Z,181,Strasbourg Alsace,AS Monaco,5:4,Home
2026-05-19T08:49:07.815Z,181,FC Nantes,Toulouse FC,PD:1,Home
2026-05-19T08:49:07.815Z,181,FC Lorient,Le Havre AC,0:2,Away
2026-05-24T21:38:31.163Z,182,Espanyol Barcelona,Real Sociedad San Sebastian,1:1,Draw
2026-05-24T21:38:31.163Z,182,Real Betis Seville,Levante UD,2:1,Home
2026-05-24T21:38:31.163Z,182,Getafe CF,CA Osasuna,1:0,Home
2026-05-24T21:38:31.163Z,182,Deportivo Alaves,Rayo Vallecano,1:2,Away
2026-05-24T21:38:31.163Z,182,Parma Calcio,Sassuolo Calcio,1:0,Home
2026-05-24T21:38:31.163Z,182,HB Koege,Hobro IK,0:1,Away
2026-05-24T21:38:31.163Z,182,Fulham FC,Newcastle United,2:0,Home
2026-05-24T21:38:31.163Z,182,FK Spartak Moscow,FK Krasnodar,1:1,Draw
2026-05-24T21:38:31.163Z,182,Burnley FC,Wolverhampton Wanderers,1:1,Draw
2026-05-24T21:38:31.163Z,182,Stade Lavallois MFC,FC Rouen,1:0,Home
2026-05-24T21:38:31.163Z,182,Sandvikens IF,Landskrona BoIS,0:1,Away
2026-05-24T21:38:31.163Z,182,FC Dinamo Tbilisi,FC Torpedo Kutaisi,0:1,Away
2026-05-24T21:38:31.163Z,182,Real Murcia CF,Club Deportivo Eldense,3:0,Home
2026-05-24T21:38:31.163Z,182,Cultural Leonesa,Burgos CF,0:2,Away
2026-05-24T21:38:31.163Z,182,CA Acassuso,CA Defensores de Belgrano,1:0,Home
2026-05-24T21:38:31.163Z,182,Villarreal CF,Atletico Madrid,5:1,Home
2026-05-24T21:38:31.163Z,182,Clube do Remo PA,CA Paranaense PR,1:2,Away
2026-06-01T01:51:37.111Z,184,Paris Saint-Germain,Arsenal FC,1:1,Draw
2026-06-01T01:51:37.111Z,184,CA Estudiantes,CD Godoy Cruz,1:0,Home
2026-06-01T01:51:37.111Z,184,Granada CF,Sporting Gijon,1:2,Away
2026-06-01T01:51:37.111Z,184,Gremio FB Porto Alegrense RS,SC Corinthians SP,1:3,Away
2026-06-01T01:51:37.111Z,184,Degerfors IF,IF Brommapojkarna,2:2,Draw
2026-06-01T01:51:37.111Z,184,Vasteraas SK,IFK Goteborg,4:5,Away
2026-06-01T01:51:37.111Z,184,Hillerod Fodbold,Hvidovre IF,2:1,Home
2026-06-01T01:51:37.111Z,184,Albion FC,Montevideo City Torque,1:2,Away
2026-06-01T01:51:37.111Z,184,Sao Bernardo FC,Gremio Novorizontino SP,1:1,Draw
2026-06-01T01:51:37.111Z,184,Londrina EC PR,Vila Nova FC GO,0:1,Away
2026-06-01T01:51:37.111Z,184,Cape Verde,Serbia,3:0,Home
2026-06-01T01:51:37.111Z,184,Mikkelin Palloilijat,Ekenas Idrottsforening,1:0,Home
2026-06-01T01:51:37.111Z,184,Deportes Limache,Coquimbo Unido,2:3,Away
2026-06-01T01:51:37.111Z,184,RC Deportivo De La Coruna,UD Las Palmas,1:2,Away
2026-06-01T01:51:37.111Z,184,Sporting Jax,Brooklyn FC,2:2,Draw
2026-06-01T01:51:37.111Z,184,Mitre Santiago del Estero,Deportivo Moron,1:3,Away
2026-06-01T01:51:37.111Z,184,USA,Senegal,3:2,Home
2026-06-07T21:16:56.703Z,185,Romania,Wales,2:1,Home
2026-06-07T21:16:56.703Z,185,Montevideo City Torque,Deportivo Maldonado,2:4,Away
2026-06-07T21:16:56.703Z,185,CA Acassuso,CA Central Norte Salta,2:1,Home
2026-06-07T21:16:56.703Z,185,CA San Miguel,CA Defensores de Belgrano,0:0,Draw
2026-06-07T21:16:56.703Z,185,Kristianstad FC,Lunds BK,1:1,Draw
2026-06-07T21:16:56.703Z,185,Dalstorps IF,Onsala BK,3:1,Home
2026-06-07T21:16:56.703Z,185,IFK Kumla,Ahlafors IF,1:1,Draw
2026-06-07T21:16:56.703Z,185,Sollentuna FK,Umea FC,1:1,Draw
2026-06-07T21:16:56.703Z,185,FK Igman Konjic,NK Stupcanica Olovo,1:2,Away
2026-06-07T21:16:56.703Z,185,Zamora CF,Villarreal CF B,2:0,Home
2026-06-07T21:16:56.703Z,185,CSCD Laferrere,CS Dock Sud,2:1,Home
2026-06-07T21:16:56.703Z,185,CA San Telmo,Deportivo Madryn,0:0,Draw
2026-06-07T21:16:56.703Z,185,Canuelas FC,Club El Porvenir,0:0,Draw
2026-06-07T21:16:56.703Z,185,CA General Lamadrid,Club Lujan,0:1,Away
2026-06-07T21:16:56.703Z,185,Morocco,Norway,1:1,Draw
2026-06-07T21:16:56.703Z,185,CA Guemes,CD Maipu,1:0,Home
2026-06-07T21:16:56.703Z,185,CA Chaco For Ever,Ferro Carril Oeste,1:2,Away
2026-06-14T21:54:32.267Z,186,Longford Town FC,Cobh Ramblers,2:1,Home
2026-06-14T21:54:32.267Z,186,CA Defensores de Belgrano,Colon de Santa Fe,0:3,Away
2026-06-14T21:54:32.267Z,186,Club Almagro,Agropecuario Argentino,2:1,Home
2026-06-14T21:54:32.267Z,186,Club Ciudad de Bolivar,Deportivo Moron,1:2,Away
2026-06-14T21:54:32.267Z,186,Ulytau FC,FC Zhenis,2:1,Home
2026-06-14T21:54:32.267Z,186,Ljungskile SK,Ostersunds FK,1:1,Draw
2026-06-14T21:54:32.267Z,186,Lyn 1896 FK,Bryne FK,0:3,Away
2026-06-14T21:54:32.267Z,186,FC Yelimai,FC Ordabasy,1:3,Away
2026-06-14T21:54:32.267Z,186,FC Kaspiy Aktau,Kaisar Kyzylorda,1:2,Away
2026-06-14T21:54:32.267Z,186,FC Dnepr Mogilev,FK Arsenal Dzerzhinsk,0:1,Away
2026-06-14T21:54:32.267Z,186,FC Torpedo Belaz Zhodino,FC Slavia Mozyr,1:1,Draw
2026-06-14T21:54:32.267Z,186,Thor Akureyri,IBV Vestmannaeyjar,1:4,Away
2026-06-14T21:54:32.267Z,186,Club Almirante Brown,CD Godoy Cruz,1:0,Home
2026-06-14T21:54:32.267Z,186,CSD Liniers,Real Pilar FC,0:1,Away
2026-06-14T21:54:32.267Z,186,Mitre Santiago del Estero,Club Atletico Los Andes,0:3,Away
2026-06-14T21:54:32.267Z,186,Athletic Club Sjdr MG,Goias EC GO,1:1,Draw
2026-06-14T21:54:32.267Z,186,AO Itabaiana SE,Ituano FC SP,2:2,Draw
2026-06-21T22:14:56.915Z,187,Osters IF,Falkenbergs FF,1:3,Away
2026-06-21T22:14:56.915Z,187,Kongsvinger IL Toppfotball,Stroemsgodset IF,4:4,Draw
2026-06-21T22:14:56.915Z,187,Avai FC SC,Cuiaba EC MT,1:0,Home
2026-06-21T22:14:56.915Z,187,Smedby AIS,IFK Haninge,1:4,Away
2026-06-21T22:14:56.915Z,187,Ostersunds FK,IFK Norrkoping FK,0:2,Away
2026-06-21T22:14:56.915Z,187,Norrby IF,Nordic United FC,0:0,Draw
2026-06-21T22:14:56.915Z,187,FC Aktobe,FC Astana,2:0,Home
2026-06-21T22:14:56.915Z,187,FC Neman Grodno,FC Dinamo Minsk,1:3,Away
2026-06-21T22:14:56.915Z,187,IBV Vestmannaeyjar,Stjarnan Gardabae,2:1,Home
2026-06-21T22:14:56.915Z,187,Deportivo Madryn,Club Atletico Los Andes,2:1,Home
2026-06-21T22:14:56.915Z,187,Club Almirante Brown,Mitre Santiago del Estero,3:1,Home
2026-06-21T22:14:56.915Z,187,CA Patronato Parana,CA Ferrocarril Midland,1:1,Draw
2026-06-21T22:14:56.915Z,187,Chacarita Juniors,CSD Tristan Suarez,0:0,Draw
2026-06-21T22:14:56.915Z,187,CR Brasil AL,Fortaleza EC CE,1:1,Draw
2026-06-21T22:14:56.915Z,187,CA Central Norte Salta,CD Godoy Cruz,1:0,Home
2026-06-21T22:14:56.915Z,187,Sao Bernardo FC,EC Juventude RS,0:1,Away
2026-06-21T22:14:56.915Z,187,CA Guemes,Gimnasia y Esgrima de Jujuy,1:3,Away
2026-06-28T19:25:44.912Z,188,Rappe GOIF,Staffanstorp United,1:4,Away
2026-06-28T19:25:44.912Z,188,Aatvidabergs FF,FC Rosengaard 1917,3:3,Draw
2026-06-28T19:25:44.912Z,188,FC Arlanda,IF Karlstad Fotbol,1:0,Home
2026-06-28T19:25:44.912Z,188,Ariana FC,Jonkopings Sodra IF,1:0,Home
2026-06-28T19:25:44.912Z,188,HJK Helsinki,Kuopion Palloseura,0:4,Away
2026-06-28T19:25:44.912Z,188,Nordic United FC,IK Oddevold,3:3,Draw
2026-06-28T19:25:44.912Z,188,FC Kaspiy Aktau,FK Atyrau,2:0,Home
2026-06-28T19:25:44.912Z,188,Turun Palloseura,FF Jaro,3:2,Home
2026-06-28T19:25:44.912Z,188,IF Gnistan,Vaasan Palloseura,1:1,Draw
2026-06-28T19:25:44.912Z,188,Sogndal Fotball,Egersunds IK,4:2,Home
2026-06-28T19:25:44.912Z,188,Algeria,Austria,3:3,Draw
2026-06-28T19:25:44.912Z,188,Qingdao West Coast FC,Zhejiang FC,3:1,Home
2026-06-28T19:25:44.912Z,188,Dalian Yingbo FC,Shanghai Shenhua FC,1:4,Away
2026-06-28T19:25:44.912Z,188,BK Olympic,Eskilsminne IF,2:1,Home
2026-06-28T19:25:44.912Z,188,KaPa Kapylan Pallo,JaPS,3:1,Home
2026-06-28T19:25:44.912Z,188,Karlslunds IF HFK,Fittja IF,2:2,Draw
2026-06-28T19:25:44.912Z,188,FH Hafnarfjordur,IBV Vestmannaeyjar,1:1,Draw
2026-07-05T21:44:31.089Z,189,CSD Flandria,CSCD Laferrere,1:2,Away
2026-07-05T21:44:31.089Z,189,Club Ciudad de Bolivar,CD Godoy Cruz,3:1,Home
2026-07-05T21:44:31.089Z,189,Londrina EC PR,CR Brasil AL,5:0,Home
2026-07-05T21:44:31.089Z,189,Indy Eleven,Charleston Battery,2:0,Home
2026-07-05T21:44:31.089Z,189,IFK Goteborg,AIK,1:2,Away
2026-07-05T21:44:31.089Z,189,FK Grobina,FK Tukums 2000/TSS,3:1,Home
2026-07-05T21:44:31.089Z,189,FC Belshina Bobruisk,FC Baranovichi,1:1,Draw
2026-07-05T21:44:31.089Z,189,Kaisar Kyzylorda,FC Irtysh Pavlodar,0:0,Draw
2026-07-05T21:44:31.089Z,189,Argentino de Quilmes,CA Talleres de Remedios,0:3,Away
2026-07-05T21:44:31.089Z,189,CS Italiano,Real Pilar FC,1:1,Draw
2026-07-05T21:44:31.089Z,189,Odds BK,FK Haugesund,1:3,Away
2026-07-05T21:44:31.089Z,189,CA Defensores Unidos,Argentino de Merlo,1:1,Draw
2026-07-05T21:44:31.089Z,189,Deportivo Madryn,Colon de Santa Fe,1:2,Away
2026-07-05T21:44:31.089Z,189,CA Patronato Parana,San Martin de Tucuman,0:1,Away
2026-07-05T21:44:31.089Z,189,Mitre Santiago del Estero,CA All Boys,1:1,Draw
2026-07-05T21:44:31.089Z,189,CA Ferrocarril Midland,Gimnasia y Esgrima de Jujuy,1:1,Draw
2026-07-05T21:44:31.089Z,189,CA Central Norte Salta,CA San Miguel,1:1,Draw
2026-07-13T12:43:49.838Z,190,Tianjin Jinmen Tiger,Liaoning Tieren FC,PD:1,Home
2026-07-13T12:43:49.838Z,190,Tobol Kostanay,FC Okzhetpes,3:1,Home
2026-07-13T12:43:49.838Z,190,Uruguay Montevideo FC,Club Oriental de Football,1:1,Draw
2026-07-13T12:43:49.838Z,190,FK Arsenal Dzerzhinsk,FC Vitebsk,0:3,Away
2026-07-13T12:43:49.838Z,190,FC Vaajakoski,FF Jaro Akademia,5:2,Home
2026-07-13T12:43:49.838Z,190,FK Atyrau,FC Yelimai,PD:2,Away
2026-07-13T12:43:49.838Z,190,Operario Ferroviario EC PR,Gremio Novorizontino SP,2:1,Home
2026-07-13T12:43:49.838Z,190,CS Cerrito,Miramar Misiones,1:0,Home
2026-07-13T12:43:49.838Z,190,KA Akureyri,IA Akranes,3:2,Home
2026-07-13T12:43:49.838Z,190,Sao Bernardo FC,Cuiaba EC MT,2:2,Draw
2026-07-13T12:43:49.838Z,190,Agropecuario Argentino,CA Temperley,0:0,Draw
2026-07-13T12:43:49.838Z,190,Avai FC SC,Nautico PE,2:0,Home
2026-07-13T12:43:49.838Z,190,Paysandu SC PA,Guarani FC SP,3:2,Home
2026-07-13T12:43:49.838Z,190,Anapolis FC GO,Maringa FC PR,0:1,Away
2026-07-13T12:43:49.838Z,190,CD Cuenca,SD Aucas,0:1,Away
2026-07-13T12:43:49.838Z,190,Gimnasia Y Tiro de Salta,CA Patronato Parana,1:1,Draw
2026-07-13T12:43:49.838Z,190,FH Hafnarfjordur,Valur Reykjavik,2:0,Home
2026-07-20T13:12:49.695Z,191,CSD San Martin,CS Italiano,1:2,Away
2026-07-20T13:12:49.695Z,191,FK Novi Pazar,FK Radnicki 1923 Kragujevac,1:0,Home
2026-07-20T13:12:49.695Z,191,Club Mercedes,Club El Porvenir,2:0,Home
2026-07-20T13:12:49.695Z,191,Uberlandia EC MG,Associacao Portuguesa de Desportos SP,2:0,Home
2026-07-20T13:12:49.695Z,191,IFK Varnamo,Ljungskile SK,2:3,Away
2026-07-20T13:12:49.695Z,191,Central Espanol FC,Cerro Largo FC,PD:2,Away
2026-07-20T13:12:49.695Z,191,CA Tembetary Ypane,Sol de America Villa Elisa,1:1,Draw
2026-07-20T13:12:49.695Z,191,Encarnacion FC,Club 3 De Noviembre,2:1,Home
2026-07-20T13:12:49.695Z,191,Tacuarembo FC,Plaza Colonia,PD:X,Draw
2026-07-20T13:12:49.695Z,191,FK Veles Moscow,FC Chelyabinsk,1:0,Home
2026-07-20T13:12:49.695Z,191,FC Tekstilshchik Ivanovo,FK Ufa,2:2,Draw
2026-07-20T13:12:49.695Z,191,IBV Vestmannaeyjar,KA Akureyri,2:2,Draw
2026-07-20T13:12:49.695Z,191,EC Sao Luiz RS,CS Alagoano AL,0:0,Draw
2026-07-20T13:12:49.695Z,191,Dziugas,FK Banga Gargzdai,1:0,Home
2026-07-20T13:12:49.695Z,191,FK Ekranas,Baltijos Futbolo Akademija,1:4,Away
2026-07-20T13:12:49.695Z,191,CD Tecnico Universitario,SD Aucas,0:1,Away
2026-07-20T13:12:49.695Z,191,Spain,Argentina,0:0,Draw
2026-07-26T21:29:28.904Z,192,ACS Sepsi OSK Sfantu Gheorghe,FC Universitatea Cluj,1:0,Home
2026-07-26T21:29:28.904Z,192,MFK Ruzomberok,DAC 1904 Dunajska Streda,1:1,Draw
2026-07-26T21:29:28.904Z,192,FC Kaspiy Aktau,FC Zhenis,3:2,Home
2026-07-26T21:29:28.904Z,192,Norrby IF,Ostersunds FK,2:2,Draw
2026-07-26T21:29:28.904Z,192,Sogndal Fotball,Ranheim,3:2,Home
2026-07-26T21:29:28.904Z,192,KFUM Oslo,Molde FK,2:4,Away
2026-07-26T21:29:28.904Z,192,FK Jablonec,SK Sigma Olomouc,2:1,Home
2026-07-26T21:29:28.904Z,192,Soroksar SC,Mezokovesd Zsory SE,1:0,Home
2026-07-26T21:29:28.904Z,192,Puszcza Niepolomice,Polonia Warszawa,0:1,Away
2026-07-26T21:29:28.904Z,192,Agropecuario Argentino,San Martin de San Juan,2:1,Home
2026-07-26T21:29:28.904Z,192,Atletico Tucuman,Independiente Rivadavia,0:0,Draw
2026-07-26T21:29:28.904Z,192,CA All Boys,CA Defensores de Belgrano,0:0,Draw
2026-07-26T21:29:28.904Z,192,Deportivo Moron,Ferro Carril Oeste,4:0,Home
2026-07-26T21:29:28.904Z,192,Wisla Krakow,GKS Katowice,2:1,Home
2026-07-26T21:29:28.904Z,192,FK Mladost Lucani,FK Novi Pazar,0:0,Draw
2026-07-26T21:29:28.904Z,192,Mitre Santiago del Estero,Club Almirante Brown,0:0,Draw
2026-07-26T21:29:28.904Z,192,Internacional de Bogota.,America de Cali,0:2,Away
2026-08-03T22:07:00.283Z,193,PFK Arsenal Tula,Torpedo Moscow,1:0,Home
2026-08-03T22:07:00.283Z,193,Richards Bay FC,Polokwane City,1:2,Away
2026-08-03T22:07:00.283Z,193,AC Oulu,Tampereen Ilves,1:0,Home
2026-08-03T22:07:00.283Z,193,Wolfsberger AC,FK Austria Wien,3:0,Home
2026-08-03T22:07:00.283Z,193,Austria Lustenau,SV Ried,1:1,Draw
2026-08-03T22:07:00.283Z,193,Lyn 1896 FK,Sogndal Fotball,3:2,Home
2026-08-03T22:07:00.283Z,193,Bohemians Prague 1905,FC Hradec Kralove,0:0,Draw
2026-08-03T22:07:00.283Z,193,WKS Slask Wroclaw,RKS Rakow Czestochowa,2:1,Home
2026-08-03T22:07:00.283Z,193,Karcag SE,Soroksar SC,2:2,Draw
2026-08-03T22:07:00.283Z,193,Hibernian FC,Motherwell FC,1:2,Away
2026-08-03T22:07:00.283Z,193,Pogon Grodzisk Mazowiecki,Puszcza Niepolomice,1:0,Home
2026-08-03T22:07:00.283Z,193,Club Almagro,CA Ferrocarril Midland,1:1,Draw
2026-08-03T22:07:00.283Z,193,FK Pardubice,FK Jablonec,0:2,Away
2026-08-03T22:07:00.283Z,193,CD UAI Urquiza,Argentino de Quilmes,0:0,Draw
2026-08-03T22:07:00.283Z,193,FK Zemun,FK Radnicki Nis,0:1,Away
2026-08-03T22:07:00.283Z,193,CA Guemes,CSD Tristan Suarez,1:3,Away
2026-08-03T22:07:00.283Z,193,Deportes La Serena,CD O´Higgins,1:2,Away
2026-08-09T20:53:21.078Z,194,FC Groningen,FC Utrecht,2:1,Home
2026-08-09T20:53:21.078Z,194,FC Vizela,UD Leiria,1:0,Home
2026-08-09T20:53:21.078Z,194,FC Kamaz Naberezhnye Chelny,FC Volga Ulyanovsk,1:2,Away
2026-08-09T20:53:21.078Z,194,1. FC Saarbrucken,Rot-Weiss Essen,5:2,Home
2026-08-09T20:53:21.078Z,194,IFK Goteborg,Kalmar FF,3:2,Home
2026-08-09T20:53:21.078Z,194,MVV Maastricht,Jong FC Utrecht,2:1,Home
2026-08-09T20:53:21.078Z,194,SV Ried,SK Rapid,1:2,Away
2026-08-09T20:53:21.078Z,194,Sogndal Fotball,Bryne FK,0:2,Away
2026-08-09T20:53:21.078Z,194,Stroemmen IF,Ranheim,1:4,Away
2026-08-09T20:53:21.078Z,194,Aluminij Kidricevo,Nafta 1903 Lendava,1:1,Draw
2026-08-09T20:53:21.078Z,194,FC Petrolul Ploiesti,ASC Otelul Galati,1:0,Home
2026-08-09T20:53:21.078Z,194,Sariyer SK,Muglaspor,2:0,Home
2026-08-09T20:53:21.078Z,194,Assyriska FF,Sollentuna FK,3:0,Home
2026-08-09T20:53:21.078Z,194,CD Trofense,Varzim SC,0:1,Away
2026-08-09T20:53:21.078Z,194,NK Slaven Belupo,NK Varazdin,1:4,Away
2026-08-09T20:53:21.078Z,194,Jagiellonia Bialystok,Widzew Lodz,0:2,Away
2026-08-09T20:53:21.078Z,194,Van Spor FK,Kayserispor,0:2,Away
2026-08-17T12:16:25.390Z,195,Arsenal FC,Manchester City,3:0,Home
2026-08-17T12:16:25.390Z,195,RAAL La Louviere,KAA Gent,1:2,Away
2026-08-17T12:16:25.390Z,195,Mikkelin Palloilijat,Ekenas Idrottsforening,0:2,Away
2026-08-17T12:16:25.390Z,195,FC Lahti,Kuopion Palloseura,1:2,Away
2026-08-17T12:16:25.390Z,195,PFK Krylia Sovetov Samara,FC Dynamo-Makhachkala,1:4,Away
2026-08-17T12:16:25.390Z,195,Nacional da Madeira,Estoril Praia,2:0,Home
2026-08-17T12:16:25.390Z,195,Jahn Regensburg,1. FC Saarbrucken,0:1,Away
2026-08-17T12:16:25.390Z,195,Burnley FC,West Ham United,2:2,Draw
2026-08-17T12:16:25.390Z,195,FK Atyrau,FC Okzhetpes,0:2,Away
2026-08-17T12:16:25.390Z,195,Bohemians Prague 1905,FK Jablonec,PD:X,Draw
2026-08-17T12:16:25.390Z,195,Racing Santander,Villarreal CF,2:2,Draw
2026-08-17T12:16:25.390Z,195,KS Cracovia Krakow,RKS Rakow Czestochowa,2:1,Home
2026-08-17T12:16:25.390Z,195,Yellow-Red KV Mechelen,Standard Liege,3:3,Draw
2026-08-17T12:16:25.390Z,195,Burgos CF,Cordoba CF,3:2,Home
2026-08-17T12:16:25.390Z,195,IBV Vestmannaeyjar,IA Akranes,1:3,Away
2026-08-17T12:16:25.390Z,195,Amed Sportif Faaliyetler,Erzurumspor FK,3:0,Home
2026-08-17T12:16:25.390Z,195,FK Zemun,FK Mladost Lucani,0:1,Away
2026-08-23T21:33:06.772Z,196,Brentford FC,Tottenham Hotspur,3:0,Home
2026-08-23T21:33:06.772Z,196,Sparta Rotterdam,FC Utrecht,3:3,Draw
2026-08-23T21:33:06.772Z,196,Parma Calcio,Cagliari Calcio,0:1,Away
2026-08-23T21:33:06.772Z,196,Toulouse FC,Olympique Lyon,0:2,Away
2026-08-23T21:33:06.772Z,196,Brighton & Hove Albion,Aston Villa,4:0,Home
2026-08-23T21:33:06.772Z,196,ACS Sepsi OSK Sfantu Gheorghe,FC Farul Constanta,1:1,Draw
2026-08-23T21:33:06.772Z,196,Bandirmaspor,Ankara Keciorengucu,1:1,Draw
2026-08-23T21:33:06.772Z,196,AC Horsens,Lyngby BK,2:1,Home
2026-08-23T21:33:06.772Z,196,Lommel SK,KVC Westerlo,4:0,Home
2026-08-23T21:33:06.772Z,196,FK Teplice,FC Zbrojovka Brno,0:2,Away
2026-08-23T21:33:06.772Z,196,Eyupspor,Gaziantep FK,0:1,Away
2026-08-23T21:33:06.772Z,196,Venezia FC,US Lecce,0:2,Away
2026-08-23T21:33:06.772Z,196,FK Spartak Moscow,FK Zenit Saint Petersburg,2:0,Home
2026-08-23T21:33:06.772Z,196,Sporting Gijon,Burgos CF,1:0,Home
2026-08-23T21:33:06.772Z,196,Santa Clara Azores,FC Famalicao,1:0,Home
2026-08-23T21:33:06.772Z,196,FC CFR 1907 Cluj,Fotbal Club FCSB,1:0,Home
2026-08-23T21:33:06.772Z,196,Cesena FC,Sampdoria Genoa,1:1,Draw
2026-08-30T21:41:37.359Z,197,Tottenham Hotspur,Newcastle United,0:2,Away
2026-08-30T21:41:37.359Z,197,AC Monza,Udinese Calcio,2:3,Away
2026-08-30T21:41:37.359Z,197,Sassuolo Calcio,Torino FC,2:1,Home
2026-08-30T21:41:37.359Z,197,Stade Brest 29,Toulouse FC,2:2,Draw
2026-08-30T21:41:37.359Z,197,Sunderland AFC,Fulham FC,1:0,Home
2026-08-30T21:41:37.359Z,197,Leeds United,Brentford FC,1:1,Draw
2026-08-30T21:41:37.359Z,197,St Mirren FC,Motherwell FC,3:3,Draw
2026-08-30T21:41:37.359Z,197,Royal Antwerp FC,St. Truidense VV,1:4,Away
2026-08-30T21:41:37.359Z,197,Nacional da Madeira,Estrela Amadora,2:3,Away
2026-08-30T21:41:37.359Z,197,VVV Venlo,FC Emmen,4:0,Home
2026-08-30T21:41:37.359Z,197,Derry City FC,Shamrock Rovers,3:3,Draw
2026-08-30T21:41:37.359Z,197,FC Nordsjaelland,Broendby IF,3:1,Home
2026-08-30T21:41:37.359Z,197,SSC Napoli,Como 1907,1:2,Away
2026-08-30T21:41:37.359Z,197,RC Deportivo de La Coruna,Valencia CF,3:1,Home
2026-08-30T21:41:37.359Z,197,Sparta Prague,Slavia Prague,0:3,Away
2026-08-30T21:41:37.359Z,197,AS Monaco,Olympique Marseille,2:0,Home
2026-08-30T21:41:37.359Z,197,RC Celta de Vigo,Athletic Bilbao,0:2,Away
2026-09-06T21:19:45.622Z,198,Rayo Vallecano,Racing Santander,3:2,Home
2026-09-06T21:19:45.622Z,198,Ajax Amsterdam,PSV Eindhoven,1:3,Away
2026-09-06T21:19:45.622Z,198,Le Havre AC,Stade Brest 29,1:2,Away
2026-09-06T21:19:45.622Z,198,Swansea City,Wrexham AFC,0:0,Draw
2026-09-06T21:19:45.622Z,198,Everton FC,Manchester United,2:2,Draw
2026-09-06T21:19:45.622Z,198,Parma Calcio,AC Monza,1:1,Draw
2026-09-06T21:19:45.622Z,198,ESTAC Troyes,Strasbourg Alsace,2:6,Away
2026-09-06T21:19:45.622Z,198,Frosinone Calcio,Venezia FC,3:2,Home
2026-09-06T21:19:45.622Z,198,Cesena FC,Mantova 1911,1:1,Draw
2026-09-06T21:19:45.622Z,198,FK Jablonec,FC Slovan Liberec,1:2,Away
2026-09-06T21:19:45.622Z,198,FC Zlin,FK Teplice,1:3,Away
2026-09-06T21:19:45.622Z,198,Hamburger SV,FSV Mainz,0:5,Away
2026-09-06T21:19:45.622Z,198,St. Johnstone FC,Hibernian FC,2:1,Home
2026-09-06T21:19:45.622Z,198,Deportivo Alaves,CA Osasuna,5:2,Home
2026-09-06T21:19:45.622Z,198,RSC Anderlecht,KRC Genk,0:0,Draw
2026-09-06T21:19:45.622Z,198,Malaga CF,Levante UD,0:0,Draw
2026-09-06T21:19:45.622Z,198,Espanyol Barcelona,Sevilla FC,1:1,Draw
2026-09-13T21:33:11.406Z,199,Lazio Rome,AC Milan,2:2,Draw
2026-09-13T21:33:11.406Z,199,Paris FC,Olympique Lyon,0:0,Draw
2026-09-13T21:33:11.406Z,199,FC Lorient,Toulouse FC,2:2,Draw
2026-09-13T21:33:11.406Z,199,AJ Auxerre,OGC Nice,1:0,Home
2026-09-13T21:33:11.406Z,199,US Lecce,AC Monza,3:2,Home
2026-09-13T21:33:11.406Z,199,US Avellino,Palermo FC,1:1,Draw
2026-09-13T21:33:11.406Z,199,Randers FC,Odense Boldklub,1:2,Away
2026-09-13T21:33:11.406Z,199,Genclerbirligi SK,Kasimpasa Istanbul,1:2,Away
2026-09-13T21:33:11.406Z,199,Real Valladolid,Real Oviedo,0:3,Away
2026-09-13T21:33:11.406Z,199,KFUM Oslo,Aalesunds FK,2:1,Home
2026-09-13T21:33:11.406Z,199,Manchester United,Manchester City,0:1,Away
2026-09-13T21:33:11.406Z,199,SV Zulte Waregem,Royal Charleroi SC,0:1,Away
2026-09-13T21:33:11.406Z,199,Getafe CF,RC Deportivo de La Coruna,1:1,Draw
2026-09-13T21:33:11.406Z,199,FC Arouca,Santa Clara Azores,1:2,Away
2026-09-13T21:33:11.406Z,199,RAAL La Louviere,KV Kortrijk,3:0,Home
2026-09-13T21:33:11.406Z,199,Real Sociedad San Sebastian,Atletico Madrid,0:3,Away
2026-09-13T21:33:11.406Z,199,Tenerife CD,CD Leganes,2:0,Home
2026-09-20T22:04:18.149Z,200,AS Roma,Inter Milano,2:2,Draw
2026-09-20T22:04:18.149Z,200,VfB Stuttgart,Borussia Dortmund,0:1,Away
2026-09-20T22:04:18.149Z,200,Angers SCO,ESTAC Troyes,2:0,Home
2026-09-20T22:04:18.149Z,200,Le Mans FC,FC Lorient,2:1,Home
2026-09-20T22:04:18.149Z,200,AJ Auxerre,Stade Brest 29,2:1,Home
2026-09-20T22:04:18.149Z,200,Parma Calcio,Genoa CFC,2:1,Home
2026-09-20T22:04:18.149Z,200,SS Arezzo,FC Sudtirol Bolzano,1:4,Away
2026-09-20T22:04:18.149Z,200,Erzurumspor FK,Samsunspor,1:0,Home
2026-09-20T22:04:18.149Z,200,FC Basel 1893,FC St. Gallen 1879,1:3,Away
2026-09-20T22:04:18.149Z,200,Mjallby AIF,GAIS,0:3,Away
2026-09-20T22:04:18.149Z,200,Mantova 1911,Pisa SC,2:2,Draw
2026-09-20T22:04:18.149Z,200,Schalke 04,SV 07 Elversberg,0:0,Draw
2026-09-20T22:04:18.149Z,200,Viborg FF,FC Nordsjaelland,4:1,Home
2026-09-20T22:04:18.149Z,200,RC Deportivo de A Coruna,Real Betis Seville,1:1,Draw
2026-09-20T22:04:18.149Z,200,Goztepe Izmir,Caykur Rizespor,2:2,Draw
2026-09-20T22:04:18.149Z,200,Valencia CF,Real Sociedad San Sebastian,2:3,Away
2026-09-20T22:04:18.149Z,200,FC Porto,SL Benfica,3:1,Home
2026-09-27T21:07:23.985Z,201,Tranmere Rovers FC,Walsall FC,1:1,Draw
2026-09-27T21:07:23.985Z,201,Shrewsbury Town,Colchester United,2:2,Draw
2026-09-27T21:07:23.985Z,201,Aldershot Town FC,Tamworth FC,5:1,Home
2026-09-27T21:07:23.985Z,201,Oldham Athletic,Salford City,1:4,Away
2026-09-27T21:07:23.985Z,201,Roda JC Kerkrade,RKC Waalwijk,2:0,Home
2026-09-27T21:07:23.985Z,201,England,Spain,2:3,Away
2026-09-27T21:07:23.985Z,201,US Orleans,AS Cannes,0:0,Draw
2026-09-27T21:07:23.985Z,201,Paris 13 Atletico,SC Bastia,1:0,Home
2026-09-27T21:07:23.985Z,201,Thionville US Lusitanos,La Roche Vendee Football,1:2,Away
2026-09-27T21:07:23.985Z,201,Mexico,Colombia,1:1,Draw
2026-09-27T21:07:23.985Z,201,FC Dallas,Los Angeles FC,1:0,Home
2026-09-27T21:07:23.985Z,201,Austin FC,San Diego FC,3:3,Draw
2026-09-27T21:07:23.985Z,201,Real Valladolid,Cordoba CF,3:1,Home
2026-09-27T21:07:23.985Z,201,Lithuania,Azerbaijan,1:1,Draw
2026-09-27T21:07:23.985Z,201,Gibraltar,Andorra,0:0,Draw
2026-09-27T21:07:23.985Z,201,Israel,Ireland,0:3,Away
2026-09-27T21:07:23.985Z,201,Norway,Portugal,1:2,Away
