date,home_team,away_team,league,score,odds,result
16-09-2026,AC Milan,Benfica,World – UEFA Europa League,0-2,3.55,away
16-09-2026,Anderlecht,Lyon,World – UEFA Europa League,1-2,2.10,away
16-09-2026,Beşiktaş,Marseille,World – UEFA Europa League,4-1,1.83,home
16-09-2026,Plzen,Union St. Gilloise,World – UEFA Europa League,0-3,1.47,away
16-09-2026,Levski Sofia,Red Bull Salzburg,World – UEFA Europa League,0-1,2.30,away
16-09-2026,Real Sociedad,Bournemouth,World – UEFA Europa League,1-2,1.55,away
16-09-2026,Sturm Graz,Rennes,World – UEFA Europa League,0-0,2.00,draw
16-09-2026,Coventry,Aston Villa,England – League Cup,1-3,2.30,away
16-09-2026,Brentford,Chelsea,England – Premier League,3-0,1.40,home
16-09-2026,Levante,Athletic Club,Spain – La Liga,Postp,1.32,postponed
16-09-2026,Malaga,Villarreal,Spain – La Liga,1-3,2.00,away
16-09-2026,Deportivo La Coruna,Sevilla,Spain – La Liga,0-1,1.55,away
16-09-2026,Monaco,Lens,France – Ligue 1,2-1,2.20,home
16-09-2026,Monza,Sassuolo,Italy – Serie A,2-1,2.35,home
16-09-2026,Espanyol,Elche,Spain – La Liga,1-3,1.90,away
09-09-2026,Levski Sofia,CSKA Sofia,Bulgaria – Super Cup,2-4,2.15,away
09-09-2026,Santos,Atletico-MG,World – CONMEBOL Sudamericana,2-0,1.33,home
09-09-2026,Estudiantes L.P.,Corinthians,World – CONMEBOL Libertadores,1-1,2.34,draw
09-09-2026,Independiente del Valle,Flamengo,World – CONMEBOL Libertadores,0-2,1.46,away
09-09-2026,Fenerbahçe,AS Roma,World – UEFA Champions League,1-1,2.25,draw
09-09-2026,Como,RB Leipzig,World – UEFA Champions League,4-1,1.91,home
09-09-2026,Slavia Praha,Lens,World – UEFA Champions League,2-3,1.47,away
09-09-2026,Newells Old Boys,Velez Sarsfield,Argentina – Liga Profesional Argentina,1-1,1.40,draw
09-09-2026,Rennes,Marseille,France – Ligue 1,1-0,2.15,home
09-09-2026,Union Berlin,FC Schalke 04,Germany – Bundesliga,1-3,2.28,away
09-09-2026,Venezia,Fiorentina,Italy – Serie A,2-4,2.35,away
09-09-2026,Sevilla,Valencia,Spain – La Liga,1-0,2.33,home
09-09-2026,HJK Helsinki,Inter Turku,Finland – Veikkausliiga,2-1,1.48,home
09-09-2026,Sandviken,Oddevold,Sweden – Superettan,0-1,2.27,away
09-09-2026,Farul Constanta,Uta Arad,Romania – Liga I,4-2,3.15,home
02-09-2026,Dynamo,Akhmat,Russia – Cup,3-0,1.78,home
02-09-2026,CFR 1907 Cluj,Farul Constanta,Romania – Liga I,0-0,1.25,draw
02-09-2026,Dundee,ST Johnstone,Scotland – Premiership,1-1,1.50,draw
02-09-2026,Kilmarnock,ST Mirren,Scotland – Premiership,0-1,2.50,away
02-09-2026,Hibernian,Heart Of Midlothian,Scotland – Premiership,1-3,1.50,away
02-09-2026,Sivasspor,Mardin 1969,Turkey – 1. Lig,2-2,1.55,draw
02-09-2026,Fatih Karagümrük,Kayserispor,Turkey – 1. Lig,1-1,1.45,draw
02-09-2026,Aarhus,FC Midtjylland,Denmark – Superliga,0-2,2.13,away
02-09-2026,Arges Pitesti,FCSB,Romania – Cupa României,0-5,2.45,away
02-09-2026,Gloria Bistriţa,Csikszereda,Romania – Cupa României,0-2,2.60,away
02-09-2026,Vitoria,Vasco DA Gama,Brazil – Copa Do Brasil,0-2,3.15,away
02-09-2026,Santos,Palmeiras,Brazil – Copa Do Brasil,0-0,2.35,draw
02-09-2026,Raków Częstochowa,Gornik Zabrze,Poland – Ekstraklasa,1-2,3.20,away
02-09-2026,Bodrum FK,Esenler Erokspor,Turkey – 1. Lig,0-0,1.40,draw
02-09-2026,Gremio,Internacional,Brazil – Copa Do Brasil,3-1,2.40,home
26-08-2026,Bradford,Burnley,England – League Cup,0-0,1.65,draw
26-08-2026,Viking,Dinamo Zagreb,World – UEFA Champions League,3-1,1.55,home
26-08-2026,Celje,Slovan Bratislava,World – UEFA Champions League,1-1,2.50,draw
26-08-2026,Plzen,FK Crvena Zvezda,World – UEFA Europa League,4-1,2.10,home
26-08-2026,Brann,PAOK,World – UEFA Europa Conference League,3-2,1.37,home
26-08-2026,FC ST. Gallen,FC Nordsjaelland,World – UEFA Europa Conference League,2-3,1.27,away
26-08-2026,FK Jablonec,Rangers,World – UEFA Europa Conference League,1-0,1.37,home
26-08-2026,Hibernian,Gent,World – UEFA Europa Conference League,2-3,3.25,away
26-08-2026,HNK Rijeka,FC Midtjylland,World – UEFA Europa Conference League,1-4,2.38,away
26-08-2026,Ararat-Armenia,Universitatea Craiova,World – UEFA Europa League,1-0,2.15,home
26-08-2026,FC Thun,Lech Poznan,World – UEFA Europa League,2-2,2.28,draw
26-08-2026,Ferencvarosi TC,Trabzonspor,World – UEFA Europa League,4-0,1.32,home
26-08-2026,Maccabi Tel Aviv,FC Lugano,World – UEFA Europa Conference League,1-1,2.30,draw
26-08-2026,Borac Banja Luka,Vikingur Reykjavik,World – UEFA Europa Conference League,3-1,2.30,home
26-08-2026,FK Partizan,Getafe,World – UEFA Europa Conference League,2-1,3.30,home
22-08-2026,Nottingham Forest,Leeds,England – Premier League,0-1,1.40,away
22-08-2026,Everton,Crystal Palace,England – Premier League,2-0,1.35,home
22-08-2026,Ipswich,Sunderland,England – Premier League,2-1,3.20,home
22-08-2026,Brentford,Tottenham,England – Premier League,3-0,1.32,home
22-08-2026,Parma,Cagliari,Italy – Serie A,0-1,3.10,away
22-08-2026,Le Mans,Stade Brestois 29,France – Ligue 1,2-2,2.50,draw
22-08-2026,Toulouse,Lyon,France – Ligue 1,0-2,1.57,away
22-08-2026,Estac Troyes,Paris FC,France – Ligue 1,0-0,2.30,draw
22-08-2026,Nice,Lorient,France – Ligue 1,0-0,2.15,draw
22-08-2026,FC Viktoria Köln,1. FC Nürnberg,Germany – DFB Pokal,1-1,1.70,draw
22-08-2026,Brighton,Aston Villa,England – Premier League,4-0,3.45,home
22-08-2026,Venezia,Lecce,Italy – Serie A,0-2,1.33,away
22-08-2026,SpVgg Greuther Fürth,VfL Bochum,Germany – DFB Pokal,1-2,2.60,away
22-08-2026,Rot-Weiß Essen,FC St. Pauli,Germany – DFB Pokal,2-0,2.15,home
22-08-2026,Valencia,Celta Vigo,Spain – La Liga,0-0,1.38,draw
15-08-2026,Alaves,Getafe,Spain – La Liga,3-0,1.30,home
15-08-2026,Sevilla,Rayo Vallecano,Spain – La Liga,2-1,2.30,home
15-08-2026,Bristol City,Millwall,England – Championship,0-2,1.47,away
15-08-2026,Charlton,Derby,England – Championship,2-1,1.46,home
15-08-2026,Portsmouth,QPR,England – Championship,1-3,2.30,away
15-08-2026,Stoke City,Swansea,England – Championship,1-2,2.40,away
15-08-2026,Sheffield Utd,Birmingham,England – Championship,0-0,1.40,draw
15-08-2026,Arsenal,Manchester City,England – Community Shield,3-0,1.48,home
15-08-2026,Racing Santander,Villarreal,Spain – La Liga,2-2,1.40,draw
15-08-2026,Espanyol,Levante,Spain – La Liga,3-0,2.10,home
15-08-2026,Watford,Southampton,England – Championship,2-1,2.15,home
15-08-2026,Burnley,West Ham,England – Championship,2-2,2.30,draw
15-08-2026,Konyaspor,Rizespor,Turkey – Süper Lig,0-1,3.40,away
15-08-2026,River Plate,Argentinos JRS,Argentina – Liga Profesional Argentina,2-0,1.93,home
15-08-2026,Burgos,Cordoba,Spain – Segunda División,3-2,3.15,home
08-08-2026,Bristol Rovers,Peterborough,England – League Cup,0-1,1.53,away
08-08-2026,Leyton Orient,Oxford United,England – League Cup,2-0,2.50,home
08-08-2026,Groningen,Utrecht,Netherlands – Eredivisie,2-1,1.55,home
08-08-2026,1. FC Nürnberg,Dynamo Dresden,Germany – 2. Bundesliga,3-0,2.15,home
08-08-2026,Energie Cottbus,Hannover 96,Germany – 2. Bundesliga,3-1,1.62,home
08-08-2026,Standard Liege,Cercle Brugge,Belgium – Jupiler Pro League,2-2,1.38,draw
08-08-2026,Gent,KV Mechelen,Belgium – Jupiler Pro League,2-0,2.05,home
08-08-2026,Zulte Waregem,Genk,Belgium – Jupiler Pro League,2-1,2.20,home
08-08-2026,Maritimo,Casa Pia,Portugal – Primeira Liga,1-0,1.53,home
08-08-2026,San Lorenzo,Huracan,Argentina – Liga Profesional Argentina,0-2,2.60,away
08-08-2026,Den Bosch,Almere City FC,Netherlands – Eerste Divisie,1-1,2.15,draw
08-08-2026,Helmond Sport,De Graafschap,Netherlands – Eerste Divisie,1-1,2.15,draw
08-08-2026,MVV,Jong Utrecht,Netherlands – Eerste Divisie,2-1,2.43,home
08-08-2026,Boulogne,Nancy,France – Ligue 2,0-0,2.50,draw
08-08-2026,PAU,Annecy,France – Ligue 2,0-1,1.45,away
01-08-2026,Hibernian,Motherwell,Scotland – Premiership,1-2,2.25,away
01-08-2026,Vasco DA Gama,Fluminense,Brazil – Copa Do Brasil,0-0,1.35,draw
01-08-2026,Internacional,Corinthians,Brazil – Copa Do Brasil,2-0,2.25,home
01-08-2026,Mirassol,Gremio,Brazil – Copa Do Brasil,1-1,2.05,draw
01-08-2026,Rapid,CFR 1907 Cluj,Romania – Liga I,3-1,1.25,home
01-08-2026,FC Voluntari,Uta Arad,Romania – Liga I,1-0,1.40,home
01-08-2026,Corvinul Hunedoara,Sepsi OSK Sfantu Gheorghe,Romania – Liga I,1-1,2.20,draw
01-08-2026,Dinamo Makhachkala,Lokomotiv,Russia – Premier League,2-1,1.30,home
01-08-2026,Baltika,Dynamo,Russia – Premier League,2-1,3.25,home
01-08-2026,Akhmat,Spartak Moscow,Russia – Premier League,1-2,2.00,away
01-08-2026,Central Espanol,Liverpool Montevideo,Uruguay – Primera División - Apertura,0-0,2.20,draw
01-08-2026,Belgrano Cordoba,Argentinos JRS,Argentina – Liga Profesional Argentina,0-1,1.35,away
01-08-2026,Lanus,Instituto Cordoba,Argentina – Liga Profesional Argentina,0-1,2.20,away
01-08-2026,Gnistan,KuPS,Finland – Veikkausliiga,0-1,1.35,away
01-08-2026,Gimnasia M.,Union Santa Fe,Argentina – Liga Profesional Argentina,2-0,2.90,home
25-07-2026,FC Orenburg,FC Rostov,Russia – Premier League,2-1,1.50,home
25-07-2026,Aarhus,Brondby,Denmark – Superliga,1-1,2.30,draw
25-07-2026,Servette FC,FC Basel 1893,Switzerland – Super League,0-1,2.40,away
25-07-2026,FC Luzern,FC Thun,Switzerland – Super League,1-3,1.95,away
25-07-2026,Estudiantes de Rio Cuarto,Tigre,Argentina – Liga Profesional Argentina,1-0,1.65,home
25-07-2026,Newells Old Boys,Talleres Cordoba,Argentina – Liga Profesional Argentina,1-0,2.80,home
25-07-2026,Atletico Tucuman,Independ. Rivadavia,Argentina – Liga Profesional Argentina,0-0,2.70,draw
25-07-2026,Estudiantes L.P.,Independiente,Argentina – Liga Profesional Argentina,0-2,1.25,away
25-07-2026,Rubin,FC Krasnodar,Russia – Premier League,1-3,1.25,away
25-07-2026,Dinamo Bucuresti,Universitatea Craiova,Romania – Liga I,5-1,2.55,home
25-07-2026,Internacional de Bogota,America de Cali,Colombia – Primera A,0-2,2.95,away
25-07-2026,Águilas Doradas,Santa Fe,Colombia – Primera A,2-1,2.90,home
25-07-2026,Bahia,Corinthians,Brazil – Serie A,1-1,1.30,draw
25-07-2026,Gremio,Fluminense,Brazil – Serie A,1-1,1.45,draw
25-07-2026,Sligo Rovers,Drogheda United,Ireland – Premier Division,2-2,2.40,draw
18-07-2026,ADT,Universitario,Peru – Primera División,1-2,1.35,away
18-07-2026,Petrolul Ploiesti,Dinamo Bucuresti,Romania – Liga I,1-0,1.25,home
18-07-2026,Oţelul,CFR 1907 Cluj,Romania – Liga I,2-1,1.30,home
18-07-2026,Ostersunds FK,Landskrona BoIS,Sweden – Superettan,2-0,2.10,home
18-07-2026,Osters IF,IK brage,Sweden – Superettan,3-2,2.10,home
18-07-2026,IFK Varnamo,Ljungskile SK,Sweden – Superettan,2-3,1.40,away
18-07-2026,Zenit,Spartak Moscow,Russia – Super Cup,1-1,1.30,draw
18-07-2026,AIK Stockholm,Gais,Sweden – Allsvenskan,2-0,3.40,home
18-07-2026,AC Oulu,Gnistan,Finland – Veikkausliiga,0-2,2.15,away
18-07-2026,SJK,KuPS,Finland – Veikkausliiga,0-2,2.10,away
18-07-2026,IF Elfsborg,Sirius,Sweden – Allsvenskan,1-3,2.00,away
18-07-2026,Valur Reykjavik,Fram Reykjavik,Iceland – Úrvalsdeild,2-3,1.95,away
18-07-2026,Start,Rosenborg,Norway – Eliteserien,0-3,1.35,away
18-07-2026,Molde,Brann,Norway – Eliteserien,1-2,2.10,away
18-07-2026,Central Espanol,Cerro Largo,Uruguay – Primera División - Apertura,Postp,2.45,postponed
11-07-2026,Universitatea Craiova,Universitatea Cluj,Romania – Supercupa,1-1,1.25,draw
11-07-2026,Aalesund,Molde,Norway – Eliteserien,2-2,1.35,draw
11-07-2026,Independ. Rivadavia,Tigre,Argentina – Copa Argentina,1-0,1.30,home
11-07-2026,Boston River,Central Espanol,Uruguay – Primera División - Apertura,0-0,2.25,draw
11-07-2026,Turku PS,AC Oulu,Finland – Veikkausliiga,3-0,3.25,home
11-07-2026,Vasteras SK FK,Degerfors IF,Sweden – Allsvenskan,2-0,1.30,home
11-07-2026,KA Akureyri,IA Akranes,Iceland – Úrvalsdeild,3-2,2.40,home
11-07-2026,FH hafnarfjordur,Valur Reykjavik,Iceland – Úrvalsdeild,2-0,1.25,home
11-07-2026,Racing Montevideo,Penarol,Uruguay – Primera División - Apertura,1-1,2.55,draw
11-07-2026,Atletico Goianiense,Fortaleza EC,Brazil – Serie B,1-0,2.30,home
11-07-2026,Norway,England,World – World Cup,1-1,1.90,draw
11-07-2026,FC Gomel,Neman,Belarus – Premier League,1-1,2.40,draw
11-07-2026,Arsenal,FC Vitebsk,Belarus – Premier League,0-3,2.60,away
11-07-2026,Avai,Nautico Recife,Brazil – Serie B,2-0,3.05,home
11-07-2026,São Bernardo,Cuiaba,Brazil – Serie B,2-2,1.50,draw
04-07-2026,IFK Goteborg,AIK Stockholm,Sweden – Allsvenskan,1-2,3.00,away
04-07-2026,Almirante Brown,Los Andes,Argentina – Primera Nacional,1-0,1.30,home
04-07-2026,Ciudad de Bolívar,Godoy Cruz,Argentina – Primera Nacional,3-1,1.40,home
04-07-2026,Gimcheon Sangmu FC,Jeju United FC,South-Korea – K League 1,1-1,1.50,draw
04-07-2026,Gyeongnam FC,Cheonan City,South-Korea – K League 2,2-1,1.40,home
04-07-2026,Atletico Mitre,All Boys,Argentina – Primera Nacional,1-1,2.70,draw
04-07-2026,Flandria,Deportivo Laferrere,Argentina – Primera B Metropolitana,1-2,2.70,away
04-07-2026,Argentino Quilmes,Talleres Remedios,Argentina – Primera B Metropolitana,0-3,2.60,away
04-07-2026,San Martín Burzaco,Liniers,Argentina – Primera B Metropolitana,1-1,2.80,draw
04-07-2026,Sportivo Italiano,Real Pilar,Argentina – Primera B Metropolitana,1-1,1.35,draw
04-07-2026,Defensores Unidos,Argentino de Merlo,Argentina – Primera B Metropolitana,1-1,2.40,draw
04-07-2026,Argentino Rosario,Defensores de Cambaceres,Argentina – Primera C,1-1,2.25,draw
04-07-2026,Londrina,CRB,Brazil – Serie B,5-0,2.55,home
04-07-2026,Belshina,Baranovichi,Belarus – Premier League,1-1,2.55,draw
04-07-2026,Torpedo Zhodino,FC Isloch Minsk R.,Belarus – Premier League,0-2,1.25,away
26-06-2026,Cape Verde Islands,Saudi Arabia,World – World Cup,0-0,1.40,draw
26-06-2026,Egypt,Iran,World – World Cup,1-1,1.30,draw
26-06-2026,Algeria,Austria,World – World Cup,3-3,1.25,draw
26-06-2026,Colombia,Portugal,World – World Cup,0-0,1.30,draw
26-06-2026,Congo DR,Uzbekistan,World – World Cup,3-1,2.15,home
26-06-2026,IK brage,Falkenbergs FF,Sweden – Superettan,2-4,1.50,away
26-06-2026,Bohemians,St Patrick's Athl.,Ireland – Premier Division,2-0,3.20,home
26-06-2026,Kerry,Longford Town,Ireland – First Division,2-1,2.20,home
26-06-2026,Ilves,SJK,Finland – Veikkausliiga,2-2,2.10,draw
26-06-2026,HJK Helsinki,KuPS,Finland – Veikkausliiga,0-4,1.50,away
26-06-2026,GIF Sundsvall,Ostersunds FK,Sweden – Superettan,0-2,2.00,away
26-06-2026,United Nordic,Oddevold,Sweden – Superettan,3-3,2.45,draw
26-06-2026,Turku PS,FF Jaro,Finland – Veikkausliiga,3-2,2.25,home
26-06-2026,Gnistan,VPS,Finland – Veikkausliiga,1-1,2.50,draw
26-06-2026,Haka,Kooteepee,Finland – Ykkösliiga,0-2,3.25,away
28-05-2026,Dundalk,Derry City,Ireland – Premier Division,2-1,3.40,home
28-05-2026,Shamrock Rovers,St Patrick's Athl.,Ireland – Premier Division,1-0,1.30,home
28-05-2026,Bolívar,Independ. Rivadavia,World – CONMEBOL Libertadores,1-3,2.60,away
28-05-2026,El Geish,Wadi Degla,Egypt – Premier League,0-2,1.25,away
28-05-2026,Aalesund,Ham-Kam,Norway – Eliteserien,2-2,1.30,draw
28-05-2026,KFUM Oslo,Tromso,Norway – Eliteserien,0-0,2.35,draw
28-05-2026,Cobh Ramblers,Kerry,Ireland – First Division,2-0,2.15,home
28-05-2026,Bray Wanderers,Wexford,Ireland – First Division,4-0,1.30,home
28-05-2026,Haka,JIPPO,Finland – Ykkösliiga,2-1,2.10,home
28-05-2026,KäPa,JäPS,Finland – Ykkösliiga,2-1,1.25,home
28-05-2026,Petrojet,El Gouna FC,Egypt – Premier League,1-2,1.25,away
28-05-2026,Ismaily SC,Pharco,Egypt – Premier League,1-2,2.75,away
28-05-2026,Ghazl El Mehalla,Haras El Hodood,Egypt – Premier League,4-2,2.70,home
28-05-2026,Masr,Kahraba Ismailia,Egypt – Premier League,1-1,2.10,draw
28-05-2026,El Mokawloon,Future FC,Egypt – Premier League,3-1,2.80,home
19-05-2026,Puerto Cabello,Juventud,World – CONMEBOL Sudamericana,1-1,1.30,draw
19-05-2026,Cusco,Independiente Medellin,World – CONMEBOL Libertadores,2-3,3.15,away
19-05-2026,A. Italiano,Barracas Central,World – CONMEBOL Sudamericana,2-0,2.35,home
19-05-2026,Atletico Torque,Deportivo Riestra,World – CONMEBOL Sudamericana,4-1,2.15,home
19-05-2026,America de Cali,Tigre,World – CONMEBOL Sudamericana,1-1,1.25,draw
19-05-2026,Olimpia,Vasco DA Gama,World – CONMEBOL Sudamericana,3-1,3.15,home
19-05-2026,Santa Fe,Platense,World – CONMEBOL Libertadores,2-1,3.20,home
19-05-2026,Penarol,Corinthians,World – CONMEBOL Libertadores,1-1,3.10,draw
19-05-2026,Coquimbo Unido,Deportes Tolima,World – CONMEBOL Libertadores,3-0,1.30,home
19-05-2026,Boston River,O'Higgins,World – CONMEBOL Sudamericana,3-2,1.25,home
19-05-2026,Blooming,Carabobo FC,World – CONMEBOL Sudamericana,0-2,2.10,away
19-05-2026,Chelsea,Tottenham,England – Premier League,2-1,1.80,home
19-05-2026,Helsingborg,Varbergs BoIS FC,Sweden – Superettan,1-3,2.45,away
19-05-2026,KVC Westerlo,Standard Liege,Belgium – Jupiler Pro League,1-2,1.30,away
19-05-2026,Ilves,Inter Turku,Finland – Veikkausliiga,1-3,15.00,away
13-05-2026,FC Copenhagen,FC Midtjylland,Denmark – DBU Pokalen,0-1,1.45,away
13-05-2026,Lens,Paris Saint Germain,France – Ligue 1,0-2,1.35,away
13-05-2026,Espanyol,Athletic Club,Spain – La Liga,2-0,1.30,home
13-05-2026,Villarreal,Sevilla,Spain – La Liga,2-3,2.15,away
13-05-2026,Getafe,Mallorca,Spain – La Liga,3-1,1.35,home
13-05-2026,Alaves,Barcelona,Spain – La Liga,1-0,2.20,home
13-05-2026,Valencia,Rayo Vallecano,Spain – La Liga,1-1,3.50,draw
13-05-2026,Girona,Real Sociedad,Spain – La Liga,1-1,1.30,draw
13-05-2026,PAOK,AEK Athens FC,Greece – Super League 1,1-1,1.70,draw
13-05-2026,Falkenbergs FF,Varbergs BoIS FC,Sweden – Superettan,0-3,3.30,away
13-05-2026,Universitatea Cluj,Universitatea Craiova,Romania – Cupa României,0-0,1.30,draw
13-05-2026,Helsingborg,Oddevold,Sweden – Superettan,2-2,3.50,draw
13-05-2026,Ludogorets,Levski Sofia,Bulgaria – First League,1-1,1.75,draw
13-05-2026,Motherwell,Celtic,Scotland – Premiership,2-3,1.75,away
13-05-2026,Mjallby AIF,Hammarby FF,Sweden – Svenska Cupen,2-1,1.30,home
06-05-2026,Torino,Sassuolo,Italy – Serie A,2-1,3.30,home
06-05-2026,Levante,Osasuna,Spain – La Liga,3-2,1.40,home
06-05-2026,Cusco,Estudiantes L.P.,World – CONMEBOL Libertadores,1-1,1.35,draw
06-05-2026,Deportivo La Guaira,Bolívar,World – CONMEBOL Libertadores,1-1,3.15,draw
06-05-2026,Independ. Rivadavia,Fluminense,World – CONMEBOL Libertadores,1-1,1.35,draw
06-05-2026,Santa Fe,Corinthians,World – CONMEBOL Libertadores,1-1,3.15,draw
06-05-2026,U. Catolica,Cruzeiro,World – CONMEBOL Libertadores,0-0,3.25,draw
06-05-2026,Platense,Penarol,World – CONMEBOL Libertadores,1-1,1.30,draw
06-05-2026,Botafogo,Racing Club,World – CONMEBOL Sudamericana,2-1,1.30,home
06-05-2026,O'Higgins,Sao Paulo,World – CONMEBOL Sudamericana,0-0,3.20,draw
06-05-2026,CFR 1907 Cluj,Universitatea Craiova,Romania – Liga I,0-0,2.35,draw
06-05-2026,A. Italiano,Vasco DA Gama,World – CONMEBOL Sudamericana,1-2,1.40,away
06-05-2026,Boston River,Millonarios,World – CONMEBOL Sudamericana,2-4,1.80,away
06-05-2026,SC Freiburg,SC Braga,World – UEFA Europa League,3-1,1.85,home
06-05-2026,Strasbourg,Rayo Vallecano,World – UEFA Europa Conference League,0-1,1.95,away
28-04-2026,Libertad Asuncion,Independiente del Valle,World – CONMEBOL Libertadores,2-3,1.40,away
28-04-2026,Cruzeiro,Boca Juniors,World – CONMEBOL Libertadores,1-0,2.95,home
28-04-2026,Sporting Cristal,Junior,World – CONMEBOL Libertadores,2-0,1.35,home
28-04-2026,Universitario,Club Nacional,World – CONMEBOL Libertadores,4-2,1.30,home
28-04-2026,Estudiantes L.P.,Flamengo,World – CONMEBOL Libertadores,1-1,3.00,draw
28-04-2026,RB Bragantino,River Plate,World – CONMEBOL Sudamericana,0-1,1.35,away
28-04-2026,Paris Saint Germain,Bayern München,World – UEFA Champions League,5-4,2.80,home
28-04-2026,Atletico Madrid,Arsenal,World – UEFA Champions League,1-1,3.30,draw
28-04-2026,Nottingham Forest,Aston Villa,World – UEFA Europa League,1-0,3.35,home
28-04-2026,SC Braga,SC Freiburg,World – UEFA Europa League,2-1,3.25,home
28-04-2026,Shakhtar Donetsk,Crystal Palace,World – UEFA Europa Conference League,1-3,2.10,away
28-04-2026,Rayo Vallecano,Strasbourg,World – UEFA Europa Conference League,1-0,3.35,home
28-04-2026,Pisa,Lecce,Italy – Serie A,1-2,1.40,away
28-04-2026,Southampton,Ipswich,England – Championship,2-2,1.30,draw
28-04-2026,Inter Turku,HJK Helsinki,Finland – Veikkausliiga,1-1,2.80,draw
22-04-2026,FC Porto,Sporting CP,Portugal – Taça de Portugal,0-0,1.30,draw
22-04-2026,Elche,Atletico Madrid,Spain – La Liga,3-2,1.50,home
22-04-2026,Levante,Sevilla,Spain – La Liga,2-0,1.35,home
22-04-2026,Rayo Vallecano,Espanyol,Spain – La Liga,1-0,1.30,home
22-04-2026,Telstar,Sparta Rotterdam,Netherlands – Eredivisie,4-1,2.40,home
22-04-2026,GO Ahead Eagles,AZ Alkmaar,Netherlands – Eredivisie,0-0,2.10,draw
22-04-2026,Bournemouth,Leeds,England – Premier League,2-2,2.10,draw
22-04-2026,Sunderland,Nottingham Forest,England – Premier League,0-5,2.85,away
22-04-2026,St. Truiden,Anderlecht,Belgium – Jupiler Pro League,2-0,3.15,home
22-04-2026,Dinamo Bucuresti,Universitatea Craiova,Romania – Cupa României,0-0,3.10,draw
22-04-2026,Laval,Rodez,France – Ligue 2,0-0,1.40,draw
22-04-2026,Albacete,Eibar,Spain – Segunda División,0-3,1.40,away
22-04-2026,Leicester,Millwall,England – Championship,1-1,2.75,draw
22-04-2026,St Patrick's Athl.,Bohemians,Ireland – Premier Division,3-1,2.15,home
22-04-2026,Derry City,Shamrock Rovers,Ireland – Premier Division,1-0,3.10,home
14-04-2026,Liverpool,Paris Saint Germain,World – UEFA Champions League,0-2,1.25,away
14-04-2026,Cerro Porteno,Junior,World – CONMEBOL Libertadores,1-0,1.25,home
14-04-2026,Palestino,Atletico Torque,World – CONMEBOL Sudamericana,0-2,1.30,away
14-04-2026,Universitario,Coquimbo Unido,World – CONMEBOL Libertadores,0-2,2.05,away
14-04-2026,Gimnasia M.,Gimnasia Y Tiro,Argentina – Copa Argentina,0-0,2.70,draw
14-04-2026,Libertad Asuncion,Rosario Central,World – CONMEBOL Libertadores,0-1,3.05,away
14-04-2026,Celta Vigo,SC Freiburg,World – UEFA Europa League,1-3,1.30,away
14-04-2026,AZ Alkmaar,Shakhtar Donetsk,World – UEFA Europa Conference League,2-2,2.00,draw
14-04-2026,Real Betis,SC Braga,World – UEFA Europa League,2-4,1.90,away
14-04-2026,AEK Athens FC,Rayo Vallecano,World – UEFA Europa Conference League,3-1,2.05,home
14-04-2026,Nottingham Forest,FC Porto,World – UEFA Europa League,1-0,2.30,home
14-04-2026,Fiorentina,Crystal Palace,World – UEFA Europa Conference League,2-1,1.50,home
14-04-2026,Strasbourg,FSV Mainz 05,World – UEFA Europa Conference League,4-0,1.90,home
14-04-2026,Arges Pitesti,CFR 1907 Cluj,Romania – Liga I,0-1,3.20,away
14-04-2026,FC St. Pauli,1. FC Köln,Germany – Bundesliga,1-1,1.35,draw
07-04-2026,Real Madrid,Bayern München,World – UEFA Champions League,1-2,1.25,away
07-04-2026,Wrexham,Southampton,England – Championship,1-5,1.50,away
07-04-2026,Barracas Central,Vasco DA Gama,World – CONMEBOL Sudamericana,0-0,1.90,draw
07-04-2026,Barcelona SC,Cruzeiro,World – CONMEBOL Libertadores,0-1,3.00,away
07-04-2026,Dynamo,FC Krasnodar,Russia – Cup,0-0,1.55,draw
07-04-2026,SC Braga,Real Betis,World – UEFA Europa League,1-1,3.40,draw
07-04-2026,Rayo Vallecano,AEK Athens FC,World – UEFA Europa Conference League,3-0,1.25,home
07-04-2026,SC Freiburg,Celta Vigo,World – UEFA Europa League,3-0,1.30,home
07-04-2026,Shakhtar Donetsk,AZ Alkmaar,World – UEFA Europa Conference League,3-0,2.50,home
07-04-2026,FSV Mainz 05,Strasbourg,World – UEFA Europa Conference League,2-0,3.40,home
07-04-2026,Bologna,Aston Villa,World – UEFA Europa League,1-3,1.40,away
07-04-2026,FC Porto,Nottingham Forest,World – UEFA Europa League,1-1,2.15,draw
07-04-2026,Platense,Corinthians,World – CONMEBOL Libertadores,0-2,2.85,away
07-04-2026,Paris FC,Monaco,France – Ligue 1,4-1,2.00,home
07-04-2026,FC Augsburg,Hoffenheim,Germany – Bundesliga,2-2,2.10,draw
01-04-2026,FC Andorra,Malaga,Spain – Segunda División,3-3,2.10,draw
01-04-2026,Huesca,Cultural Leonesa,Spain – Segunda División,1-1,2.05,draw
01-04-2026,Internacional,Sao Paulo,Brazil – Serie A,1-1,1.30,draw
01-04-2026,Botafogo,Mirassol,Brazil – Serie A,3-2,2.10,home
01-04-2026,Coritiba,Vasco DA Gama,Brazil – Serie A,1-1,3.20,draw
01-04-2026,Chapecoense-sc,Atletico-MG,Brazil – Serie A,0-4,3.20,away
01-04-2026,Charlton,Bristol City,England – Championship,1-2,1.40,away
01-04-2026,QPR,Watford,England – Championship,2-1,1.30,home
01-04-2026,Oxford United,Hull City,England – Championship,1-1,1.30,draw
01-04-2026,West Brom,Wrexham,England – Championship,2-2,1.30,draw
01-04-2026,Al Kholood,Al Khaleej Saihat,Saudi-Arabia – Pro League,2-2,2.70,draw
01-04-2026,FC Botosani,FCSB,Romania – Liga I,3-2,2.05,home
01-04-2026,Ried,SCR Altach,Austria – Bundesliga,3-2,1.25,home
01-04-2026,Annecy,Guingamp,France – Ligue 2,1-0,3.20,home
01-04-2026,Grenoble,Clermont Foot,France – Ligue 2,2-2,3.20,draw
17-03-2026,Bournemouth,Manchester United,England – Premier League,2-2,1.40,draw
17-03-2026,Heracles,Excelsior,Netherlands – Eredivisie,1-1,3.45,draw
17-03-2026,Genoa,Udinese,Italy – Serie A,0-2,1.30,away
17-03-2026,Tottenham,Atletico Madrid,World – UEFA Champions League,3-2,3.80,home
17-03-2026,Chelsea,Paris Saint Germain,World – UEFA Champions League,0-3,2.15,away
17-03-2026,Carrarese,Sampdoria,Italy – Serie B,2-0,2.90,home
17-03-2026,Pescara,Virtus Entella,Italy – Serie B,3-0,1.30,home
17-03-2026,Avellino,Sudtirol,Italy – Serie B,3-2,2.95,home
17-03-2026,Dinamo Bucuresti,Universitatea Craiova,Romania – Liga I,0-1,1.45,away
17-03-2026,CFR 1907 Cluj,Rapid,Romania – Liga I,1-0,1.35,home
17-03-2026,FC Porto,VfB Stuttgart,World – UEFA Europa League,2-0,2.45,home
17-03-2026,Sparta Praha,AZ Alkmaar,World – UEFA Europa Conference League,0-4,2.25,away
17-03-2026,Raków Częstochowa,Fiorentina,World – UEFA Europa Conference League,1-2,1.45,away
17-03-2026,FC Midtjylland,Nottingham Forest,World – UEFA Europa League,1-2,2.05,away
17-03-2026,Lyon,Celta Vigo,World – UEFA Europa League,0-2,2.05,away
11-03-2026,Bodo/Glimt,Sporting CP,World – UEFA Champions League,3-0,2.65,home
11-03-2026,Real Madrid,Manchester City,World – UEFA Champions League,3-0,1.30,home
11-03-2026,Ferencvarosi TC,SC Braga,World – UEFA Europa League,2-0,1.35,home
11-03-2026,Genk,SC Freiburg,World – UEFA Europa League,1-0,2.65,home
11-03-2026,Bologna,AS Roma,World – UEFA Europa League,1-1,1.35,draw
11-03-2026,Panathinaikos,Real Betis,World – UEFA Europa League,1-0,3.30,home
11-03-2026,Lille,Aston Villa,World – UEFA Europa League,0-1,2.45,away
11-03-2026,Celta Vigo,Lyon,World – UEFA Europa League,1-1,2.10,draw
11-03-2026,VfB Stuttgart,FC Porto,World – UEFA Europa League,1-2,2.20,away
11-03-2026,Celje,AEK Athens FC,World – UEFA Europa Conference League,0-4,1.30,away
11-03-2026,Lech Poznan,Shakhtar Donetsk,World – UEFA Europa Conference League,1-3,1.45,away
11-03-2026,AZ Alkmaar,Sparta Praha,World – UEFA Europa Conference League,2-1,3.50,home
11-03-2026,Samsunspor,Rayo Vallecano,World – UEFA Europa Conference League,1-3,3.40,away
11-03-2026,HNK Rijeka,Strasbourg,World – UEFA Europa Conference League,1-2,2.00,away
11-03-2026,West Brom,Southampton,England – Championship,1-1,1.40,draw
04-03-2026,Caracas FC,Metropolitanos FC,World – CONMEBOL Sudamericana,0-0,1.25,draw
04-03-2026,America de Cali,Bucaramanga,World – CONMEBOL Sudamericana,2-1,1.40,home
04-03-2026,Boston River,Racing Montevideo,World – CONMEBOL Sudamericana,1-0,1.40,home
04-03-2026,Cienciano,FBC Melgar,World – CONMEBOL Sudamericana,1-1,2.40,draw
04-03-2026,Real Sociedad,Athletic Club,Spain – Copa del Rey,1-0,1.30,home
04-03-2026,Lazio,Atalanta,Italy – Coppa Italia,2-2,3.30,draw
04-03-2026,Fulham,West Ham,England – Premier League,0-1,3.45,away
04-03-2026,Aston Villa,Chelsea,England – Premier League,1-4,3.60,away
04-03-2026,Newcastle,Manchester United,England – Premier League,2-1,2.65,home
04-03-2026,Tottenham,Crystal Palace,England – Premier League,1-3,2.45,away
04-03-2026,Hamburger SV,Bayer Leverkusen,Germany – Bundesliga,0-1,1.30,away
04-03-2026,Heracles,Utrecht,Netherlands – Eredivisie,0-0,2.00,draw
04-03-2026,Lanus,Boca Juniors,Argentina – Liga Profesional Argentina,0-3,2.90,away
04-03-2026,Universitatea Craiova,CFR 1907 Cluj,Romania – Cupa României,1-1,1.25,draw
04-03-2026,FC Luzern,BSC Young Boys,Switzerland – Super League,1-2,2.25,away
25-02-2026,remo,Internacional,Brazil – Serie A,1-1,1.35,draw
25-02-2026,Gremio,Atletico-MG,Brazil – Serie A,2-1,2.30,home
25-02-2026,Telstar,NAC Breda,Netherlands – Eredivisie,3-0,1.30,home
25-02-2026,Strasbourg,Lens,France – Ligue 1,1-1,3.65,draw
25-02-2026,FC Augsburg,1. FC Köln,Germany – Bundesliga,2-0,2.35,home
25-02-2026,Parma,Cagliari,Italy – Serie A,1-1,3.05,draw
25-02-2026,Millwall,Birmingham,England – Championship,3-0,1.40,home
25-02-2026,Sheffield Utd,Coventry,England – Championship,1-2,1.40,away
25-02-2026,Levante,Alaves,Spain – La Liga,2-0,2.85,home
25-02-2026,AFC Hermannstadt,FC Botosani,Romania – Liga I,3-1,2.40,home
25-02-2026,Universitatea Cluj,Oţelul,Romania – Liga I,4-0,2.25,home
25-02-2026,Sarmiento Junin,Union Santa Fe,Argentina – Liga Profesional Argentina,1-3,2.95,away
25-02-2026,Gimnasia L.P.,Rosario Central,Argentina – Liga Profesional Argentina,1-2,2.70,away
25-02-2026,Newells Old Boys,Estudiantes L.P.,Argentina – Liga Profesional Argentina,0-2,1.30,away
25-02-2026,Barracas Central,Tigre,Argentina – Liga Profesional Argentina,2-1,1.30,home
29-11-2025,Sunderland,Bournemouth,England – Premier League,3-2,1.40,home
29-11-2025,Bayer Leverkusen,Borussia Dortmund,Germany – Bundesliga,1-2,1.30,away
29-11-2025,Everton,Newcastle,England – Premier League,1-4,1.35,away
29-11-2025,Levante,Athletic Club,Spain – La Liga,0-2,2.25,away
29-11-2025,Tottenham,Fulham,England – Premier League,1-2,2.15,away
29-11-2025,Lecce,Torino,Italy – Serie A,2-1,2.70,home
29-11-2025,Crystal Palace,Manchester United,England – Premier League,1-2,1.45,away
29-11-2025,Real Sociedad,Villarreal,Spain – La Liga,2-3,2.60,away
29-11-2025,Nottingham Forest,Brighton,England – Premier League,0-2,2.60,away
29-11-2025,Hamburger SV,VfB Stuttgart,Germany – Bundesliga,2-1,2.20,home
29-11-2025,Sevilla,Real Betis,Spain – La Liga,0-2,1.40,away
29-11-2025,Lorient,Nice,France – Ligue 1,3-1,2.45,home
29-11-2025,Chelsea,Arsenal,England – Premier League,1-1,1.35,draw
29-11-2025,SC Freiburg,FSV Mainz 05,Germany – Bundesliga,4-0,1.95,home
29-11-2025,AS Roma,Napoli,Italy – Serie A,0-1,2.95,away
22-11-2025,FC Augsburg,Hamburger SV,Germany – Bundesliga,1-0,1.40,home
22-11-2025,VfL Wolfsburg,Bayer Leverkusen,Germany – Bundesliga,1-3,2.10,away
22-11-2025,1. FC Heidenheim,Borussia Mönchengladbach,Germany – Bundesliga,0-3,2.20,away
22-11-2025,Fulham,Sunderland,England – Premier League,1-0,2.20,home
22-11-2025,Fiorentina,Juventus,Italy – Serie A,1-1,2.05,draw
22-11-2025,1.FC Köln,Eintracht Frankfurt,Germany – Bundesliga,3-4,1.45,away
22-11-2025,Newcastle,Manchester City,England – Premier League,2-1,2.00,home
22-11-2025,Osasuna,Real Sociedad,Spain – La Liga,1-3,1.50,away
22-11-2025,Rennes,Monaco,France – Ligue 1,4-1,1.30,home
22-11-2025,Napoli,Atalanta,Italy – Serie A,3-1,2.25,home
22-11-2025,Verona,Parma,Italy – Serie A,1-2,2.35,away
22-11-2025,Oviedo,Rayo Vallecano,Spain – La Liga,0-0,2.30,draw
22-11-2025,Leeds,Aston Villa,England – Premier League,1-2,1.40,away
22-11-2025,Nantes,Lorient,France – Ligue 1,1-1,1.45,draw
22-11-2025,FC St. Pauli,Union Berlin,Germany – Bundesliga,0-1,2.50,away
08-11-2025,Tottenham,Manchester United,England – Premier League,2-2,2.50,draw
08-11-2025,Girona,Alaves,Spain – La Liga,1-0,1.45,home
08-11-2025,Lecce,Verona,Italy – Serie A,0-0,2.90,draw
08-11-2025,Hoffenheim,RB Leipzig,Germany – Bundesliga,3-1,1.40,home
08-11-2025,Espanyol,Villarreal,Spain – La Liga,0-2,1.50,away
08-11-2025,Brentford,Newcastle,England – Premier League,3-1,2.45,home
08-11-2025,Nottingham Forest,Leeds,England – Premier League,3-1,2.20,home
08-11-2025,Crystal Palace,Brighton,England – Premier League,0-0,1.65,draw
08-11-2025,Bologna,Napoli,Italy – Serie A,2-0,3.10,home
08-11-2025,Genoa,Fiorentina,Italy – Serie A,2-2,3.05,draw
08-11-2025,Lorient,Toulouse,France – Ligue 1,1-1,2.40,draw
08-11-2025,Angers,Auxerre,France – Ligue 1,2-0,1.50,home
08-11-2025,Strasbourg,Lille,France – Ligue 1,2-0,2.50,home
08-11-2025,Valencia,Real Betis,Spain – La Liga,1-1,1.45,draw
08-11-2025,Mallorca,Getafe,Spain – La Liga,1-0,2.90,home
01-11-2025,Union Berlin,SC Freiburg,Germany – Bundesliga,0-0,2.65,draw
01-11-2025,RB Leipzig,VfB Stuttgart,Germany – Bundesliga,3-1,2.05,home
01-11-2025,Nottingham Forest,Manchester United,England – Premier League,2-2,2.10,draw
01-11-2025,IFK Norrkoping,Sirius,Sweden – Allsvenskan,1-2,2.30,away
01-11-2025,Tottenham,Chelsea,England – Premier League,0-1,1.30,away
01-11-2025,Real Sociedad,Athletic Club,Spain – La Liga,3-2,1.45,home
01-11-2025,NAC Breda,GO Ahead Eagles,Netherlands – Eredivisie,1-0,2.30,home
01-11-2025,Telstar,Excelsior,Netherlands – Eredivisie,2-2,1.55,draw
01-11-2025,Heracles,PEC Zwolle,Netherlands – Eredivisie,8-2,2.85,home
01-11-2025,Levante,Celta Vigo,Spain – La Liga,1-2,2.50,away
01-11-2025,Groningen,Twente,Netherlands – Eredivisie,1-1,1.45,draw
01-11-2025,Alaves,Espanyol,Spain – La Liga,2-1,1.45,home
01-11-2025,Rapid Vienna,Sturm Graz,Austria – Bundesliga,2-1,2.80,home
01-11-2025,VfL Wolfsburg,Hoffenheim,Germany – Bundesliga,2-3,2.75,away
01-11-2025,FC Krasnodar,Spartak Moscow,Russia – Premier League,2-1,1.35,home
25-10-2025,Hamburger SV,VfL Wolfsburg,Germany – Bundesliga,0-1,1.30,away
25-10-2025,Espanyol,Elche,Spain – La Liga,1-0,2.10,home
25-10-2025,Napoli,Inter,Italy – Serie A,3-1,1.40,home
25-10-2025,Manchester United,Brighton,England – Premier League,4-2,1.30,home
25-10-2025,Valencia,Villarreal,Spain – La Liga,0-2,1.55,away
25-10-2025,Estrela,Rio Ave,Portugal – Primeira Liga,1-2,2.50,away
25-10-2025,Torino,Genoa,Italy – Serie A,2-1,1.30,home
25-10-2025,Verona,Cagliari,Italy – Serie A,2-2,2.15,draw
25-10-2025,Real Madrid,Barcelona,Spain – La Liga,2-1,2.10,home
25-10-2025,Angers,Lorient,France – Ligue 1,2-0,2.45,home
25-10-2025,Rennes,Nice,France – Ligue 1,1-2,2.10,away
25-10-2025,Everton,Tottenham,England – Premier League,0-3,3.00,away
25-10-2025,Fiorentina,Bologna,Italy – Serie A,2-2,2.40,draw
25-10-2025,Osasuna,Celta Vigo,Spain – La Liga,2-3,2.15,away
25-10-2025,Lazio,Juventus,Italy – Serie A,1-0,2.15,home
18-10-2025,Crystal Palace,Bournemouth,England – Premier League,3-3,2.30,draw
18-10-2025,Burnley,Leeds,England – Premier League,2-0,1.50,home
18-10-2025,Brighton,Newcastle,England – Premier League,2-1,1.30,home
18-10-2025,Sunderland,Wolves,England – Premier League,2-0,1.60,home
18-10-2025,Nice,Lyon,France – Ligue 1,3-2,1.45,home
18-10-2025,AS Roma,Inter,Italy – Serie A,0-1,1.45,away
18-10-2025,Como,Juventus,Italy – Serie A,2-0,2.50,home
18-10-2025,Elche,Athletic Club,Spain – La Liga,0-0,2.25,draw
18-10-2025,Tottenham,Aston Villa,England – Premier League,1-2,2.20,away
18-10-2025,Cagliari,Bologna,Italy – Serie A,0-2,2.25,away
18-10-2025,SC Freiburg,Eintracht Frankfurt,Germany – Bundesliga,2-2,1.35,draw
18-10-2025,Celta Vigo,Real Sociedad,Spain – La Liga,1-1,3.50,draw
18-10-2025,Lorient,Stade Brestois 29,France – Ligue 1,3-3,2.75,draw
18-10-2025,FC St. Pauli,Hoffenheim,Germany – Bundesliga,0-3,2.85,away
18-10-2025,Levante,Rayo Vallecano,Spain – La Liga,0-3,2.60,away
04-10-2025,FC Augsburg,VfL Wolfsburg,Germany – Bundesliga,3-1,2.50,home
04-10-2025,Werder Bremen,FC St. Pauli,Germany – Bundesliga,1-0,1.30,home
04-10-2025,Girona,Valencia,Spain – La Liga,2-1,2.40,home
04-10-2025,Chelsea,Liverpool,England – Premier League,2-1,1.40,home
04-10-2025,Atalanta,Como,Italy – Serie A,1-1,2.20,draw
04-10-2025,Udinese,Cagliari,Italy – Serie A,1-1,1.40,draw
04-10-2025,Alaves,Elche,Spain – La Liga,3-1,1.40,home
04-10-2025,Fiorentina,AS Roma,Italy – Serie A,1-2,1.40,away
04-10-2025,Everton,Crystal Palace,England – Premier League,2-1,2.60,home
04-10-2025,Le Havre,Rennes,France – Ligue 1,2-2,2.40,draw
04-10-2025,Hamburger SV,FSV Mainz 05,Germany – Bundesliga,4-0,2.45,home
04-10-2025,Real Sociedad,Rayo Vallecano,Spain – La Liga,0-1,2.05,away
04-10-2025,Espanyol,Real Betis,Spain – La Liga,1-2,2.75,away
04-10-2025,Borussia Mönchengladbach,SC Freiburg,Germany – Bundesliga,0-0,2.85,draw
04-10-2025,Juventus,AC Milan,Italy – Serie A,0-0,1.50,draw
27-09-2025,FC St. Pauli,Bayer Leverkusen,Germany – Bundesliga,1-2,1.35,away
27-09-2025,VfL Wolfsburg,RB Leipzig,Germany – Bundesliga,0-1,1.45,away
27-09-2025,FSV Mainz 05,Borussia Dortmund,Germany – Bundesliga,0-2,1.25,away
27-09-2025,1. FC Heidenheim,FC Augsburg,Germany – Bundesliga,2-1,2.50,home
27-09-2025,Leeds,Bournemouth,England – Premier League,2-2,2.40,draw
27-09-2025,Sassuolo,Udinese,Italy – Serie A,3-1,1.55,home
27-09-2025,Pisa,Fiorentina,Italy – Serie A,0-0,2.25,draw
27-09-2025,SC Freiburg,Hoffenheim,Germany – Bundesliga,1-1,2.20,draw
27-09-2025,Metz,Le Havre,France – Ligue 1,0-0,1.30,draw
27-09-2025,Lille,Lyon,France – Ligue 1,0-1,2.20,away
27-09-2025,Angers,Stade Brestois 29,France – Ligue 1,0-2,2.35,away
27-09-2025,1.FC Köln,VfB Stuttgart,Germany – Bundesliga,1-2,2.40,away
27-09-2025,Newcastle,Arsenal,England – Premier League,1-2,2.10,away
27-09-2025,AC Milan,Napoli,Italy – Serie A,2-1,1.55,home
27-09-2025,Rennes,Lens,France – Ligue 1,0-0,2.45,draw
20-09-2025,FC Augsburg,FSV Mainz 05,Germany – Bundesliga,1-4,1.50,away
20-09-2025,Werder Bremen,SC Freiburg,Germany – Bundesliga,0-3,1.25,away
20-09-2025,Brighton,Tottenham,England – Premier League,2-2,3.15,draw
20-09-2025,Burnley,Nottingham Forest,England – Premier League,1-1,2.15,draw
20-09-2025,Wolves,Leeds,England – Premier League,1-3,1.50,away
20-09-2025,West Ham,Crystal Palace,England – Premier League,1-2,2.90,away
20-09-2025,Nantes,Rennes,France – Ligue 1,2-2,2.10,draw
20-09-2025,Manchester United,Chelsea,England – Premier League,2-1,1.30,home
20-09-2025,Alaves,Sevilla,Spain – La Liga,1-2,3.20,away
20-09-2025,Valencia,Athletic Club,Spain – La Liga,2-0,3.10,home
20-09-2025,Lens,Lille,France – Ligue 1,3-0,1.35,home
20-09-2025,Lazio,AS Roma,Italy – Serie A,0-1,3.10,away
20-09-2025,Rayo Vallecano,Celta Vigo,Spain – La Liga,1-1,2.40,draw
20-09-2025,Bournemouth,Newcastle,England – Premier League,0-0,1.50,draw
20-09-2025,Arsenal,Manchester City,England – Premier League,1-1,1.90,draw
13-09-2025,Cagliari,Parma,Italy – Serie A,2-0,2.15,home
13-09-2025,FSV Mainz 05,RB Leipzig,Germany – Bundesliga,0-1,2.50,away
13-09-2025,Union Berlin,Hoffenheim,Germany – Bundesliga,2-4,3.40,away
13-09-2025,SC Freiburg,VfB Stuttgart,Germany – Bundesliga,3-1,2.35,home
13-09-2025,Everton,Aston Villa,England – Premier League,0-0,2.90,draw
13-09-2025,Bournemouth,Brighton,England – Premier League,2-1,1.30,home
13-09-2025,Juventus,Inter,Italy – Serie A,4-3,3.15,home
13-09-2025,Fiorentina,Napoli,Italy – Serie A,1-3,2.35,away
13-09-2025,Pisa,Udinese,Italy – Serie A,0-1,1.40,away
13-09-2025,Rennes,Lyon,France – Ligue 1,3-1,1.30,home
13-09-2025,FC St. Pauli,FC Augsburg,Germany – Bundesliga,2-1,2.30,home
13-09-2025,Levante,Real Betis,Spain – La Liga,2-2,1.35,draw
13-09-2025,Sassuolo,Lazio,Italy – Serie A,1-0,2.10,home
13-09-2025,Osasuna,Rayo Vallecano,Spain – La Liga,2-0,1.40,home
13-09-2025,AC Milan,Bologna,Italy – Serie A,1-0,1.90,home
30-08-2025,Werder Bremen,Bayer Leverkusen,Germany – Bundesliga,3-3,1.25,draw
30-08-2025,Hoffenheim,Eintracht Frankfurt,Germany – Bundesliga,1-3,1.40,away
30-08-2025,Wolves,Everton,England – Premier League,2-3,1.40,away
30-08-2025,Sunderland,Brentford,England – Premier League,2-1,1.40,home
30-08-2025,Leeds,Newcastle,England – Premier League,0-0,2.15,draw
30-08-2025,Bologna,Como,Italy – Serie A,1-0,2.50,home
30-08-2025,Oviedo,Real Sociedad,Spain – La Liga,1-0,2.30,home
30-08-2025,Girona,Sevilla,Spain – La Liga,0-2,2.50,away
30-08-2025,VfL Wolfsburg,FSV Mainz 05,Germany – Bundesliga,1-1,2.10,draw
30-08-2025,Celta Vigo,Villarreal,Spain – La Liga,1-1,3.40,draw
30-08-2025,Liverpool,Arsenal,England – Premier League,1-0,3.45,home
30-08-2025,Torino,Fiorentina,Italy – Serie A,0-0,3.15,draw
30-08-2025,Real Betis,Athletic Club,Spain – La Liga,1-2,3.05,away
30-08-2025,1.FC Köln,SC Freiburg,Germany – Bundesliga,4-1,2.80,home
30-08-2025,Espanyol,Osasuna,Spain – La Liga,1-0,2.40,home
23-08-2025,1. FC Heidenheim,VfL Wolfsburg,Germany – Bundesliga,1-3,2.30,away
23-08-2025,Union Berlin,VfB Stuttgart,Germany – Bundesliga,2-1,2.15,home
23-08-2025,Burnley,Sunderland,England – Premier League,2-0,2.30,home
23-08-2025,Brentford,Aston Villa,England – Premier League,1-0,2.10,home
23-08-2025,Mallorca,Celta Vigo,Spain – La Liga,1-1,2.60,draw
23-08-2025,Genoa,Lecce,Italy – Serie A,0-0,2.05,draw
23-08-2025,FC Schalke 04,VfL Bochum,Germany – 2. Bundesliga,2-1,1.25,home
23-08-2025,AS Roma,Bologna,Italy – Serie A,1-0,1.30,home
23-08-2025,Everton,Brighton,England – Premier League,2-0,3.30,home
23-08-2025,Crystal Palace,Nottingham Forest,England – Premier League,1-1,2.35,draw
23-08-2025,Osasuna,Valencia,Spain – La Liga,1-0,3.20,home
23-08-2025,Fulham,Manchester United,England – Premier League,1-1,2.15,draw
23-08-2025,Cagliari,Fiorentina,Italy – Serie A,1-1,1.35,draw
23-08-2025,Como,Lazio,Italy – Serie A,2-0,1.40,home
23-08-2025,Vasco DA Gama,Corinthians,Brazil – Serie A,2-3,2.95,away
16-08-2025,Aston Villa,Newcastle,England – Premier League,0-0,1.55,draw
16-08-2025,Sunderland,West Ham,England – Premier League,3-0,3.25,home
16-08-2025,Alaves,Levante,Spain – La Liga,2-1,2.90,home
16-08-2025,Lens,Lyon,France – Ligue 1,0-1,2.25,away
16-08-2025,Valencia,Real Sociedad,Spain – La Liga,1-1,1.35,draw
16-08-2025,New York Red Bulls,Philadelphia Union,USA – Major League Soccer,1-0,2.60,home
16-08-2025,Charlotte,Real Salt Lake,USA – Major League Soccer,1-0,2.10,home
16-08-2025,Minnesota United FC,Seattle Sounders,USA – Major League Soccer,1-0,1.35,home
16-08-2025,Nottingham Forest,Brentford,England – Premier League,3-1,2.05,home
16-08-2025,Angers,Paris FC,France – Ligue 1,1-0,3.10,home
16-08-2025,Auxerre,Lorient,France – Ligue 1,1-0,1.35,home
16-08-2025,Metz,Strasbourg,France – Ligue 1,0-1,3.30,away
16-08-2025,Manchester United,Arsenal,England – Premier League,0-1,1.25,away
16-08-2025,Leeds,Everton,England – Premier League,1-0,2.70,home
16-08-2025,Elche,Real Betis,Spain – La Liga,1-1,2.30,draw
02-08-2025,Bradford,Wycombe,England – League One,2-1,2.90,home
02-08-2025,Rotherham,Port Vale,England – League One,2-1,3.50,home
02-08-2025,Burton Albion,Mansfield Town,England – League One,2-1,1.50,home
02-08-2025,Wigan,Northampton,England – League One,3-1,1.35,home
02-08-2025,Accrington ST,Gillingham,England – League Two,1-1,1.45,draw
02-08-2025,Sarpsborg 08 FF,Brann,Norway – Eliteserien,1-4,2.45,away
02-08-2025,Standard Liege,Dender,Belgium – Jupiler Pro League,1-1,1.25,draw
02-08-2025,Arminia Bielefeld,Fortuna Düsseldorf,Germany – 2. Bundesliga,5-1,1.60,home
02-08-2025,Sport Recife,Bahia,Brazil – Serie A,0-0,2.50,draw
02-08-2025,San Lorenzo,Tigre,Argentina – Copa Argentina,0-1,2.40,away
02-08-2025,SpVgg Greuther Fürth,Dynamo Dresden,Germany – 2. Bundesliga,3-2,1.70,home
02-08-2025,Cercle Brugge,Anderlecht,Belgium – Jupiler Pro League,0-2,3.40,away
02-08-2025,Sion,Lugano,Switzerland – Super League,4-0,2.50,home
02-08-2025,KFUM Oslo,Rosenborg,Norway – Eliteserien,4-1,2.30,home
02-08-2025,Botafogo,Cruzeiro,Brazil – Serie A,0-2,2.10,away
26-07-2025,Dender,Cercle Brugge,Belgium – Jupiler Pro League,0-0,1.40,draw
26-07-2025,Grasshoppers,FC Luzern,Switzerland – Super League,2-3,2.30,away
26-07-2025,FC ST. Gallen,FC Basel 1893,Switzerland – Super League,2-1,2.00,home
26-07-2025,Zulte Waregem,KV Mechelen,Belgium – Jupiler Pro League,1-1,1.35,draw
26-07-2025,Aldosivi,Newells Old Boys,Argentina – Liga Profesional Argentina,0-0,1.45,draw
26-07-2025,BSC Young Boys,Servette FC,Switzerland – Super League,3-1,3.40,home
26-07-2025,RAAL La Louvière,Standard Liege,Belgium – Jupiler Pro League,0-2,3.25,away
26-07-2025,Platense,Argentinos JRS,Argentina – Liga Profesional Argentina,0-0,1.35,draw
26-07-2025,Velez Sarsfield,Instituto Cordoba,Argentina – Liga Profesional Argentina,0-0,2.90,draw
26-07-2025,OH Leuven,Charleroi,Belgium – Jupiler Pro League,2-2,3.25,draw
26-07-2025,Jagiellonia,Widzew Łódź,Poland – Ekstraklasa,3-2,3.40,home
26-07-2025,St. Truiden,Gent,Belgium – Jupiler Pro League,3-1,1.45,home
26-07-2025,Talleres Cordoba,Godoy Cruz,Argentina – Liga Profesional Argentina,0-0,1.90,draw
26-07-2025,Korona Kielce,Legia Warszawa,Poland – Ekstraklasa,0-2,1.85,away
26-07-2025,Gimnasia L.P.,Independiente,Argentina – Liga Profesional Argentina,1-0,1.30,home
19-07-2025,Wisla Plock,Korona Kielce,Poland – Ekstraklasa,2-0,3.10,home
19-07-2025,Union Espanola,Union La Calera,Chile – Primera División,3-1,3.10,home
19-07-2025,San Lorenzo,Gimnasia L.P.,Argentina – Liga Profesional Argentina,0-0,1.20,draw
19-07-2025,Lanus,Rosario Central,Argentina – Liga Profesional Argentina,0-1,1.30,away
19-07-2025,Platense,Velez Sarsfield,Argentina – Liga Profesional Argentina,0-0,1.45,draw
19-07-2025,Godoy Cruz,Sarmiento Junin,Argentina – Liga Profesional Argentina,0-0,1.95,draw
19-07-2025,Instituto Cordoba,River Plate,Argentina – Liga Profesional Argentina,0-4,1.75,away
19-07-2025,Vejle,Randers FC,Denmark – Superliga,1-1,3.40,draw
19-07-2025,Tigre,Argentinos JRS,Argentina – Liga Profesional Argentina,2-1,1.35,home
19-07-2025,Sonderjyske,Aarhus,Denmark – Superliga,1-1,3.50,draw
19-07-2025,Union Saint-Gilloise,Club Brugge,Belgium – Super Cup,1-2,3.05,away
19-07-2025,A. Italiano,U. Catolica,Chile – Primera División,1-1,3.10,draw
19-07-2025,U.N.A.M. - Pumas,Pachuca,Mexico – Liga MX,2-3,3.20,away
19-07-2025,Radomiak Radom,Pogon Szczecin,Poland – Ekstraklasa,5-1,2.15,home
19-07-2025,Barracas Central,Independ. Rivadavia,Argentina – Liga Profesional Argentina,0-3,1.50,away
12-07-2025,FC Krasnodar,CSKA Moscow,Russia – Super Cup,0-1,3.20,away
12-07-2025,Fredrikstad,Molde,Norway – Eliteserien,4-2,2.40,home
12-07-2025,Vasco DA Gama,Botafogo,Brazil – Serie A,0-2,1.20,away
12-07-2025,Gimnasia L.P.,Instituto Cordoba,Argentina – Liga Profesional Argentina,0-1,2.10,away
12-07-2025,Bahia,Atletico Mineiro,Brazil – Serie A,2-1,2.30,home
12-07-2025,Gais,Hammarby FF,Sweden – Allsvenskan,3-2,1.40,home
12-07-2025,Bryne,Valerenga,Norway – Eliteserien,1-0,2.75,home
12-07-2025,IFK Varnamo,Djurgardens IF,Sweden – Allsvenskan,1-0,3.50,home
12-07-2025,Kristiansund BK,Sarpsborg 08 FF,Norway – Eliteserien,0-0,2.30,draw
12-07-2025,Haugesund,KFUM Oslo,Norway – Eliteserien,0-2,1.95,away
12-07-2025,Stromsgodset,Tromso,Norway – Eliteserien,2-3,1.75,away
12-07-2025,Oţelul,Petrolul Ploiesti,Romania – Liga I,0-0,1.35,draw
12-07-2025,Brann,Viking,Norway – Eliteserien,3-1,1.55,home
12-07-2025,Sarmiento Junin,Independiente,Argentina – Liga Profesional Argentina,2-2,2.20,draw
12-07-2025,Independ. Rivadavia,Newells Old Boys,Argentina – Liga Profesional Argentina,1-2,1.55,away
05-07-2025,Gais,Malmo FF,Sweden – Allsvenskan,0-0,2.65,draw
05-07-2025,IA Akranes,Fram Reykjavik,Iceland – Úrvalsdeild,0-1,1.45,away
05-07-2025,Paris Saint Germain,Bayern München,World – FIFA Club World Cup,2-0,1.30,home
05-07-2025,Valerenga,Fredrikstad,Norway – Eliteserien,1-1,1.30,draw
05-07-2025,FCSB,CFR 1907 Cluj,Romania – Supercupa,2-1,1.25,home
05-07-2025,remo,Cuiaba,Brazil – Serie B,0-0,1.45,draw
05-07-2025,Tromso,Molde,Norway – Eliteserien,1-0,1.35,home
05-07-2025,Cienciano,Sporting Cristal,Peru – Primera División,1-1,1.95,draw
05-07-2025,Alianza Universidad,Alianza Atletico,Peru – Primera División,2-0,3.25,home
05-07-2025,Charlotte,Orlando City SC,USA – Major League Soccer,2-2,2.40,draw
05-07-2025,CF Montreal,Inter Miami,USA – Major League Soccer,1-4,3.70,away
05-07-2025,DC United,Atlanta United FC,USA – Major League Soccer,0-0,2.45,draw
05-07-2025,Nashville SC,Philadelphia Union,USA – Major League Soccer,1-0,1.85,home
05-07-2025,U. Catolica,Colo Colo,Chile – Primera División,2-0,3.20,home
28-06-2025,Osters IF,Sirius,Sweden – Allsvenskan,2-2,1.55,draw
28-06-2025,Palmeiras,Botafogo,World – FIFA Club World Cup,0-0,3.00,draw
28-06-2025,Rosenborg,Viking,Norway – Eliteserien,1-1,2.50,draw
28-06-2025,CA Rosario Central,Union de Santa Fe,Argentina – Copa Argentina,0-0,1.40,draw
28-06-2025,Vila Nova,Atletico Goianiense,Brazil – Serie B,1-0,2.85,home
28-06-2025,Atletico Paranaense,Coritiba,Brazil – Serie B,0-1,1.70,away
28-06-2025,Orlando City SC,FC Cincinnati,USA – Major League Soccer,1-2,2.00,away
28-06-2025,Toronto FC,Portland Timbers,USA – Major League Soccer,3-0,1.55,home
28-06-2025,FC Dallas,San Diego,USA – Major League Soccer,2-3,2.25,away
28-06-2025,Sporting Kansas City,Real Salt Lake,USA – Major League Soccer,1-1,1.65,draw
28-06-2025,San Jose Earthquakes,Los Angeles Galaxy,USA – Major League Soccer,1-1,2.05,draw
28-06-2025,Haugesund,Kristiansund BK,Norway – Eliteserien,0-0,2.25,draw
28-06-2025,BK Hacken,Gais,Sweden – Allsvenskan,1-3,2.60,away
28-06-2025,Fredrikstad,Tromso,Norway – Eliteserien,0-1,2.35,away
28-06-2025,Athletic Club,remo,Brazil – Serie B,1-2,1.35,away
22-06-2025,Utsikten,Ostersunds FK,Sweden – Superettan,1-0,1.35,home
22-06-2025,Sandviken,falkenbergs FF,Sweden – Superettan,4-1,2.35,home
22-06-2025,KFUM Oslo,Stromsgodset,Norway – Eliteserien,5-0,2.90,home
22-06-2025,Aktobe,FC Astana,Kazakhstan – Premier League,0-1,3.20,away
22-06-2025,Oddevold,Varbergs BoIS FC,Sweden – Superettan,2-1,1.40,home
22-06-2025,Ham-Kam,Tromso,Norway – Eliteserien,1-3,2.05,away
22-06-2025,York United FC,Atletico Ottawa,Canada – Premier League,0-0,1.80,draw
22-06-2025,LDU de Quito,Independiente del Valle,Ecuador – Liga Pro,1-1,2.10,draw
22-06-2025,San Telmo,Chacarita Juniors,Argentina – Primera Nacional,0-1,1.35,away
22-06-2025,Almirante Brown,CA Estudiantes,Argentina – Primera Nacional,0-1,2.60,away
22-06-2025,Agropecuario,Defensores De Belgrano,Argentina – Primera Nacional,1-1,1.25,draw
22-06-2025,Ferro Carril Oeste,San Martin Tucuman,Argentina – Primera Nacional,0-2,1.20,away
22-06-2025,Nueva Chicago,Colon Santa Fe,Argentina – Primera Nacional,1-0,1.30,home
22-06-2025,Atletico Mitre,Temperley,Argentina – Primera Nacional,2-2,1.90,draw
22-06-2025,Central Norte,Deportivo Moron,Argentina – Primera Nacional,0-0,2.65,draw
14-06-2025,KuPS,Ilves,Finland – Veikkausliiga,0-3,1.35,away
14-06-2025,Sligo Rovers,Waterford,Ireland – Premier Division,1-0,2.30,home
14-06-2025,CRB,Goias,Brazil – Serie B,2-0,1.35,home
14-06-2025,St. Louis City,Los Angeles Galaxy,USA – Major League Soccer,3-3,2.05,draw
14-06-2025,Defensor Sporting,Liverpool Montevideo,Colombia – Primera Division,4-2,3.10,home
14-06-2025,New England Revolution,FC Cincinnati,USA – Major League Soccer,0-1,1.45,away
14-06-2025,Al Ahly,Inter Miami,World – FIFA Club World Cup,0-0,1.65,draw
14-06-2025,Sporting Kansas City,FC Dallas,USA – Major League Soccer,2-4,1.30,away
14-06-2025,Austin,New York Red Bulls,USA – Major League Soccer,2-1,1.30,home
14-06-2025,Chicago Fire,Nashville SC,USA – Major League Soccer,0-2,2.65,away
14-06-2025,Minnesota United FC,San Diego,USA – Major League Soccer,2-4,2.05,away
14-06-2025,Colorado Rapids,Orlando City SC,USA – Major League Soccer,0-1,2.25,away
14-06-2025,Paris Saint Germain,Atletico Madrid,World – FIFA Club World Cup,4-0,1.90,home
14-06-2025,Coquimbo Unido,Universidad de Chile,Chile – Primera División,1-0,2.40,home
14-06-2025,Atletico Goianiense,Coritiba,Brazil – Serie B,0-0,2.20,draw
07-06-2025,Malta,Lithuania,World – World Cup - Qualification Europe,0-0,1.45,draw
07-06-2025,Talleres Remedios,Atletico Mitre,Argentina – Primera Nacional,1-3,2.60,away
07-06-2025,Danubio,Atletico Torque,Uruguay – Primera División - Apertura,3-2,1.55,home
07-06-2025,Albania,Serbia,World – World Cup - Qualification Europe,0-0,3.05,draw
07-06-2025,Mexico,Switzerland,World – Friendlies,2-4,2.55,away
07-06-2025,Juazeirense,Confiança,Brazil – Copa do Nordeste,0-0,1.40,draw
07-06-2025,America-RN,CSA,Brazil – Copa do Nordeste,0-1,1.60,away
07-06-2025,Wanderers,Plaza Colonia,Uruguay – Primera División - Apertura,1-1,2.40,draw
07-06-2025,Loudoun United,Charleston Battery,USA – USL Championship,1-1,2.60,draw
07-06-2025,DC United,Chicago Fire,USA – Major League Soccer,1-7,2.35,away
07-06-2025,Colorado Rapids,Austin,USA – Major League Soccer,0-2,2.05,away
07-06-2025,Racing Santander,Mirandes,Spain – Segunda División,3-3,1.30,draw
07-06-2025,San Telmo,Gimnasia M.,Argentina – Primera Nacional,0-0,2.85,draw
07-06-2025,remo,Operario-PR,Brazil – Serie B,2-1,2.15,home
07-06-2025,Vancouver Whitecaps,Seattle Sounders,USA – Major League Soccer,3-0,2.25,home
31-05-2025,Racing Club Ferrol,Gijon,,0-2,2.90,away
31-05-2025,La Serena,Coquimbo,,2-4,1.30,away
31-05-2025,Huachipato,Nublense,,0-1,1.30,away
31-05-2025,PSG,Inter,,5-0,1.65,home
31-05-2025,Vasco,Bragantino,,0-2,3.10,away
31-05-2025,Everton,A. Italiano,,1-1,3.30,draw
31-05-2025,Los Angeles FC,Club America,,1-1,2.70,draw
31-05-2025,Oldham,Southend,,1-1,2.40,draw
31-05-2025,Sirius,AIK,,3-1,2.30,home
31-05-2025,FK Rostov,CSKA Moscow,,0-0,2.05,draw
31-05-2025,Racing Santander,Granada CF,,2-1,1.25,home
31-05-2025,Molde,Viking,,0-1,2.80,away
31-05-2025,Vizela,AFS,,2-2,1.30,draw
31-05-2025,Juventude,Gremio,,0-2,3.20,away
31-05-2025,Santos,Botafogo RJ,,0-1,2.90,away
24-05-2025,Vejle,Sonderjyske,,2-3,1.25,away
24-05-2025,Fakel Voronezh,Krylya Sovetov,,1-1,1.35,draw
24-05-2025,Akron Togliatti,Lokomotiv Moscow,,1-4,1.25,away
24-05-2025,Sheffield Utd,Sunderland,,1-2,3.00,away
24-05-2025,Alaves,Osasuna,,1-1,2.35,draw
24-05-2025,Tottenham,Brighton,,1-4,1.70,away
24-05-2025,Wolves,Brentford,,1-1,2.80,draw
24-05-2025,Ipswich,West Ham,,1-3,3.70,away
24-05-2025,Nottingham,Chelsea,,0-1,1.25,away
24-05-2025,Benfica,Sporting CP,,1-1,2.20,draw
24-05-2025,Eldense,Racing Santander,,3-3,1.55,draw
24-05-2025,Cadiz CF,Huesca,,4-0,1.35,home
24-05-2025,Eibar,Cordoba,,4-1,3.00,home
24-05-2025,Mirandes,Almeria,,0-0,3.20,draw
24-05-2025,Ath Bilbao,Barcelona,,0-3,3.60,away
16-05-2025,Khimki,Rubin Kazan,,3-2,1.35,home
16-05-2025,Rio Ave,Gil Vicente,,1-1,3.30,draw
16-05-2025,Lens,Monaco,,4-0,1.80,home
16-05-2025,Vasco,Fortaleza,,3-0,2.80,home
16-05-2025,Verona,Como,,1-1,1.30,draw
16-05-2025,Lecce,Torino,,1-0,1.85,home
16-05-2025,Fiorentina,Bologna,,3-2,2.60,home
16-05-2025,Cagliari,Venezia,,3-0,1.50,home
16-05-2025,West Ham,Nottingham,,1-2,1.30,away
16-05-2025,Magdeburg,Dusseldorf,,4-2,2.20,home
16-05-2025,Leicester,Ipswich,,2-0,2.25,home
16-05-2025,KV Mechelen,Charleroi,,1-1,2.30,draw
16-05-2025,Corinthians,Santos,,1-0,1.85,home
16-05-2025,Juventude,Fluminense,,1-1,2.25,draw
16-05-2025,Bragantino,Palmeiras,,1-2,1.30,away
10-05-2025,Werder Bremen,RB Leipzig,,0-0,1.45,draw
10-05-2025,Bochum,Mainz,,1-4,1.25,away
10-05-2025,Wolves,Brighton,,0-2,1.30,away
10-05-2025,Lazio,Juventus,,1-1,3.20,draw
10-05-2025,Bournemouth,Aston Villa,,0-1,1.30,away
10-05-2025,Girona,Villarreal,,0-1,2.10,away
10-05-2025,Empoli,Parma,,2-1,1.30,home
10-05-2025,Auxerre,Nantes,,1-1,2.35,draw
10-05-2025,Toulouse,Lens,,1-1,3.00,draw
10-05-2025,Newcastle,Chelsea,,2-0,1.35,home
10-05-2025,Leganes,Espanyol,,3-2,2.30,home
10-05-2025,Verona,Lecce,,1-1,3.00,draw
10-05-2025,Tottenham,Crystal Palace,,0-2,2.50,away
10-05-2025,Bayer Leverkusen,Dortmund,,2-4,2.40,away
10-05-2025,Liverpool,Arsenal,,2-2,2.00,draw
03-05-2025,Union Berlin,Werder Bremen,,2-2,1.45,draw
03-05-2025,St. Pauli,Stuttgart,,0-1,2.70,away
03-05-2025,Leicester,Southampton,,2-0,3.50,home
03-05-2025,Strasbourg,PSG,,2-1,2.40,home
03-05-2025,Las Palmas,Valencia,,2-3,1.45,away
03-05-2025,Toulouse,Rennes,,2-1,1.65,home
03-05-2025,West Ham,Tottenham,,1-1,2.20,draw
03-05-2025,Brighton,Newcastle,,1-1,2.30,draw
03-05-2025,Chelsea,Liverpool,,3-1,2.15,home
03-05-2025,Freiburg,Bayer Leverkusen,,2-2,2.20,draw
03-05-2025,Espanyol,Betis,,1-2,1.30,away
03-05-2025,Mainz,Eintracht Frankfurt,,1-1,2.90,draw
03-05-2025,Bologna,Juventus,,1-1,3.00,draw
03-05-2025,Lille,Marseille,,1-1,1.55,draw
03-05-2025,Real Sociedad,Ath Bilbao,,0-0,2.30,draw
26-04-2025,Wolfsburg,Freiburg,,0-1,1.40,away
26-04-2025,Holstein Kiel,B. Monchengladbach,,4-3,2.15,home
26-04-2025,Bodrumspor,Samsunspor,,1-2,2.35,away
26-04-2025,Crystal Palace,Aston Villa,,3-0,2.15,home
26-04-2025,Eintracht Frankfurt,RB Leipzig,,4-0,2.15,home
26-04-2025,Spartak Moscow,CSKA Moscow,,1-2,1.25,away
26-04-2025,Gil Vicente,SC Farense,,1-0,1.30,home
26-04-2025,Barcelona,Real Madrid,,2-2,1.25,draw
26-04-2025,Heerenveen,Nijmegen,,1-0,2.00,home
26-04-2025,Bochum,Union Berlin,,1-1,2.25,draw
26-04-2025,Moreirense,Nacional,,1-1,1.25,draw
26-04-2025,Montpellier,Reims,,0-0,1.85,draw
26-04-2025,Nantes,Toulouse,,0-0,1.55,draw
26-04-2025,Werder Bremen,St. Pauli,,0-0,1.90,draw
26-04-2025,Kayserispor,Rizespor,,1-0,2.35,home
19-04-2025,Lecce,Como,,0-3,2.10,away
19-04-2025,Crystal Palace,Bournemouth,,0-0,2.60,draw
19-04-2025,Brentford,Brighton,,4-2,3.60,home
19-04-2025,Aston Villa,Newcastle,,4-1,1.30,home
19-04-2025,Union Berlin,Stuttgart,,4-4,1.50,draw
19-04-2025,Columbus Crew,Inter Miami,,0-1,2.10,away
19-04-2025,CF Montreal,Orlando City,,0-0,2.40,draw
19-04-2025,Fulham,Chelsea,,1-2,2.80,away
19-04-2025,Empoli,Venezia,,2-2,1.30,draw
19-04-2025,Augsburg,Eintracht Frankfurt,,0-0,1.30,draw
19-04-2025,Brest,Lens,,1-3,2.40,away
19-04-2025,Reims,Toulouse,,1-0,1.60,home
19-04-2025,Bologna,Inter,,1-0,3.20,home
19-04-2025,Sevilla,Alaves,,1-1,2.00,draw
19-04-2025,AC Milan,Atalanta,,0-1,1.50,away
12-04-2025,Hoffenheim,Mainz,,2-0,1.45,home
12-04-2025,Holstein Kiel,St. Pauli,,1-2,2.25,away
12-04-2025,Bochum,Augsburg,,1-2,2.40,away
12-04-2025,B. Monchengladbach,Freiburg,,1-2,2.15,away
12-04-2025,Monaco,Marseille,,3-0,2.00,home
12-04-2025,Toulouse,Lille,,1-2,1.40,away
12-04-2025,Strasbourg,Nice,,2-2,1.40,draw
12-04-2025,Osasuna,Girona,,2-1,1.40,home
12-04-2025,Wolves,Tottenham,,4-2,2.20,home
12-04-2025,Verona,Genoa,,0-0,2.90,draw
12-04-2025,St Etienne,Brest,,3-3,2.10,draw
12-04-2025,Angers,Montpellier,,2-0,1.30,home
12-04-2025,Como,Torino,,1-0,1.90,home
12-04-2025,Betis,Villarreal,,1-2,1.40,away
12-04-2025,Lazio,AS Roma,,1-1,3.20,draw
05-04-2025,Crystal Palace,Brighton,,2-1,2.40,home
05-04-2025,Ipswich,Wolves,,1-2,2.75,away
05-04-2025,West Ham,Bournemouth,,2-2,3.00,draw
05-04-2025,Werder Bremen,Eintracht Frankfurt,,2-0,1.45,home
05-04-2025,Mallorca,Celta Vigo,,1-2,3.05,away
05-04-2025,Lyon,Lille,,2-1,2.20,home
05-04-2025,Lecce,Venezia,,1-1,3.00,draw
05-04-2025,Las Palmas,Real Sociedad,,1-3,3.20,away
05-04-2025,Empoli,Cagliari,,0-0,3.05,draw
05-04-2025,Brentford,Chelsea,,0-0,2.20,draw
05-04-2025,St. Pauli,B. Monchengladbach,,1-1,1.30,draw
05-04-2025,Sevilla,Atl. Madrid,,1-2,1.30,away
05-04-2025,Manchester Utd,Manchester City,,0-0,1.30,draw
05-04-2025,AS Roma,Juventus,,1-1,1.40,draw
05-04-2025,Villarreal,Ath Bilbao,,0-0,2.20,draw
29-03-2025,Hoffenheim,Augsburg,,1-1,3.25,draw
29-03-2025,B. Monchengladbach,RB Leipzig,,1-0,1.40,home
29-03-2025,Holstein Kiel,Werder Bremen,,0-3,2.05,away
29-03-2025,Norwich,West Brom,,1-0,2.20,home
29-03-2025,Stoke,QPR,,3-1,2.30,home
29-03-2025,Portsmouth,Blackburn,,1-0,2.25,home
29-03-2025,Eintracht Frankfurt,Stuttgart,,1-0,1.25,home
29-03-2025,Alaves,Rayo Vallecano,,0-2,1.25,away
29-03-2025,Nijmegen,AZ Alkmaar,,3-3,2.10,draw
29-03-2025,Getafe,Villarreal,,1-2,3.10,away
29-03-2025,Toulouse,Brest,,2-4,2.05,away
29-03-2025,Le Havre,Nantes,,3-2,2.40,home
29-03-2025,Bournemouth,Manchester City,,1-2,1.25,away
29-03-2025,Valencia,Mallorca,,1-0,2.10,home
29-03-2025,Betis,Sevilla,,2-1,3.40,home
15-03-2025,Werder Bremen,B. Monchengladbach,,2-4,1.25,away
15-03-2025,Augsburg,Wolfsburg,,1-0,3.30,home
15-03-2025,Ipswich,Nottingham,,2-4,2.00,away
15-03-2025,Everton,West Ham,,1-1,1.25,draw
15-03-2025,Nantes,Lille,,1-0,2.10,home
15-03-2025,RB Leipzig,Dortmund,,2-0,2.40,home
15-03-2025,Villarreal,Real Madrid,,1-2,1.25,away
15-03-2025,Fulham,Tottenham,,2-0,2.00,home
15-03-2025,Bologna,Lazio,,5-0,1.30,home
15-03-2025,Sevilla,Ath Bilbao,,0-1,3.10,away
15-03-2025,Rayo Vallecano,Real Sociedad,,2-2,1.35,draw
15-03-2025,Osasuna,Getafe,,1-2,2.95,away
15-03-2025,Stuttgart,Bayer Leverkusen,,3-4,2.25,away
15-03-2025,Atalanta,Inter,,0-2,3.30,away
15-03-2025,Atl. Madrid,Barcelona,,2-4,3.60,away
08-03-2025,Parma,Torino,,2-2,3.20,draw
08-03-2025,Brighton,Fulham,,2-1,1.25,home
08-03-2025,Derby,Blackburn,,2-1,2.65,home
08-03-2025,Swansea,Middlesbrough,,1-0,2.35,home
08-03-2025,Alaves,Villarreal,,1-0,2.40,home
08-03-2025,Brentford,Aston Villa,,0-1,2.30,away
08-03-2025,Freiburg,RB Leipzig,,0-0,1.45,draw
08-03-2025,Wolves,Everton,,1-1,1.35,draw
08-03-2025,Tottenham,Bournemouth,,2-2,1.25,draw
08-03-2025,Le Havre,St Etienne,,1-1,1.30,draw
08-03-2025,Reims,Auxerre,,0-2,3.30,away
08-03-2025,Nantes,Strasbourg,,0-1,1.50,away
08-03-2025,Juventus,Atalanta,,0-4,3.30,away
08-03-2025,Nice,Lyon,,0-2,2.00,away
08-03-2025,Real Sociedad,Sevilla,,0-1,3.20,away
01-03-2025,Werder Bremen,Wolfsburg,,1-2,2.60,away
01-03-2025,St. Pauli,Dortmund,,0-2,185,away
01-03-2025,Bochum,Hoffenheim,,0-1,2.40,away
01-03-2025,Heidenheim,B. Monchengladbach,,0-3,1.40,away
01-03-2025,Stoke,Watford,,0-0,1.30,draw
01-03-2025,Rayo Vallecano,Sevilla,,1-1,1.30,draw
01-03-2025,Napoli,Inter,,1-1,1.35,draw
01-03-2025,Monza,Torino,,0-2,2.00,away
01-03-2025,Leganes,Getafe,,1-0,1.35,home
01-03-2025,Auxerre,Strasbourg,,0-1,3.30,away
01-03-2025,Angers,Toulouse,,0-4,3.20,away
01-03-2025,Montpellier,Rennes,,0-4,3.40,away
01-03-2025,Augsburg,Freiburg,,0-0,3.10,draw
01-03-2025,Mallorca,Alaves,,1-1,1.30,draw
01-03-2025,AC Milan,Lazio,,1-2,3.50,away
22-02-2025,Everton,Manchester Utd,,2-2,2.50,draw
22-02-2025,Fulham,Crystal Palace,,0-2,1.25,away
22-02-2025,Ipswich,Tottenham,,1-4,1.95,away
22-02-2025,Ross County,Dundee FC,,3-1,2.90,home
22-02-2025,Rayo Vallecano,Villarreal,,0-1,2.95,away
22-02-2025,Lille,Monaco,,2-1,2.15,home
22-02-2025,Torino,AC Milan,,2-1,1.25,home
22-02-2025,Aston Villa,Chelsea,,2-1,1.50,home
22-02-2025,St Etienne,Angers,,3-3,1.30,draw
22-02-2025,Como,Napoli,,2-1,1.30,home
22-02-2025,Nantes,Lens,,3-1,3.40,home
22-02-2025,Le Havre,Toulouse,,1-4,1.95,away
22-02-2025,Strasbourg,Brest,,0-0,2.05,draw
22-02-2025,Manchester City,Liverpool,,0-2,3.80,away
22-02-2025,Getafe,Betis,,1-2,2.50,away
15-02-2025,Leganes,Alaves,,3-3,1.35,draw
15-02-2025,Union Berlin,B. Monchengladbach,,1-2,1.60,away
15-02-2025,St. Pauli,Freiburg,,0-1,1.35,away
15-02-2025,West Ham,Brentford,,0-1,2.80,away
15-02-2025,Fulham,Nottingham,,2-1,3.30,home
15-02-2025,Lazio,Napoli,,2-2,1.45,draw
15-02-2025,Bayer Leverkusen,Bayern Munich,,0-0,1.35,draw
15-02-2025,Willem II,Groningen,,1-3,3.00,away
15-02-2025,Zwolle,Heerenveen,,1-1,2.20,draw
15-02-2025,Monza,Lecce,,0-0,3.10,draw
15-02-2025,Tottenham,Manchester Utd,,1-0,3.70,home
15-02-2025,Heidenheim,Mainz,,0-2,2.10,away
15-02-2025,Juventus,Inter,,1-0,3.20,home
15-02-2025,Rennes,Lille,,0-2,3.30,away
15-02-2025,Betis,Real Sociedad,,3-0,1.35,home
08-02-2025,Celta Vigo,Betis,,3-2,1.60,home
08-02-2025,Hoffenheim,Union Berlin,,0-4,1.35,away
08-02-2025,Dortmund,Stuttgart,,1-2,1.90,away
08-02-2025,Everton,Bournemouth,,0-2,2.35,away
08-02-2025,Coventry,Ipswich,,1-4,3.00,away
08-02-2025,Stoke,Cardiff,,2-2,2.10,draw
08-02-2025,Preston,Wycombe,,0-0,1.30,draw
08-02-2025,Nice,Lens,,2-0,3.30,home
08-02-2025,B. Monchengladbach,Eintracht Frankfurt,,1-1,2.50,draw
08-02-2025,Torino,Genoa,,1-1,3.00,draw
08-02-2025,Brighton,Chelsea,,2-1,2.20,home
08-02-2025,St Etienne,Rennes,,0-2,1.30,away
08-02-2025,Alaves,Getafe,,0-1,1.30,away
08-02-2025,Holstein Kiel,Bochum,,2-2,2.30,draw
08-02-2025,Auxerre,Toulouse,,2-2,1.35,draw
01-02-2025,Bochum,Freiburg,,0-1,3.30,away
01-02-2025,St. Pauli,Augsburg,,1-1,3.20,draw
01-02-2025,Union Berlin,RB Leipzig,,0-0,2.20,draw
01-02-2025,Wolves,Aston Villa,,2-0,2.10,home
01-02-2025,Ajax,Feyenoord,,2-1,2.25,home
01-02-2025,Manchester Utd,Crystal Palace,,0-2,1.30,away
01-02-2025,Brentford,Tottenham,,0-2,2.10,away
01-02-2025,Toulouse,Nice,,1-1,1.50,draw
01-02-2025,Valencia,Celta Vigo,,2-1,2.35,home
01-02-2025,Rennes,Strasbourg,,1-0,1.30,home
01-02-2025,Arsenal,Manchester City,,5-1,1.30,home
01-02-2025,AC Milan,Inter,,1-1,1.25,draw
01-02-2025,Osasuna,Real Sociedad,,2-1,1.35,home
01-02-2025,AS Roma,Napoli,,1-1,3.20,draw
01-02-2025,Betis,Ath Bilbao,,2-2,3.20,draw
25-01-2025,Mainz,Stuttgart,,2-0,1.30,home
25-01-2025,Bournemouth,Nottingham,,5-0,2.05,home
25-01-2025,Napoli,Juventus,,2-1,1.25,home
25-01-2025,Strasbourg,Lille,,2-1,1.40,home
25-01-2025,Empoli,Bologna,,1-1,2.10,draw
25-01-2025,Rayo Vallecano,Girona,,2-1,3.00,home
25-01-2025,Crystal Palace,Brentford,,1-2,2.05,away
25-01-2025,Le Havre,Brest,,0-1,2.25,away
25-01-2025,Udinese,AS Roma,,1-2,2.25,away
25-01-2025,Hoffenheim,Eintracht Frankfurt,,2-2,1.35,draw
25-01-2025,Nantes,Lyon,,1-1,3.50,draw
25-01-2025,St. Pauli,Union Berlin,,3-0,2.50,home
25-01-2025,Fulham,Manchester Utd,,0-1,1.30,away
25-01-2025,Nice,Marseille,,2-0,3.50,home
25-01-2025,Lazio,Fiorentina,,1-2,3.40,away
18-01-2025,West Ham,Crystal Palace,,0-2,1.30,away
18-01-2025,Oxford Utd,Blackburn,,1-0,2.30,home
18-01-2025,Sheffield Utd,Norwich,,2-0,1.30,home
18-01-2025,Derby,Watford,,0-2,3.30,away
18-01-2025,Juventus,AC Milan,,2-0,1.30,home
18-01-2025,Atalanta,Napoli,,2-3,1.30,away
18-01-2025,Celta Vigo,Ath Bilbao,,1-2,1.40,away
18-01-2025,Everton,Tottenham,,3-2,2.40,home
18-01-2025,Parma,Venezia,,1-1,3.50,draw
18-01-2025,Manchester Utd,Brighton,,1-3,2.05,away
18-01-2025,St Etienne,Nantes,,1-1,2.50,draw
18-01-2025,Nacional,AVS,,3-1,2.05,home
18-01-2025,Angers,Auxerre,,2-0,3.20,home
18-01-2025,Osasuna,Rayo Vallecano,,1-1,3.20,draw
18-01-2025,Valencia,Real Sociedad,,1-0,3.00,home
11-01-2025,Alaves,Girona,,0-1,3.10,away
11-01-2025,Empoli,Lecce,,1-3,1.20,away
11-01-2025,Hoffenheim,Wolfsburg,,0-1,3.50,away
11-01-2025,St. Pauli,Eintracht Frankfurt,,0-1,2.05,away
11-01-2025,Heidenheim,Union Berlin,,2-0,1.30,home
11-01-2025,Brest,Lyon,,2-1,3.50,home
11-01-2025,Espanyol,Leganes,,1-1,3.00,draw
11-01-2025,Malaga,Dep. La Coruna,,1-1,1.40,draw
11-01-2025,Reims,Nice,,2-4,1.45,away
11-01-2025,Rennes,Marseille,,1-2,1.35,away
11-01-2025,Genoa,Parma,,1-0,1.95,home
11-01-2025,Las Palmas,Getafe,,1-2,2.95,away
11-01-2025,Montpellier,Angers,,1-3,2.05,away
11-01-2025,Augsburg,Stuttgart,,0-1,2.00,away
11-01-2025,Bologna,AS Roma,,2-2,1.40,draw
04-01-2025,Tottenham,Newcastle,,1-2,2.25,away
04-01-2025,Venezia,Empoli,,1-1,3.10,draw
04-01-2025,Southampton,Brentford,,0-5,2.50,away
04-01-2025,Queen’s Park,Livingston,,2-0,2.20,home
04-01-2025,Morton,Hamilton,,Postp,2.15,postponed
04-01-2025,St Etienne,Reims,,3-1,1.30,home
04-01-2025,Fiorentina,Napoli,,0-3,3.10,away
04-01-2025,Verona,Udinese,,0-0,2.45,draw
04-01-2025,Boavista,Arouca,,1-3,1.40,away
04-01-2025,Monza,Cagliari,,1-2,1.35,away
04-01-2025,Strasbourg,Auxerre,,3-1,1.85,home
04-01-2025,Angers,Brest,,2-0,1.30,home
04-01-2025,Lecce,Genoa,,0-0,3.00,draw
04-01-2025,AS Roma,Lazio,,2-0,1.30,home
04-01-2025,Estrela,Estoril,,2-4,2.25,away
28-12-2024,Parma,Monza,,2-1,1.35,home
28-12-2024,Empoli,Genoa,,1-2,2.90,away
28-12-2024,Raith,Livingston,,2-1,3.10,home
28-12-2024,Lazio,Atalanta,,1-1,3.30,draw
28-12-2024,Udinese,Torino,,2-2,1.30,draw
28-12-2024,Charlton,Wycombe,,2-1,1.40,home
28-12-2024,Rotherham,Stockport County,,1-1,3.30,draw
28-12-2024,Preston,Sheffield Wed,,3-1,3.05,home
28-12-2024,Sheffield Utd,West Brom,,1-1,2.00,draw
28-12-2024,Everton,Nottingham,,0-2,1.50,away
28-12-2024,Fulham,Bournemouth,,2-2,3.60,draw
28-12-2024,Swansea,Luton,,2-1,3.30,home
28-12-2024,Stoke,Sunderland,,1-0,1.35,home
28-12-2024,Juventus,Fiorentina,,2-2,1.25,draw
28-12-2024,Middlesbrough,Burnley,,0-0,3.20,draw
21-12-2024,Getafe,Mallorca,,0-1,1.25,away
21-12-2024,Torino,Bologna,,0-2,2.85,away
21-12-2024,Holstein Kiel,Augsburg,,5-1,3.30,home
21-12-2024,Hoffenheim,B. Monchengladbach,,1-2,3.60,away
21-12-2024,Werder Bremen,Union Berlin,,4-1,2.10,home
21-12-2024,Brentford,Nottingham,,0-2,1.30,away
21-12-2024,West Ham,Brighton,,1-1,1.25,draw
21-12-2024,Celta Vigo,Real Sociedad,,2-0,1.40,home
21-12-2024,Osasuna,Ath Bilbao,,1-2,2.10,away
21-12-2024,AZ Alkmaar,Twente,,1-0,2.20,home
21-12-2024,Valencia,Alaves,,2-2,2.15,draw
21-12-2024,Leicester,Wolves,,0-3,2.45,away
21-12-2024,Venezia,Cagliari,,2-1,1.40,home
21-12-2024,Bochum,Heidenheim,,2-0,2.30,home
21-12-2024,Wolfsburg,Dortmund,,1-3,1.25,away
14-12-2024,Espanyol,Osasuna,,0-0,3.00,draw
14-12-2024,Mallorca,Girona,,2-1,3.00,home
14-12-2024,Marseille,Lille,,1-1,1.30,draw
14-12-2024,St. Pauli,Werder Bremen,,0-2,1.30,away
14-12-2024,Sevilla,Celta Vigo,,1-0,2.20,home
14-12-2024,Nottingham,Aston Villa,,2-1,1.30,home
14-12-2024,Auxerre,Lens,,2-2,1.25,draw
14-12-2024,Reims,Monaco,,0-0,2.00,draw
14-12-2024,Lecce,Monza,,2-1,3.00,home
14-12-2024,Bologna,Fiorentina,,1-0,3.10,home
14-12-2024,Alaves,Ath Bilbao,,1-1,1.30,draw
14-12-2024,Le Havre,Strasbourg,,0-3,3.20,away
14-12-2024,Como,AS Roma,,2-0,2.30,home
14-12-2024,RB Leipzig,Eintracht Frankfurt,,2-1,3.00,home
14-12-2024,NAC Breda,AZ Alkmaar,,1-2,2.00,away
07-12-2024,Genoa,Torino,,0-0,2.45,draw
07-12-2024,Bochum,Werder Bremen,,0-1,2.20,away
07-12-2024,B. Monchengladbach,Dortmund,,1-1,2.05,draw
07-12-2024,Valencia,Rayo Vallecano,,0-1,1.25,away
07-12-2024,Heracles,Sittard,,2-2,2.70,draw
07-12-2024,Leganes,Real Sociedad,,0-3,1.20,away
07-12-2024,AZ Alkmaar,Ajax,,2-1,2.15,home
07-12-2024,Verona,Empoli,,1-4,2.90,away
07-12-2024,Wolfsburg,Mainz,,4-3,1.30,home
07-12-2024,Ath Bilbao,Villarreal,,2-0,2.00,home
07-12-2024,Nantes,Rennes,,1-0,3.15,home
07-12-2024,Strasbourg,Reims,,0-0,1.40,draw
07-12-2024,Hoffenheim,Freiburg,,1-1,2.50,draw
07-12-2024,Venezia,Como,,2-2,2.60,draw
07-12-2024,Osasuna,Alaves,,2-2,1.25,draw
30-11-2024,Werder Bremen,Stuttgart,,2-2,1.40,draw
30-11-2024,Crystal Palace,Newcastle,,1-1,1.30,draw
30-11-2024,Wolves,Bournemouth,,2-4,1.30,away
30-11-2024,Stoke,Burnley,,0-2,2.30,away
30-11-2024,Espanyol,Celta Vigo,,3-1,2.25,home
30-11-2024,Brest,Strasbourg,,3-1,3.45,home
30-11-2024,Atletico-MG (Bra),Botafogo RJ (Bra),,1-3,2.10,away
30-11-2024,Parma,Lazio,,3-1,1.85,home
30-11-2024,Mainz,Hoffenheim,,2-0,2.05,home
30-11-2024,Liverpool,Manchester City,,2-0,2.10,home
30-11-2024,Le Havre,Angers,,0-1,1.30,away
30-11-2024,Lyon,Nice,,4-1,2.00,home
30-11-2024,Heidenheim,Eintracht Frankfurt,,0-4,2.00,away
30-11-2024,Rayo Vallecano,Ath Bilbao,,1-2,1.40,away
30-11-2024,Marseille,Monaco,,2-1,2.60,home
23-11-2024,Valencia,Betis,,4-2,1.40,home
23-11-2024,Wolfsburg,Union Berlin,,1-0,2.25,home
23-11-2024,Everton,Brentford,,0-0,2.40,draw
23-11-2024,Bournemouth,Brighton,,1-2,1.30,away
23-11-2024,QPR,Stoke,,1-1,2.50,draw
23-11-2024,Lens,Marseille,,1-3,1.60,away
23-11-2024,AC Milan,Juventus,,0-0,3.25,draw
23-11-2024,Las Palmas,Mallorca,,2-3,1.50,away
23-11-2024,St Etienne,Montpellier,,1-0,2.95,home
23-11-2024,Racing Club (Arg),Cruzeiro (Bra),,3-1,2.35,home
23-11-2024,Reims,Lyon,,1-1,2.45,draw
23-11-2024,Genoa,Cagliari,,2-2,2.60,draw
23-11-2024,Osasuna,Villarreal,,2-2,3.45,draw
23-11-2024,Como,Fiorentina,,0-2,1.35,away
23-11-2024,Holstein Kiel,Mainz,,0-3,2.30,away
09-11-2024,Mainz,Dortmund,,3-1,1.25,home
09-11-2024,Crystal Palace,Fulham,,0-2,1.30,away
09-11-2024,Brentford,Bournemouth,,3-2,2.70,home
09-11-2024,Espanyol,Valencia,,Postp,2.90,postponed
09-11-2024,Leganes,Sevilla,,1-0,3.00,home
09-11-2024,Twente,Ajax,,2-2,2.60,draw
09-11-2024,Nottingham,Newcastle,,1-3,1.50,away
09-11-2024,Nice,Lille,,2-2,3.25,draw
09-11-2024,Augsburg,Hoffenheim,,0-0,2.15,draw
09-11-2024,Mallorca,Atl. Madrid,,0-1,1.30,away
09-11-2024,Montpellier,Brest,,3-1,1.30,home
09-11-2024,Le Havre,Reims,,0-3,2.25,away
09-11-2024,Chelsea,Arsenal,,1-1,3.40,draw
09-11-2024,Getafe,Girona,,0-1,3.10,away
09-11-2024,Heidenheim,Wolfsburg,,1-3,3.30,away
02-11-2024,Holstein Kiel,Heidenheim,,1-0,2.50,home
02-11-2024,Ipswich,Leicester,,1-1,2.25,draw
02-11-2024,Nottingham,West Ham,,3-0,2.15,home
02-11-2024,Southampton,Everton,,1-0,2.65,home
02-11-2024,Borussia Dortmund,RB Leipzig,,2-1,1.25,home
02-11-2024,Wolves,Crystal Palace,,2-2,1.30,draw
02-11-2024,Ajax,PSV,,3-2,2.75,home
02-11-2024,Brest,Nice,,0-1,3.20,away
02-11-2024,St Etienne,Strasbourg,,2-0,1.95,home
02-11-2024,Torino,Fiorentina,,0-1,2.30,away
02-11-2024,Auxerre,Rennes,,4-0,2.05,home
02-11-2024,Le Havre,Montpellier,,1-0,1.30,home
02-11-2024,B. Monchengladbach,Werder Bremen,,4-1,2.05,home
02-11-2024,Manchester Utd,Chelsea,,1-1,1.25,draw
02-11-2024,Sevilla,Real Sociedad,,0-2,1.35,away
27-10-2024,Leganes,Celta Vigo,,3-0,1.35,home
27-10-2024,West Ham,Manchester Utd,,2-1,2.30,home
27-10-2024,Monza,Venezia,,2-2,2.15,draw
27-10-2024,Getafe,Valencia,,1-1,1.25,draw
27-10-2024,Strasbourg,Nantes,,3-1,1.85,home
27-10-2024,Montpellier,Toulouse,,0-3,3.10,away
27-10-2024,Nice,Monaco,,2-1,2.20,home
27-10-2024,Union Berlin,Eintracht Frankfurt,,1-1,2.55,draw
27-10-2024,Arsenal FC,Liverpool FC,,2-2,3.40,draw
27-10-2024,Real Betis Seville,Atletico Madrid,,1-0,3.20,home
27-10-2024,CA Platense,Argentinos Jrs,,2-1,2.70,home
27-10-2024,Heidenheim,Hoffenheim,,0-0,2.95,draw
27-10-2024,CA Banfield,Racing Club Avellaneda,,2-1,1.35,home
27-10-2024,Fiorentina,AS Roma,,5-1,3.25,home
27-10-2024,Olympigue Marseille,PSG,,0-3,1.25,away
19-10-2024,Fulham,Aston Villa,,1-3,1.40,away
19-10-2024,Southampton,Leicester,,2-3,2.30,away
19-10-2024,Ipswich,Everton,,0-2,1.40,away
19-10-2024,Sheffield Wed,Burnley,,0-2,2.60,away
19-10-2024,Stoke,Norwich,,1-1,2.60,draw
19-10-2024,Osasuna,Betis,,1-2,3.25,away
19-10-2024,Stade Brest 29,Stade Rennes,,1-1,3.25,draw
19-10-2024,Girona,Real Sociedad,,0-1,3.25,away
19-10-2024,US Lecce,ACF Fiorentina,,0-6,1.35,away
19-10-2024,Le Havre,Olympique Lyon,,0-4,2.00,away
19-10-2024,Hull City,Sunderland,,0-1,3.45,away
19-10-2024,AJ Auxerre,Stade Reims,,2-1,2.55,home
19-10-2024,FC Nantes,OGC Nice,,1-1,1.35,draw
19-10-2024,Wolfsburg,Werder Bremen,,2-4,2.05,away
19-10-2024,Cagliari Calcio,Torino FC,,3-2,2.60,home
05-10-2024,Werder Bremen,Freiburg,,0-1,2.50,away
05-10-2024,Leicester,Bournemouth,,1-0,1.35,home
05-10-2024,Getafe,Osasuna,,1-1,1.25,draw
05-10-2024,St Etienne,Auxerre,,3-1,3.40,home
05-10-2024,St. Pauli,Mainz,,0-3,2.40,away
05-10-2024,Everton,Newcastle,,0-0,2.20,draw
05-10-2024,Valladolid,Rayo Vallecano,,1-2,3.00,away
05-10-2024,Las Palmas,Celta Vigo,,0-1,2.25,away
05-10-2024,Stade Rennes,Monaco,,1-2,1.45,away
05-10-2024,Girona,Ath Bilbao,,2-1,1.55,home
05-10-2024,Aston Villa,Manchester Utd,,0-0,2.25,draw
05-10-2024,Brighton,Tottenham,,3-2,2.20,home
05-10-2024,Sevilla,Betis,,1-0,3.20,home
05-10-2024,Fiorentina,AC Milan,,2-1,2.20,home
05-10-2024,Sociedad,Atl. Madrid,,1-1,1.30,draw
28-09-2024,Wolfsburg,Stuttgart,,2-2,2.15,draw
28-09-2024,B. Monchengladbach,Union Berlin,,1-0,2.10,home
28-09-2024,Nottingham,Fulham,,0-1,3.30,away
28-09-2024,Brentford,West Ham,,1-1,1.35,draw
28-09-2024,Everton,Crystal Palace,,2-1,1.50,home
28-09-2024,Lens,Nice,,0-0,1.25,draw
28-09-2024,Bologna,Atalanta,,1-1,2.90,draw
28-09-2024,Torino,Lazio,,2-3,3.15,away
28-09-2024,Como,Verona,,3-2,2.15,home
28-09-2024,Toulouse,Olympique Lyon,,1-2,1.50,away
28-09-2024,Swansea,Bristol City,,1-1,2.35,draw
28-09-2024,Angers,Reims,,1-3,1.30,away
28-09-2024,Hoffenheim,Werder Bremen,,3-4,2.30,away
28-09-2024,Manchester Utd,Tottenham,,0-3,3.85,away
28-09-2024,Empoli,Fiorentina,,0-0,3.30,draw
21-09-2024,Heidenheim,Freiburg,,0-3,3.45,away
21-09-2024,Leicester,Everton,,1-1,1.30,draw
21-09-2024,Fulham,Newcastle,,3-1,1.30,home
21-09-2024,Southampton,Ipswich,,1-1,3.10,draw
21-09-2024,Juventus,Napoli,,0-0,1.30,draw
21-09-2024,Crystal Palace,Manchester Utd,,0-0,1.45,draw
21-09-2024,Valencia,Girona,,2-0,2.80,home
21-09-2024,Stade Rennes,Lens,,1-1,3.30,draw
21-09-2024,Fiorentina,Lazio,,2-1,2.30,home
21-09-2024,Preston,Blackburn,,0-0,3.20,draw
21-09-2024,Monza,Bologna,,1-2,3.10,away
21-09-2024,Angers SCO,FC Nantes,,1-1,3.20,draw
21-09-2024,Montpellier HSC,AJ Auxerre,,3-2,2.30,home
21-09-2024,VfB Stuttgart,Borussia Dortmund,,5-1,2.30,home
21-09-2024,Olympique Lyon,Olympique Marseille,,2-3,2.20,away
31-08-2024,Holstein Kiel,Wolfsburg,,0-2,2.15,away
31-08-2024,Bochum,B. Monchengladbach,,0-2,2.60,away
31-08-2024,Everton,Bournemouth,,2-3,2.50,away
31-08-2024,Ipswich,Fulham,,1-1,2.30,draw
31-08-2024,Millwall,Sheffield Wed,,3-0,2.40,home
31-08-2024,Derby,Bristol City,,3-0,2.40,home
31-08-2024,Lecce,Cagliari,,1-0,3.20,home
31-08-2024,Montpellier,Nantes,,1-3,1.30,away
31-08-2024,Kaiserslautern,Hertha Berlin,,3-4,1.25,away
31-08-2024,Lazio,AC Milan,,2-2,1.40,draw
31-08-2024,Newcastle,Tottenham,,2-1,2.50,home
31-08-2024,Heidenheim,Augsburg,,4-0,2.45,home
31-08-2024,Stade Reims,Stade Rennes,,2-1,2.35,home
31-08-2024,Genoa,Hellas Verona,,0-2,1.25,away
31-08-2024,Lille,PSG,,1-3,1.90,away
24-08-2024,Crystal Palace,West Ham,,0-2,1.35,away
24-08-2024,Southampton,Nottingham,,0-1,1.50,away
24-08-2024,Osasuna,Mallorca,,1-0,3.00,home
24-08-2024,Olympique Lyon,Monaco,,0-2,2.70,away
24-08-2024,Udinese,Lazio,,2-1,1.35,home
24-08-2024,Monza,Genoa,,0-1,1.50,away
24-08-2024,Getafe,Rayo Vallecano,,0-0,2.95,draw
24-08-2024,Espanyol,Sociedad,,0-1,2.10,away
24-08-2024,Bournemouth,Newcastle,,1-1,2.20,draw
24-08-2024,Motherwell,Hearts,,3-1,3.40,home
24-08-2024,Strasbourg,Rennes,,3-1,2.20,home
24-08-2024,St. Pauli,Heidenheim,,0-2,2.10,away
24-08-2024,Torino,Atalanta,,2-1,2.40,home
24-08-2024,Leganes,Las Palmas,,2-1,3.00,home
24-08-2024,Deportivo Alaves,Betis,,0-0,3.10,draw
17-08-2024,Nottingham,Bournemouth,,1-1,2.40,draw
17-08-2024,Everton,Brighton,,0-3,2.65,away
17-08-2024,Stade Brest 29,Olympique Marseille,,1-5,2.40,away
17-08-2024,West Ham,Aston Villa,,1-2,2.60,away
17-08-2024,Parma,Fiorentina,,1-1,2.20,draw
17-08-2024,Stade Reims,Lille,,0-2,2.20,away
17-08-2024,Dep. La Coruna,Oviedo,,0-1,1.35,away
17-08-2024,CA Independiente Avellaneda,CA Rosario Central,,1-0,1.80,home
17-08-2024,Empoli,Monza,,0-0,1.35,draw
17-08-2024,Brentford,Crystal Palace,,2-1,3.40,home
17-08-2024,Auxerre,Nice,,2-1,1.35,home
17-08-2024,Toulouse,Nantes,,0-0,1.25,draw
17-08-2024,Montpellier,Strasbourg,,1-1,2.05,draw
17-08-2024,Racing Santander,Almeria,,2-2,3.05,draw
17-08-2024,Stade Rennes,Olympique Lyon,,3-0,2.95,home
10-08-2024,Queens Park Rangers,West Brom,,1-3,1.40,away
10-08-2024,Oxford Utd,Norwich,,2-0,1.35,home
10-08-2024,Stoke,Coventry,,1-0,3.45,home
10-08-2024,Cardiff,Sunderland,,0-2,3.10,away
10-08-2024,Millwall,Watford,,2-3,2.30,away
10-08-2024,Norrkoping,Vasteras SK,,2-1,2.40,home
10-08-2024,AC Oulu,Inter Turku,,1-0,1.90,home
10-08-2024,Kasimpasa,Konyaspor,,2-3,3.45,away
10-08-2024,Cuiaba,Gremio,,1-3,2.10,away
10-08-2024,Vasco Da Gama,Fluminense,,2-0,2.85,home
10-08-2024,Corinthians,Bragantino,,1-1,1.30,draw
10-08-2024,Zurich,Lausanne,,2-0,1.90,home
10-08-2024,Estoril,Santa Clara,,1-4,1.30,away
10-08-2024,Farense,Moreirense,,1-2,2.50,away
10-08-2024,Flamengo RJ,Palmeiras,,1-1,1.95,draw
03-08-2024,Tsv Hartberg,Lask,,1-2,3.30,away
03-08-2024,Grasshopper Club Zurich,Fc Basel 1893,,0-3,2.50,away
03-08-2024,Fluminense Fc,Ec Bahia,,1-0,2.00,home
03-08-2024,Sporting Lisbon,Fc Porto,,3-3,3.30,draw
03-08-2024,Cr Vasco Da Gama,Red Bull Bragantino Sp,,2-2,1.30,draw
03-08-2024,Ca Independiente Avellaneda,Ca San Lorenzo Almagro,,0-0,2.80,draw
03-08-2024,Ac Goianiense,Botafogo Rj,,1-4,1.30,away
03-08-2024,Ec Vitoria,Cuiaba Esporte Clube Mt,,1-0,3.00,home
03-08-2024,Criciuma Ec,Atletico Mineiro Mg,,2-1,1.40,home
03-08-2024,Sao Paulo Fc,Flamengo Rj,,1-0,2.60,home
03-08-2024,Dundee United,Dundee Fc,,2-2,3.30,draw
03-08-2024,St Mirren Fc,Hibernian Fc,,3-0,3.25,home
03-08-2024,Sk Rapid,Sk Sturm Graz,,1-0,2.20,home
03-08-2024,Blau-weiss Linz,Fk Austria Wien,,1-0,2.25,home
03-08-2024,Sc Internacional,Se Palmeiras,,1-1,2.50,draw
27-07-2024,Fk Dinamo Moscow,Lokomotiv Moscow,,3-1,2.10,home
27-07-2024,Grasshopper Club Zurich,Fc Luzern,,2-2,2.35,draw
27-07-2024,Fc Sion,Lausanne-sport,,4-0,2.60,home
27-07-2024,K Beerschot Va,Oud-heverlee Leuven,,0-0,2.45,draw
27-07-2024,Halmstads Bk,Ifk Varnamo,,1-0,1.25,home
27-07-2024,Fc Basel 1893,Fc Lugano,,1-2,2.40,away
27-07-2024,Sligo Rovers Fc,Galway United Fc,,2-0,2.20,home
27-07-2024,Fortaleza Ec,Sao Paulo Fc,,1-0,1.30,home
27-07-2024,Aalborg Bk,Silkeborg If,,2-1,2.55,home
27-07-2024,Fc St. Gallen 1879,Young Boys,,4-0,2.35,home
27-07-2024,If Elfsborg,Djurgardens If,,1-2,2.70,away
27-07-2024,Odds Bk,Stroemsgodset If,,2-0,3.50,home
27-07-2024,Royal Charleroi Sc,Royal Antwerp Fc,,0-1,2.15,away
27-07-2024,Viking Fk,Molde Fk,,1-0,2.50,home
27-07-2024,Kvc Westerlo,Cercle Brugge,,3-0,1.35,home
20-07-2024,FK Rostov,CSKA Moscow,,0-0,2.50,draw
20-07-2024,Club Brugge,Union Saint-gilloise,,1-2,2.10,away
20-07-2024,San Lorenzo,Huracan,,1-1,2.70,draw
20-07-2024,Rapid Bucuresti 1923,CFR 1907 Cluj,,2-2,2.35,draw
20-07-2024,Banfield,Atl. Tucuman,,1-1,3.00,draw
20-07-2024,Orlando City,New York City,,1-1,2.00,draw
20-07-2024,Atlanta Utd,Columbus Crew,,2-1,2.10,home
20-07-2024,Seattle Sounders,Los Angeles FC,,0-3,1.45,away
20-07-2024,Stromsgodset,Tromso,,0-1,2.00,away
20-07-2024,Vejle,Randers FC,,2-3,1.40,away
20-07-2024,Luzern,Servette,,1-2,2.10,away
20-07-2024,Lausanne,Basel,,3-2,1.35,home
20-07-2024,Orenburg,Spartak Moscow,,2-0,2.15,home
20-07-2024,Hamarkameratene,Fredrikstad FK,,0-1,3.25,away
20-07-2024,Rosenborg,Lillestrom,,Abn,2.05,abandoned
13-07-2024,Comerciantes Unidos,Cienciano,,1-2,1.35,away
13-07-2024,Club Leon,Pachuca,,0-0,1.45,draw
13-07-2024,Toronto FC,Philadelphia Union,,2-1,2.10,home
13-07-2024,DC United,Nashville SC,,2-1,1.90,home
13-07-2024,New England Revolution,Orlando City,,1-3,2.70,away
13-07-2024,CF Montreal,Atlanta Utd,,1-0,2.35,home
13-07-2024,Austin FC,Seattle Sounders,,0-1,2.50,away
13-07-2024,St. Louis City,Vancouver Whitecaps,,1-4,2.00,away
13-07-2024,FC Dallas,Los Angeles Galaxy,,2-0,2.35,home
13-07-2024,Chicago Fire,New York City,,0-0,2.30,draw
13-07-2024,Club Santos Laguna,Pumas Unam,,1-1,2.05,draw
13-07-2024,Colorado Rapids,New York Red Bulls,,1-1,1.35,draw
13-07-2024,Portland Timbers,Real Salt Lake,,3-0,2.15,home
13-07-2024,Monterrey,Cruz Azul,,0-4,2.05,away
13-07-2024,Nagoya,Kashiwa,,2-1,3.10,home
06-07-2024,Tampereen Ilves,HJK Helsinki,,3-0,3.40,home
06-07-2024,Cerro Largo,Liverpool Montevideo,,1-0,2.30,home
06-07-2024,Mjallby,Sirius,,3-2,2.10,home
06-07-2024,Boston River,CA Cerro,,2-0,3.20,home
06-07-2024,England,Switzerland,,1-1,2.20,draw
06-07-2024,Varnamo,Goteborg,,2-0,2.75,home
06-07-2024,Fenix Montevideo,Ca River Plate (Uru),,1-0,1.25,home
06-07-2024,GAIS,Hammarby,,0-0,2.70,draw
06-07-2024,Haugesund,Sarpsborg 08,,1-2,2.10,away
06-07-2024,KFUM Oslo,Viking,,1-2,2.25,away
06-07-2024,IFK Mariehamn,FC Haka Valkeakoski,,0-3,2.35,away
06-07-2024,Juventude,Gremio,,3-0,2.30,home
06-07-2024,Botafogo RJ,Atletico-MG,,3-0,1.25,home
06-07-2024,AC Goianiense,CA Paranaense,,1-2,2.30,away
06-07-2024,Vitoria,Criciuma,,2-1,1.25,home
30-06-2024,Cuiaba,Bragantino,,1-1,3.00,draw
30-06-2024,Vasco da Gama,Botafogo RJ,,1-1,2.40,draw
30-06-2024,Birmingham Legion,Louisville City,,1-4,2.15,away
30-06-2024,New England Revolution,Columbus Crew,,1-5,2.10,away
30-06-2024,CF Montreal,Philadelphia Union,,4-2,2.45,home
30-06-2024,Canada,Chile,,0-0,3.20,draw
30-06-2024,FC Dallas,FC Cincinnati,,0-1,2.50,away
30-06-2024,Nashville SC,Inter Miami,,1-2,1.90,away
30-06-2024,San Antonio,New Mexico,,2-3,2.10,away
30-06-2024,Orange County SC,Oakland Roots,,0-2,1.30,away
30-06-2024,Las Vegas Lights,Pittsburgh,,2-0,2.30,home
30-06-2024,San Jose Earthquakes,Los Angeles Galaxy,,0-3,2.40,away
30-06-2024,EC Vitoria,CA Paranaense,,0-1,1.35,away
30-06-2024,Jamaica,Venezuela,,0-3,1.20,away
30-06-2024,Mexico,Ecuador,,0-0,3.00,draw
22-06-2024,Gremio,Internacional,,0-1,3.00,away
22-06-2024,Cuiaba,Atletico GO,,0-0,3.00,draw
22-06-2024,DC United,Houston Dynamo,,1-4,3.40,away
22-06-2024,Vasco da Gama,Sao Paulo,,4-1,2.25,home
22-06-2024,Nashville SC,New York City,,1-0,1.35,home
22-06-2024,St. Louis City,Atlanta Utd,,1-1,1.85,draw
22-06-2024,Consadole Sapporo,Yokohama F. Marinos,,0-1,1.30,away
22-06-2024,Incheon,Pohang Steelers,,1-3,3.20,away
22-06-2024,Oddevold,Degerfors,,1-1,2.20,draw
22-06-2024,Ostersund,Utsikten,,1-0,3.30,home
22-06-2024,Aalesund,Ranheim,,0-3,2.25,away
22-06-2024,Mjondalen,Egersund,,0-3,3.80,away
22-06-2024,Asane,Moss,,1-4,1.25,away
22-06-2024,Espanyol,Oviedo,,2-0,1.95,home
22-06-2024,Bahia,Cruzeiro,,4-1,1.95,home
15-06-2024,Hungary,Switzerland,,1-3,2.25,away
15-06-2024,Gefle,Landskrona,,1-2,2.05,away
15-06-2024,Union de Santa Fe,Ca San Lorenzo Almagro,,2-1,1.30,home
15-06-2024,Atletico Tucuman,Defensa y Justicia,,1-1,2.00,draw
15-06-2024,Orlando City,Los Angeles FC,,1-3,1.50,away
15-06-2024,New England Revolution,Vancouver Whitecaps,,3-2,3.40,home
15-06-2024,CF Montreal,Real Salt Lake,,0-0,2.00,draw
15-06-2024,Charlotte,DC United,,1-0,2.00,home
15-06-2024,FC Dallas,St. Louis City,,2-0,2.85,home
15-06-2024,San Jose Earthquakes,FC Cincinnati,,2-4,2.70,away
15-06-2024,Gamba Osaka,Kashiwa Reysol,,2-1,1.35,home
15-06-2024,Sandviken,Oddevold,,2-0,2.00,home
15-06-2024,Ca Paranaense,Flamengo RJ,,1-1,2.50,draw
15-06-2024,Corinthians,Sao Paulo,,2-2,2.90,draw
15-06-2024,Vitoria,Internacional,,2-1,2.20,home
08-06-2024,Ekenas Idrottsforening,If Gnistan,,1-0,2.00,home
08-06-2024,Moldova,Cyprus,,3-2,2.05,home
08-06-2024,Sweden,Serbia,,0-3,2.60,away
08-06-2024,Switzerland,Austria,,1-1,3.10,draw
08-06-2024,Denmark,Norway,,3-1,2.10,home
08-06-2024,Wanderers,Pacific,,0-0,2.20,draw
08-06-2024,Cavalry,Forge Hamilton,,1-0,1.50,home
08-06-2024,USA,Colombia,,1-5,2.55,away
08-06-2024,New England Revolution,New York Red Bulls,,1-0,2.25,home
08-06-2024,Sporting Kansas City,Seattle Sounders,,2-1,2.40,home
08-06-2024,Montedio Yamagata,Oita Trinita,,0-0,1.35,draw
08-06-2024,Mjondalen,Ranheim,,3-3,2.30,draw
08-06-2024,Ik Start,Lyn 1896 Fk,,1-4,1.45,away
08-06-2024,Criciuma,Cuiaba,,2-5,2.00,away
08-06-2024,York United,Vancouver,,2-2,2.40,draw
01-06-2024,Halmstad,GAIS,,4-0,2.15,home
01-06-2024,Gremio,Bragantino,,0-2,2.55,away
01-06-2024,Vitoria,Ac Goianiense,,0-2,1.30,away
01-06-2024,Espanola,Deportes Iquique,,4-3,1.30,home
01-06-2024,Belgrano,Argentinos Jrs,,1-0,2.95,home
01-06-2024,Audax Italiano,Palestino,,1-2,2.45,away
01-06-2024,Corinthians,Botafogo RJ,,0-1,2.00,away
01-06-2024,Chicago Fire,Los Angeles Galaxy,,2-1,1.50,home
01-06-2024,Portland Timbers,Houston Dynamo,,2-2,2.05,draw
01-06-2024,Vancouver Whitecaps,Colorado Rapids,,2-1,3.25,home
01-06-2024,Kalmar,Vasteras SK,,0-4,2.50,away
01-06-2024,Alcorcon,Burgos CF,,1-0,2.60,home
01-06-2024,Huesca,Levante,,0-0,3.15,draw
01-06-2024,Tenerife,Valladolid,,2-1,2.80,home
01-06-2024,Platense,Boca Juniors,,1-0,2.15,home
23-05-2024,Frosinone,Udinese,,0-1,1.35,away
23-05-2024,Genoa,Bologna,,2-0,2.15,home
23-05-2024,Getafe,Mallorca,,1-2,3.20,away
23-05-2024,Atalanta,Torino,,3-0,2.10,home
23-05-2024,Leeds,Southampton,,0-1,2.25,away
23-05-2024,Las Palmas,Deportivo Alaves,,1-1,1.50,draw
23-05-2024,Pendikspor,Gaziantep,,0-1,2.20,away
23-05-2024,Sivasspor,Kayserispor,,2-1,1.90,home
23-05-2024,Cagliari,Fiorentina,,2-3,1.85,away
23-05-2024,FC Porto,Sporting CP,,1-1,1.35,draw
23-05-2024,Sporting Gijon,Eibar,,1-0,2.50,home
23-05-2024,Cartagena,Huesca,,0-2,2.10,away
23-05-2024,Racing Club De Ferrol,Leganes,,2-2,2.60,draw
23-05-2024,Ca Huracan,Instituto Ac Cordoba,,1-0,2.90,home
23-05-2024,Gimnasia Y Esgrima La Plata,Ca Banfield,,3-0,3.00,home
18-05-2024,Heidenheim,1. Fc Cologne,,4-1,2.60,home
18-05-2024,Werder Bremen,Bochum,,4-1,2.40,home
18-05-2024,Wolfsburg,Mainz,,1-3,2.20,away
18-05-2024,Union Berlin,Freiburg,,2-1,2.10,home
18-05-2024,Rizespor,Kasimpasa,,0-0,2.35,draw
18-05-2024,Basaksehir,Trabzonspor,,0-1,2.50,away
18-05-2024,Torino,AC Milan,,3-1,1.40,home
18-05-2024,Sassuolo,Cagliari,,0-2,1.35,away
18-05-2024,Udinese,Empoli,,1-1,1.25,draw
18-05-2024,Monza,Frosinone,,0-1,2.35,away
18-05-2024,Luton,Fulham,,2-4,2.25,away
18-05-2024,Brentford,Newcastle,,2-4,2.20,away
18-05-2024,Burnley,Nottingham,,1-2,3.70,away
18-05-2024,Crystal Palace,Aston Villa,,5-0,1.85,home
18-05-2024,Corinthians,Botafogo RJ,,Postp,2.00,postponed
11-05-2024,B. Monchengladbach,Eintracht Frankfurt,,1-1,2.60,draw
11-05-2024,1. Fc Cologne,Union Berlin,,3-2,2.75,home
11-05-2024,Wolves,Crystal Palace,,1-3,2.40,away
11-05-2024,Ross County,Motherwell,,1-5,3.40,away
11-05-2024,St. Mirren,Kilmarnock,,0-1,3.00,away
11-05-2024,Portimonense,Rio Ave,,2-2,2.10,draw
11-05-2024,Napoli,Bologna,,0-2,1.30,away
11-05-2024,Mainz,Borussia Dortmund,,3-0,2.20,home
11-05-2024,Nottingham,Chelsea,,2-3,1.95,away
11-05-2024,Genoa,Sassuolo,,2-1,3.20,home
11-05-2024,Hellas Verona,Torino,,1-2,1.50,away
11-05-2024,Valencia,Rayo Vallecano,,0-0,2.30,draw
11-05-2024,Atalanta,AS Roma,,2-1,1.25,home
11-05-2024,Strasbourg,Metz,,2-1,2.20,home
11-05-2024,Stade Rennes,Lens,,1-1,2.50,draw
04-05-2024,Bremen,B. Monchengladbach,,2-2,1.25,draw
04-05-2024,Stuttgart,Bayern,,3-1,2.10,home
04-05-2024,Brentford,Fulham,,0-0,2.10,draw
04-05-2024,Koln,Freiburg,,0-0,2.35,draw
04-05-2024,Girona,Barcelona,,4-2,2.40,home
04-05-2024,Mallorca,Atl. Madrid,,0-1,2.10,away
04-05-2024,Cagliari,Lecce,,1-1,3.20,draw
04-05-2024,Osasuna,Real Betis,,0-2,2.35,away
04-05-2024,Empoli,Frosinone,,0-0,3.30,draw
04-05-2024,Hellas Verona,Fiorentina,,2-1,1.35,home
04-05-2024,Brighton,Aston Villa,,1-0,2.30,home
04-05-2024,Celta Vigo,Villarreal,,3-2,1.60,home
04-05-2024,Eintracht Frankfurt,Leverkusen,,1-5,3.50,away
04-05-2024,Heidenheim,Mainz,,1-1,2.30,draw
04-05-2024,AS Roma,Juventus,,1-1,3.05,draw
27-04-2024,Lecce,Monza,,1-1,2.05,draw
27-04-2024,Freiburg,Wolfsburg,,1-2,3.00,away
27-04-2024,Fulham,Crystal Palace,,1-1,2.05,draw
27-04-2024,Watford,Sunderland,,1-0,3.20,home
27-04-2024,Huddersfield,Birmingham,,1-1,1.35,draw
27-04-2024,Cardiff,Middlesbrough,,1-4,1.30,away
27-04-2024,Sheffield Wed,West Brom,,3-0,3.20,home
27-04-2024,Blackburn,Coventry,,0-0,1.40,draw
27-04-2024,Almeria,Getafe,,1-3,2.70,away
27-04-2024,Juventus,AC Milan,,0-0,3.70,draw
27-04-2024,Everton,Brentford,,1-0,2.40,home
27-04-2024,Alaves,Celta Vigo,,3-0,2.90,home
27-04-2024,Aston Villa,Chelsea,,2-2,2.90,draw
27-04-2024,Atl. Madrid,Ath Bilbao,,3-1,1.95,home
27-04-2024,Hull,Ipswich,,3-3,3.10,draw
20-04-2024,Luton,Brentford,,1-5,2.15,away
20-04-2024,Sheffield Utd,Burnley,,1-4,1.40,away
20-04-2024,Vallecano,Osasuna,,2-1,3.15,home
20-04-2024,Nantes,Rennes,,0-3,1.55,away
20-04-2024,Valencia,Betis,,1-2,2.20,away
20-04-2024,Hellas Verona,Udinese,,1-0,3.10,home
20-04-2024,Sassuolo,Lecce,,0-3,2.30,away
20-04-2024,Le Havre,Metz,,0-1,1.35,away
20-04-2024,Crystal Palace,West Ham,,5-2,2.20,home
20-04-2024,Almeria,Villarreal,,1-2,2.00,away
20-04-2024,Brest,Monaco,,0-2,2.60,away
20-04-2024,Dortmund,Leverkusen,,1-1,3.85,draw
20-04-2024,Alaves,Atl. Madrid,,2-0,2.00,home
20-04-2024,Toulouse,Marseille,,2-2,1.35,draw
20-04-2024,Freiburg,Mainz,,1-1,270,draw
13-04-2024,Newcastle,Tottenham,,4-0,2.30,home
13-04-2024,Atl. Madrid,Girona,,3-1,2.05,home
13-04-2024,Lecce,Empoli,,1-0,1.25,home
13-04-2024,Mainz,Hoffenheim,,4-1,1.95,home
13-04-2024,Bochum,Heidenheim,,1-1,2.10,draw
13-04-2024,Nottingham,Wolves,,2-2,2.20,draw
13-04-2024,Vallecano,Getafe,,0-0,1.25,draw
13-04-2024,Strasbourg,Reims,,3-1,3.30,home
13-04-2024,Torino,Juventus,,0-0,1.25,draw
13-04-2024,Bournemouth,Manchester Utd,,2-2,2.65,draw
13-04-2024,Le Havre,Nantes,,0-1,3.00,away
13-04-2024,Las Palmas,Sevilla,,0-2,1.45,away
13-04-2024,West Ham,Fulham,,0-2,2.85,away
13-04-2024,Clermont,Montpellier,,1-1,2.10,draw
13-04-2024,Granada CF,Alaves,,2-0,2.40,home
06-04-2024,Koln,Bochum,,2-1,2.20,home
06-04-2024,Luton,Bournemouth,,2-1,1.95,home
06-04-2024,Wolves,West Ham,,1-2,2.70,away
06-04-2024,Fulham,Newcastle,,0-1,2.40,away
06-04-2024,Stoke,West Brom,,2-2,2.60,draw
06-04-2024,Watford,Preston,,0-0,1.70,draw
06-04-2024,Sunderland,Bristol City,,0-0,3.00,draw
06-04-2024,AS Roma,Lazio,,1-0,1.30,home
06-04-2024,Dortmund,Stuttgart,,0-1,2.20,away
06-04-2024,Empoli,Torino,,3-2,1.30,home
06-04-2024,Toulouse,Strasbourg,,0-0,3.50,draw
06-04-2024,Reims,Nice,,0-0,2.45,draw
06-04-2024,Hoffenheim,Augsburg,,3-1,2.90,home
06-04-2024,Verona,Genoa,,1-2,3.00,away
06-04-2024,Nantes,Lyon,,1-3,2.25,away
30-03-2024,B. Monchengladbach,Freiburg,,0-3,1.40,away
30-03-2024,Bremen,Wolfsburg,,0-2,3.50,away
30-03-2024,Bournemouth,Everton,,2-1,2.15,home
30-03-2024,Nottingham,Crystal Palace,,1-1,2.25,draw
30-03-2024,Almeria,Osasuna,,0-3,2.70,away
30-03-2024,Lazio,Juventus,,1-0,1.35,home
30-03-2024,Fiorentina,Milan,,1-2,1.40,away
30-03-2024,Brentford,Manchester Utd,,1-1,2.20,draw
30-03-2024,Lyon,Reims,,1-1,2.10,draw
30-03-2024,Celta Vigo,Vallecano,,0-0,2.05,draw
30-03-2024,Le Havre,Montpellier,,0-2,2.70,away
30-03-2024,Clermont,Toulouse,,0-3,2.30,away
30-03-2024,Strasbourg,Rennes,,2-0,2.25,home
30-03-2024,Alaves,Real Sociedad,,0-1,2.40,away
30-03-2024,Marseille,PSG,,0-2,1.35,away
23-03-2024,Morecambe,Gillingham,,2-3,1.30,away
23-03-2024,Sutton,Accrington,,3-1,2.05,home
23-03-2024,Crewe,Wimbledon,,1-1,3.25,draw
23-03-2024,Annan,Kelty Hearts,,3-2,2.30,home
23-03-2024,Stirling,Montrose,,1-0,2.30,home
23-03-2024,Burton,Port Vale,,0-1,2.25,away
23-03-2024,Ayr,Queen’s Park,,1-2,2.15,away
23-03-2024,Clyde,Spartans,,0-0,1.45,draw
23-03-2024,Elgin City,Forfar,,1-1,3.00,draw
23-03-2024,Alcorcon,Oviedo,,1-0,2.90,home
23-03-2024,Charlotte,Columbus Crew,,2-0,2.40,home
23-03-2024,St. Louis City,DC United,,2-2,1.30,draw
23-03-2024,Colorado,Houston,,0-1,2.15,away
23-03-2024,Portland,Philadelphia,,1-3,3.50,away
23-03-2024,San Jose,Seattle,,3-2,3.20,home
16-03-2024,Udinese,Torino,,0-2,2.90,away
16-03-2024,Heidenheim,B. Monchengladbach,,1-1,2.70,draw
16-03-2024,Luton,Nottingham,,1-1,1.50,draw
16-03-2024,Nantes,Strasbourg,,1-3,3.25,away
16-03-2024,Salernitana,Lecce,,0-1,1.40,away
16-03-2024,Hoffenheim,Stuttgart,,0-3,1.85,away
16-03-2024,Fulham,Tottenham,,3-0,2.10,home
16-03-2024,Getafe,Girona,,1-0,2.35,home
16-03-2024,Frosinone,Lazio,,2-3,2.10,away
16-03-2024,Brest,Lille,,1-1,3.10,draw
16-03-2024,West Ham,Aston Villa,,1-1,1.40,draw
16-03-2024,Clermont,Le Havre,,2-1,3.10,home
16-03-2024,Rennes,Marseille,,2-0,3.40,home
16-03-2024,Vallecano,Betis,,2-0,3.25,home
16-03-2024,Atl. Madrid,Barcelona,,0-3,3.65,away
09-03-2024,Valencia,Getafe,,1-0,2.00,home
09-03-2024,Sassuolo,Frosinone,,1-0,1.35,home
09-03-2024,Wolves,Fulham,,2-1,2.50,home
09-03-2024,Genoa,Monza,,2-3,1.30,away
09-03-2024,Lecce,Verona,,0-1,3.30,away
09-03-2024,Aston Villa,Tottenham,,0-4,4.00,away
09-03-2024,Alaves,Rayo Vallecano,,1-0,3.10,home
09-03-2024,Metz,Clermont,,1-0,1.35,home
09-03-2024,Le Havre,Toulouse,,1-0,2.60,home
09-03-2024,Strasbourg,Monaco,,0-1,2.00,away
09-03-2024,Bochum,Freiburg,,1-2,2.30,away
09-03-2024,Liverpool,Manchester City,,1-1,3.80,draw
09-03-2024,Juventus,Atalanta,,2-2,1.30,draw
09-03-2024,Fiorentina,Roma,,2-2,3.30,draw
09-03-2024,Betis,Villarreal,,2-3,2.05,away
02-03-2024,Heidenheim,Eintracht Frankfurt,,1-2,3.35,away
02-03-2024,Darmstadt,Augsburg,,0-6,2.50,away
02-03-2024,Brentford,Chelsea,,2-2,2.15,draw
02-03-2024,Fulham,Brighton,,3-0,1.50,home
02-03-2024,Reims,Lille,,0-1,3.30,away
02-03-2024,Wolfsburg,Stuttgart,,2-3,3.55,away
02-03-2024,Getafe,Las Palmas,,3-3,2.00,draw
02-03-2024,Torino,Fiorentina,,0-0,1.40,draw
02-03-2024,Hellas Verona,Sassuolo,,1-0,1.35,home
02-03-2024,Frosinone,Lecce,,1-1,2.20,draw
02-03-2024,Empoli,Cagliari,,0-1,2.10,away
02-03-2024,Mallorca,Girona,,1-0,1.35,home
02-03-2024,Napoli,Juventus,,2-1,3.10,home
02-03-2024,Lyon,Lens,,0-3,2.50,away
02-03-2024,Bilbao,Barcelona,,0-0,3.50,draw
24-02-2024,Granada,Valencia,,Postp,1.45,postponed
24-02-2024,Sassuolo,Empoli,,2-3,3.40,away
24-02-2024,Lorient,Nantes,,0-1,2.50,away
24-02-2024,Salernitana,Monza,,0-2,1.50,away
24-02-2024,Alaves,Mallorca,,1-1,1.95,draw
24-02-2024,Genoa,Udinese,,2-0,3.00,home
24-02-2024,Strasbourg,Brest,,0-3,1.40,away
24-02-2024,Lens,Monaco,,2-3,3.50,away
24-02-2024,Cadiz,Celta Vigo,,2-2,3.00,draw
24-02-2024,Le Havre,Reims,,1-2,3.30,away
24-02-2024,Eintracht Frankfurt,Wolfsburg,,2-2,3.20,draw
24-02-2024,Betis,Ath Bilbao,,3-1,3.25,home
24-02-2024,Las Palmas,Osasuna,,1-1,3.00,draw
24-02-2024,Augsburg,Freiburg,,2-1,3.50,home
24-02-2024,Milan,Atalanta,,1-1,3.50,draw
17-02-2024,Hoffenheim,Union Berlin,,0-1,2.00,away
17-02-2024,Mainz,Augsburg,,1-0,2.00,home
17-02-2024,Wolfsburg,Dortmund,,1-1,2.10,draw
17-02-2024,Nottingham,West Ham,,2-0,1.40,home
17-02-2024,Stoke,Coventry,,0-1,2.45,away
17-02-2024,Valencia,Sevilla,,0-0,1.35,draw
17-02-2024,Lazio,Bologna,,1-2,2.20,away
17-02-2024,Empoli,Fiorentina,,1-1,2.10,draw
17-02-2024,Udinese,Cagliari,,1-1,1.90,draw
17-02-2024,Freiburg,Eintracht Frankfurt,,3-3,3.00,draw
17-02-2024,Granada,Almeria,,1-1,2.10,draw
17-02-2024,Reims,Lens,,1-1,2.60,draw
17-02-2024,Mallorca,Real Sociedad,,1-2,1.30,away
17-02-2024,Brest,Marseille,,1-0,2.50,home
17-02-2024,Betis,Alaves,,0-0,2.00,draw
11-02-2024,Le Havre,Rennes,,0-1,3.20,away
11-02-2024,Getafe,Celta Vigo,,3-2,2.20,home
11-02-2024,Monza,Hellas Verona,,0-0,2.05,draw
11-02-2024,Clermont,Brest,,1-1,2.05,draw
11-02-2024,Toulouse,Nantes,,1-2,2.20,away
11-02-2024,Lorient,Reims,,2-0,2.05,home
11-02-2024,Mallorca,Rayo Vallecano,,2-1,1.30,home
11-02-2024,Montpellier,Lyon,,1-2,1.45,away
11-02-2024,AFC Hermannstadt,Petrolul,,0-0,2.05,draw
11-02-2024,Aston Villa,Manchester Utd,,1-2,2.05,away
11-02-2024,Genoa,Atalanta,,1-4,2.10,away
11-02-2024,Sevilla,Atl. Madrid,,1-0,2.10,home
11-02-2024,PAOK,AEK Athens,,1-1,2.20,draw
11-02-2024,Gent,Cercle Brugge,,1-2,1.35,away
11-02-2024,Nice,Monaco,,2-3,3.30,away
03-02-2024,Everton,Tottenham,,2-2,2.30,draw
03-02-2024,Empoli,Genoa,,0-0,3.30,draw
03-02-2024,Udinese,Monza,,0-0,3.00,draw
03-02-2024,Freiburg,Stuttgart,,1-3,2.20,away
03-02-2024,Bochum,Augsburg,,1-1,2.15,draw
03-02-2024,Burnley,Fulham,,2-2,2.40,draw
03-02-2024,Granada CF,Las Palmas,,1-1,2.30,draw
03-02-2024,Koln,Eintracht Frankfurt,,2-0,2.25,home
03-02-2024,Girona,Real Sociedad,,0-0,1.30,draw
03-02-2024,Nantes,Lens,,0-1,3.30,away
03-02-2024,Metz,Lorient,,1-2,3.30,away
03-02-2024,Osasuna,Celta Vigo,,0-3,2.30,away
03-02-2024,Brest,Nice,,0-0,1.35,draw
03-02-2024,Arsenal,Liverpool,,3-1,2.85,home
03-02-2024,Lyon,Marseille,,1-0,1.40,home
27-01-2024,Stuttgart,Leipzig,,5-2,2.40,home
27-01-2024,Bremen,Freiburg,,3-1,2.40,home
27-01-2024,Alcorcon,Zaragoza,,0-0,2.85,draw
27-01-2024,RKC Waalwijk,Sparta Rotterdam,,1-1,2.60,draw
27-01-2024,Fulham,Newcastle,,0-2,2.40,away
27-01-2024,Marseille,Monaco,,2-0,1.40,home
27-01-2024,Mallorca,Betis,,0-1,3.00,away
27-01-2024,Excelsior,Utrecht,,1-1,2.15,draw
27-01-2024,Platense,Boca Juniors,,0-0,2.20,draw
27-01-2024,Celta Vigo,Girona,,0-1,2.50,away
27-01-2024,Eldense,Espanyol,,3-2,2.40,home
27-01-2024,Monza,Sassuolo,,1-0,1.35,home
27-01-2024,Hellas Verona,Frosinone,,1-1,3.30,draw
27-01-2024,Lazio,Napoli,,0-0,1.30,draw
27-01-2024,PAOK,Panathinaikos,,2-1,3.20,home
20-01-2024,Darmstadt,Eintracht Frankfurt,,2-2,1.95,draw
20-01-2024,Heidenheim,Wolfsburg,,1-1,2.70,draw
20-01-2024,Bristol City,Watford,,1-1,2.40,draw
20-01-2024,Queens Park Rangers,Millwall,,2-0,3.10,home
20-01-2024,Norwich,West Brom,,2-0,2.50,home
20-01-2024,Villarreal,Mallorca,,1-1,1.30,draw
20-01-2024,Leipzig,Bayer Leverkusen,,2-3,3.70,away
20-01-2024,Valencia,Ath Bilbao,,1-0,1.30,home
20-01-2024,Schalke,Hamburger,,0-2,2.40,away
20-01-2024,Celta Vigo,Real Sociedad,,0-1,1.30,away
20-01-2024,Frosinone,Cagliari,,3-1,2.35,home
20-01-2024,Osasuna,Getafe,,3-2,3.00,home
20-01-2024,Empoli,Monza,,3-0,3.30,home
20-01-2024,Sheffield Utd,West Ham,,2-2,2.15,draw
20-01-2024,Salernitana,Genoa,,1-2,2.20,away
13-01-2024,Las Palmas,Villarreal,,3-0,3.30,home
13-01-2024,Genoa,Torino,,0-0,1.40,draw
13-01-2024,Freiburg,Union Berlin,,0-0,2.05,draw
13-01-2024,Mainz,Wolfsburg,,1-1,3.25,draw
13-01-2024,Mallorca,Celta Vigo,,1-1,3.00,draw
13-01-2024,Hellas Verona,Empoli,,2-1,1.30,home
13-01-2024,Rennes,Nice,,2-0,1.35,home
13-01-2024,Cagliari,Bologna,,2-1,3.00,home
13-01-2024,Metz,Toulouse,,0-1,3.10,away
13-01-2024,Everton,Aston Villa,,0-0,2.40,draw
13-01-2024,Bochum,Werder Bremen,,1-1,3.65,draw
13-01-2024,Cadiz,Valencia,,1-4,2.65,away
13-01-2024,Le Havre,Lyon,,3-1,2.30,home
13-01-2024,Manchester Utd,Tottenham,,2-2,2.95,draw
13-01-2024,Milan,Roma,,3-1,2.15,home
06-01-2024,Frosinone,Monza,,2-3,3.30,away
06-01-2024,Lyon,Le Puy,,1-2,3.20,away
06-01-2024,Ayr,Inverness,,1-3,3.30,away
06-01-2024,Estrela Amadora,Vizela,,1-1,1.50,draw
06-01-2024,Espanyol,Getafe,,0-1,1.50,away
06-01-2024,Lecce,Cagliari,,1-1,2.20,draw
06-01-2024,Elche,Girona,,0-2,2.00,away
06-01-2024,Sheffield Wed,Cardiff,,4-0,2.30,home
06-01-2024,Herbiers,Chateauroux,,2-2,2.40,draw
06-01-2024,Huesca,Vallecano,,0-0,2.20,draw
06-01-2024,Alaves,Betis,,1-0,3.10,home
06-01-2024,Sassuolo,Fiorentina,,1-0,2.20,home
06-01-2024,Udinese,Lazio,,1-2,1.30,away
06-01-2024,Torino,Napoli,,3-0,3.20,home
06-01-2024,Roma,Atalanta,,1-1,2.40,draw
30-12-2023,Celtic,Glasgow Rangers,,2-1,2.10,home
30-12-2023,Cagliari,Empoli,,0-0,2.05,draw
30-12-2023,Udinese,Bologna,,3-0,1.30,home
30-12-2023,Wolves,Everton,,3-0,1.40,home
30-12-2023,Crystal Palace,Brentford,,3-1,1.25,home
30-12-2023,Ayr,Dunfermline,,2-2,2.40,draw
30-12-2023,Inverness,Greenock Morton,,0-0,3.20,draw
30-12-2023,Queen’s Park,Airdrieonians,,1-2,3.30,away
30-12-2023,Montrose,Cove Rangers,,1-1,1.95,draw
30-12-2023,Aberdeen,St. Mirren,,0-3,1.95,away
30-12-2023,Gil Vicente,Boavista,,1-0,2.25,home
30-12-2023,Estoril,Sporting Farense,,4-0,2.00,home
30-12-2023,Hellas Verona,Salernitana,,0-1,1.95,away
30-12-2023,Nottingham,Manchester Utd,,2-1,2.30,home
30-12-2023,Juventus,AS Roma,,1-0,2.10,home
23-12-2023,West Ham,Manchester Utd,,2-0,3.60,home
23-12-2023,Cittadella,Spezia,,4-1,3.20,home
23-12-2023,Como,Palermo,,3-3,3.20,draw
23-12-2023,Catanzaro,Brescia,,2-3,2.10,away
23-12-2023,Bologna,Atalanta,,1-0,2.70,home
23-12-2023,Nottingham,Bournemouth,,2-3,1.45,away
23-12-2023,Ross County,Hibernian,,Postp,2.50,postponed
23-12-2023,Dundee FC,Aberdeen,,Postp,2.60,postponed
23-12-2023,Plymouth,Birmingham,,3-3,1.25,draw
23-12-2023,Blackburn,Watford,,1-2,1.25,away
23-12-2023,Sheffield Wed,Cardiff,,1-2,2.15,away
23-12-2023,Sudtirol,Reggiana,,2-3,2.40,away
23-12-2023,Hellas Verona,Cagliari,,2-0,2.40,home
23-12-2023,Liverpool,Arsenal,,1-1,3.60,draw
23-12-2023,Roma,Napoli,,2-0,3.15,home
17-12-2023,Almere City,Vitesse,,5-0,2.35,home
17-12-2023,Nantes,Brest,,0-2,1.45,away
17-12-2023,Karlsruher,Elversberg,,3-2,3.75,home
17-12-2023,Braunschweig,Kaiserslautern,,2-1,2.60,home
17-12-2023,Alanyaspor,Ankaragucu,,Postp,2.15,postponed
17-12-2023,Almeria,Mallorca,,0-0,3.20,draw
17-12-2023,Udinese,Sassuolo,,2-2,2.25,draw
17-12-2023,West Ham,Wolves,,3-0,1.30,home
17-12-2023,Brentford,Aston Villa,,1-2,2.15,away
17-12-2023,Lorient,Strasbourg,,1-2,3.20,away
17-12-2023,Metz,Montpellier,,0-1,1.30,away
17-12-2023,Toulouse,Rennes,,0-0,2.20,draw
17-12-2023,Bielefeld,Munich 1860,,2-0,2.15,home
17-12-2023,Bologna,Roma,,2-0,2.40,home
17-12-2023,Sepsi,CFR Cluj,,2-1,2.05,home
09-12-2023,Rennes,Monaco,,1-2,1.50,away
09-12-2023,Atalanta,Milan,,3-2,2.90,home
09-12-2023,Dortmund,RB Leipzig,,2-3,2.50,away
09-12-2023,Aston Villa,Arsenal,,1-0,1.25,home
09-12-2023,Villarreal,Real Sociedad,,0-3,2.10,away
09-12-2023,Mallorca,Sevilla,,1-0,1.45,home
09-12-2023,Frosinone,Torino,,0-0,2.20,draw
09-12-2023,Monza,Genoa,,1-0,2.10,home
09-12-2023,Fulham,West Ham,,5-0,2.40,home
09-12-2023,Metz,Brest,,0-1,2.20,away
09-12-2023,Stuttgart,Leverkusen,,1-1,2.25,draw
09-12-2023,Koln,Mainz,,0-0,2.30,draw
09-12-2023,Tottenham,Newcastle,,4-1,2.30,home
09-12-2023,Salernitana,Bologna,,1-2,2.10,away
09-12-2023,Cadiz CF,Osasuna,,1-1,3.10,draw
03-12-2023,Feyenoord,PSV,,1-2,2.90,away
03-12-2023,Lecce,Bologna,,1-1,2.50,draw
03-12-2023,Hertha Berlin,Elversberg,,5-1,1.95,home
03-12-2023,Paderborn,Hannover,,1-0,2.30,home
03-12-2023,Lyngby,Silkeborg,,2-0,2.15,home
03-12-2023,Mallorca,Alaves,,0-0,2.40,draw
03-12-2023,Lokomotiv Moscow,Zenit,,3-1,3.60,home
03-12-2023,Toulouse,Lorient,,1-1,1.25,draw
03-12-2023,Mainz,Freiburg,,0-1,2.25,away
03-12-2023,Almeria,Betis,,0-0,2.15,draw
03-12-2023,Austria Vienna,LASK,,0-0,3.30,draw
03-12-2023,Ankaragucu,Besiktas,,1-1,2.05,draw
03-12-2023,Sassuolo,AS Roma,,1-2,1.95,away
03-12-2023,Augsburg,Eintracht Frankfurt,,2-1,1.45,home
03-12-2023,Napoli,Inter,,0-3,1.40,away
26-11-2023,Cagliari,Monza,,1-1,3.25,draw
26-11-2023,Gent,Union Gilloise,,1-1,2.55,draw
26-11-2023,Villarreal,Osasuna,,3-1,2.15,home
26-11-2023,Empoli,Sassuolo,,3-4,2.45,away
26-11-2023,Tottenham,Aston Villa,,1-2,1.45,away
26-11-2023,Nantes,Le Havre,,0-0,1.40,draw
26-11-2023,Montpellier,Brest,,1-3,2.30,away
26-11-2023,Frosinone,Genoa,,2-1,2.50,home
26-11-2023,Heidenheim,Bochum,,0-0,2.20,draw
26-11-2023,Sparta Rotterdam,Utrecht,,1-2,2.35,away
26-11-2023,Everton,Manchester Utd,,0-3,2.70,away
26-11-2023,Lyon,Lille,,0-2,2.40,away
26-11-2023,Atl. Tucuman,Huracan,,0-2,1.30,away
26-11-2023,Internacional,Bragantino,,1-0,3.30,home
26-11-2023,Fortaleza,Palmeiras,,2-2,2.20,draw
18-11-2023,Accrington,Wrexham,,2-0,2.00,home
18-11-2023,Forest Green,Grimsby,,2-2,2.30,draw
18-11-2023,Sutton,Tranmere,,1-1,2.10,draw
18-11-2023,Queen of South,Kelty Hearts,,1-3,2.05,away
18-11-2023,Clyde,East Fife,,0-4,2.10,away
18-11-2023,Stranraer,Stenhousemuir,,0-3,2.00,away
18-11-2023,Alcorcon,Gijon,,0-0,2.40,draw
18-11-2023,Amorebieta,Tenerife,,2-0,1.30,home
18-11-2023,Cerro Largo,Plaza Colonia,,4-0,1.35,home
18-11-2023,Israel,Romania,,1-2,1.50,away
18-11-2023,Eldense,Mirandes,,2-2,2.10,draw
18-11-2023,Oviedo,Eibar,,2-1,2.90,home
18-11-2023,Villarreal II,Andorra,,0-0,3.10,draw
18-11-2023,Cartagena,Albacete,,1-1,2.55,draw
18-11-2023,Danubio,Penarol,,2-1,2.00,home
11-11-2023,Darmstadt,Mainz,,0-0,2.30,draw
11-11-2023,Stuttgart,Dortmund,,2-1,2.50,home
11-11-2023,Augsburg,Hoffenheim,,1-1,2.50,draw
11-11-2023,Crystal Palace,Everton,,2-3,1.35,away
11-11-2023,Middlesbrough,Leicester,,1-0,2.30,home
11-11-2023,Queens Park Rangers,Bristol City,,0-0,2.70,draw
11-11-2023,Cardiff,Norwich,,2-3,2.00,away
11-11-2023,Coventry,Stoke,,0-0,2.30,draw
11-11-2023,Bochum,Koln,,1-1,2.45,draw
11-11-2023,Granada,Getafe,,1-1,1.50,draw
11-11-2023,Monza,Torino,,1-1,3.10,draw
11-11-2023,Metz,Nantes,,3-1,2.45,home
11-11-2023,Lazio,Roma,,0-0,2.85,draw
11-11-2023,Sevilla,Betis,,1-1,1.35,draw
11-11-2023,Lens,Marseille,,1-0,3.45,home
04-11-2023,Union Berlin,Eintracht Frankfurt,,0-3,2.80,away
04-11-2023,Sheffield Utd,Wolves,,2-1,2.00,home
04-11-2023,Burnley,Crystal Palace,,0-2,2.60,away
04-11-2023,Atalanta,Inter,,1-2,2.15,away
04-11-2023,Newcastle,Arsenal,,1-0,1.45,home
04-11-2023,Celta Vigo,Sevilla,,1-1,3.40,draw
04-11-2023,Real Sociedad,Barcelona,,0-1,1.35,away
04-11-2023,Marseille,Lille,,0-0,1.35,draw
04-11-2023,Hellas Verona,Monza,,1-3,2.35,away
04-11-2023,Cagliari,Genoa,,2-1,3.20,home
04-11-2023,Strasbourg,Clermont,,0-0,2.35,draw
04-11-2023,Nantes,Reims,,0-1,3.20,away
04-11-2023,Villarreal,Ath Bilbao,,0-0,2.35,draw
04-11-2023,Fiorentina,Juventus,,0-1,2.50,away
04-11-2023,Nice,Rennes,,2-0,3.30,home
28-10-2023,Sassuolo,Bologna,,1-1,2.60,draw
28-10-2023,Bremen,Union Berlin,,2-0,3.50,home
28-10-2023,Barcelona,Real Madrid,,1-2,2.70,away
28-10-2023,Portimonense,Estoril,,1-0,2.70,home
28-10-2023,Lecce,Torino,,0-1,1.45,away
28-10-2023,Mallorca,Getafe,,0-0,1.30,draw
28-10-2023,Almere City,Ga Eagles,,0-0,2.60,draw
28-10-2023,Cadiz,Sevilla,,2-2,1.35,draw
28-10-2023,Boca Juniors,Estudiantes L.P.,,0-0,2.40,draw
28-10-2023,Cagliari,Frosinone,,4-3,2.30,home
28-10-2023,Metz,Le Havre,,0-0,2.50,draw
28-10-2023,Lille,Monaco,,2-0,2.90,home
28-10-2023,Eintracht Frankfurt,Dortmund,,3-3,2.15,draw
28-10-2023,Vallecano,Real Sociedad,,2-2,2.35,draw
28-10-2023,Napoli,Milan,,2-2,2.20,draw
21-10-2023,Chelsea,Arsenal,,2-2,1.40,draw
21-10-2023,Basel,Servette,,0-1,1.50,away
21-10-2023,Sassuolo,Lazio,,0-2,3.65,away
21-10-2023,Charleroi,Antwerp,,3-2,2.10,home
21-10-2023,Celta Vigo,Atl. Madrid,,0-3,2.10,away
21-10-2023,Nice,Marseille,,1-0,3.30,home
21-10-2023,Zaragoza,Eibar,,2-3,2.95,away
21-10-2023,Bahia,Fortaleza,,2-0,1.30,home
21-10-2023,Las Palmas,Rayo Vallecano,,0-1,3.15,away
21-10-2023,Salernitana,Cagliari,,2-2,2.30,draw
21-10-2023,Toulouse,Reims,,1-1,2.35,draw
21-10-2023,Nantes,Montpellier,,2-0,2.40,home
21-10-2023,Koln,B. Monchengladbach,,3-1,2.85,home
21-10-2023,Heidenheim,Augsburg,,2-5,2.40,away
21-10-2023,Milan,Juventus,,0-1,2.30,away
14-10-2023,Port Vale,Fleetwood,,Postp,2.15,postponed
14-10-2023,Forest Green,Colchester,,5-0,2.40,home
14-10-2023,Walsall,Gillingham,,4-1,1.40,home
14-10-2023,Carlisle,Leyton Orient,,0-1,2.75,away
14-10-2023,Blackpool,Stevenage,,3-0,3.25,home
14-10-2023,Mirandes,Tenerife,,1-1,2.45,draw
14-10-2023,Gijon,Zaragoza,,2-2,1.25,draw
14-10-2023,Cartagena,Racing Santander,,2-3,1.30,away
14-10-2023,Hungary,Serbia,,2-1,2.70,home
14-10-2023,Ituano,CRB,,0-0,3.20,draw
14-10-2023,Cuiaba,Cruzeiro,,0-0,3.00,draw
14-10-2023,Los Angeles Galaxy,Real Salt Lake,,2-2,2.50,draw
14-10-2023,Eldense,Elche,,1-1,2.20,draw
14-10-2023,Ponte Preta,Atletico Goianiense,,0-2,2.50,away
14-10-2023,Wales,Croatia,,2-1,2.00,home
08-10-2023,Rizespor,Samsunspor,,1-0,2.10,home
08-10-2023,Schalke,Hertha Berlin,,1-2,1.25,away
08-10-2023,Braunschweig,Paderborn,,1-3,1.25,away
08-10-2023,Ajax,AZ Alkmaar,,1-2,1.25,away
08-10-2023,Brighton,Liverpool,,2-2,2.20,draw
08-10-2023,Wolves,Aston Villa,,1-1,2.10,draw
08-10-2023,Lazio,Atalanta,,3-2,3.25,home
08-10-2023,Frosinone,Hellas Verona,,2-1,2.35,home
08-10-2023,West Ham,Newcastle,,2-2,2.10,draw
08-10-2023,Lens,Lille,,1-1,2.20,draw
08-10-2023,Arsenal,Manchester City,,1-0,2.40,home
08-10-2023,Cagliari,Roma,,1-4,1.85,away
08-10-2023,Celta Vigo,Getafe,,2-2,3.20,draw
08-10-2023,Alaves,Betis,,1-1,2.80,draw
08-10-2023,Rennes,PSG,,1-3,2.05,away
30-09-2023,Koln,Stuttgart,,0-2,2.35,away
30-09-2023,Bochum,B. Monchengladbach,,1-3,2.80,away
30-09-2023,Queens Park Rangers,Coventry,,1-3,2.30,away
30-09-2023,Preston,West Brom,,0-4,3.20,away
30-09-2023,Watford,Middlesbrough,,2-3,3.40,away
30-09-2023,Leipzig,Bayern Munich,,2-2,1.95,draw
30-09-2023,Tottenham,Liverpool,,2-1,4.00,home
30-09-2023,Hertha Berlin,St. Pauli,,1-2,2.60,away
30-09-2023,Monaco,Marseille,,3-2,1.40,home
30-09-2023,Real Sociedad,Ath Bilbao,,3-0,1.30,home
30-09-2023,Nottingham,Brentford,,1-1,2.80,draw
30-09-2023,Darmstadt,Bremen,,4-2,2.40,home
30-09-2023,Alaves,Osasuna,,0-2,2.85,away
30-09-2023,Lorient,Montpellier,,0-3,1.40,away
30-09-2023,Atalanta,Juventus,,0-0,3.40,draw
23-09-2023,Augsburg,Mainz,,2-1,1.50,home
23-09-2023,Luton,Wolves,,1-1,2.20,draw
23-09-2023,Dundee FC,Kilmarnock,,2-2,2.50,draw
23-09-2023,Osasuna,Sevilla,,0-0,2.50,draw
23-09-2023,Sassuolo,Juventus,,4-2,1.80,home
23-09-2023,Brest,Lyon,,1-0,2.60,home
23-09-2023,Almeria,Valencia,,2-2,2.30,draw
23-09-2023,Metz,Strasbourg,,0-1,2.45,away
23-09-2023,Udinese,Fiorentina,,0-2,3.40,away
23-09-2023,Le Havre,Clermont,,2-1,1.40,home
23-09-2023,Vallecano,Villarreal,,1-1,2.50,draw
23-09-2023,Montpellier,Rennes,,0-0,2.50,draw
23-09-2023,Las Palmas,Granada,,1-0,2.00,home
23-09-2023,Torino,Roma,,1-1,3.00,draw
23-09-2023,Atl. Madrid,Real Madrid,,3-1,1.45,home
16-09-2023,Wolfsburg,Union Berlin,,2-1,2.25,home
16-09-2023,Mainz,Stuttgart,,1-3,2.60,away
16-09-2023,Koln,Hoffenheim,,1-3,3.00,away
16-09-2023,Manchester Utd,Brighton,,1-3,1.25,away
16-09-2023,Blackburn,Middlesbrough,,2-1,2.50,home
16-09-2023,Bristol City,West Brom,,0-0,1.30,draw
16-09-2023,QPR,Sunderland,,1-3,2.20,away
16-09-2023,Inter,Milan,,5-1,1.35,home
16-09-2023,Bochum,Eintracht Frankfurt,,1-1,2.95,draw
16-09-2023,Cardiff,Swansea,,2-0,2.50,home
16-09-2023,Cagliari,Udinese,,0-0,3.25,draw
16-09-2023,Getafe,Osasuna,,3-2,2.90,home
16-09-2023,Frosinone,Sassuolo,,4-2,3.40,home
16-09-2023,Heidenheim,Werder Bremen,,4-2,2.30,home
16-09-2023,Fiorentina,Atalanta,,3-2,3.50,home
02-09-2023,Stuttgart,Freiburg,,5-0,3.15,home
02-09-2023,Hoffenheim,Wolfsburg,,3-1,2.45,home
02-09-2023,Bremen,Mainz,,4-0,2.55,home
02-09-2023,Coventry,Watford,,3-3,2.10,draw
02-09-2023,Plymouth,Blackburn,,3-0,1.25,home
02-09-2023,Stoke,Preston,,0-2,1.90,away
02-09-2023,Pendikspor,Alanyaspor,,1-1,2.30,draw
02-09-2023,Brighton,Newcastle,,3-1,1.25,home
02-09-2023,Alaves,Valencia,,1-0,2.90,home
02-09-2023,Monaco,Lens,,3-0,2.10,home
02-09-2023,Metz,Reims,,2-2,1.90,draw
02-09-2023,Le Havre,Lorient,,3-0,3.15,home
02-09-2023,Crystal Palace,Wolves,,3-2,1.95,home
02-09-2023,Mallorca,Ath Bilbao,,0-0,1.35,draw
02-09-2023,Union Berlin,RB Leipzig,,0-3,2.20,away
26-08-2023,Koln,Wolfsburg,,1-2,2.95,away
26-08-2023,Heidenheim,Hoffenheim,,2-3,2.25,away
26-08-2023,Everton,Wolves,,0-1,1.30,away
26-08-2023,West Brom,Middlesbrough,,4-2,1.35,home
26-08-2023,Motherwell,Kilmarnock,,2-1,2.30,home
26-08-2023,Cadiz,Almeria,,1-1,1.30,draw
26-08-2023,Granada,Mallorca,,3-2,2.95,home
26-08-2023,Kortrijk,St. Liege,,1-1,2.25,draw
26-08-2023,Burnley,Aston Villa,,1-3,2.15,away
26-08-2023,Montpellier,Reims,,1-3,2.35,away
26-08-2023,Mainz,Eintracht Frankfurt,,1-1,2.40,draw
26-08-2023,Newcastle,Liverpool,,1-2,2.15,away
26-08-2023,Villarreal,Barcelona,,3-4,2.00,away
26-08-2023,Valencia,Osasuna,,1-2,1.90,away
26-08-2023,Nice,Lyon,,0-0,2.10,draw
19-08-2023,Tottenham,Manchester Utd,,2-0,2.80,home
19-08-2023,Genoa,Fiorentina,,1-4,1.30,away
19-08-2023,Osasuna,Ath Bilbao,,0-2,1.45,away
19-08-2023,Cuiaba,Palmeiras,,0-2,1.35,away
19-08-2023,Kiel,Magdeburg,,2-4,2.35,away
19-08-2023,Osnabruck,Nurnberg,,2-3,2.45,away
19-08-2023,Le Havre,Brest,,1-2,3.20,away
19-08-2023,Lorient,Nice,,1-1,2.20,draw
19-08-2023,Vasco Gama,Atletico-MG,,1-0,2.45,home
19-08-2023,Girona,Getafe,,3-0,2.05,home
19-08-2023,Sassuolo,Atalanta,,0-2,2.05,away
19-08-2023,Lecce,Lazio,,2-1,2.10,home
19-08-2023,Lens,Rennes,,1-1,2.75,draw
19-08-2023,Bahia,Bragantino,,4-0,2.50,home
19-08-2023,Santos,Gremio,,2-1,3.10,home
13-08-2023,Brentford,Tottenham,,2-2,2.40,draw
13-08-2023,Clermont,Monaco,,2-4,2.00,away
13-08-2023,Nantes,Toulouse,,1-2,3.30,away
13-08-2023,Cercle Brugge,Genk,,0-1,2.30,away
13-08-2023,Motherwell,Hibernian,,2-1,2.50,home
13-08-2023,Rio Ave,Chaves,,2-0,2.10,home
13-08-2023,Celta Vigo,Osasuna,,0-2,2.10,away
13-08-2023,Lillestrom,Viking,,1-3,2.80,away
13-08-2023,Chelsea,Liverpool,,1-1,1.30,draw
13-08-2023,Charleroi,St. Liege,,1-1,1.25,draw
13-08-2023,Estrela Amadora,Vitoria Guimaraes,,0-1,3.10,away
13-08-2023,Westerlo,Gent,,1-3,1.95,away
13-08-2023,Albacete,Espanyol,,1-1,2.35,draw
13-08-2023,Strasbourg,Lyon,,2-1,2.60,home
13-08-2023,Gremio,Fluminense,,2-1,1.30,home
06-08-2023,Nurnberg,Hannover,,2-2,3.50,draw
06-08-2023,Magdeburg,Braunschweig,,2-1,1.75,home
06-08-2023,Karlsruher,Hamburger,,2-2,2.15,draw
06-08-2023,Anderlecht,Antwerp,,1-0,1.45,home
06-08-2023,Kalmar,AIK,,1-1,2.35,draw
06-08-2023,Grasshoppers,Basel,,3-1,2.25,home
06-08-2023,BW Linz,Hartberg,,3-3,2.30,draw
06-08-2023,Tromso,Lillestrom,,3-1,2.35,home
06-08-2023,Haugesund,Rosenborg,,1-2,2.20,away
06-08-2023,Sunderland,Ipswich,,1-2,2.45,away
06-08-2023,Kortrijk,St. Truiden,,0-1,3.40,away
06-08-2023,Viking,Bodo/Glimt,,3-2,2.70,home
06-08-2023,FCSB,CFR Cluj,,1-0,1.25,home
06-08-2023,Vasco Gama,Gremio,,1-0,1.40,home
06-08-2023,Sao Paulo,Atletico-MG,,0-2,2.15,away
29-07-2023,Eupen,Westerlo,,2-2,1.30,draw
29-07-2023,Wolfsberger,BW Linz,,2-1,2.15,home
29-07-2023,Lausanne,Grasshoppers,,1-1,2.00,draw
29-07-2023,Lugano,St. Gallen,,1-0,2.25,home
29-07-2023,Botafogo SP,Juventude,,0-2,1.35,away
29-07-2023,Dusseldorf,Hertha Berlin,,1-0,2.30,home
29-07-2023,Independiente,Boca Juniors,,0-2,1.40,away
29-07-2023,Atletico-MG,Flamengo RJ,,1-2,3.20,away
29-07-2023,Fakel Voronezh,Lokomotiv Moscow,,1-4,2.40,away
29-07-2023,Austria Vienna,Sturm Graz,,0-3,2.00,away
29-07-2023,Aalesund,Stromsgodset,,1-0,2.65,home
29-07-2023,Goteborg,Kalmar,,2-0,2.20,home
29-07-2023,Akhmat Grozny,CSKA Moscow,,2-3,2.10,away
29-07-2023,St. Truiden,St. Liege,,1-0,2.50,home
29-07-2023,America MG,Palmeiras,,1-4,2.05,away
23-07-2023,Slovan Liberec,Banik Ostrava,,3-1,2.05,home
23-07-2023,Odense,Randers,,2-2,2.00,draw
23-07-2023,Odd,Valerenga,,2-1,2.35,home
23-07-2023,Tromso,Brann,,3-1,2.85,home
23-07-2023,Ham-Kam,Stabaek,,3-2,2.15,home
23-07-2023,Haugesund,Lillestrom,,1-0,2.10,home
23-07-2023,Politehnica Iasi,Afc Hermannstadt,,1-3,1.35,away
23-07-2023,Ifk Goteborg,Halmstad,,0-0,2.10,draw
23-07-2023,Silkeborg,Brondby,,1-2,2.40,away
23-07-2023,Gorica,Varazdin,,1-1,1.50,draw
23-07-2023,Stromsgodset,Rosenborg,,0-1,2.30,away
23-07-2023,U. Cluj,Rapid B.,,0-3,3.15,away
23-07-2023,Santos,Botafogo RJ,,2-2,2.20,draw
23-07-2023,Kr Reykjavik,Vikingur R,,1-2,2.00,away
23-07-2023,Vasco Gama,Athletico-PR,,0-2,1.35,away
15-07-2023,Halmstad,Varnamo,,2-2,2.35,draw
15-07-2023,FC Hermannstadt,Constanta,,0-1,2.00,away
15-07-2023,Degerfors,Sirius,,0-3,1.45,away
15-07-2023,Levski Sofia,CSKA 1948,,1-2,3.00,away
15-07-2023,Valerenga,Molde,,0-4,1.80,away
15-07-2023,Rakow,Legia,,0-0,2.40,draw
15-07-2023,Botafogo RJ,Bragantino,,2-0,1.25,home
15-07-2023,Cerezo Osaka,Urawa Reds,,2-0,2.25,home
15-07-2023,Hammarby,Kalmar,,3-1,1.85,home
15-07-2023,Aalesund,Odd,,0-3,2.25,away
15-07-2023,Stabaek,Viking,,0-1,2.20,away
15-07-2023,Petrolul,U. Cluj,,1-1,2.95,draw
15-07-2023,Lok. Plovdiv,Botev Plovdiv,,1-1,1.30,draw
15-07-2023,Mjallby,Norrkoping,,1-2,2.10,away
15-07-2023,Fluminense,Flamengo,,0-0,3.30,draw
08-07-2023,Vasco Gama,Cruzeiro,,0-1,1.45,away
08-07-2023,Cuiaba,Bahia,,1-1,2.05,draw
08-07-2023,Coritiba,America MG,,3-1,2.40,home
08-07-2023,San Lorenzo,River Plate,,0-0,3.10,draw
08-07-2023,Montreal,Atlanta Utd,,0-1,2.80,away
08-07-2023,Charlotte FC,Cincinnati,,2-2,1.60,draw
08-07-2023,Toronto,St. Louis City,,0-1,2.45,away
08-07-2023,Palmeiras,Flamengo,,1-1,2.10,draw
08-07-2023,Chicago Fire,Nashville SC,,1-0,3.30,home
08-07-2023,Houston,Kansas City,,2-2,2.05,draw
08-07-2023,Salt Lake,Orlando,,4-0,2.00,home
08-07-2023,Los Angeles Galaxy,Philadelphia,,3-1,2.60,home
08-07-2023,Instituto Atletico,Tigre,,0-1,2.25,away
08-07-2023,Platense,Sarmiento,,1-0,1.30,home
08-07-2023,Bragantino,Sao Paulo,,0-0,1.90,draw
30-06-2023,Valerenga,Viking,,1-2,2.80,away
30-06-2023,Sligo Rovers,Bohemians,,3-1,2.25,home
30-06-2023,Sao Paulo,Fluminense,,1-0,2.05,home
30-06-2023,Bahia,Gremio,,1-2,1.50,away
30-06-2023,San Luis,Monterrey,,1-1,2.00,draw
30-06-2023,Inter Miami,Austin FC,,1-1,3.50,draw
30-06-2023,Internacional,Cruzeiro,,0-0,2.20,draw
30-06-2023,FC Dallas,Los Angeles FC,,2-0,3.35,home
30-06-2023,Minnesota United,Portland Timbers,,4-1,2.05,home
30-06-2023,Atlas,Cruz Azul,,2-0,1.30,home
30-06-2023,Halmstad,Goteborg,,0-0,2.60,draw
30-06-2023,Corinthians,Bragantino,,0-1,3.05,away
30-06-2023,Aalesund,Rosenborg,,1-0,1.30,home
30-06-2023,Haugesund,Odd,,2-1,3.25,home
30-06-2023,Athletico-PR,Palmeiras,,2-2,3.00,draw
24-06-2023,Santa Fe,Independiente,,3-0,3.00,home
24-06-2023,Chapecoense,Criciuma,,1-1,1.45,draw
24-06-2023,Tombense,Novorizontino,,1-2,1.30,away
24-06-2023,Lanus,Talleres,,2-1,2.95,home
24-06-2023,Cruzeiro,Sao Paulo,,1-0,1.30,home
24-06-2023,Avispa Fukuoka,Vissel Kobe,,0-3,2.15,away
24-06-2023,Ham-Kam,Odd,,0-1,2.90,away
24-06-2023,Rosenborg,Sarpsborg,,0-3,2.05,away
24-06-2023,Tromso,Stabaek,,2-1,2.10,home
24-06-2023,Arsenal Sarandi,Platense,,0-2,2.90,away
24-06-2023,Sampaio Correa,Ceara,,1-1,3.10,draw
24-06-2023,Union Comercio,Dep. Municipal,,1-3,1.95,away
24-06-2023,Guarani,Vitoria,,2-0,2.25,home
24-06-2023,Rosario Central,Colon Santa Fe,,1-1,3.20,draw
24-06-2023,Sarmiento,Atl. Tucuman,,4-1,2.50,home
16-06-2023,Finland,Slovenia,,2-0,3.05,home
16-06-2023,Kosovo,Romania,,0-0,3.10,draw
16-06-2023,North Macedonia,Ukraine,,2-3,2.00,away
16-06-2023,Greece,Ireland,,2-1,3.10,home
16-06-2023,Trinidad & Tobago,Guadeloupe,,Postp,2.30,postponed
16-06-2023,Lithuania,Bulgaria,,1-1,2.20,draw
16-06-2023,Fenix,CA Cerro,,0-0,1.30,draw
16-06-2023,Azerbaijan,Estonia,,1-1,2.00,draw
16-06-2023,Norway,Scotland,,1-2,2.00,away
16-06-2023,Montenegro,Hungary,,0-0,1.30,draw
16-06-2023,Iceland,Slovakia,,1-2,2.60,away
16-06-2023,Cyprus,Georgia,,1-2,2.00,away
16-06-2023,Levante,Alaves,,0-0,1.25,draw
16-06-2023,New York City,Columbus Crew,,1-1,2.15,draw
16-06-2023,Guyana,Grenada,,1-1,2.40,draw
10-06-2023,Hafnarfjordur,Breidablik,,2-2,1.85,draw
10-06-2023,Varberg,Halmstad,,1-2,1.40,away
10-06-2023,Coritiba,Santos,,0-0,1.50,draw
10-06-2023,Bahia,Cruzeiro,,2-2,3.25,draw
10-06-2023,Botafogo RJ,Fortaleza,,2-0,2.05,home
10-06-2023,Sirius,Goteborg,,2-0,3.15,home
10-06-2023,AIK,Elfsborg,,1-2,2.15,away
10-06-2023,America MG,Athletico-PR,,2-2,2.50,draw
10-06-2023,Krasnodar,CSKA Moscow,,1-1,1.25,draw
10-06-2023,Aalesund,Tromso,,2-3,3.10,away
10-06-2023,Haugesund,Sandefjord,,3-2,1.90,home
10-06-2023,Sarpsborg,Viking,,1-3,2.00,away
10-06-2023,Stabaek,Rosenborg,,2-2,3.20,draw
10-06-2023,Internacional,Vasco,,2-1,1.85,home
10-06-2023,Sao Paulo,Palmeiras,,0-2,3.20,away
02-06-2023,Sassuolo,Fiorentina,,1-3,2.50,away
02-06-2023,Torino,Inter,,0-1,2.25,away
02-06-2023,Cremonese,Salernitana,,2-0,1.45,home
02-06-2023,Genk,Antwerp,,2-2,1.25,draw
02-06-2023,Mallorca,Rayo Vallecano,,3-0,2.30,home
02-06-2023,Villarreal,Atl. Madrid,,2-2,2.45,draw
02-06-2023,Real Sociedad,Sevilla,,2-1,1.80,home
02-06-2023,Osasuna,Girona,,2-1,2.10,home
02-06-2023,Real Madrid,Ath Bilbao,,1-1,1.95,draw
02-06-2023,Elche,Cadiz CF,,1-1,2.60,draw
02-06-2023,Valladolid,Getafe,,0-0,1.30,draw
02-06-2023,Betis,Valencia,,1-1,2.45,draw
02-06-2023,Espanyol,Almeria,,3-3,2.30,draw
02-06-2023,Celta Vigo,Barcelona,,2-1,2.70,home
02-06-2023,Lecce,Bologna,,2-3,2.60,away
27-05-2023,Coventry,Luton,,1-1,3.00,draw
27-05-2023,Fiorentina,Roma,,2-1,1.35,home
27-05-2023,Montpellier,Nice,,2-3,2.45,away
27-05-2023,Toulouse,Auxerre,,1-1,1.30,draw
27-05-2023,Angers,Troyes,,2-1,1.95,home
27-05-2023,Clermont,Lorient,,2-0,2.15,home
27-05-2023,Orlando City,Atlanta Utd,,1-1,1.30,draw
27-05-2023,Cambuur,RKC Waalwijk,,4-0,3.35,home
27-05-2023,Kalmar,Norrkoping,,2-1,2.15,home
27-05-2023,Monza,Lecce,,0-1,2.60,away
27-05-2023,Bologna,Napoli,,2-2,2.15,draw
27-05-2023,Elfsborg,Malmo,,3-0,2.30,home
27-05-2023,Girona,Betis,,1-2,2.25,away
27-05-2023,Juventus,Milan,,0-1,2.35,away
27-05-2023,Corinthians,Fluminense,,2-0,3.05,home
20-05-2023,Girona,Villarreal,,1-2,1.60,away
20-05-2023,Cremonese,Bologna,,1-5,2.80,away
20-05-2023,Schalke 04,Eintracht Frankfurt,,2-2,2.90,draw
20-05-2023,Bremen,Koln,,1-1,2.50,draw
20-05-2023,Fulham,Crystal Palace,,2-2,2.35,draw
20-05-2023,Wolves,Everton,,1-1,1.30,draw
20-05-2023,Almeria,Mallorca,,3-0,2.25,home
20-05-2023,Vallecano,Espanyol,,1-2,2.15,away
20-05-2023,West Ham,Leeds,,3-1,1.30,home
20-05-2023,Torino,Fiorentina,,1-1,2.25,draw
20-05-2023,Mainz,Stuttgart,,1-4,2.70,away
20-05-2023,Napoli,Inter,,3-1,2.80,home
20-05-2023,Valencia,Real Madrid,,1-0,2.20,home
20-05-2023,Udinese,Lazio,,0-1,2.00,away
20-05-2023,Sevilla,Betis,,0-0,2.30,draw
13-05-2023,Eintracht Frankfurt,Mainz,,3-0,2.10,home
13-05-2023,Union Berlin,Freiburg,,4-2,2.20,home
13-05-2023,Bochum,Augsburg,,3-2,1.35,home
13-05-2023,Southampton,Fulham,,0-2,2.50,away
13-05-2023,Aston Villa,Tottenham,,2-1,2.25,home
13-05-2023,Osasuna,Almeria,,3-1,2.05,home
13-05-2023,Strasbourg,Nice,,2-0,1.40,home
13-05-2023,Villarreal,Ath Bilbao,,5-1,1.35,home
13-05-2023,Hellas Verona,Torino,,0-1,2.35,away
13-05-2023,Celta Vigo,Valencia,,1-2,2.25,away
13-05-2023,Brentford,West Ham,,2-0,2.05,home
13-05-2023,Stuttgart,Leverkusen,,1-1,2.50,draw
13-05-2023,Monaco,Lille,,0-0,2.70,draw
13-05-2023,Bologna,Roma,,0-0,2.40,draw
13-05-2023,Valladolid,Sevilla,,0-3,2.20,away
06-05-2023,Milan,Lazio,,2-0,2.00,home
06-05-2023,Hoffenheim,Eintracht Frankfurt,,3-1,2.35,home
06-05-2023,Augsburg,Union Berlin,,1-0,2.20,home
06-05-2023,Hertha Berlin,Stuttgart,,2-1,2.25,home
06-05-2023,Wolves,Aston Villa,,1-0,1.40,home
06-05-2023,Nice,Rennes,,2-1,2.80,home
06-05-2023,Roma,Inter,,0-2,1.35,away
06-05-2023,Reims,Lille,,1-0,2.00,home
06-05-2023,Cremonese,Spezia,,2-0,2.30,home
06-05-2023,Lens,Marseille,,2-1,1.30,home
06-05-2023,Atalanta,Juventus,,0-2,2.35,away
06-05-2023,Nantes,Strasbourg,,0-2,2.50,away
06-05-2023,Newcastle,Arsenal,,0-2,2.45,away
06-05-2023,West Ham,Manchester Utd,,1-0,2.05,home
06-05-2023,Lecce,Hellas Verona,,0-1,2.20,away
29-04-2023,Roma,Milan,,1-1,2.70,draw
29-04-2023,Schalke 04,Bremen,,2-1,2.90,home
29-04-2023,Torino,Atalanta,,1-2,1.40,away
29-04-2023,Nantes,Toulouse,,1-5,1.30,away
29-04-2023,Kansas City,Montreal,,0-2,1.70,away
29-04-2023,Salt Lake,Seattle,,0-0,2.60,draw
29-04-2023,Cadiz,Valencia,,2-1,2.35,home
29-04-2023,Cremonese,Hellas Verona,,1-1,2.40,draw
29-04-2023,Clermont,Reims,,1-0,3.50,home
29-04-2023,Haugesund,Sarpsborg,,0-0,1.30,draw
29-04-2023,Wolfsburg,Mainz,,3-0,2.30,home
29-04-2023,Besiktas,Galatasaray,,3-1,2.60,home
29-04-2023,Ajax,PSV,,1-1,2.20,draw
29-04-2023,Espanyol,Getafe,,1-0,3.00,home
29-04-2023,Bologna,Juventus,,1-1,3.00,draw
15-04-2023,Aston Villa,Newcastle,,3-0,1.30,home
15-04-2023,Hibernian,Hearts,,1-0,2.25,home
15-04-2023,Bologna,Milan,,1-1,3.10,draw
15-04-2023,Koln,Mainz,,1-1,3.35,draw
15-04-2023,Chelsea,Brighton,,1-2,2.65,away
15-04-2023,Southampton,Crystal Palace,,0-2,2.65,away
15-04-2023,Wolves,Brentford,,2-0,2.50,home
15-04-2023,Everton,Fulham,,1-3,2.05,away
15-04-2023,Bilbao,Real Sociedad,,2-0,1.30,home
15-04-2023,Rennes,Reims,,3-0,2.20,home
15-04-2023,Lecce,Sampdoria,,1-1,1.95,draw
15-04-2023,Auxerre,Nantes,,2-1,3.05,home
15-04-2023,Bremen,Freiburg,,1-2,1.45,away
15-04-2023,Wolfsburg,Leverkusen,,0-0,2.40,draw
15-04-2023,Valencia,Sevilla,,0-2,2.20,away
01-04-2023,Bournemouth,Fulham,,2-1,1.50,home
01-04-2023,Crystal Palace,Leicester,,2-1,3.20,home
01-04-2023,Nottingham,Wolves,,1-1,1.50,draw
01-04-2023,St Johnstone,Aberdeen,,0-1,1.35,away
01-04-2023,Cadiz,Sevilla,,0-2,3.10,away
01-04-2023,Rennes,Lens,,0-1,3.30,away
01-04-2023,Bologna,Udinese,,3-0,3.30,home
01-04-2023,Spezia,Salernitana,,1-1,3.30,draw
01-04-2023,Monza,Lazio,,0-2,2.05,away
01-04-2023,Clermont,Ajaccio,,2-1,2.10,home
01-04-2023,Brest,Toulouse,,3-1,2.85,home
01-04-2023,Nantes,Reims,,0-3,3.30,away
01-04-2023,Newcastle,Manchester Utd,,2-0,3.40,home
01-04-2023,Bremen,Hoffenheim,,1-2,2.30,away
01-04-2023,Villarreal,Real Sociedad,,2-0,2.40,home
25-03-2023,Fleetwood,Lincoln,,2-1,1.30,home
25-03-2023,Portsmouth,Port Vale,,2-2,2.00,draw
25-03-2023,Charlton,Wycombe,,1-1,2.70,draw
25-03-2023,Peterborough,Derby,,2-0,2.55,home
25-03-2023,Racing Santander,Levante,,0-1,1.30,away
25-03-2023,UD Ibiza,Burgos CF,,2-0,1.30,home
25-03-2023,Portland Timbers,Los Angeles Galaxy,,0-0,3.00,draw
25-03-2023,Charlotte,New York Red Bulls,,1-1,2.55,draw
25-03-2023,Houston Dynamo,New York City,,1-0,2.70,home
25-03-2023,Ponferradina,Mirandes,,0-0,2.00,draw
25-03-2023,Real Zaragoza,Albacete,,1-1,2.10,draw
25-03-2023,Villarreal B,Huesca,,0-0,3.05,draw
25-03-2023,Fenerbahce,Besiktas,,2-4,2.05,away
25-03-2023,Giresunspor,Alanyaspor,,2-2,2.40,draw
25-03-2023,Umraniyespor,Konyaspor,,2-2,2.25,draw
18-03-2023,Espanyol,Celta Vigo,,1-3,1.40,away
18-03-2023,Udinese,Milan,,3-1,2.15,home
18-03-2023,Sampdoria,Hellas Verona,,3-1,3.05,home
18-03-2023,Strasbourg,Auxerre,,2-0,2.00,home
18-03-2023,Troyes,Brest,,2-2,3.30,draw
18-03-2023,Union Berlin,Eintracht Frankfurt,,2-0,3.20,home
18-03-2023,Osasuna,Villarreal,,0-3,3.15,away
18-03-2023,Lazio,Roma,,1-0,3.00,home
18-03-2023,Getafe,Sevilla,,2-0,3.00,home
18-03-2023,Braga,Porto,,0-0,1.35,draw
18-03-2023,Mainz,Freiburg,,1-1,2.15,draw
18-03-2023,Twente,AZ Alkmaar,,2-1,1.30,home
18-03-2023,Inter,Juventus,,0-1,1.95,away
18-03-2023,Reims,Marseille,,1-2,3.50,away
18-03-2023,Barcelona,Real Madrid,,2-1,2.15,home
11-03-2023,Celta Vigo,Vallecano,,3-0,3.10,home
11-03-2023,Bologna,Lazio,,0-0,2.40,draw
11-03-2023,Valencia,Osasuna,,1-0,1.25,home
11-03-2023,Lecce,Torino,,0-2,2.95,away
11-03-2023,Mallorca,Real Sociedad,,1-1,2.40,draw
11-03-2023,Hellas Verona,Monza,,1-1,3.10,draw
11-03-2023,West Ham,Aston Villa,,1-1,3.30,draw
11-03-2023,Ajaccio,Montpellier,,0-1,2.50,away
11-03-2023,Angers,Toulouse,,0-2,2.00,away
11-03-2023,Nantes,Nice,,2-2,2.45,draw
11-03-2023,Werder,Leverkusen,,2-3,2.15,away
11-03-2023,AEK Athens,Olympiacos,,1-3,1.30,away
11-03-2023,Genk,Union Gilloise,,1-2,2.25,away
11-03-2023,Wolfsburg,Union Berlin,,1-1,2.25,draw
11-03-2023,Bilbao,Barcelona,,0-1,1.30,away
04-03-2023,Southampton,Leicester,,1-0,2.60,home
04-03-2023,Fiorentina,Milan,,2-1,1.40,home
04-03-2023,Chicago Fire,New York City,,1-1,2.45,draw
04-03-2023,Saint Louis City Sc,Charlotte FC,,3-1,2.50,home
04-03-2023,Spezia,Hellas Verona,,0-0,3.10,draw
04-03-2023,Valladolid,Espanyol,,2-1,3.20,home
04-03-2023,Sampdoria,Salernitana,,0-0,1.35,draw
04-03-2023,Strasbourg,Brest,,0-1,2.00,away
04-03-2023,Liverpool,Manchester Utd,,7-0,3.60,home
04-03-2023,Wolfsburg,Eintracht Frankfurt,,2-2,2.45,draw
04-03-2023,Vallecano,Bilbao,,0-0,3.05,draw
04-03-2023,Malaga,R.Santander,,0-1,2.95,away
04-03-2023,Lugo,Zaragoza,,0-0,1.30,draw
04-03-2023,Roma,Juventus,,1-0,3.10,home
04-03-2023,Rennes,Marseille,,0-1,2.40,away
21-02-2023,Swansea,Stoke,,1-3,3.20,away
21-02-2023,Millwall,Burnley,,1-1,1.35,draw
21-02-2023,Liverpool,Real Madrid,,2-5,1.40,away
21-02-2023,Curico Unido,Cerro Porteno,,0-1,3.20,away
21-02-2023,Ind. del Valle,Flamengo,,1-0,2.20,home
21-02-2023,Monaco,Leverkusen,,2-3,2.20,away
21-02-2023,PSV,Sevilla,,2-0,2.10,home
21-02-2023,CFR Cluj,Lazio,,0-0,1.95,draw
21-02-2023,Anderlecht,Ludogorets,,2-1,1.90,home
21-02-2023,Dnipro-1,AEK Larnaca,,0-0,1.30,draw
21-02-2023,Manchester Utd,Barcelona,,2-1,2.30,home
21-02-2023,Union Berlin,Ajax,,3-1,2.25,home
21-02-2023,Basel,Trabzonspor,,2-0,2.30,home
21-02-2023,Lech Poznan,Bodo/Glimt,,1-0,2.10,home
21-02-2023,Dep. Maldonado,Fortaleza,,0-0,3.00,draw
14-02-2023,Coventry,Millwall,,1-0,1.50,home
14-02-2023,QPR,Sunderland,,0-3,2.95,away
14-02-2023,Birmingham,Cardiff,,0-2,3.20,away
14-02-2023,Milan,Tottenham,,1-0,2.50,home
14-02-2023,PSG,Bayern Munich,,0-1,2.50,away
14-02-2023,Burnley,Watford,,1-1,1.70,draw
14-02-2023,Reading,Rotherham,,2-1,1.95,home
14-02-2023,Arsenal,Manchester City,,1-3,3.50,away
14-02-2023,Preston,Luton,,1-1,2.60,draw
14-02-2023,Stoke,Huddersfield,,3-0,1.85,home
14-02-2023,Bristol City,Wigan,,1-1,1.25,draw
14-02-2023,Dortmund,Chelsea,,1-0,2.45,home
14-02-2023,Club Brugge,Benfica,,0-2,1.90,away
14-02-2023,Sheffield Utd,Middlesbrough,,1-3,1.25,away
14-02-2023,West Brom,Blackburn,,1-1,1.70,draw
08-02-2023,Nurnberg,Dusseldorf,,1-1,1.30,draw
08-02-2023,Lyon,Lille,,2-2,3.45,draw
08-02-2023,Angers,Nantes,,1-1,1.50,draw
08-02-2023,Paris FC,Annecy,,1-1,2.00,draw
08-02-2023,Toulouse,Reims,,3-1,3.30,home
08-02-2023,Winterthur,Servette,,Postp,3.10,postponed
08-02-2023,Marseille,PSG,,2-1,3.10,home
08-02-2023,Twente,Ajax,,0-1,1.95,away
08-02-2023,AEK Athens,Olympiacos,,3-0,1.25,home
08-02-2023,Lorient,Lens,,1-1,1.95,draw
08-02-2023,Brisbane Roar,Central Coast,,1-2,2.45,away
08-02-2023,Oh Leuven,Cercle Brugge,,0-0,2.40,draw
08-02-2023,Eupen,Kv Mechelen,,2-1,2.70,home
08-02-2023,Club Brugge,Union Gilloise,,1-1,2.30,draw
08-02-2023,Cadiz,Girona,,2-0,2.50,home
01-02-2023,Fiorentina,Torino,,2-1,2.00,home
01-02-2023,Nantes,Marseille,,0-2,1.20,away
01-02-2023,Angers,Ajaccio,,1-2,2.25,away
01-02-2023,Toulouse,Troyes,,4-1,1.80,home
01-02-2023,RKC Waalwijk,Go Ahead Eagles,,3-1,2.25,home
01-02-2023,Grasshoppers,Basel,,3-5,2.10,away
01-02-2023,Union Gilloise,Antwerp,,1-0,2.00,home
01-02-2023,Sporting,Braga,,5-0,1.25,home
01-02-2023,Kayserispor,Basaksehir,,1-0,2.45,home
01-02-2023,Adana Demirspor,Fenerbahce,,1-1,2.05,draw
01-02-2023,Anorthosis,Omonia,,4-1,1.40,home
01-02-2023,Zulte Waregem,KV Mechelen,,1-2,2.60,away
01-02-2023,Juventus,Lazio,,1-0,3.30,home
01-02-2023,Melbourne Victory,Wellington,,3-1,2.10,home
01-02-2023,Fc U Craiova 1948,U. Cluj,,5-0,2.00,home
25-01-2023,Mainz,Dortmund,,1-2,2.30,away
25-01-2023,Vitesse,Twente,,2-2,2.05,draw
25-01-2023,G.A. Eagles,AZ Alkmaar,,1-4,1.95,away
25-01-2023,Fortuna Sittard,Heerenveen,,2-0,1.40,home
25-01-2023,Freiburg,Eintracht Frankfurt,,1-1,1.50,draw
25-01-2023,Augsburg,B. Monchengladbach,,1-0,2.30,home
25-01-2023,Melbourne Victory,Sydney FC,,1-2,2.50,away
25-01-2023,Groningen,Cambuur,,0-1,2.20,away
25-01-2023,Atlas,Santos Laguna,,2-2,2.75,draw
25-01-2023,Newcastle Jets,Brisbane Roar,,4-0,2.50,home
25-01-2023,Bologna,Spezia,,2-0,1.90,home
25-01-2023,Lecce,Salernitana,,1-2,1.20,away
25-01-2023,Cove Rangers,Ayr,,0-5,2.10,away
25-01-2023,Lorient,Rennes,,2-1,1.90,home
25-01-2023,Almeria,Espanyol,,3-1,3.15,home
18-01-2023,Cercle Brugge,Union Gilloise,,1-1,2.05,draw
18-01-2023,Gijon,Valencia,,0-4,1.25,away
18-01-2023,Livingston,Dundee Utd,,Postp,2.80,postponed
18-01-2023,Kortrijk,Seraing,,3-2,1.80,home
18-01-2023,Milan,Inter,,0-3,1.30,away
18-01-2023,Crystal Palace,Manchester Utd,,1-1,1.80,draw
18-01-2023,Gazişehir Gaziantep,Konyaspor,,0-0,3.20,draw
18-01-2023,St. Truiden,Club Brugge,,1-1,2.05,draw
18-01-2023,Villarreal,Real Madrid,,2-3,2.25,away
18-01-2023,Excelsior,Volendam,,2-0,2.25,home
18-01-2023,Boca Juniors,Racing Club,,1-2,1.40,away
18-01-2023,Arouca,Portimonense,,4-0,2.25,home
18-01-2023,Leipzig,Bayern Munich,,1-1,1.80,draw
18-01-2023,Mallorca,Celta Vigo,,1-0,2.95,home
18-01-2023,Burnley,West Brom,,2-1,2.05,home
11-01-2023,Kortrijk,KV Mechelen,,0-1,2.60,away
11-01-2023,Auxerre,Toulouse,,0-5,2.70,away
11-01-2023,Ajaccio,Reims,,0-1,1.35,away
11-01-2023,Brest,Lille,,0-0,1.95,draw
11-01-2023,Nantes,Lyon,,0-0,1.65,draw
11-01-2023,Zulte Waregem,St. Truiden,,2-0,1.25,home
11-01-2023,Nottingham,Wolves,,1-1,2.60,draw
11-01-2023,Lorient,Monaco,,2-2,2.00,draw
11-01-2023,Strasbourg,Lens,,2-2,2.00,draw
11-01-2023,Union Gilloise,Gent,,4-0,2.15,home
11-01-2023,Fulham,Chelsea,,2-1,2.20,home
11-01-2023,Ethiopia,Mozambique,,0-0,2.90,draw
11-01-2023,Aston Villa,Leeds,,2-1,2.00,home
11-01-2023,Celta Vigo,Villarreal,,1-1,2.65,draw
11-01-2023,Portimonense,Santa Clara,,0-0,2.05,draw
04-01-2023,Torino,Hellas Verona,,1-1,1.20,draw
04-01-2023,Kasimpasa,Alanyaspor,,4-1,2.80,home
04-01-2023,Kayserispor,Karagumruk,,2-4,1.90,away
04-01-2023,Konyaspor,Sivasspor,,2-2,1.90,draw
04-01-2023,Farco,El Gaish,,1-1,1.30,draw
04-01-2023,Lecce,Lazio,,2-1,2.10,home
04-01-2023,Panetolikos,Atromitos Athens,,2-0,3.10,home
04-01-2023,AEK Larnaca,Pafos,,1-0,3.00,home
04-01-2023,PAOK,Aris Thessaloniki,,1-0,1.90,home
04-01-2023,Southampton,Nottingham Forest,,0-1,2.00,away
04-01-2023,Leeds,West Ham,,2-2,2.50,draw
04-01-2023,Inter,Napoli,,1-0,1.30,home
04-01-2023,Aston Villa,Wolves,,1-1,1.95,draw
04-01-2023,Crystal Palace,Tottenham,,0-4,2.20,away
04-01-2023,Gazisehir Gaziantep,Basaksehir,,1-0,2.10,home
28-12-2022,St Johnstone,Hearts,,2-3,2.30,away
28-12-2022,Brest,Lyon,,2-4,1.25,away
28-12-2022,Girona,Vallecano,,2-2,1.35,draw
28-12-2022,Lorient,Montpellier,,0-2,2.00,away
28-12-2022,Reims,Rennes,,3-1,1.35,home
28-12-2022,QPR,Luton,,0-3,2.10,away
28-12-2022,Betis,Ath Bilbao,,0-0,3.25,draw
28-12-2022,Estoril,Boavista,,Postp,2.25,postponed
28-12-2022,Huddersfield,Rotherham,,2-0,2.20,home
28-12-2022,Millwall,Bristol City,,0-0,1.95,draw
28-12-2022,Coventry,Cardiff,,0-0,2.00,draw
28-12-2022,Blackburn,Middlesbrough,,1-2,2.60,away
28-12-2022,Wigan,Sunderland,,1-4,2.50,away
28-12-2022,Nice,Lens,,0-0,3.00,draw
28-12-2022,Blackpool,Sheffield Utd,,1-2,1.90,away
21-12-2022,Merida,Alaves,,0-1,2.10,away
21-12-2022,Deinze,Zulte Waregem,,1-2,2.35,away
21-12-2022,Coventry,West Brom,,1-0,2.40,home
21-12-2022,Ceuta,Ibiza Eivissa,,3-2,2.00,home
21-12-2022,Pontevedra,Tenerife,,2-1,1.30,home
21-12-2022,UD Logrones,Albacete,,0-0,1.35,draw
21-12-2022,OFI Crete,Atromitos Athens,,0-1,2.25,away
21-12-2022,Aris Limassol,APOEL Nicosia,,1-1,3.05,draw
21-12-2022,Omonia,Apollon Lim.,,2-0,1.35,home
21-12-2022,Eldense,Burgos,,1-0,3.00,home
21-12-2022,Linares,R. Santander,,1-0,2.30,home
21-12-2022,Manchester City,Liverpool,,3-2,1.90,home
21-12-2022,Gimnastic,Malaga,,2-1,3.05,home
21-12-2022,Oviedo,Granada,,1-0,2.85,home
21-12-2022,Moreirense,Arouca,,1-2,3.10,away
14-12-2022,Rapid B.,Petrolul P.,,3-1,1.80,home
14-12-2022,Covilha,Nacional,,1-2,2.40,away
14-12-2022,Portimonense,Gil Vicente,,0-3,2.10,away
14-12-2022,FCSB,CFR Cluj,,0-1,3.00,away
14-12-2022,Jong PSV,Jong Ajax,,2-2,2.05,draw
14-12-2022,Academico Viseu,Tondela,,4-1,1.35,home
14-12-2022,Estoril,Famalicao,,0-1,1.50,away
14-12-2022,Newcastle Jets,Brisbane Roar,,0-1,1.40,away
14-12-2022,Voluntari,Constanta,,1-1,3.00,draw
14-12-2022,Santa Clara,Arouca,,1-2,3.00,away
14-12-2022,Feirense,Leixoes,,2-1,3.10,home
14-12-2022,Roda,Zwolle,,Postp,2.35,postponed
14-12-2022,Jong Utrecht,Jong AZ Alkmar,,Postp,2.15,postponed
14-12-2022,Birmingham,Reading,,3-2,2.10,home
14-12-2022,Tenerife,Andorra,,1-1,2.10,draw
07-12-2022,Domzale,Celje,,2-1,2.20,home
07-12-2022,Huesca,FC Andorra,,1-0,1.35,home
07-12-2022,Ternana,Cagliari,,1-0,3.10,home
07-12-2022,Stockport,Charlton,,3-1,2.05,home
07-12-2022,Tenerife,Alaves,,2-1,1.50,home
07-12-2022,Burgos,Eibar,,1-2,1.35,away
07-12-2022,Coca Cola,Al Ittihad,,1-0,1.90,home
07-12-2022,Lugo,Gijon,,0-1,2.40,away
07-12-2022,Olimp. Ljubljana,Mura,,0-0,1.85,draw
07-12-2022,Ceramica Cleopatra,Ismaily,,1-1,2.80,draw
07-12-2022,Ibiza Eivissa,R. Santander,,1-0,2.65,home
07-12-2022,Gillingham,Dag & Red,,3-2,2.85,home
07-12-2022,Malaga,Granada,,1-1,2.30,draw
07-12-2022,Brisbane Roar,Adelaide,,1-1,2.60,draw
07-12-2022,Netherlands,Argentina,,2-2,2.20,draw
30-11-2022,Afc Hermannstadt,CFR Cluj,,2-3,1.90,away
30-11-2022,FC Koper,Mura,,0-0,3.30,draw
30-11-2022,Academico Viseu,Estoril,,3-2,3.10,home
30-11-2022,Canada,Morocco,,1-2,2.10,away
30-11-2022,Croatia,Belgium,,0-0,2.45,draw
30-11-2022,Botosani,FCSB,,2-3,1.85,away
30-11-2022,Maritimo,Rio Ave,,0-1,3.15,away
30-11-2022,Ismaily,Smouha,,0-1,2.45,away
30-11-2022,Al Mokawloon,Ceramica Cleopatra,,2-1,2.70,home
30-11-2022,UTA Arad,Sepsi,,1-4,1.25,away
30-11-2022,Ghana,Uruguay,,0-2,1.25,away
30-11-2022,Petrolul P.,U. Cluj,,2-0,1.35,home
30-11-2022,Serbia,Switzerland,,2-3,2.55,away
30-11-2022,Peterborough,Barnsley,,1-2,2.10,away
30-11-2022,Granada,Alaves,,3-1,3.05,home
23-11-2022,Morocco,Croatia,,0-0,2.10,draw
23-11-2022,Switzerland,Cameroon,,1-0,1.75,home
23-11-2022,Uruguay,Republic Of Korea,,0-0,1.75,draw
23-11-2022,Wales,Iran,,0-2,2.15,away
23-11-2022,Qatar,Senegal,,1-3,1.65,away
23-11-2022,Tunisia,Australia,,0-1,1.35,away
23-11-2022,France,Denmark,,2-1,1.35,home
23-11-2022,Japan,Costa Rica,,0-1,1.65,away
23-11-2022,Croatia,Canada,,4-1,1.75,home
23-11-2022,Spain,Germany,,1-1,1.45,draw
23-11-2022,Cameroon,Serbia,,3-3,1.75,draw
23-11-2022,Republic Of Korea,Ghana,,2-3,3.00,away
23-11-2022,Portugal,Uruguay,,2-0,2.10,home
23-11-2022,Ecuador,Senegal,,1-2,2.70,away
23-11-2022,Iran,USA,,0-1,1.80,away
19-11-2022,Gijon,Leganes,,2-2,2.20,draw
19-11-2022,Tenerife,Huesca,,2-0,1.25,home
19-11-2022,Tondela,Estoril,,0-0,1.30,draw
19-11-2022,Maastricht,Almere City,,1-0,3.50,home
19-11-2022,Zaragoza,Malaga,,1-1,2.05,draw
19-11-2022,Vilafranquense,Vitoria Guimaraes,,0-0,1.95,draw
19-11-2022,Uzbekistan,Russia,,0-0,2.05,draw
19-11-2022,Rizespor,Boluspor,,1-0,2.00,home
19-11-2022,Villarreal B,Ibiza Eivissa,,1-0,1.30,home
19-11-2022,Vaduz,Lausanne-sport,,1-0,2.80,home
19-11-2022,Eibar,Alaves,,0-0,2.00,draw
19-11-2022,R. Santander,Burgos,,0-1,2.35,away
19-11-2022,Levante,Las Palmas,,1-1,2.25,draw
19-11-2022,Pacos Ferreira,Casa Pia,,1-1,2.15,draw
19-11-2022,Saint Lucia,San Marino,,1-0,2.00,home
09-11-2022,Atromitos Athens,Asteras Tripolis,,2-0,3.00,home
09-11-2022,Koln,Leverkusen,,1-2,2.20,away
09-11-2022,Sassuolo,Roma,,1-1,1.30,draw
09-11-2022,Sevilla,Real Sociedad,,1-2,2.80,away
09-11-2022,Almeria,Getafe,,1-0,2.20,home
09-11-2022,Espanyol,Villarreal,,0-1,2.30,away
09-11-2022,Schalke 04,Mainz,,1-0,1.25,home
09-11-2022,Eintracht Frankfurt,Hoffenheim,,4-2,1.90,home
09-11-2022,Mallorca,Atl. Madrid,,1-0,1.25,home
09-11-2022,Coritiba,Corinthians,,2-2,2.50,draw
09-11-2022,Avai,Ceara,,2-0,1.90,home
09-11-2022,Atletico GO,Athletico-PR,,1-1,2.20,draw
09-11-2022,Hellas Verona,Juventus,,0-1,1.70,away
09-11-2022,Vallecano,Celta Vigo,,0-0,2.30,draw
09-11-2022,Valencia,Betis,,3-0,2.15,home
02-11-2022,America MG,Internacional,,1-0,1.40,home
02-11-2022,Wigan,Stoke,,0-1,1.30,away
02-11-2022,Huddersfield,Sunderland,,0-2,2.60,away
02-11-2022,Birmingham,Millwall,,0-0,2.50,draw
02-11-2022,Juventus,PSG,,1-2,1.65,away
02-11-2022,Mirandes,Tenerife,,1-0,2.30,home
02-11-2022,Vilnius Fk Zalgiris,Slovan Bratislava,,1-2,2.20,away
02-11-2022,Real Sociedad,Manchester Utd,,0-1,1.35,away
02-11-2022,Olympiacos,Nantes,,0-2,2.25,away
02-11-2022,Qarabag,Freiburg,,1-1,1.95,draw
02-11-2022,Feyenoord,Lazio,,1-0,2.20,home
02-11-2022,Silkeborg,Anderlecht,,0-2,2.80,away
02-11-2022,Bodo/Glimt,PSV,,1-2,2.10,away
02-11-2022,Union Gilloise,Union Berlin,,0-1,1.95,away
02-11-2022,Lech Poznan,Villarreal,,3-0,3.30,home
26-10-2022,Club Brugge,Porto,,0-4,2.20,away
26-10-2022,Barcelona,Bayern Munich,,0-3,1.25,away
26-10-2022,Eintracht Frankfurt,Marseille,,2-1,2.30,home
26-10-2022,PSV,Arsenal,,2-0,2.70,home
26-10-2022,Zurich,Bodo/Glimt,,2-1,2.00,home
26-10-2022,Fenerbahce,Rennes,,3-3,2.60,draw
26-10-2022,Ludogorets,Betis,,0-1,1.30,away
26-10-2022,AEK Larnaca,Dyn. Kyiv,,3-3,2.20,draw
26-10-2022,Malmo,Union Gilloise,,0-2,2.00,away
26-10-2022,Austria Vienna,Lech Poznan,,1-1,2.50,draw
26-10-2022,Ferencvaros,Monaco,,1-1,1.25,draw
26-10-2022,Nantes,Qarabag,,2-1,3.50,home
26-10-2022,Crvena zvezda,Trabzonspor,,2-1,2.10,home
26-10-2022,Sturm Graz,Feyenoord,,1-0,2.00,home
26-10-2022,Sivasspor,CFR Cluj,,3-0,2.20,home
19-10-2022,Parma Calcio,Bari 1908,,1-0,1.25,home
19-10-2022,Cadiz,Betis,,0-0,2.10,draw
19-10-2022,Valladolid,Celta Vigo,,4-1,1.45,home
19-10-2022,Bournemouth,Southampton,,0-1,1.50,away
19-10-2022,Blackpool,Hull,,1-3,3.50,away
19-10-2022,QPR,Cardiff,,3-0,2.10,home
19-10-2022,Coventry,Sheffield Utd,,1-0,2.40,home
19-10-2022,Birmingham,Burnley,,1-1,2.05,draw
19-10-2022,Wigan,Middlesbrough,,1-4,2.50,away
19-10-2022,Millwall,Watford,,3-0,2.80,home
19-10-2022,Manchester Utd,Tottenham,,2-0,3.50,home
19-10-2022,Almeria,Girona,,3-2,2.45,home
19-10-2022,Osasuna,Espanyol,,1-0,2.20,home
19-10-2022,Fulham,Aston Villa,,3-0,2.50,home
19-10-2022,Leicester,Leeds,,2-0,2.15,home
12-10-2022,Leverkusen,Porto,,0-3,2.10,away
12-10-2022,Sporting,Marseille,,0-2,2.35,away
12-10-2022,Dyn. Kyiv,Rennes,,0-1,1.80,away
12-10-2022,Nantes,Freiburg,,0-4,2.05,away
12-10-2022,Betis,Roma,,1-1,1.30,draw
12-10-2022,Qarabag,Olympiacos,,0-0,1.80,draw
12-10-2022,Partizan,Koln,,2-0,1.25,home
12-10-2022,Apollon Lim.,AZ Alkmaar,,1-0,1.80,home
12-10-2022,Slovan Bratislava,Basel,,3-3,2.50,draw
12-10-2022,CFR Cluj,Slavia Prague,,2-0,1.30,home
12-10-2022,Union Gilloise,Braga,,3-3,2.30,draw
12-10-2022,FCSB,Silkeborg,,0-5,2.80,away
12-10-2022,Ferencvaros,Crvena zvezda,,2-1,2.80,home
12-10-2022,Trabzonspor,Monaco,,4-0,2.05,home
12-10-2022,H. Beer Sheva,Lech Poznan,,1-1,3.30,draw
05-10-2022,Chelsea,Milan,,3-0,1.70,home
05-10-2022,Sevilla,Dortmund,,1-4,2.45,away
05-10-2022,Anderlecht,West Ham,,0-1,2.00,away
05-10-2022,Sc Dnipro-1,Vaduz,,2-2,1.65,draw
05-10-2022,HJK,Ludogorets,,1-1,2.05,draw
05-10-2022,Malmo,Union Berlin,,0-1,2.00,away
05-10-2022,Crvena zvezda,Ferencvaros,,4-1,1.90,home
05-10-2022,Pyunik,Vilnius Fk Zalgiris,,2-0,2.40,home
05-10-2022,Silkeborg,FCSB,,5-0,1.80,home
05-10-2022,Lech Poznan,H. Beer Sheva,,0-0,1.95,draw
05-10-2022,Slovacko,Nice,,0-1,1.90,away
05-10-2022,Roma,Betis,,1-2,1.20,away
05-10-2022,Midtjylland,Feyenoord,,2-2,2.20,draw
05-10-2022,Braga,Union Gilloise,,1-2,1.20,away
05-10-2022,Olympiacos,Qarabag,,0-3,1.25,away
21-09-2022,Scotland,Ukraine,,3-0,1.40,home
21-09-2022,Cortulua,Dep. Cali,,2-0,2.50,home
21-09-2022,La Equidad,Dep. Pasto,,2-3,1.25,away
21-09-2022,America De Cali,Deportes Tolima,,0-0,2.90,draw
21-09-2022,Junior,Millonarios,,0-1,2.95,away
21-09-2022,Kazakhstan,Belarus,,2-1,2.25,home
21-09-2022,Croatia,Denmark,,2-1,2.95,home
21-09-2022,Poland,Netherlands,,0-2,2.05,away
21-09-2022,Lithuania,Faroe Islands,,1-1,2.15,draw
21-09-2022,Liechtenstein,Andorra,,0-2,2.05,away
21-09-2022,Patriotas,Petrolera,,0-0,2.00,draw
21-09-2022,Georgia,North Macedonia,,2-0,2.05,home
21-09-2022,Slovakia U21,Ukraine U21,,3-2,1.30,home
21-09-2022,Italy,England,,1-0,2.60,home
21-09-2022,Finland,Romania,,1-1,2.25,draw
14-09-2022,Shakhtar Donetsk,Celtic,,1-1,2.20,draw
14-09-2022,Aldosivi,Newells Old Boys,,1-2,2.40,away
14-09-2022,Copenhagen,Sevilla,,0-0,3.60,draw
14-09-2022,Juventus,Benfica,,1-2,1.30,away
14-09-2022,Colon Santa Fe,San Lorenzo,,0-0,3.05,draw
14-09-2022,Lanus,Boca Juniors,,0-1,1.35,away
14-09-2022,Olympiacos,Freiburg,,0-3,1.40,away
14-09-2022,Midtjylland,Lazio,,5-1,1.90,home
14-09-2022,Trabzonspor,Crvena zvezda,,2-1,2.25,home
14-09-2022,Qarabag,Nantes,,3-0,3.30,home
14-09-2022,Partizan,Nice,,1-1,2.40,draw
14-09-2022,FCSB,Anderlecht,,0-0,2.40,draw
14-09-2022,RFS,Hearts,,0-2,2.35,away
14-09-2022,Braga,Union Berlin,,1-0,2.10,home
14-09-2022,Basaksehir,Fiorentina,,3-0,2.60,home
07-09-2022,Eintracht Frankfurt,Sporting,,0-3,2.05,away
07-09-2022,Club Brugge KV,Bayer Leverkusen,,1-0,2.10,home
07-09-2022,Inter,Bayern Munich,,0-2,1.85,away
07-09-2022,Napoli,Liverpool,,4-1,1.30,home
07-09-2022,Nice,Koln,,1-1,1.45,draw
07-09-2022,Malmo,Braga,,0-2,2.15,away
07-09-2022,Hearts,Basaksehir,,0-4,2.20,away
07-09-2022,Slovacko,Partizan,,3-3,1.45,draw
07-09-2022,Shamrock Rovers,Djurgarden,,0-0,2.00,draw
07-09-2022,Sturm Graz,Midtjylland,,1-0,2.60,home
07-09-2022,Omonia,Sheriff Tiraspol,,0-3,2.20,away
07-09-2022,Nantes,Olympiacos,,2-1,1.35,home
07-09-2022,Ferencvaros,Trabzonspor,,3-2,1.30,home
07-09-2022,Crvena zvezda,Monaco,,0-1,2.10,away
07-09-2022,Sivasspor,Slavia Prague,,1-1,2.05,draw
31-08-2022,Empoli,Hellas Verona,,1-1,3.30,draw
31-08-2022,Udinese,Fiorentina,,1-0,1.50,home
31-08-2022,Sampdoria,Lazio,,1-1,1.90,draw
31-08-2022,Angers,Reims,,2-4,1.50,away
31-08-2022,Montpellier,Ajaccio,,2-0,2.05,home
31-08-2022,Bournemouth,Wolves,,0-0,2.10,draw
31-08-2022,Bristol City,Huddersfield,,2-0,1.85,home
31-08-2022,Coventry,Preston,,0-1,1.30,away
31-08-2022,Stoke,Swansea,,1-1,2.05,draw
31-08-2022,Sunderland,Rotherham,,3-0,2.05,home
31-08-2022,West Ham,Tottenham,,1-1,2.00,draw
31-08-2022,Blackpool,Blackburn,,0-1,1.30,away
31-08-2022,Lille,Nice,,1-2,2.00,away
31-08-2022,Velez S.,Flamengo,,0-4,1.90,away
31-08-2022,Leicester,Manchester Utd,,0-1,2.05,away
24-08-2022,Trabzonspor,Copenhagen,,0-0,1.30,draw
24-08-2022,Fluminense,Corinthians,,2-2,1.90,draw
24-08-2022,Vilnius Fk Zalgiris,Ludogorets,,3-2,2.00,home
24-08-2022,Sivasspor,Malmo,,0-2,1.50,away
24-08-2022,AIK,Slovacko,,0-1,2.10,away
24-08-2022,Twente,Fiorentina,,0-0,2.40,draw
24-08-2022,Viking,FCSB,,1-3,1.35,away
24-08-2022,Wolfsberger,Molde,,0-4,2.10,away
24-08-2022,FC Ballkani,Shkupi,,1-0,2.05,home
24-08-2022,Anderlecht,Young Boys,,0-1,2.10,away
24-08-2022,Antwerp,Basaksehir,,1-3,2.20,away
24-08-2022,Linfield,RFS,,0-0,1.30,draw
24-08-2022,Shamrock Rovers,Ferencvaros,,1-0,2.05,home
24-08-2022,Gil Vicente,AZ Alkmaar,,1-2,2.20,away
24-08-2022,Hearts,Zurich,,0-1,1.30,away
17-08-2022,Qarabag,Viktoria Plzen,,0-0,1.30,draw
17-08-2022,Barracas,Defensa Jus.,,3-1,1.35,home
17-08-2022,Stoke,Middlesbrough,,2-2,1.45,draw
17-08-2022,Reading,Blackburn,,3-0,2.25,home
17-08-2022,Maccabi Haifa,Crvena zvezda,,3-2,2.80,home
17-08-2022,Dyn. Kyiv,Benfica,,0-2,1.70,away
17-08-2022,Tigre,Atl. Tucuman,,0-0,3.15,draw
17-08-2022,Atlanta Utd,New York,,1-2,2.20,away
17-08-2022,Toronto,New England,,2-2,1.90,draw
17-08-2022,Athletico-PR,Flamengo RJ,,0-1,1.90,away
17-08-2022,Pyunik,Sheriff Tiraspol,,0-0,1.35,draw
17-08-2022,Austria Vienna,Fenerbahce,,0-2,2.30,away
17-08-2022,Apollon,Olympiacos,,1-1,2.10,draw
17-08-2022,HJK,Silkeborg,,1-0,2.40,home
17-08-2022,SC Dnipro-1,AEK Larnaca,,1-2,2.70,away
10-08-2022,Luzern,Grasshoppers,,1-1,1.75,draw
10-08-2022,Plymouth,Peterborough,,0-2,1.25,away
10-08-2022,Sheffield Wed,Sunderland,,2-0,2.40,home
10-08-2022,Port Vale,Rotherham,,1-2,2.20,away
10-08-2022,Nautico,CRB,,2-1,3.00,home
10-08-2022,Chapecoense,Novorizontino,,2-2,1.35,draw
10-08-2022,Ceara,Sao Paulo,,2-1,1.35,home
10-08-2022,Palmeiras,Atletico-MG,,0-0,1.80,draw
10-08-2022,Talleres,Velez S.,,0-1,1.30,away
10-08-2022,West Brom,Sheffield Utd,,1-0,3.10,home
10-08-2022,Nurnberg,Heidenheim,,0-3,2.15,away
10-08-2022,Kaiserslautern,Paderborn,,0-1,2.45,away
10-08-2022,Excelsior,Vitesse,,3-1,2.05,home
10-08-2022,Freiburg,Dortmund,,1-3,2.20,away
10-08-2022,Watford,Burnley,,1-0,2.25,home
03-08-2022,Qarabag,Ferencvaros,,1-1,2.00,draw
03-08-2022,Dalkurd,Norrby,,2-1,2.15,home
03-08-2022,Landskrona,Skovde,,0-1,3.40,away
03-08-2022,Dyn. Kyiv,Sturm Graz,,1-0,2.05,home
03-08-2022,Columbus Crew,Montreal,,1-2,2.05,away
03-08-2022,Aldosivi,Newells Old Boys,,2-4,1.90,away
03-08-2022,Velez S.,Talleres,,3-2,1.95,home
03-08-2022,Atletico-MG,Palmeiras,,2-2,1.55,draw
03-08-2022,San Jose,Inter Miami,,0-1,1.85,away
03-08-2022,AEK Larnaca,Partizan,,2-1,1.55,home
03-08-2022,FC Ballkani,Klaksvik,,3-2,2.05,home
03-08-2022,Maribor,HJK,,0-2,1.60,away
03-08-2022,Shamrock Rovers,Shkupi,,3-1,2.15,home
03-08-2022,Melgar,Internacional,,0-0,1.50,draw
03-08-2022,Athletico-PR,Estudiantes L.P.,,0-0,2.00,draw
27-07-2022,Zurich,Qarabag,,2-1,2.10,home
27-07-2022,Sandefjord,Kristiansund Bk,,2-0,2.10,home
27-07-2022,Fc Carlos Stein,Sport Boys,,3-2,3.20,home
27-07-2022,San Martin,Ayacucho Fc,,3-3,1.25,draw
27-07-2022,Slovan Bratislava,Ferencvaros,,1-4,2.30,away
27-07-2022,Orlando,New York,,5-1,1.50,home
27-07-2022,Necaxa,Pachuca,,2-0,2.40,home
27-07-2022,Queretaro,G. Chivas,,2-2,2.50,draw
27-07-2022,Atletico Goianiense,Corinthians,,2-0,2.70,home
27-07-2022,M. Netanya,Basaksehir,,0-1,1.25,away
27-07-2022,Elfsborg,Molde,,1-2,2.30,away
27-07-2022,Viking,Sparta Prague,,2-1,1.90,home
27-07-2022,Lechia Gdansk,Rapid Vienna,,1-2,2.40,away
27-07-2022,Sligo Rovers,Motherwell,,2-0,2.05,home
27-07-2022,Puskas,V. Guimaraes,,0-0,1.35,draw
20-07-2022,Maccabi Haifa,Olympiacos,,1-1,1.40,draw
20-07-2022,Dyn. Kyiv,Fenerbahce,,0-0,2.40,draw
20-07-2022,Goias,Fluminense,,2-3,3.15,away
20-07-2022,Bragantino,Fortaleza,,2-1,1.80,home
20-07-2022,Athletico-PR,Atletico GO,,4-1,1.90,home
20-07-2022,Internacional,Sao Paulo,,3-3,1.30,draw
20-07-2022,Santos,Botafogo RJ,,2-0,1.75,home
20-07-2022,G. Chivas,Club Leon,,0-0,3.20,draw
20-07-2022,Cuiaba,Atletico-MG,,1-1,1.90,draw
20-07-2022,America MG,Palmeiras,,0-1,1.90,away
20-07-2022,Queretaro,Monterrey,,0-3,1.30,away
20-07-2022,Dusseldorf,Paderborn,,2-1,2.20,home
20-07-2022,Mioveni,Constanta,,0-2,1.30,away
20-07-2022,Jagiellonia,Widzew Lodz,,0-2,2.00,away
20-07-2022,St. Liege,Gent,,2-2,1.90,draw
13-07-2022,Fc Shakhtyor Soligorsk,Maribor,,0-2,2.60,away
13-07-2022,Dinamo Batumi,Slovan Bratislava,,0-0,1.38,draw
13-07-2022,Linfield,Tns,,1-0,3.10,home
13-07-2022,Goias,Atletico GO,,0-3,1.50,away
13-07-2022,Ceara,Fortaleza,,1-0,2.95,home
13-07-2022,Cincinnati,Vancouver,,2-0,1.85,home
13-07-2022,Minnesota United,Kansas City,,1-1,1.75,draw
13-07-2022,Flamengo,Atletico-MG,,2-0,1.25,home
13-07-2022,Santos,Corinthians,,1-0,1.30,home
13-07-2022,Nashville SC,Seattle,,1-0,1.95,home
13-07-2022,Dallas,New York City,,0-1,2.50,away
13-07-2022,Botafogo RJ,America MG,,0-2,1.95,away
13-07-2022,Zaglebie Lubin,Slask Wroclaw,,0-0,2.35,draw
13-07-2022,Kaiserslautern,Hannover,,2-1,2.65,home
13-07-2022,Universitatea Craiova,Sepsi,,2-2,2.30,draw
06-07-2022,Tobol,Ferencvaros,,0-0,1.95,draw
06-07-2022,Eif,Gnistan,,0-2,1.80,away
06-07-2022,PK-35,SJK Akatemia,,2-0,2.10,home
06-07-2022,Dudelange,KF Tirana,,1-0,2.70,home
06-07-2022,Zrinjski,Sheriff Tiraspol,,0-0,2.15,draw
06-07-2022,Maribor,Shakhtyor Soligorsk,,0-0,2.00,draw
06-07-2022,Colon Santa Fe,Talleres,,0-2,1.35,away
06-07-2022,Novorizontino,Brusque,,1-0,1.25,home
06-07-2022,Kristiansund,Tromso,,Postp,1.30,postponed
06-07-2022,Bryne,Kongsvinger,,1-1,1.25,draw
06-07-2022,Asane,KFUM Oslo,,0-3,2.10,away
06-07-2022,Start,Brann,,0-2,1.75,away
06-07-2022,Saburtalo,P.Tirana,,0-1,3.05,away
06-07-2022,Lanus,Ind. del Valle,,0-0,2.10,draw
06-07-2022,Estudiantes L.P.,Fortaleza,,3-0,1.90,home
29-06-2022,VJS,HJS Akatemia,,1-0,1.25,home
29-06-2022,Nautico,Criciuma,,1-1,2.50,draw
29-06-2022,Talleres,Colon Santa Fe,,1-1,1.30,draw
29-06-2022,The Strongest,Ceara,,1-2,1.85,away
29-06-2022,Toronto,Columbus Crew,,1-2,2.55,away
29-06-2022,Cincinnati,New York City,,4-4,2.00,draw
29-06-2022,Chicago Fire,Philadelphia Union,,1-0,3.25,home
29-06-2022,Tlaxcala,Cimarrones,,2-0,3.10,home
29-06-2022,Velez Sarsfield,River Plate,,1-0,1.25,home
29-06-2022,Tolima,Flamengo,,0-1,2.10,away
29-06-2022,Tachira,Santos,,1-1,2.15,draw
29-06-2022,Novorizontino,Vasco Gama,,2-0,1.35,home
29-06-2022,Fortaleza,Estudiantes L.P.,,1-1,2.00,draw
29-06-2022,Olimpia Asuncion,Atletico GO,,2-0,2.15,home
29-06-2022,U. Catolica,Sao Paulo,,2-4,2.05,away
22-06-2022,Seinajoen,Haka Valkeakoski,,2-2,3.10,draw
22-06-2022,Vaasa,Honka,,0-1,3.30,away
22-06-2022,Kokkola,Eif,,1-1,1.25,draw
22-06-2022,Gnistan,TPS,,0-1,1.25,away
22-06-2022,JaPS,Mikkelin,,1-4,1.40,away
22-06-2022,Resistencia,de Octubre,,0-1,3.05,away
22-06-2022,Atletico Goianiense,Goias,,0-0,2.10,draw
22-06-2022,Bahia,Athletico-PR,,1-2,2.60,away
22-06-2022,Fortaleza,Ceara,,2-0,3.00,home
22-06-2022,Nacional Fc,Olimpia Asuncion,,1-1,2.00,draw
22-06-2022,New York Red Bulls,New York City,,3-0,2.50,home
22-06-2022,Atletico-MG,Flamengo RJ,,2-1,1.25,home
22-06-2022,Corinthians,Santos,,4-0,1.85,home
22-06-2022,Sao Paulo,Palmeiras,,1-0,2.50,home
22-06-2022,CSA,Gremio,,1-1,2.40,draw
14-06-2022,Plaza Colonia,Boston River,,0-0,3.10,draw
14-06-2022,San Lorenzo,Arsenal Sarandi,,3-3,1.35,draw
14-06-2022,Germany,Italy,,5-2,1.75,home
14-06-2022,Romania,Montenegro,,0-3,1.90,away
14-06-2022,Bosnia & Herzegovina,Finland,,3-2,2.00,home
14-06-2022,Poland,Belgium,,0-1,1.30,away
14-06-2022,Ukraine,Ireland,,1-1,1.80,draw
14-06-2022,Talleres Cordoba,Newells Old Boys,,0-1,2.05,away
14-06-2022,Patronato,Aldosivi,,1-0,2.20,home
14-06-2022,Juventude,Santos,,1-2,2.95,away
14-06-2022,Defensa y Justicia,Huracan,,1-1,2.05,draw
14-06-2022,Barracas Central,Union de Santa Fe,,1-2,1.50,away
14-06-2022,Atl. Tucuman,Lanus,,2-1,2.70,home
14-06-2022,Banfield,Central Cordoba,,2-1,1.30,home
14-06-2022,Atl. Nacional,Junior,,2-1,2.00,home
07-06-2022,Finland,Montenegro,,2-0,3.20,home
07-06-2022,UAE,Australia,,1-2,1.75,away
07-06-2022,Germany,England,,1-1,2.25,draw
07-06-2022,Bosnia & Herzegovina,Romania,,1-0,2.15,home
07-06-2022,Faroe Islands,Luxembourg,,0-1,2.05,away
07-06-2022,Vila Nova FC,Brusque,,0-2,1.25,away
07-06-2022,Nautico,Vasco,,2-3,1.45,away
07-06-2022,Cuiaba,Corinthians,,1-0,1.35,home
07-06-2022,Wales,Netherlands,,1-2,1.60,away
07-06-2022,Ireland,Ukraine,,0-1,2.30,away
07-06-2022,America MG,Ceara,,0-2,1.35,away
07-06-2022,Juventude,Athletico-PR,,1-3,2.95,away
07-06-2022,Bragantino,Flamengo RJ,,1-0,2.10,home
07-06-2022,Santos,Internacional,,1-1,3.00,draw
07-06-2022,Fluminense,Atletico-MG,,5-3,2.10,home
01-06-2022,Italy,Argentina,,0-3,3.00,away
01-06-2022,Scotland,Ukraine,,1-3,3.05,away
01-06-2022,Tolima,Ind. Medellin,,0-0,2.95,draw
01-06-2022,Cyprus,Kosovo,,0-2,2.10,away
01-06-2022,Bulgaria,North Macedonia,,1-1,1.40,draw
01-06-2022,Czech Republic,Switzerland,,2-1,3.20,home
01-06-2022,Israel,Iceland,,2-2,1.90,draw
01-06-2022,Spain,Portugal,,1-1,1.30,draw
01-06-2022,Slovenia,Sweden,,0-2,2.25,away
01-06-2022,Serbia,Norway,,0-1,2.30,away
01-06-2022,Northern Ireland,Greece,,0-1,1.35,away
01-06-2022,Kazakhstan,Azerbaijan,,2-0,2.60,home
01-06-2022,Croatia,Austria,,0-3,2.05,away
01-06-2022,Belgium,Netherlands,,1-4,2.20,away
01-06-2022,France,Denmark,,1-2,1.70,away
25-05-2022,Odd,Sandefjord,,0-1,1.70,away
25-05-2022,Kristiansund,Tromso,,Postp,3.00,postponed
25-05-2022,Lillestrom,Valerenga,,2-0,1.65,home
25-05-2022,Roma,Feyenoord,,1-0,1.35,home
25-05-2022,Londrina,Operario,,2-1,2.90,home
25-05-2022,Louisville City,Nashville SC,,1-2,2.15,away
25-05-2022,Kansas City,Houston,,2-1,2.00,home
25-05-2022,Sacramento Republic,San Jose,,2-0,1.30,home
25-05-2022,Los Angeles Galaxy,Los Angeles FC,,3-1,2.40,home
25-05-2022,Hammarby,Malmo,,0-0,1.35,draw
25-05-2022,Rijeka,Hajduk Split,,1-3,1.65,away
25-05-2022,Asane,Grorud,,3-2,2.10,home
25-05-2022,Bryne,Stabaek,,0-0,1.80,draw
25-05-2022,Stjordals Blink,Sogndal,,1-3,2.10,away
25-05-2022,Sarpsborg,Molde,,1-2,2.40,away
18-05-2022,Eintracht Frankfurt,Glasgow Rangers,,1-1,2.30,draw
18-05-2022,DC United,New York City,,0-2,2.20,away
18-05-2022,Minnesota United,Los Angeles Galaxy,,1-1,2.75,draw
18-05-2022,Kansas City,Colorado,,2-1,1.45,home
18-05-2022,Houston,Seattle,,0-1,2.85,away
18-05-2022,Alianza Lima,Fortaleza,,0-2,1.80,away
18-05-2022,Vancouver,Dallas,,2-1,3.25,home
18-05-2022,San Jose,Portland,,3-2,1.25,home
18-05-2022,Grasshoppers,St. Gallen,,3-2,2.00,home
18-05-2022,Lugano,Zurich,,2-1,1.25,home
18-05-2022,Luzern,Young Boys,,2-2,1.75,draw
18-05-2022,Lausanne,Sion,,1-2,2.25,away
18-05-2022,Servette,Basel,,0-0,2.00,draw
18-05-2022,Everton,Crystal Palace,,3-2,1.90,home
18-05-2022,Aston Villa,Burnley,,1-1,1.30,draw
11-05-2022,Randers,Aalborg,,2-2,1.30,draw
11-05-2022,Osasuna,Getafe,,1-1,1.50,draw
11-05-2022,Alaves,Espanyol,,2-1,2.15,home
11-05-2022,AIK,Malmo,,2-0,1.40,home
11-05-2022,Fortuna Sittard,Vitesse,,1-2,2.60,away
11-05-2022,Cambuur,Willem II,,1-1,2.50,draw
11-05-2022,Rkc Waalwijk,Heracles,,2-0,2.25,home
11-05-2022,Utrecht,AZ Alkmaar,,2-2,1.35,draw
11-05-2022,Sparta Rotterdam,Zwolle,,2-0,1.30,home
11-05-2022,Watford,Everton,,0-0,1.85,draw
11-05-2022,Juventus,Inter,,2-2,3.30,draw
11-05-2022,Vallecano,Villarreal,,1-5,1.80,away
11-05-2022,Tottenham,Arsenal,,3-0,2.20,home
11-05-2022,Jagiellonia,Legia,,2-2,3.15,draw
11-05-2022,Sociedad B,Almeria,,0-2,1.90,away
04-05-2022,Slovacko,Sparta Prague,,Postp,2.45,postponed
04-05-2022,PAOK,Olympiacos,,1-2,3.10,away
04-05-2022,Real Madrid,Manchester City,,2-1,1.25,home
04-05-2022,Cincinnati,Toronto,,2-0,1.25,home
04-05-2022,Salernitana,Venezia,,2-1,1.80,home
04-05-2022,Eintracht Frankfurt,West Ham,,1-0,2.45,home
04-05-2022,Glasgow Rangers,RB Leipzig,,3-1,2.00,home
04-05-2022,Roma,Leicester,,1-0,1.30,home
04-05-2022,Marseille,Feyenoord,,0-0,2.10,draw
04-05-2022,Radomiak Radom,Zaglebie Lubin,,1-6,3.20,away
04-05-2022,Cambuur,Rkc Waalwijk,,1-1,1.30,draw
04-05-2022,Bochum,Bielefeld,,2-1,1.30,home
04-05-2022,Levante,Real Sociedad,,2-1,2.35,home
04-05-2022,Lille,Monaco,,1-2,2.05,away
04-05-2022,Las Palmas,Mirandes,,1-0,1.70,home
26-04-2022,Orebro,Halmstad,,0-2,2.70,away
26-04-2022,Kalmar,Norrkoping,,1-2,1.30,away
26-04-2022,Portsmouth,Wigan,,3-2,2.40,home
26-04-2022,Sunderland,Rotherham,,1-1,2.30,draw
26-04-2022,Swansea,Bournemouth,,3-3,1.95,draw
26-04-2022,Barnsley,Blackpool,,0-2,2.40,away
26-04-2022,Espanola,Cobresal,,2-2,2.00,draw
26-04-2022,Pasto,Patriotas,,0-0,1.25,draw
26-04-2022,Salernitana,Venezia,,2-20,2.20,away
26-04-2022,Sonderjyske,Odense,,1-2,3.05,away
26-04-2022,America MG,Tolima,,2-3,1.20,away
26-04-2022,Manchester Utd,Chelsea,,1-1,1.30,draw
26-04-2022,Feyenoord,Marseille,,3-2,1.35,home
26-04-2022,Leicester,Roma,,1-1,2.25,draw
26-04-2022,West Ham,Eintracht Frankfurt,,1-2,1.90,away
19-04-2022,Mallorca,Alaves,,2-1,2.05,home
19-04-2022,Hamburger SV,Freiburg,,1-3,2.10,away
19-04-2022,Inter,AC Milan,,3-0,1.30,home
19-04-2022,Reims,Lille,,2-1,2.15,home
19-04-2022,Troyes,Clermont,,0-1,1.30,away
19-04-2022,Bordeaux,St Etienne,,2-2,1.30,draw
19-04-2022,Everton,Leicester,,1-1,2.30,draw
19-04-2022,Chelsea,Arsenal,,2-4,1.85,away
19-04-2022,Newcastle,Crystal Palace,,1-0,2.30,home
19-04-2022,Strasbourg,Rennes,,2-1,1.30,home
19-04-2022,Levante,Sevilla,,2-3,2.10,away
19-04-2022,Espanyol,Rayo Vallecano,,0-1,1.35,away
19-04-2022,Cadiz CF,Ath Bilbao,,2-3,3.40,away
19-04-2022,Burnley,Southampton,,2-0,2.75,home
19-04-2022,Real Sociedad,Barcelona,,0-1,2.10,away
13-04-2022,Atl. Madrid,Manchester City,,0-0,1.80,draw
13-04-2022,Guadalajara Chivas,Monterrey,,1-3,1.35,away
13-04-2022,Atalanta,RB Leipzig,,0-2,2.65,away
13-04-2022,PSV,Leicester,,1-2,1.95,away
13-04-2022,Glasgow Rangers,Braga,,2-1,1.95,home
13-04-2022,PAOK,Marseille,,0-1,2.20,away
13-04-2022,Lyon,West Ham,,0-3,1.30,away
13-04-2022,Slavia Prague,Feyenoord,,1-3,2.40,away
13-04-2022,Birmingham,Coventry,,2-4,1.35,away
13-04-2022,Hull,Cardiff,,2-1,1.30,home
13-04-2022,Bournemouth,Middlesbrough,,0-0,2.00,draw
13-04-2022,Huddersfield,QPR,,2-2,2.00,draw
13-04-2022,Rennes,Monaco,,2-3,1.30,away
13-04-2022,Real Sociedad,Betis,,0-0,2.10,draw
13-04-2022,Amorebieta,Mirandes,,1-0,2.90,home
05-04-2022,Millwall,Swansea,,0-1,1.30,away
05-04-2022,Preston,Blackpool,,1-0,1.30,home
05-04-2022,Reading,Stoke,,2-1,1.45,home
05-04-2022,Augsburg,Mainz,,2-1,1.65,home
05-04-2022,Burnley,Everton,,3-2,2.90,home
05-04-2022,Nottingham,Coventry,,2-0,2.05,home
05-04-2022,Middlesbrough,Fulham,,0-1,1.30,away
05-04-2022,Chelsea,Real Madrid,,1-3,3.70,away
05-04-2022,West Brom,Bournemouth,,2-0,2.70,home
05-04-2022,Leipzig,Atalanta,,1-1,1.90,draw
05-04-2022,Feyenoord,Slavia Prague,,3-3,1.70,draw
05-04-2022,West Ham,Lyon,,1-1,2.00,draw
05-04-2022,Braga,Glasgow Rangers,,1-0,2.45,home
05-04-2022,Bodo/Glimt,Roma,,2-1,2.00,home
05-04-2022,Leicester,PSV,,0-0,2.10,draw
26-03-2022,Ibiza Eivissa,Sociedad B,,2-2,1.75,draw
26-03-2022,Wimbledon,Cambridge Utd,,0-1,1.35,away
26-03-2022,Shrewsbury,Lincoln,,1-0,2.00,home
26-03-2022,Doncaster,Charlton,,0-1,1.90,away
26-03-2022,Ipswich,Plymouth,,1-0,1.90,home
26-03-2022,Greenock Morton,Ayr,,1-1,1.30,draw
26-03-2022,Arbroath,Raith Rovers,,3-3,1.25,draw
26-03-2022,Den Bosch,Venlo,,0-0,2.20,draw
26-03-2022,Gijon,Cartagena,,4-1,2.15,home
26-03-2022,England,Switzerland,,2-1,1.70,home
26-03-2022,Netherlands,Denmark,,4-2,1.30,home
26-03-2022,Mirandes,Ponferradina,,3-1,2.20,home
26-03-2022,Burgos,Tenerife,,1-0,2.85,home
26-03-2022,U. De Chile,Espanola,,2-0,1.30,home
26-03-2022,Alcorcon,Valladolid,,1-2,1.85,away
16-03-2022,Mainz,Dortmund,,0-1,1.90,away
16-03-2022,Brighton,Tottenham,,0-2,2.25,away
16-03-2022,Cardiff,Stoke,,2-1,1.35,home
16-03-2022,Millwall,Huddersfield,,2-0,3.10,home
16-03-2022,Nottingham,QPR,,3-1,1.95,home
16-03-2022,Blackpool,Sheffield Utd,,0-0,2.20,draw
16-03-2022,Juventus,Villarreal,,0-3,1.25,away
16-03-2022,Lille,Chelsea,,1-2,1.25,away
16-03-2022,Arsenal,Liverpool,,0-2,1.25,away
16-03-2022,Crvena zvezda,Glasgow Rangers,,2-1,2.20,home
16-03-2022,Leverkusen,Atalanta,,0-1,1.40,away
16-03-2022,Everton,Newcastle,,1-0,2.30,home
16-03-2022,Eintracht Frankfurt,Betis,,0-1,2.20,away
16-03-2022,Lyon,FC Porto,,1-1,3.00,draw
16-03-2022,West Ham,Sevilla,,1-0,3.20,home
09-03-2022,APOEL,Anorthosis,,2-1,1.25,home
09-03-2022,Betis,Eintracht Frankfurt,,1-2,1.85,away
09-03-2022,Porto,Lyon,,0-1,2.00,away
09-03-2022,Real Madrid,Paris SG,,3-1,1.45,home
09-03-2022,Sevilla,West Ham,,1-0,1.25,home
09-03-2022,Vitesse,Roma,,0-1,1.90,away
09-03-2022,Slavia Prague,LASK,,4-1,1.75,home
09-03-2022,PAOK,Gent,,1-0,2.20,home
09-03-2022,Partizan,Feyenoord,,2-5,1.35,away
09-03-2022,Southampton,Newcastle,,1-2,1.30,away
09-03-2022,Leeds,Aston Villa,,0-3,2.50,away
09-03-2022,Braga,Monaco,,2-0,3.20,home
09-03-2022,Atalanta,Bayer Leverkusen,,3-2,1.30,home
09-03-2022,Leicester,Rennes,,2-0,2.00,home
09-03-2022,Bodo/Glimt,AZ Alkmaar,,2-1,2.35,home
01-03-2022,Servette,Young Boys,,1-0,2.00,home
01-03-2022,Burnley,Leicester,,0-2,1.55,away
01-03-2022,Union Berlin,St. Pauli,,2-1,1.75,home
01-03-2022,Milan,Inter,,0-0,1.35,draw
01-03-2022,Atl. Tucuman,Patronato Parana,,1-0,1.30,home
01-03-2022,Leon,Monterrey,,0-0,3.10,draw
01-03-2022,Sv Ried,Hartberg,,2-1,2.05,home
01-03-2022,Luzern,Zurich,,0-2,2.15,away
01-03-2022,Southampton,West Ham,,3-1,2.30,home
01-03-2022,Bochum,Freiburg,,1-1,1.60,draw
01-03-2022,Fiorentina,Juventus,,0-1,3.40,away
01-03-2022,Valencia,Ath Bilbao,,1-0,3.05,home
01-03-2022,Mallorca,Real Sociedad,,0-2,1.30,away
01-03-2022,Nantes,Monaco,,2-2,3.15,draw
01-03-2022,Sporting,Porto,,1-2,3.10,away
23-02-2022,Watford,Crystal Palace,,1-4,1.35,away
23-02-2022,Derby,Millwall,,1-2,2.65,away
23-02-2022,Benfica,Ajax,,2-2,1.80,draw
23-02-2022,Atl. Madrid,Manchester Utd,,1-1,3.10,draw
23-02-2022,Audax,Estudiantes L.P.,,1-0,1.25,home
23-02-2022,Partizan,Sparta Prague,,2-1,2.00,home
23-02-2022,Lazio,Porto,,2-2,1.35,draw
23-02-2022,Real Sociedad,Leipzig,,1-3,2.70,away
23-02-2022,Olympiacos,Atalanta,,0-3,1.70,away
23-02-2022,Dinamo Zagreb,Sevilla,,1-0,1.70,home
23-02-2022,Maccabi Tel Aviv,PSV,,1-1,2.00,draw
23-02-2022,Napoli,Barcelona,,2-4,2.60,away
23-02-2022,Betis,Zenit,,0-0,2.00,draw
23-02-2022,Slavia Prague,Fenerbahce,,3-2,3.60,home
23-02-2022,PAOK,Midtjylland,,2-1,2.00,home
15-02-2022,Cardiff,Coventry,,2-0,1.30,home
15-02-2022,Millwall,QPR,,2-0,2.35,home
15-02-2022,PSG,Real Madrid,,1-0,2.00,home
15-02-2022,Crotone,Brescia,,0-1,1.40,away
15-02-2022,Peterborough,Reading,,0-0,1.30,draw
15-02-2022,Inter,Liverpool,,0-2,1.30,away
15-02-2022,Monarcas Morelia,America,,2-1,2.00,home
15-02-2022,Zenit,Betis,,2-3,2.40,away
15-02-2022,Sheriff Tiraspol,Braga,,2-0,2.00,home
15-02-2022,Barcelona,Napoli,,1-1,1.25,draw
15-02-2022,Fenerbahce,Slavia Prague,,2-3,2.00,away
15-02-2022,Rapid Vienna,Vitesse,,2-1,3.30,home
15-02-2022,Midtjylland,PAOK,,1-0,3.60,home
15-02-2022,Leipzig,Real Sociedad,,2-2,1.90,draw
15-02-2022,Porto,Lazio,,2-1,2.10,home
09-02-2022,Norwich,Crystal Palace,,1-1,2.10,draw
09-02-2022,Preston,Huddersfield,,0-0,3.20,draw
09-02-2022,Sheffield Utd,West Brom,,2-0,1.35,home
09-02-2022,Cardiff,Peterborough,,4-0,1.80,home
09-02-2022,QPR,Middlesbrough,,2-2,2.70,draw
09-02-2022,Bristol City,Reading,,2-1,1.90,home
09-02-2022,Blackburn,Nottingham,,0-2,1.30,away
09-02-2022,Dundee Utd,Motherwell,,2-0,1.30,home
09-02-2022,St. Mirren,St Johnstone,,2-1,1.30,home
09-02-2022,Ross County,Livingston,,1-1,1.30,draw
09-02-2022,Aston Villa,Leeds,,3-3,1.80,draw
09-02-2022,Nice,Marseille,,4-1,2.75,home
09-02-2022,Thun,Lugano,,3-4,2.20,away
09-02-2022,Nec Nijmegen,G.A. Eagles,,0-2,1.90,away
09-02-2022,Wolves,Arsenal,,0-1,2.20,away
01-02-2022,Gillingham,Crewe,,1-0,1.30,home
01-02-2022,Millwall,Preston,,0-0,2.25,draw
01-02-2022,Swansea,Luton,,0-1,2.40,away
01-02-2022,Hibernian,Hearts,,0-0,2.80,draw
01-02-2022,Wimbledon,Cheltenham,,2-2,1.55,draw
01-02-2022,Bolivia,Chile,,2-3,1.30,away
01-02-2022,Argentina,Colombia,,1-0,1.20,home
01-02-2022,Peru,Ecuador,,1-1,1.30,draw
01-02-2022,OFI Crete,Panathinaikos,,3-2,2.20,home
01-02-2022,Aris Thessaloniki,AEK Athens FC,,2-1,2.90,home
01-02-2022,Leixoes,Mafra,,2-0,3.00,home
01-02-2022,Vallecano,Mallorca,,1-0,2.00,home
01-02-2022,Huddersfield,Derby,,2-0,2.00,home
01-02-2022,Barnsley,Cardiff,,0-1,2.50,away
01-02-2022,Santa Clara,Boavista,,2-1,3.10,home
25-01-2022,Gillingham,Shrewsbury,,0-0,2.15,draw
25-01-2022,Scunthorpe,Bristol Rovers,,2-3,2.35,away
25-01-2022,St. Mirren,Aberdeen,,1-0,2.25,home
25-01-2022,Walsall,Bradford City,,1-2,1.45,away
25-01-2022,Burton,MK Dons,,0-1,1.40,away
25-01-2022,Coventry,Stoke,,1-0,3.20,home
25-01-2022,QPR,Swansea,,0-0,2.10,draw
25-01-2022,Birmingham,Peterborough,,2-2,1.90,draw
25-01-2022,Wimbledon,Ipswich,,0-2,2.20,away
25-01-2022,Charleroi,Kortrijk,,1-1,1.25,draw
25-01-2022,Eupen,Standard Liege,,0-2,1.40,away
25-01-2022,Zulte Waregem,Oh Leuven,,1-1,1.25,draw
25-01-2022,Dundee Utd,Ross County,,2-1,2.35,home
25-01-2022,Motherwell,Hibernian,,0-0,3.10,draw
25-01-2022,St Johnstone,Dundee FC,,0-0,2.25,draw
19-01-2022,Groningen,Nec Nijmegen,,1-2,1.30,away
19-01-2022,Clermont,Strasbourg,,0-2,2.30,away
19-01-2022,Amiens,Ajaccio,,0-1,1.50,away
19-01-2022,Breda,Zwolle,,2-1,1.25,home
19-01-2022,Leicester,Tottenham,,2-3,2.25,away
19-01-2022,Hoffenheim,Freiburg,,1-4,2.00,away
19-01-2022,Hertha Berlin,Union Berlin,,2-3,2.60,away
19-01-2022,Hull,Blackburn,,2-0,2.30,home
19-01-2022,Twente,AZ Alkmaar,,1-2,2.20,away
19-01-2022,Reading,Luton,,0-2,2.00,away
19-01-2022,Lugo,Almeria,,2-1,1.25,home
19-01-2022,Valencia,Sevilla,,1-1,1.35,draw
19-01-2022,Ath Bilbao,Barcelona,,2-2,2.20,draw
19-01-2022,Real Sociedad,Atl. Madrid,,2-0,3.10,home
19-01-2022,Getafe,Granada,,4-2,2.10,home
11-01-2022,Sudan,Guinea Bissau,,0-0,1.30,draw
11-01-2022,Mansfield,Swindon,,3-2,2.35,home
11-01-2022,Southampton,Brentford,,4-1,1.25,home
11-01-2022,Salford,Tranmere,,1-1,1.60,draw
11-01-2022,Everton,Leicester,,Postp,2.40,postponed
11-01-2022,Bolton,Wycombe,,0-2,2.60,away
11-01-2022,Varzim,Sporting Farense,,Postp,2.15,postponed
11-01-2022,Mauritania,Gambia,,0-1,1.35,away
11-01-2022,Crewe,Charlton,,2-1,2.05,home
11-01-2022,Barcelona,Real Madrid,,2-2,1.95,draw
11-01-2022,Tottenham,Chelsea,,0-1,1.30,away
11-01-2022,Barnsley,Stoke,,Postp,2.20,postponed
11-01-2022,Inter,Juventus,,1-1,1.75,draw
11-01-2022,Benevento,Monza,,3-1,2.05,home
11-01-2022,Liverpool,Arsenal,,0-0,2.10,draw
05-01-2022,Cartagena,Valencia,,1-2,2.15,away
05-01-2022,Mirandes,Vallecano,,0-1,1.30,away
05-01-2022,Valladolid,Betis,,0-3,1.30,away
05-01-2022,Panathinaikos,Aris,,2-0,1.30,home
05-01-2022,Chelsea,Tottenham,,2-0,2.00,home
05-01-2022,Spezia,Hellas Verona,,1-2,3.30,away
05-01-2022,Fuenlabrada,Cadiz,,0-1,2.70,away
05-01-2022,Girona,Osasuna,,1-0,2.70,home
05-01-2022,Gijon,Villarreal,,2-1,2.05,home
05-01-2022,Zaragoza,Sevilla,,0-2,1.90,away
05-01-2022,Milan,Roma,,3-1,1.25,home
05-01-2022,Salernitana,Venezia,,Postp,1.30,postponed
05-01-2022,Almeria,Elche,,1-2,2.50,away
05-01-2022,Juventus,Napoli,,1-1,1.95,draw
05-01-2022,Arsenal,Liverpool,,Postp,2.20,postponed
28-12-2021,Watford,West Ham,,1-4,2.10,away
28-12-2021,Southampton,Tottenham,,1-1,1.30,draw
28-12-2021,Tondela,Gil Vicente,,0-3,2.20,away
28-12-2021,Leeds,Aston Villa,,Postp,2.40,postponed
28-12-2021,Feirense,Benfica B,,2-1,1.35,home
28-12-2021,Maritimo,Vizela,,2-0,1.50,home
28-12-2021,Academica,Trofense,,1-1,1.50,draw
28-12-2021,Varzim,Sporting Farense,,Postp,3.00,postponed
28-12-2021,Moreirense,Estoril,,1-0,1.40,home
28-12-2021,Leixoes,Mafra,,Postp,3.15,postponed
28-12-2021,Academico Viseu,Nacional,,1-4,2.30,away
28-12-2021,Vitoria Guimaraes,Boavista,,1-1,1.65,draw
28-12-2021,Pacos Ferreira,Santa Clara,,2-1,2.50,home
28-12-2021,Everton,Newcastle,,Postp,1.75,postponed
28-12-2021,Porto,Benfica,,3-1,1.80,home
22-12-2021,Sassuolo,Bologna,,0-3,2.00,away
22-12-2021,Karagumruk,Fenerbahce,,1-1,2.10,draw
22-12-2021,Hellas Verona,Fiorentina,,1-1,2.45,draw
22-12-2021,Willem II,Nec Nijmegen,,0-1,2.80,away
22-12-2021,Heracles,Cambuur,,1-1,2.00,draw
22-12-2021,Tottenham,West Ham,,2-1,2.20,home
22-12-2021,St Johnstone,Ross County,,1-2,3.00,away
22-12-2021,Hibernian,Aberdeen,,1-0,1.45,home
22-12-2021,Troyes,Brest,,1-1,1.30,draw
22-12-2021,Nice,Lens,,2-1,2.05,home
22-12-2021,St Etienne,Nantes,,0-1,1.30,away
22-12-2021,Clermont,Strasbourg,,Postp,1.40,postponed
22-12-2021,Montpellier,Angers,,4-1,1.30,home
22-12-2021,Monaco,Rennes,,2-1,2.20,home
22-12-2021,Bilbao,Real Madrid,,1-2,2.15,away
15-12-2021,Leonesa,Leganes,,1-1,1.30,draw
15-12-2021,Valladolid,Las Palmas,,3-1,1.25,home
15-12-2021,Castellon,Cartagena,,1-2,1.30,away
15-12-2021,Ponferradina,UD Ibiza,,1-1,1.25,draw
15-12-2021,Union Berlin,Freiburg,,0-0,3.25,draw
15-12-2021,Crystal Palace,Southampton,,2-2,2.10,draw
15-12-2021,Brighton,Wolves,,0-1,3.05,away
15-12-2021,Burnley,Watford,,Postp,2.15,postponed
15-12-2021,Arsenal,West Ham,,2-0,2.15,home
15-12-2021,Tenerife,Eibar,,1-2,1.30,away
15-12-2021,Spezia,Lecce,,0-2,2.00,away
15-12-2021,Amorebieta,Almeria,,1-2,2.15,away
15-12-2021,Lugo,Mirandes,,1-2,3.15,away
15-12-2021,Leicester,Tottenham,,Postp,3.60,postponed
15-12-2021,Sampdoria,Torino,,2-1,1.30,home
08-12-2021,Wolfsburg,Lille,,1-3,1.35,away
08-12-2021,Atalanta,Villarreal,,2-3,1.75,away
08-12-2021,RB Salzburg,Sevilla,,1-0,1.35,home
08-12-2021,Lyon,Glasgow Rangers,,1-1,1.25,draw
08-12-2021,Napoli,Leicester,,3-2,1.25,home
08-12-2021,Fenerbahce,Eintracht Frankfurt,,1-1,1.40,draw
08-12-2021,Legia,Spartak Moscow,,0-1,1.30,away
08-12-2021,Antwerp,Olympiacos,,1-0,2.10,home
08-12-2021,Zorya Luhansk,Bodo/Glimt,,1-1,1.90,draw
08-12-2021,CFR Cluj,Jablonec,,2-0,2.60,home
08-12-2021,AZ Alkmaar,Randers FC,,1-0,2.15,home
08-12-2021,Celtic,Betis,,3-2,2.80,home
08-12-2021,West Ham,Dinamo Zagreb,,0-1,1.95,away
08-12-2021,Braga,Crvena zvezda,,1-1,1.90,draw
08-12-2021,Omonia,K. Almaty,,0-0,2.00,draw
01-12-2021,Bologna,Roma,,1-0,1.35,home
01-12-2021,Westerlo,Oh Leuven,,2-3,2.05,away
01-12-2021,Brest,St Etienne,,1-0,2.05,home
01-12-2021,Angers,Monaco,,1-3,1.35,away
01-12-2021,Metz,Montpellier,,1-3,3.30,away
01-12-2021,Troyes,Lorient,,2-0,1.35,home
01-12-2021,Wolves,Burnley,,0-0,1.95,draw
01-12-2021,Southampton,Leicester,,2-2,1.55,draw
01-12-2021,West Ham,Brighton,,1-1,2.00,draw
01-12-2021,Kortrijk,Oostende,,1-0,1.85,home
01-12-2021,Sassuolo,Napoli,,2-2,1.85,draw
01-12-2021,Genk,Club Brugge,,3-3,2.10,draw
01-12-2021,Clermont,Lens,,2-2,1.40,draw
01-12-2021,Rennes,Lille,,1-2,2.05,away
01-12-2021,Nantes,Marseille,,0-1,2.20,away
24-11-2021,Club Brugge,Leipzig,,0-5,1.25,away
24-11-2021,Sporting,Dortmund,,3-1,1.30,home
24-11-2021,Liverpool,Porto,,2-0,1.95,home
24-11-2021,Midtjylland,Braga,,3-2,1.50,home
24-11-2021,Slavia Prague,Feyenoord,,2-2,2.90,draw
24-11-2021,Lokomotiv Moscow,Lazio,,0-3,1.80,away
24-11-2021,Dinamo Zagreb,Genk,,1-1,2.40,draw
24-11-2021,Galatasaray,Marseille,,4-2,1.45,home
24-11-2021,Maccabi Haifa,Union Berlin,,0-1,2.25,away
24-11-2021,Slovan Bratislava,PAOK,,0-0,2.70,draw
24-11-2021,Maccabi Tel Aviv,LASK,,0-1,2.25,away
24-11-2021,Randers,CFR Cluj,,2-1,2.05,home
24-11-2021,Monaco,Real Sociedad,,2-1,3.30,home
24-11-2021,Rangers,Sparta Prague,,2-0,3.30,home
24-11-2021,Brondby,Lyon,,1-3,3.30,away
13-11-2021,Bosnia & Herzegovina,Finland,,1-3,2.00,away
13-11-2021,Bristol Rovers,Northampton,,2-1,1.30,home
13-11-2021,Rochdale,Leyton Orient,,2-2,3.20,draw
13-11-2021,Stevenage,Mansfield,,1-2,2.45,away
13-11-2021,Tranmere,Sutton,,0-1,2.60,away
13-11-2021,Walsall,Harrogate,,1-3,1.40,away
13-11-2021,Accrington,Plymouth,,1-4,1.35,away
13-11-2021,Burton,Charlton,,0-1,2.60,away
13-11-2021,Ipswich,Oxford Utd,,0-0,2.25,draw
13-11-2021,Wycombe,Portsmouth,,0-1,2.05,away
13-11-2021,Aldershot,Grimsby,,2-1,1.90,home
13-11-2021,Altrincham,Boreham Wood,,1-1,2.30,draw
13-11-2021,Yeovil,Eastleigh,,2-1,1.30,home
13-11-2021,Wealdstone,Barnet,,1-0,1.40,home
13-11-2021,Southend,Woking,,0-2,2.80,away
03-11-2021,Milan,Porto,,1-1,2.00,draw
03-11-2021,Leipzig,PSG,,2-2,2.35,draw
03-11-2021,Dortmund,Ajax,,1-3,1.25,away
03-11-2021,Flora,Anorthosis,,2-2,1.40,draw
03-11-2021,Kairat,Qarabag,,1-2,1.40,away
03-11-2021,Genk,West Ham,,2-2,2.00,draw
03-11-2021,Olympiacos,Eintracht,,1-2,1.30,away
03-11-2021,Monaco,PSV,,0-0,1.35,draw
03-11-2021,Zorya Luhansk,CSKA Sofia,,2-0,2.05,home
03-11-2021,Omonia,Basel,,1-1,2.00,draw
03-11-2021,Ferencvaros,Celtic,,2-3,2.15,away
03-11-2021,Marseille,Lazio,,2-2,2.25,draw
03-11-2021,Antwerp,Fenerbahce,,0-3,2.60,away
03-11-2021,Union Berlin,Feyenoord,,1-2,3.00,away
03-11-2021,PAOK,Copenhagen,,1-2,2.15,away
27-10-2021,Udinese,Hellas Verona,,1-1,1.30,draw
27-10-2021,Sirius,Hammarby,,0-1,1.85,away
27-10-2021,Voluntari,FCSB,,2-70,2.70,away
27-10-2021,Betis,Valencia,,4-1,1.85,home
27-10-2021,Leicester,Brighton,,2-2,1.25,draw
27-10-2021,Stoke,Brentford,,1-2,1.55,away
27-10-2021,Burnley,Tottenham,,0-1,2.25,away
27-10-2021,Nice,Marseille,,1-1,1.40,draw
27-10-2021,Bahia,Ceara,,1-1,2.10,draw
27-10-2021,Santos,Fluminense,,2-0,1.35,home
27-10-2021,Brann,Viking,,0-2,2.90,away
27-10-2021,Celta Vigo,Real Sociedad,,0-2,2.70,away
27-10-2021,Granada,Getafe,,1-1,2.60,draw
27-10-2021,Sarpsborg,Valerenga,,2-1,3.40,home
27-10-2021,Monterrey,Club America,,1-0,2.50,home
20-10-2021,Rb Salzburg,Wolfsburg,,3-1,1.30,home
20-10-2021,Young Boys,Villarreal,,1-4,1.30,away
20-10-2021,Lille,Sevilla,,0-0,1.30,draw
20-10-2021,Zenit,Juventus,,0-1,2.20,away
20-10-2021,HJK,Maccabi Tel Aviv,,0-5,2.40,away
20-10-2021,Rapid Vienna,Dinamo Zagreb,,2-1,1.30,home
20-10-2021,Betis,Leverkusen,,1-1,2.65,draw
20-10-2021,Lazio,Marseille,,0-0,1.80,draw
20-10-2021,Midtjylland,Crvena zvezda,,1-1,3.30,draw
20-10-2021,Ludogorets,Braga,,0-1,1.30,away
20-10-2021,Feyenoord,Union Berlin,,3-1,2.15,home
20-10-2021,Sparta Prague,Lyon,,3-4,1.95,away
20-10-2021,Lokomotiv Moscow,Galatasaray,,0-1,3.30,away
20-10-2021,PSV,Monaco,,1-2,2.20,away
20-10-2021,Partizan,Gent,,0-1,2.15,away
08-10-2021,Turkey,Norway,,1-1,2.20,draw
08-10-2021,Estonia,Belarus,,2-0,2.35,home
08-10-2021,Juarez,Queretaro,,0-0,1.30,draw
08-10-2021,Tokyo Verdy,Fagiano Okayama,,1-2,2.40,away
08-10-2021,Lithuania,Bulgaria,,3-1,1.95,home
08-10-2021,Mirandes,Eibar,,3-3,1.30,draw
08-10-2021,Lugo,Girona,,1-0,1.30,home
08-10-2021,Finland,Ukraine,,1-2,2.20,away
08-10-2021,Scotland,Israel,,3-2,1.95,home
08-10-2021,Azerbaijan,Ireland,,0-3,3.05,away
08-10-2021,Georgia,Greece,,0-2,2.25,away
08-10-2021,Hungary,Albania,,0-1,2.00,away
08-10-2021,Cincinnati,Philadelphia,,1-2,1.35,away
08-10-2021,Gangwon,Jeju Utd,,2-2,1.40,draw
08-10-2021,Sociedad B,Ponferradina,,1-1,2.85,draw
29-09-2021,Juventus,Chelsea,,1-0,2.15,home
29-09-2021,Wolfsburg,Sevilla,,1-1,1.40,draw
29-09-2021,Salzburg,Lille,,2-1,1.95,home
29-09-2021,Benfica,Barcelona,,3-0,1.30,home
29-09-2021,Sparta Prague,Glasgow Rangers,,1-0,1.30,home
29-09-2021,Fenerbahce,Olympiacos Piraeus,,0-3,1.30,away
29-09-2021,Real Sociedad,Monaco,,1-1,2.25,draw
29-09-2021,LASK,Maccabi Tel Aviv,,1-1,2.05,draw
29-09-2021,CSKA Sofia,Bodo/Glimt,,0-0,3.30,draw
29-09-2021,Celtic,Bayer Leverkusen,,0-4,1.95,away
29-09-2021,Braga,Midtjylland,,3-1,2.05,home
29-09-2021,Ludogorets,Crvena zvezda,,0-1,1.30,away
29-09-2021,Feyenoord,Slavia Prague,,2-1,2.00,home
29-09-2021,Vitesse,Rennes,,1-2,2.15,away
29-09-2021,Omonia,Qarabag,,1-4,3.10,away
22-09-2021,Nantes,Brest,,3-1,1.30,home
22-09-2021,Montpellier,Bordeaux,,3-3,2.00,draw
22-09-2021,Videoton,Ferencvaros,,0-1,1.80,away
22-09-2021,Groningen,Vitesse,,0-1,2.75,away
22-09-2021,Cagliari,Empoli,,0-2,2.00,away
22-09-2021,Angers,Marseille,,0-0,2.15,draw
22-09-2021,Lorient,Nice,,1-0,2.25,home
22-09-2021,Zwolle,Sparta Rotterdam,,1-1,2.50,draw
22-09-2021,Sampdoria,Napoli,,0-4,1.85,away
22-09-2021,Anderlecht,Gent,,1-1,1.30,draw
22-09-2021,Cambuur,Heracles,,2-1,2.10,home
22-09-2021,Hammarby,Ifk Goteborg,,3-0,1.95,home
22-09-2021,Kalmar,AIK,,1-1,1.30,draw
22-09-2021,Granada,Real Sociedad,,2-3,1.25,away
22-09-2021,Osasuna,Betis,,1-3,1.35,away
15-09-2021,Inter,Real Madrid,,0-1,1.30,away
15-09-2021,Sporting,Ajax,,1-5,1.40,away
15-09-2021,Lokomotiv Moscow,Marseille,,1-1,2.05,draw
15-09-2021,Galatasaray,Lazio,,1-0,1.95,home
15-09-2021,Crvena zvezda,Braga,,2-1,1.35,home
15-09-2021,Rapid Vienna,Genk,,0-1,1.30,away
15-09-2021,HJK,Lask Linz,,0-2,2.55,away
15-09-2021,Rennes,Tottenham,,2-2,2.50,draw
15-09-2021,Slavia Prague,Union Berlin,,3-1,2.40,home
15-09-2021,Qarabag,Basel,,0-0,1.30,draw
15-09-2021,Leicester,Napoli,,2-2,3.00,draw
15-09-2021,PSV,Real Sociedad,,2-2,2.35,draw
15-09-2021,Glasgow Rangers,Lyon,,0-2,2.65,away
15-09-2021,Anorthosis,Partizan,,0-2,2.15,away
15-09-2021,Randers,AZ Alkmaar,,2-2,2.00,draw
08-09-2021,Greece,Sweden,,2-1,1.30,home
08-09-2021,North Macedonia,Romania,,0-0,1.35,draw
08-09-2021,Everton,Palestino,,1-0,3.10,home
08-09-2021,Sportivo Iteno,Deportivo Santani,,0-2,1.40,away
08-09-2021,Pohang Steelers,Daegu,,1-2,3.10,away
08-09-2021,Ulsan Hyundai,Jeonbuk,,0-0,1.30,draw
08-09-2021,Mioveni,C. Targoviste,,0-1,1.35,away
08-09-2021,Lisen,Dukla Prague,,3-0,2.40,home
08-09-2021,Pribram,Brno,,0-1,3.20,away
08-09-2021,Klubi 04,Rops,,0-1,2.25,away
08-09-2021,Gnistan,Eif,,0-3,2.20,away
08-09-2021,Jihlava,Opava,,0-2,2.20,away
08-09-2021,Fremad Amager,Nykobing,,3-1,2.20,home
08-09-2021,Floridsdorfer AC,Wacker Innsbruck,,1-3,2.25,away
08-09-2021,Esbjerg,Hobro,,2-1,1.90,home
01-09-2021,Russia,Croatia,,0-0,1.45,draw
01-09-2021,Luxembourg,Azerbaijan,,2-1,2.10,home
01-09-2021,Slovenia,Slovakia,,1-1,1.30,draw
01-09-2021,Malta,Cyprus,,3-0,2.00,home
01-09-2021,ADR Jicaral,Sporting San Jose,,1-3,1.30,away
01-09-2021,U. De Concepcion,Cobreloa,,0-0,2.20,draw
01-09-2021,San Marcos de Arica,Deportes Iquique,,4-2,2.30,home
01-09-2021,Georgia,Kosovo,,0-1,1.35,away
01-09-2021,Barnechea,Arturo Fernandez Vial,,0-3,3.10,away
01-09-2021,Iceland,Romania,,0-2,1.45,away
01-09-2021,Bolivia,Colombia,,1-1,2.05,draw
01-09-2021,Chile,Brazil,,0-1,1.95,away
01-09-2021,Peru,Uruguay,,1-1,2.90,draw
01-09-2021,Drogheda,Sligo Rovers,,0-0,2.45,draw
01-09-2021,UC Dublin,Bray,,4-3,2.30,home
25-08-2021,Shakhtar Donetsk,Monaco,,1-2,2.50,away
25-08-2021,Union La Calera,Colo Colo,,1-1,2.00,draw
25-08-2021,Ufa,FK Krylya Sovetov,,1-2,2.60,away
25-08-2021,HJK,Fenerbahce,,2-5,1.30,away
25-08-2021,La Serena,Audax,,0-2,1.40,away
25-08-2021,AZ Alkmaar,Celtic,,2-1,2.20,home
25-08-2021,CFR Cluj,Crvena zvezda,,1-2,1.30,away
25-08-2021,Legia,Slavia Prague,,2-1,2.05,home
25-08-2021,Ural,Rostov,,1-1,1.30,draw
25-08-2021,Dynamo Moscow,Lokomotiv Moscow,,1-1,2.20,draw
25-08-2021,Mallorca,Espanyol,,1-0,3.00,home
25-08-2021,Las Palmas,Huesca,,2-1,1.40,home
25-08-2021,Belenenses,Moreirense,,1-1,2.70,draw
25-08-2021,Kortrijk,KV Mechelen,,2-2,3.00,draw
25-08-2021,Estoril,Maritimo,,2-1,3.05,home
18-08-2021,Birmingham,Bournemouth,,0-2,1.45,away
18-08-2021,Nottingham,Blackburn,,1-2,2.25,away
18-08-2021,Middlesbrough,QPR,,2-3,2.30,away
18-08-2021,Celtic,AZ Alkmaar,,2-0,2.10,home
18-08-2021,Benfica,PSV,,2-1,2.10,home
18-08-2021,Guarani,Botafogo RJ,,1-1,2.90,draw
18-08-2021,Cincinnati,Montreal,,0-0,2.10,draw
18-08-2021,Philadelphia,New York City,,1-0,2.40,home
18-08-2021,Cruz Azul,Monterrey,,1-1,1.30,draw
18-08-2021,Dallas,Seattle,,0-1,3.00,away
18-08-2021,CRB,Operario,,0-0,1.90,draw
18-08-2021,G. Chivas,Leon,,0-3,1.50,away
18-08-2021,Metaloglobus,AFC Hermannstadt,,1-1,2.40,draw
18-08-2021,Omonia,Antwerp,,4-2,2.60,home
18-08-2021,Randers,Galatasaray,,1-1,2.10,draw
15-08-2021,Newcastle,West Ham,,2-4,2.20,away
15-08-2021,Nantes,Metz,,2-0,3.20,home
15-08-2021,Brest,Rennes,,1-1,2.35,draw
15-08-2021,Reims,Montpellier,,3-3,3.20,draw
15-08-2021,Portimonense,Gil Vicente,,0-1,3.05,away
15-08-2021,Koln,Hertha Berlin,,3-1,3.00,home
15-08-2021,Hammarby,Elfsborg,,0-2,2.15,away
15-08-2021,Viking,Molde,,3-2,2.10,home
15-08-2021,Lillestrom,Bodo/Glimt,,0-1,1.50,away
15-08-2021,Odd,Haugesund,,4-2,1.30,home
15-08-2021,Tromso,Valerenga,,1-1,1.30,draw
15-08-2021,Slovan Liberec,Viktoria Plzen,,0-1,2.25,away
15-08-2021,Brann,Sandefjord,,3-2,2.15,home
15-08-2021,Antalyaspor,Goztepe,,1-1,3.30,draw
15-08-2021,Atlas,Club America,,0-1,2.40,away
08-08-2021,Bordeaux,Clermont,,0-2,2.20,away
08-08-2021,Strasbourg,Angers,,0-2,2.00,away
08-08-2021,Nice,Reims,,0-0,1.80,draw
08-08-2021,St Etienne,Lorient,,1-1,1.35,draw
08-08-2021,Oud-Heverlee,Charleroi,,1-1,1.30,draw
08-08-2021,Basel,Servette,,5-1,1.90,home
08-08-2021,Tondela,Santa Clara,,3-0,1.35,home
08-08-2021,IFK Goteborg,Hammarby,,0-0,1.40,draw
08-08-2021,Sandefjord,Lillestrom,,1-1,3.30,draw
08-08-2021,Mjondalen,Tromso,,2-3,2.45,away
08-08-2021,Rubin Kazan,Akhmat Grozny,,2-1,1.30,home
08-08-2021,Dynamo Moscow,CSKA Moscow,,2-1,3.00,home
08-08-2021,Stabaek,Sarpsborg,,3-1,3.20,home
08-08-2021,Montpellier,Marseille,,2-3,2.30,away
08-08-2021,Pacos Ferreira,Famalicao,,2-0,1.30,home
01-08-2021,Falkenbergs,Norrby,,1-1,2.40,draw
01-08-2021,Motherwell,Hibernian,,2-3,2.10,away
01-08-2021,Kalmar,Mjallby,,1-0,2.00,home
01-08-2021,Cracovia,Slask Wroclaw,,1-2,1.55,away
01-08-2021,Odense,Copenhagen,,0-2,2.15,away
01-08-2021,Olsztyn SA,C. Glogow,,1-2,2.45,away
01-08-2021,Toluca,Tigres,,3-1,1.40,home
01-08-2021,Ujpest,Puskas,,1-2,2.05,away
01-08-2021,Jagiellonia,Rakow,,3-0,2.25,home
01-08-2021,U. De Chile,U. Catolica,,2-1,2.35,home
01-08-2021,Santos Laguna,Cruz Azul,,1-1,2.25,draw
01-08-2021,Ceara,Fortaleza,,3-1,1.40,home
01-08-2021,Toronto,Nashville SC,,1-1,2.35,draw
01-08-2021,Atletico GO,America MG,,1-1,2.40,draw
01-08-2021,Melipilla,Colo Colo,,2-4,1.80,away
24-07-2021,Rubin Kazan,Spartak Moscow,,1-0,2.25,home
24-07-2021,Pau,Nancy,,2-1,1.35,home
24-07-2021,Amiens,Auxerre,,1-2,2.80,away
24-07-2021,Caen,Rodez,,4-0,2.40,home
24-07-2021,Lausanne,St. Gallen,,1-2,2.15,away
24-07-2021,Oostende,Charleroi,,0-3,2.25,away
24-07-2021,Pachuca,Club Leon,,4-0,1.40,home
24-07-2021,Lugano,Zurich,,0-2,1.30,away
24-07-2021,Sion,Servette,,1-2,2.10,away
24-07-2021,Hacken,Elfsborg,,1-1,2.90,draw
24-07-2021,Honka,Lahti,,1-1,3.00,draw
24-07-2021,Krylya Sovetov,Akhmat Grozny,,1-2,2.50,away
24-07-2021,UNAM Pumas,Atlas,,0-0,2.90,draw
24-07-2021,Fortaleza,Bragantino,,1-0,2.50,home
24-07-2021,Sport Recife,Ceara,,0-0,2.50,draw
18-07-2021,Tromso,Rosenborg,,1-3,1.40,away
18-07-2021,Haugesund,Valerenga,,3-1,3.30,home
18-07-2021,Brann,Mjondalen,,1-1,1.90,draw
18-07-2021,Sport Huancayo,Melgar,,0-3,1.25,away
18-07-2021,Istra 1961,NK Dragovoljac,,3-1,1.65,home
18-07-2021,Aarhus,Brondby,,1-1,3.35,draw
18-07-2021,Minnesota United,Seattle,,1-0,1.95,home
18-07-2021,Stromsgodset,Stabaek,,2-1,1.70,home
18-07-2021,Sport Boys,Cienciano,,1-4,2.15,away
18-07-2021,Atletico GO,Palmeiras,,0-3,1.90,away
18-07-2021,Alianza Lima,Ayacucho,,4-1,2.90,home
18-07-2021,Bahia,Flamengo,,0-5,1.90,away
18-07-2021,Bragantino,Santos,,2-2,1.30,draw
18-07-2021,Internacional,Juventude,,1-0,1.85,home
18-07-2021,Leon,Cruz Azul,,1-2,2.10,away
10-07-2021,Mjondalen,Haugesund,,3-0,1.35,home
10-07-2021,Sandefjord,Sarpsborg,,2-0,1.35,home
10-07-2021,Brann,Tromso,,1-1,2.00,draw
10-07-2021,Blaublitz,Ichihara Chiba,,1-1,2.95,draw
10-07-2021,Tokushima V,Shimizu,,2-2,1.30,draw
10-07-2021,Machida Z,Mito H,,2-1,3.20,home
10-07-2021,Kusatsu G,Tokyo Verdy,,2-2,2.10,draw
10-07-2021,Zweigen Kanazawa,Fagiano Okayama,,0-0,2.50,draw
10-07-2021,Shonan,Tokyo,,0-1,2.25,away
10-07-2021,Mjallby,Norrkoping,,0-1,3.30,away
10-07-2021,Ostersunds,IFK Goteborg,,2-3,2.00,away
10-07-2021,FC KTP,Mariehamn,,1-3,2.25,away
10-07-2021,HIFK,Lahti,,0-1,3.10,away
10-07-2021,Kalmar,Hacken,,2-3,2.50,away
10-07-2021,Halmstad,Djurgarden,,0-0,1.90,draw
03-07-2021,Czech Republic,Denmark,,1-2,2.10,away
03-07-2021,Columbus Crew,New England Revolution,,2-2,1.60,draw
03-07-2021,DC United,Toronto FC,,7-1,1.85,home
03-07-2021,Montreal,Inter Miami,,1-0,1.30,home
03-07-2021,Chicago Fire,Atlanta Utd,,3-0,2.10,home
03-07-2021,Nashville SC,Philadelphia Union,,1-0,3.30,home
03-07-2021,Hachnohe,Fujieda,,1-0,2.85,home
03-07-2021,Consadole S,Tokushima V,,1-0,1.85,home
03-07-2021,Shimizu,Oita T,,1-0,1.90,home
03-07-2021,Ehime,Blaublitz,,1-3,3.05,away
03-07-2021,Hacken,AIK,,2-1,2.35,home
03-07-2021,Varbergs,Kalmar,,1-1,2.35,draw
03-07-2021,Sirius,Mjallby,,2-1,2.45,home
03-07-2021,Colorado,Seattle,,1-1,1.25,draw
03-07-2021,LA Galaxy,Kansas City,,0-2,2.45,away
27-06-2021,Kansas City,Los Angeles,,2-1,1.25,home
27-06-2021,Chicago Fire,Philadelphia,,3-3,1.25,draw
27-06-2021,Salt Lake,Houston,,1-1,2.05,draw
27-06-2021,San Jose,LA Galaxy,,1-3,2.05,away
27-06-2021,Portland Timbers,Minnesota United,,0-1,1.95,away
27-06-2021,Yokohama FC,Shimizu,,1-1,2.10,draw
27-06-2021,Urawa,Avispa Fukuoka,,2-0,2.05,home
27-06-2021,Shonan,Kashiwa,,2-4,3.10,away
27-06-2021,Isloch,Minsk,,1-1,1.25,draw
27-06-2021,El Gaish,National Bank,,0-2,2.85,away
27-06-2021,Smouha,Ismaily,,0-3,3.00,away
27-06-2021,Atlanta Utd,New York,,0-0,2.10,draw
27-06-2021,Venezuela,Peru,,0-1,2.90,away
27-06-2021,Austin FC,Columbus Crew,,0-0,2.50,draw
27-06-2021,Dallas,New England,,2-1,2.50,home
19-06-2021,Portugal,Germany,,2-4,1.35,away
19-06-2021,Din. Minsk,BATE,,0-2,1.30,away
19-06-2021,Cobh Ramblers,Treaty United,,0-2,3.20,away
19-06-2021,Sud America,River Plate,,1-2,1.85,away
19-06-2021,Trelleborgs,Falkenbergs,,2-1,2.10,home
19-06-2021,Switzerland,Turkey,,3-1,1.25,home
19-06-2021,Tromso,Lillestrom,,1-2,2.10,away
19-06-2021,Brann,Odd,,1-3,2.10,away
19-06-2021,Haugesund,Kristiansund,,3-0,2.20,home
19-06-2021,Valerenga,Bodo/Glimt,,1-1,2.50,draw
19-06-2021,Bahia,Corinthians,,0-0,2.30,draw
19-06-2021,Girona,Rayo Vallecano,,0-2,2.85,away
19-06-2021,Santos,Sao Paulo,,2-0,2.75,home
19-06-2021,Athletico-PR,Atletico GO,,2-1,2.10,home
19-06-2021,Fortaleza,Fluminense,,1-1,2.40,draw
13-06-2021,Austria,North Macedonia,,3-1,1.70,home
13-06-2021,Sarpsborg 08,Brann,,0-0,2.20,draw
13-06-2021,Lillestrom,Haugesund,,2-1,2.20,home
13-06-2021,Viking,Valerenga,,4-1,2.35,home
13-06-2021,Netherlands,Ukraine,,3-2,1.65,home
13-06-2021,Vallecano,Girona,,1-2,1.25,away
13-06-2021,Coritiba,Londrina,,1-1,1.95,draw
13-06-2021,Vitoria,Operario,,0-0,2.90,draw
13-06-2021,Bahia,Internacional,,0-1,2.50,away
13-06-2021,Bragantino,Fluminense,,2-2,2.20,draw
13-06-2021,Chapecoense,Ceara,,0-0,1.30,draw
13-06-2021,Colombia,Ecuador,,1-0,1.85,home
13-06-2021,Scotland,Czech Republic,,0-2,2.70,away
13-06-2021,Stabaek,Tromso,,0-3,1.35,away
13-06-2021,Argentina,Chile,,1-1,1.65,draw
04-06-2021,Spain,Portugal,,0-0,2.30,draw
04-06-2021,Korona Kielce,Widzew Lodz,,1-1,2.50,draw
04-06-2021,Renofa Y,Ehime,,2-2,2.25,draw
04-06-2021,Matsumoto Yamaga,Machida Z,,1-5,2.50,away
04-06-2021,Ventforet,Niigata Albirex,,2-2,3.00,draw
04-06-2021,Blaublitz,Ryukyu,,1-1,2.40,draw
04-06-2021,Fagiano Okayama,Tokyo Verdy,,0-1,1.30,away
04-06-2021,Arka Gdynia,Radomiak Radom,,0-2,1.30,away
04-06-2021,Brage,AFC Eskilstuna,,1-0,2.30,home
04-06-2021,Trelleborgs,Sundsvall,,1-0,3.00,home
04-06-2021,Osters IF,Norrby,,0-0,2.25,draw
04-06-2021,Resovia,C. Glogow,,1-0,2.30,home
04-06-2021,Belchatow,GKS Jastrzebie,,0-2,1.40,away
04-06-2021,Orgryte,Varnamo,,0-0,3.15,draw
04-06-2021,Notts County,Chesterfield,,3-2,2.15,home
29-05-2021,Cincinnati,New England,,0-1,1.95,away
29-05-2021,Manchester City,Chelsea,,0-1,1.90,away
29-05-2021,Columbus Crew,Toronto,,2-1,1.30,home
29-05-2021,Atlanta Utd,Nashville SC,,2-2,1.30,draw
29-05-2021,Bahia,Santos,,3-0,3.30,home
29-05-2021,Salt Lake,Minnesota United,,1-1,2.05,draw
29-05-2021,Tokyo,Hiroshima,,0-0,2.70,draw
29-05-2021,Vissel Kobe,Sagan Tosu,,1-1,1.30,draw
29-05-2021,Tokushima,Shonan,,1-1,3.10,draw
29-05-2021,Oita T,Avispa Fukuoka,,2-1,2.70,home
29-05-2021,Vegalta,Cerezo O,,1-1,2.10,draw
29-05-2021,Urawa,Nagoya,,0-0,2.90,draw
29-05-2021,Hammarby,Hacken,,0-0,2.75,draw
29-05-2021,Blackpool,Lincoln,,2-1,2.25,home
29-05-2021,Ceara,Gremio,,3-2,2.25,home
19-05-2021,Aalborg,Vejle,,2-1,1.90,home
19-05-2021,Nordsjaelland,Randers,,2-1,2.30,home
19-05-2021,Oostende,KV Mechelen,,2-2,1.25,draw
19-05-2021,Everton,Wolves,,1-0,1.85,home
19-05-2021,Lincoln,Sunderland,,2-0,2.95,home
19-05-2021,Puszcza Niepolomice,Miedz Legnica,,0-1,2.25,away
19-05-2021,Stabaek,Odd,,2-2,1.30,draw
19-05-2021,Copenhagen,Midtjylland,,4-2,2.35,home
19-05-2021,Atalanta,Juventus,,1-2,2.45,away
19-05-2021,Monaco,PSG,,0-2,1.80,away
19-05-2021,Cerro Porteno,Atletico-MG,,0-1,1.30,away
19-05-2021,Tachira,Always Ready,,7-2,2.90,home
19-05-2021,Horsens,Sonderjyske,,1-2,2.15,away
19-05-2021,Tranmere,Morecambe,,1-2,3.05,away
19-05-2021,Aarhus,Brondby,,1-2,2.30,away
12-05-2021,Huesca,Ath Bilbao,,1-0,2.90,home
12-05-2021,Celta Vigo,Getafe,,1-0,2.40,home
12-05-2021,Bologna,Genoa,,0-2,1.40,away
12-05-2021,Sampdoria,Spezia,,2-2,1.30,draw
12-05-2021,Torino,Milan,,0-7,1.85,away
12-05-2021,Aberdeen,Hibernian,,0-1,2.50,away
12-05-2021,ADO Den Haag,Willem II,,1-4,1.25,away
12-05-2021,RKC Waalwijk,Twente,,2-1,1.25,home
12-05-2021,Emmen,Heerenveen,,3-1,2.00,home
12-05-2021,Sonderjyske,Randers,,0-4,1.30,away
12-05-2021,Aston Villa,Everton,,0-0,2.60,draw
12-05-2021,Valladolid,Villarreal,,0-2,2.00,away
12-05-2021,Eibar,Betis,,1-1,1.30,draw
12-05-2021,Leipzig,Dortmund,,1-4,2.50,away
12-05-2021,Manchester Utd,Liverpool,,2-4,2.40,away
05-05-2021,Sparta Prague,Slavia Prague,,0-3,1.90,away
05-05-2021,Sepsi,Univ. Craiova,,2-0,1.30,home
05-05-2021,Tsarsko Selo,Levski Sofia,,0-2,2.10,away
05-05-2021,Stal Mielec,Rakow,,0-1,1.95,away
05-05-2021,Chelsea,Real Madrid,,2-0,1.30,home
05-05-2021,Racing Club,Sao Paulo,,0-0,2.30,draw
05-05-2021,Rentistas,Sporting Cristal,,0-0,2.45,draw
05-05-2021,U. Catolica,Nacional,,3-1,2.00,home
05-05-2021,Arges,Voluntari,,3-0,2.10,home
05-05-2021,Hertha Berlin,Freiburg,,3-0,2.00,home
05-05-2021,Roma,Manchester Utd,,3-2,1.25,home
05-05-2021,Arsenal,Villarreal,,0-0,1.90,draw
05-05-2021,CA Junior,Fluminense,,1-1,2.90,draw
05-05-2021,Atl. Nacional,Argentinos Jrs,,0-2,2.10,away
05-05-2021,La Guaira,America De Cali,,0-0,2.15,draw
28-04-2021,Orleans,Villefranche,,1-3,2.90,away
28-04-2021,Dunkerque,Amiens,,1-1,1.40,draw
28-04-2021,Jagiellonia,Rakow,,0-0,1.75,draw
28-04-2021,PSG,Manchester City,,1-2,2.20,away
28-04-2021,Wuhan Zall FC,Shanghai Shenhua,,1-3,1.60,away
28-04-2021,Sivasspor,Yeni Malatyaspor,,1-0,1.85,home
28-04-2021,E. Buyuksehir,Basaksehir,,1-2,3.25,away
28-04-2021,Univ. Craiova,FCSB,,2-0,2.35,home
28-04-2021,Alanyaspor,Fenerbahce,,0-0,2.20,draw
28-04-2021,Ankaragucu,Gaziantep,,0-1,2.20,away
28-04-2021,Villarreal,Arsenal,,2-1,1.30,home
28-04-2021,Wisla Plock,Lechia Gdansk,,1-3,1.40,away
28-04-2021,Southampton,Leicester,,1-1,2.15,draw
28-04-2021,Marseille,Strasbourg,,1-1,1.90,draw
28-04-2021,Celta Vigo,Levante,,2-0,1.85,home
21-04-2021,Lokomotiv Moscow,CSKA Moscow,,3-0,1.30,home
21-04-2021,Osasuna,Valencia,,3-1,3.10,home
21-04-2021,Betis,Ath Bilbao,,0-0,1.40,draw
21-04-2021,Stuttgart,Wolfsburg,,1-3,2.00,away
21-04-2021,Bremen,Mainz,,0-1,2.35,away
21-04-2021,Hoffenheim,B. Monchengladbach,,3-2,2.20,home
21-04-2021,Bologna,Torino,,1-1,2.50,draw
21-04-2021,Crotone,Sampdoria,,0-1,2.00,away
21-04-2021,Genoa,Benevento,,2-2,2.20,draw
21-04-2021,Udinese,Cagliari,,0-1,3.20,away
21-04-2021,Alaves,Villarreal,,2-1,1.90,home
21-04-2021,Elche,Valladolid,,1-1,1.40,draw
21-04-2021,Roma,Atalanta,,1-1,1.95,draw
21-04-2021,Napoli,Lazio,,5-2,2.00,home
21-04-2021,Granada,Eibar,,4-1,2.40,home
14-04-2021,Cracovia,Rakow,,1-2,1.30,away
14-04-2021,Kisvarda,Ujpest,,0-1,1.30,away
14-04-2021,Osnabruck,Regensburg,,0-1,2.45,away
14-04-2021,Kiel,Hannover,,Postp,2.15,postponed
14-04-2021,Concarneau,Red Star,,1-1,2.60,draw
14-04-2021,Academia Cantolao,Cienciano,,0-2,1.35,away
14-04-2021,Liverpool,Real Madrid,,0-0,2.00,draw
14-04-2021,Sport Huancayo,Alianza Lima,,0-0,2.90,draw
14-04-2021,Alianza Atl.,Ayacucho,,0-1,2.05,away
14-04-2021,MTK Budapest,Videoton,,1-2,2.25,away
14-04-2021,Rotherham,Coventry,,0-1,1.30,away
14-04-2021,Roma,Ajax,,1-1,1.25,draw
14-04-2021,Slavia Prague,Arsenal,,0-4,1.80,away
14-04-2021,Reading,Cardiff,,1-1,2.10,draw
14-04-2021,Everton,Tottenham,,2-2,2.20,draw
07-04-2021,PFK Sochi,Lokomotiv Moscow,,1-3,2.60,away
07-04-2021,Juventus,Napoli,,2-1,2.00,home
07-04-2021,Beerschot Wilrijk,Charleroi,,2-1,2.30,home
07-04-2021,Real Sociedad,Ath Bilbao,,1-1,2.20,draw
07-04-2021,FC Porto,Chelsea,,0-2,1.80,away
07-04-2021,Krylya Sovetov,Dynamo Moscow,,2-0,1.30,home
07-04-2021,Yeni Malatyaspor,Fenerbahce,,1-1,1.65,draw
07-04-2021,Arsenal Tula,CSKA Moscow,,1-2,1.70,away
07-04-2021,Ajax,Roma,,1-2,2.00,away
07-04-2021,Dinamo Zagreb,Villarreal,,0-1,2.10,away
07-04-2021,Bielefeld,Freiburg,,1-0,2.30,home
07-04-2021,Eupen,Standard Liege,,0-4,1.30,away
07-04-2021,Fulham,Wolves,,0-1,1.55,away
07-04-2021,Huesca,Elche,,3-1,2.05,home
07-04-2021,Metz,Lille,,0-2,1.80,away
24-03-2021,Cyprus,Slovakia,,0-0,1.85,draw
24-03-2021,Finland,Bosnia & Herzegovina,,2-2,1.40,draw
24-03-2021,Latvia,Montenegro,,1-2,1.80,away
24-03-2021,America De Cali,Ind. Medellin,,1-2,1.55,away
24-03-2021,Tolima,Junior,,0-1,2.40,away
24-03-2021,Russia U21,Iceland U21,,4-1,1.55,home
24-03-2021,Scotland,Austria,,2-2,2.20,draw
24-03-2021,Moldova,Faroe Islands,,1-1,1.35,draw
24-03-2021,Hungary,Poland,,3-3,2.05,draw
24-03-2021,Portugal U21,Croatia U21,,1-0,1.80,home
24-03-2021,Bucaramanga,Dep. Cali,,1-0,1.25,home
24-03-2021,Rionegro Aguilas,Millonarios,,0-0,3.00,draw
24-03-2021,Oxford Utd,Lincoln,,2-1,2.20,home
24-03-2021,Vegalta,Shimizu,,0-1,2.40,away
24-03-2021,Urawa,Kashiwa,,0-1,2.45,away
17-03-2021,CSKA Moscow,Zenit,,2-3,1.30,away
17-03-2021,Meppen,Uerdingen,,0-4,2.65,away
17-03-2021,Nottingham,Norwich,,0-2,1.95,away
17-03-2021,QPR,Millwall,,3-2,2.35,home
17-03-2021,Sheffield Wed,Huddersfield,,1-1,3.00,draw
17-03-2021,Birmingham,Reading,,2-1,2.20,home
17-03-2021,Chelsea,Atl. Madrid,,2-0,1.30,home
17-03-2021,Ufa,Lokomotiv Moscow,,0-1,2.00,away
17-03-2021,Vilafranquense,Penafiel,,0-0,3.00,draw
17-03-2021,Krasnodar,Dynamo Moscow,,2-3,2.20,away
17-03-2021,Shakhtar,Roma,,1-2,2.85,away
17-03-2021,Molde,Granada,,2-1,2.30,home
17-03-2021,Glasgow Rangers,Slavia Prague,,0-2,2.20,away
17-03-2021,Young Boys,Ajax,,0-2,2.15,away
17-03-2021,Milan,Manchester Utd,,0-1,1.30,away
10-03-2021,Domzale,Mura,,1-1,1.25,draw
10-03-2021,Bielefeld,Bremen,,0-2,2.30,away
10-03-2021,Al-Ittihad Jeddah,Al-Shabab,,2-1,1.45,home
10-03-2021,Marseille,Rennes,,1-0,1.45,home
10-03-2021,Liverpool,Leipzig,,2-0,2.80,home
10-03-2021,PSG,Barcelona,,1-1,2.55,draw
10-03-2021,Covilha,Penafiel,,0-2,2.80,away
10-03-2021,Slavia Prague,Glasgow Rangers,,1-1,2.40,draw
10-03-2021,Dyn. Kyiv,Villarreal,,0-2,1.95,away
10-03-2021,Olympiacos,Arsenal,,1-3,1.95,away
10-03-2021,Khimki,Rostov,,1-0,3.10,home
10-03-2021,Gaz Metan Medias,Univ. Craiova,,0-2,1.85,away
10-03-2021,Augsburg,B. Monchengladbach,,3-1,1.90,home
10-03-2021,Newcastle,Aston Villa,,1-1,3.50,draw
10-03-2021,Levante,Valencia,,1-0,2.15,home
03-03-2021,Sassuolo,Napoli,,3-3,2.05,draw
03-03-2021,Sheffield Utd,Aston Villa,,1-0,2.05,home
03-03-2021,St Etienne,Lens,,2-3,1.50,away
03-03-2021,QPR,Barnsley,,1-3,1.30,away
03-03-2021,Leipzig,Wolfsburg,,2-0,1.90,home
03-03-2021,Fiorentina,AS Roma,,1-2,2.05,away
03-03-2021,Genoa,Sampdoria,,1-1,2.90,draw
03-03-2021,Cagliari,Bologna,,1-0,1.40,home
03-03-2021,Benevento,Hellas Verona,,0-3,2.30,away
03-03-2021,Sheffield Wed,Rotherham,,1-2,2.30,away
03-03-2021,Nantes,Reims,,1-2,2.45,away
03-03-2021,Stoke,Swansea,,1-2,2.50,away
03-03-2021,Fulham,Tottenham,,0-1,2.00,away
03-03-2021,Levante,Ath Bilbao,,1-1,2.20,draw
03-03-2021,Liverpool,Chelsea,,0-1,2.25,away
23-02-2021,Leeds,Southampton,,3-0,2.30,home
23-02-2021,Oliveirense,Vilafranquense,,2-2,2.80,draw
23-02-2021,Shrewsbury,MK Dons,,4-2,3.10,home
23-02-2021,Oxford Utd,Portsmouth,,0-1,3.25,away
23-02-2021,Crewe,Accrington,,2-0,2.30,home
23-02-2021,Rotherham,Nottingham,,0-1,1.40,away
23-02-2021,Luton,Millwall,,1-1,1.40,draw
23-02-2021,Atl. Madrid,Chelsea,,0-1,1.40,away
23-02-2021,Jong PSV,Helmond,,2-2,2.40,draw
23-02-2021,APOEL,Omonia,,1-1,2.60,draw
23-02-2021,Groningen,Feyenoord,,0-0,2.05,draw
23-02-2021,Nimes,Lorient,,1-0,2.80,home
23-02-2021,Bournemouth,Cardiff,,1-2,2.15,away
23-02-2021,Blackburn,Watford,,2-3,2.40,away
23-02-2021,Atalanta,Real Madrid,,0-1,2.30,away
17-02-2021,FC Porto,Juventus,,2-1,2.00,home
17-02-2021,Sevilla,Dortmund,,2-3,2.30,away
17-02-2021,Dynamo Kyiv,Club Brugge,,1-1,1.30,draw
17-02-2021,Real Sociedad,Manchester Utd,,0-4,2.10,away
17-02-2021,Slavia Prague,Leicester,,0-0,2.05,draw
17-02-2021,Braga,Roma,,0-2,2.05,away
17-02-2021,Krasnodar,Dinamo Zagreb,,2-3,2.20,away
17-02-2021,Young Boys Bern,Leverkusen,,4-3,2.05,home
17-02-2021,Olympiacos,PSV,,4-2,1.30,home
17-02-2021,Benfica,Arsenal,,1-1,2.35,draw
17-02-2021,Antwerp,Glasgow Rangers,,3-4,2.00,away
17-02-2021,RB Salzburg,Villarreal,,0-2,1.40,away
17-02-2021,Granada,Napoli,,2-0,2.15,home
17-02-2021,Maccabi Tel Aviv,Shakhtar,,0-2,1.80,away
17-02-2021,Lille,Ajax,,1-2,3.40,away
10-02-2021,Nimes,Nice,,1-3,2.20,away
10-02-2021,Servette,St. Gallen,,2-2,1.40,draw
10-02-2021,Admira,Altach,,3-1,2.50,home
10-02-2021,NEC Nijmegen,Venlo,,Postp,2.30,postponed
10-02-2021,Kilmarnock,Motherwell,,0-1,1.30,away
10-02-2021,Reading,Brentford,,1-3,2.10,away
10-02-2021,Leicester,Brighton,,1-0,1.85,home
10-02-2021,Atalanta,Napoli,,3-1,1.80,home
10-02-2021,Everton,Tottenham,,4-4,2.60,draw
10-02-2021,Braga,FC Porto,,1-1,2.30,draw
10-02-2021,Fortaleza,Vasco,,3-0,1.30,home
10-02-2021,Beerschot Wilrijk,KV Mechelen,,0-1,1.30,away
10-02-2021,Wolves,Southampton,,0-2,2.30,away
10-02-2021,Sochaux,St Etienne,,1-0,2.10,home
10-02-2021,Angers,Rennes,,2-1,2.40,home
03-02-2021,Strasbourg,Brest,,2-2,1.30,draw
03-02-2021,Reims,Angers,,0-0,2.60,draw
03-02-2021,Bordeaux,Lille,,0-3,2.10,away
03-02-2021,Metz,Montpellier,,1-1,2.70,draw
03-02-2021,Aalborg,Copenhagen,,2-3,2.05,away
03-02-2021,Leeds,Everton,,1-2,1.45,away
03-02-2021,Stuttgart,Borussia Monchengladbach,,1-2,2.40,away
03-02-2021,Regensburg,Koln,,2-2,2.00,draw
03-02-2021,St Etienne,Nantes,,1-1,2.10,draw
03-02-2021,Lens,Marseille,,2-2,1.30,draw
03-02-2021,Aston Villa,West Ham,,1-3,3.40,away
03-02-2021,Tigres,Ulsan Hyundai,,2-1,1.60,home
03-02-2021,Al Duhail,Al Ahly,,0-1,2.25,away
03-02-2021,Nordsjaelland,Brondby,,0-1,3.00,away
03-02-2021,Tottenham,Chelsea,,0-1,2.10,away
26-01-2021,Newcastle,Leeds,,1-2,1.95,away
26-01-2021,Crystal Palace,West Ham,,2-3,1.35,away
26-01-2021,Bristol City,Huddersfield,,2-1,1.35,home
26-01-2021,Millwall,Watford,,0-0,1.30,draw
26-01-2021,Ipswich,Sunderland,,0-1,2.15,away
26-01-2021,Southampton,Arsenal,,1-3,2.20,away
26-01-2021,Ethnicos Achnas,Nea Salamis,,Postp,3.10,postponed
26-01-2021,Swansea,Brentford,,1-1,3.10,draw
26-01-2021,Barnsley,Cardiff,,2-2,3.00,draw
26-01-2021,Brighton,Fulham,,0-0,2.05,draw
26-01-2021,Heerenveen,Feyenoord,,3-0,1.80,home
26-01-2021,Everton,Leicester,,1-1,2.60,draw
26-01-2021,Covilha,Mafra,,Postp,1.35,postponed
26-01-2021,Sparta Rotterdam,Twente,,0-0,2.30,draw
26-01-2021,Tottenham,Liverpool,,1-3,1.30,away
20-01-2021,Schalke 04,Koln,,1-2,1.50,away
20-01-2021,Leeds,Southampton,,Postp,2.30,postponed
20-01-2021,Getafe,Huesca,,1-0,1.95,home
20-01-2021,Nottingham Forest,Middlesbrough,,1-2,3.00,away
20-01-2021,Huddersfield,Millwall,,0-1,2.40,away
20-01-2021,Cardiff,QPR,,0-1,1.30,away
20-01-2021,Freiburg,Eintracht Frankfurt,,2-2,2.45,draw
20-01-2021,Bielefeld,Stuttgart,,3-0,1.80,home
20-01-2021,Birmingham,Preston,,0-1,1.45,away
20-01-2021,Juventus,Napoli,,2-0,1.30,home
20-01-2021,Betis,Celta Vigo,,2-1,2.10,home
20-01-2021,Marseille,Lens,,0-1,2.00,away
20-01-2021,Valencia,Osasuna,,1-1,2.05,draw
20-01-2021,Rapid Vienna,Sturm Graz,,4-1,1.25,home
20-01-2021,Levante,Valladolid,,2-2,2.10,draw
09-01-2021,Leipzig,Dortmund,,1-3,2.30,away
09-01-2021,Kortrijk,Genk,,2-1,2.15,home
09-01-2021,Cercle Brugge,Eupen,,1-2,1.30,away
09-01-2021,Bordeaux,Lorient,,2-1,2.00,home
09-01-2021,Dijon,Marseille,,0-0,1.90,draw
09-01-2021,Metz,Nice,,1-1,3.20,draw
09-01-2021,Montpellier,Nantes,,1-1,2.00,draw
09-01-2021,Lens,Strasbourg,,0-1,1.30,away
09-01-2021,Reims,St Etienne,,3-1,1.40,home
09-01-2021,Rennes,Lyon,,2-2,2.15,draw
09-01-2021,KV Mechelen,Antwerp,,3-0,2.35,home
09-01-2021,Venlo,Willem II,,2-1,2.20,home
09-01-2021,Augsburg,Stuttgart,,1-4,2.15,away
09-01-2021,Beerschot Wilrijk,Gent,,1-1,2.20,draw
09-01-2021,Bielefeld,Hertha Berlin,,1-0,1.90,home
02-01-2021,Hoffenheim,Freiburg,,1-3,2.00,away
02-01-2021,FC Koln,Augsburg,,0-1,1.35,away
02-01-2021,Eintracht Frankfurt,Bayer Leverkusen,,2-1,2.10,home
02-01-2021,Werder Bremen,Union Berlin,,0-2,2.45,away
02-01-2021,Crystal Palace,Sheffield Utd,,2-0,2.00,home
02-01-2021,Betis,Sevilla,,1-1,2.00,draw
02-01-2021,Brighton,Wolves,,3-3,1.45,draw
02-01-2021,Getafe,Valladolid,,0-1,2.00,away
02-01-2021,Burnley,Fulham,,Postp,2.20,postponed
02-01-2021,Parma,Torino,,0-3,1.40,away
02-01-2021,Fiorentina,Bologna,,0-0,2.10,draw
02-01-2021,Spezia,Verona,,0-1,2.30,away
02-01-2021,Chelsea,Manchester City,,1-3,2.20,away
02-01-2021,Eibar,Granada CF,,2-0,2.45,home
02-01-2021,Valencia,Cadiz CF,,1-1,2.00,draw
23-12-2020,Getafe,Celta Vigo,,1-1,1.45,draw
23-12-2020,Ujpest,Zalaegerszegi,,3-2,2.35,home
23-12-2020,Bordeaux,Reims,,1-3,2.20,away
23-12-2020,Nice,Lorient,,2-2,1.90,draw
23-12-2020,Nimes,Dijon,,1-3,2.50,away
23-12-2020,Lens,Brest,,2-1,2.00,home
23-12-2020,Ado Den Haag,Zwolle,,0-2,1.80,away
23-12-2020,Hannover,Werder Bremen,,0-3,2.20,away
23-12-2020,Stuttgart,Freiburg,,1-0,1.90,home
23-12-2020,Wiesbaden,Regensburg,,0-0,2.25,draw
23-12-2020,Everton,Manchester Utd,,0-2,2.10,away
23-12-2020,Montpellier,Lille,,2-3,3.30,away
23-12-2020,Angers,Marseille,,2-1,2.40,home
23-12-2020,Porto,Benfica,,2-0,1.30,home
23-12-2020,Alaves,Eibar,,2-1,1.45,home
16-12-2020,Arsenal,Southampton,,1-1,2.25,draw
16-12-2020,Leicester,Everton,,0-2,2.10,away
16-12-2020,Angers,Strasbourg,,0-2,3.30,away
16-12-2020,Nimes,Nice,,0-2,2.05,away
16-12-2020,Reims,Nantes,,3-2,3.20,home
16-12-2020,Bielefeld,Augsburg,,0-1,1.35,away
16-12-2020,Fiorentina,Sassuolo,,1-1,1.40,draw
16-12-2020,Hellas Verona,Sampdoria,,1-2,2.15,away
16-12-2020,Inter,Napoli,,1-0,2.20,home
16-12-2020,Parma,Cagliari,,0-0,3.40,draw
16-12-2020,Fulham,Brighton,,0-0,1.30,draw
16-12-2020,West Ham,Crystal Palace,,1-1,2.10,draw
16-12-2020,Reading,Norwich,,1-2,2.30,away
16-12-2020,Bordeaux,St Etienne,,1-2,2.40,away
16-12-2020,Rennes,Marseille,,2-1,3.20,home
09-12-2020,Midtjylland,Liverpool,,1-1,1.30,draw
09-12-2020,Ajax,Atalanta,,0-1,2.25,away
09-12-2020,Preston,Middlesbrough,,3-0,1.35,home
09-12-2020,Bristol City,Blackburn,,1-0,3.40,home
09-12-2020,Reading,Birmingham,,1-2,2.10,away
09-12-2020,Salzburg,Atl. Madrid,,0-2,2.20,away
09-12-2020,Rapid Vienna,Molde,,2-2,2.10,draw
09-12-2020,H. Beer Sheva,Nice,,1-0,2.10,home
09-12-2020,Napoli,Real Sociedad,,1-1,2.05,draw
09-12-2020,PAOK,Granada CF,,0-0,2.40,draw
09-12-2020,Wolfsberger AC,Feyenoord,,1-0,2.30,home
09-12-2020,Maccabi Tel Aviv,Sivasspor,,1-0,2.10,home
09-12-2020,D. Zagreb,CSKA Moscow,,3-1,2.15,home
09-12-2020,Ludogorets,LASK,,1-3,1.25,away
09-12-2020,Slavan Liberec,Crvena zvezda,,0-0,2.35,draw
02-12-2020,Krasnodar,Rennes,,1-0,1.30,home
02-12-2020,Shrewsbury,Accrington,,2-2,2.40,draw
02-12-2020,Charlton,MK Dons,,0-1,2.20,away
02-12-2020,Middlesbrough,Swansea,,2-1,2.50,home
02-12-2020,Nottingham,Watford,,0-0,2.40,draw
02-12-2020,Sheffield Wed,Reading,,1-1,3.05,draw
02-12-2020,Blackburn,Millwall,,2-1,1.25,home
02-12-2020,Manchester Utd,Paris SG,,1-3,1.40,away
02-12-2020,Sevilla,Chelsea,,0-4,2.50,away
02-12-2020,Club Brugge KV,Zenit,,3-0,2.10,home
02-12-2020,AEK Athens FC,Braga,,2-4,2.05,away
02-12-2020,Qarabag,Maccabi Tel Aviv,,1-1,3.50,draw
02-12-2020,Feyenoord,D. Zagreb,,0-2,2.10,away
02-12-2020,FK Crvena zvezda,Hoffenheim,,0-0,2.80,draw
02-12-2020,Granada CF,PSV,,0-1,2.80,away
25-11-2020,Inter,Real Madrid,,0-2,2.10,away
25-11-2020,Marseille,FC Porto,,0-2,2.50,away
25-11-2020,Sparta Prague,Celtic,,4-1,1.30,home
25-11-2020,Qarabag,Sivasspor,,2-3,3.30,away
25-11-2020,Wolfsberger AC,D. Zagreb,,0-3,2.35,away
25-11-2020,Gent,FK Crvena zvezda,,0-2,2.15,away
25-11-2020,CSKA Moscow,Feyenoord,,0-0,2.00,draw
25-11-2020,Lille,AC Milan,,1-1,1.30,draw
25-11-2020,Maccabi Tel Aviv,Villarreal,,1-1,1.85,draw
25-11-2020,Braga,Leicester,,3-3,2.10,draw
25-11-2020,Nice,Slavia Prague,,1-3,2.70,away
25-11-2020,Glasgow Rangers,Benfica,,2-2,1.30,draw
25-11-2020,St. Liege,Lech Poznan,,2-1,2.60,home
25-11-2020,AZ Alkmaar,Real Sociedad,,0-0,1.90,draw
25-11-2020,CFR Cluj,AS Roma,,0-2,1.80,away
14-11-2020,Shrewsbury,Swindon,,3-3,3.30,draw
14-11-2020,Oxford Utd,Doncaster,,Postp,3.50,postponed
14-11-2020,Northampton,Accrington,,0-1,3.20,away
14-11-2020,Cyprus,Luxembourg,,2-1,1.30,home
14-11-2020,Azerbaijan,Montenegro,,0-0,2.20,draw
14-11-2020,Portugal,France,,0-1,1.35,away
14-11-2020,Sweden,Croatia,,2-1,3.20,home
14-11-2020,Switzerland,Spain,,1-1,1.90,draw
14-11-2020,Slovakia,Scotland,,1-0,2.65,home
14-11-2020,Bulgaria,Finland,,1-2,2.15,away
14-11-2020,Turkey,Russia,,3-2,2.50,home
14-11-2020,Wales,Ireland,,1-0,2.10,home
14-11-2020,Belgium,England,,2-0,1.30,home
14-11-2020,Romania,Norway,,Postp,2.10,postponed
14-11-2020,Hungary,Serbia,,1-1,1.40,draw
04-11-2020,Genoa,Torino,,1-2,2.40,away
04-11-2020,Zenit,Lazio,,1-1,2.50,draw
04-11-2020,Reading,Preston,,0-3,2.50,away
04-11-2020,Watford,Stoke,,3-2,1.35,home
04-11-2020,Derby,QPR,,0-1,1.35,away
04-11-2020,Rotherham,Luton,,0-1,3.10,away
04-11-2020,Leipzig,Paris SG,,2-1,2.20,home
04-11-2020,Slavia Prague,Nice,,3-2,2.35,home
04-11-2020,Lech Poznan,St. Liege,,3-1,2.25,home
04-11-2020,PAOK,PSV,,4-1,2.05,home
04-11-2020,Sivasspor,Qarabag,,2-0,2.20,home
04-11-2020,Zorya Luhansk,AEK Athens,,1-4,2.50,away
04-11-2020,Feyenoord,CSKA Moscow,,3-1,1.45,home
04-11-2020,Crvena zvezda,Gent,,2-1,1.65,home
04-11-2020,Antwerp,LASK,,0-1,2.30,away
28-10-2020,Derby,Cardiff,,1-1,2.90,draw
28-10-2020,Rotherham,Sheffield Wed,,3-0,2.35,home
28-10-2020,Preston,Millwall,,0-2,1.30,away
28-10-2020,Birmingham,Huddersfield,,2-1,1.50,home
28-10-2020,Ferencvaros,Dyn. Kyiv,,2-2,2.20,draw
28-10-2020,Juventus,Barcelona,,0-2,1.45,away
28-10-2020,Club Brugge KV,Lazio,,1-1,2.35,draw
28-10-2020,FK Zorya Luhansk,Braga,,1-2,1.75,away
28-10-2020,Lille,Celtic,,2-2,1.70,draw
28-10-2020,LASK,Ludogorets,,4-3,1.70,home
28-10-2020,Gent,Hoffenheim,,1-4,2.00,away
28-10-2020,CFR Cluj,Young Boys,,1-1,2.40,draw
28-10-2020,Slavia Prague,Bayer Leverkusen,,1-0,1.95,home
28-10-2020,Real Sociedad,Napoli,,0-1,2.70,away
28-10-2020,Molde,Rapid Vienna,,1-0,2.90,home
21-10-2020,QPR,Preston,,0-2,2.50,away
21-10-2020,Watford,Blackburn,,3-1,1.30,home
21-10-2020,Sheffield Wed,Brentford,,1-2,2.15,away
21-10-2020,Cardiff,Bournemouth,,1-1,2.35,draw
21-10-2020,Olympiacos,Marseille,,1-0,1.35,home
21-10-2020,CSKA Sofia,CFR Cluj,,0-2,3.10,away
21-10-2020,Standard Liege,Glasgow Rangers,,0-2,2.40,away
21-10-2020,PSV,Granada,,1-2,2.30,away
21-10-2020,Braga,AEK Athens,,3-0,1.75,home
21-10-2020,Celtic,Milan,,1-3,1.85,away
21-10-2020,Sparta Prague,Lille,,1-4,1.95,away
21-10-2020,Ludogorets,Antwerp,,1-2,1.30,away
21-10-2020,Wolfsberger,CSKA Moscow,,1-1,2.05,draw
21-10-2020,Dinamo Zagreb,Feyenoord,,0-0,2.30,draw
21-10-2020,Slovan Liberec,Gent,,1-0,2.10,home
17-10-2020,Inter,AC Milan,,1-2,2.20,away
17-10-2020,Mjondalen,Brann,,2-0,2.20,home
17-10-2020,Molde,Bodo/Glimt,,4-2,1.25,home
17-10-2020,Sporting,FC Porto,,2-2,2.10,draw
17-10-2020,Henan Jianye,Wuhan Zall,,1-0,3.25,home
17-10-2020,Eibar,Osasuna,,0-0,3.00,draw
17-10-2020,Crystal Palace,Brighton,,1-1,3.20,draw
17-10-2020,FC Koln,Eintracht Frankfurt,,1-1,2.15,draw
17-10-2020,Sonderjyske,Brondby,,2-0,2.30,home
17-10-2020,Groningen,Utrecht,,0-0,2.30,draw
17-10-2020,St Etienne,Nice,,1-3,3.30,away
17-10-2020,Schalke,Union Berlin,,1-1,1.30,draw
17-10-2020,Kristiansund,Rosenborg,,0-0,1.25,draw
17-10-2020,Genk,Charleroi,,2-1,3.30,home
17-10-2020,Huesca,Valladolid,,2-2,2.25,draw
11-10-2020,England,Belgium,,2-1,1.30,home
11-10-2020,Croatia,Sweden,,2-1,1.85,home
11-10-2020,Norway,Romania,,4-0,2.00,home
11-10-2020,Armenia,Georgia,,2-2,1.40,draw
11-10-2020,Lithuania,Belarus,,2-2,2.20,draw
11-10-2020,Finland,Bulgaria,,2-0,1.80,home
11-10-2020,Iceland,Denmark,,0-3,1.75,away
11-10-2020,Poland,Italy,,0-0,2.00,draw
11-10-2020,France,Portugal,,0-0,1.25,draw
11-10-2020,Northern Ireland,Austria,,0-1,1.85,away
11-10-2020,Serbia,Hungary,,0-1,1.80,away
11-10-2020,Russia,Turkey,,1-1,2.15,draw
11-10-2020,Israel,Czech Republic,,1-2,2.10,away
11-10-2020,Scotland,Slovakia,,1-0,2.05,home
11-10-2020,Kosovo,Slovenia,,0-1,3.10,away
04-10-2020,Lazio,Inter,,1-1,2.20,draw
04-10-2020,Benevento,Bologna,,1-0,2.20,home
04-10-2020,Parma,Verona,,1-0,2.60,home
04-10-2020,Metz,Lorient,,3-1,2.25,home
04-10-2020,Brest,Monaco,,1-0,2.20,home
04-10-2020,Sochi,FK Rostov,,4-2,1.45,home
04-10-2020,Rubin Kazan,Akhmat Grozny,,1-1,2.00,draw
04-10-2020,Stoke,Birmingham,,1-1,2.20,draw
04-10-2020,Gaz Metan Medias,FC Hermannstadt,,1-1,3.00,draw
04-10-2020,Manchester Utd,Tottenham,,1-6,1.30,away
04-10-2020,Start,Haugesund,,5-1,2.75,home
04-10-2020,Brann,Molde,,1-2,2.80,away
04-10-2020,Dynamo Moscow,Krasnodar,,2-0,1.50,home
04-10-2020,Rosenborg,Odd,,4-1,2.05,home
04-10-2020,Juventus,Napoli,,Postp,2.00,postponed
26-09-2020,Freiburg,Wolfsburg,,1-1,2.30,draw
26-09-2020,Haugesund,Odd,,4-4,2.60,draw
26-09-2020,Mjondalen,Viking,,1-2,2.10,away
26-09-2020,Kristiansund,Brann,,1-1,2.00,draw
26-09-2020,Osasuna,Levante,,1-3,2.25,away
26-09-2020,Valladolid,Celta Vigo,,1-1,2.75,draw
26-09-2020,Alaves,Getafe,,0-0,1.30,draw
26-09-2020,Elche,Real Sociedad,,0-3,2.00,away
26-09-2020,Eibar,Ath Bilbao,,1-2,1.40,away
26-09-2020,West Ham,Wolves,,4-0,2.05,home
26-09-2020,AS Roma,Juventus,,2-2,2.00,draw
26-09-2020,Reggiana,Pisa,,2-2,1.40,draw
26-09-2020,Fulham,Aston Villa,,0-3,2.90,away
26-09-2020,Kalmar,Varbergs,,1-1,2.15,draw
26-09-2020,Bologna,Parma,,4-1,1.95,home
16-09-2020,Omonia,FK Crvena zvezda,,1-1,2.20,draw
16-09-2020,Ferencvaros,D. Zagreb,,2-1,2.20,home
16-09-2020,Qarabag,Molde,,0-0,1.30,draw
16-09-2020,Midtjylland,Young Boys,,3-0,2.75,home
16-09-2020,Estudiantes Merida,Alianza Lima,,3-2,2.95,home
16-09-2020,Bolivar,Palmeiras,,1-2,2.25,away
16-09-2020,U. Catolica,Gremio,,2-0,2.30,home
16-09-2020,San Jose Earthquakes,Portland Timbers,,1-1,1.25,draw
16-09-2020,Ljungskile,Norrby,,1-1,2.65,draw
16-09-2020,Hammarby,Lech Poznan,,0-3,2.40,away
16-09-2020,Falkenbergs,Varbergs,,2-0,1.30,home
16-09-2020,Piast Gliwice,Hartberg,,3-2,2.15,home
16-09-2020,Dun. Streda,Jablonec,,3-3,2.20,draw
16-09-2020,Marseille,St Etienne,,0-2,2.00,away
16-09-2020,TSC Backa Topola,FCSB,,4-4,1.95,draw
12-09-2020,West Ham,Newcastle,,0-2,2.15,away
12-09-2020,Crystal Palace,Southampton,,1-0,1.40,home
12-09-2020,QPR,Nottingham,,2-0,2.40,home
12-09-2020,Millwall,Stoke,,0-0,1.40,draw
12-09-2020,Huddersfield,Norwich,,0-1,2.20,away
12-09-2020,Bristol City,Coventry,,2-1,1.30,home
12-09-2020,Preston,Swansea,,0-1,3.20,away
12-09-2020,West Brom,Leicester,,0-3,1.95,away
12-09-2020,Angers,Reims,,1-0,2.35,home
12-09-2020,Nimes,Rennes,,2-4,2.30,away
12-09-2020,Dijon,Brest,,0-2,2.45,away
12-09-2020,Lorient,Lens,,2-3,2.15,away
12-09-2020,Valladolid,Real Sociedad,,1-1,2.60,draw
12-09-2020,Tottenham,Everton,,0-1,1.85,away
12-09-2020,Valencia,Levante,,4-2,2.05,home
03-09-2020,Germany,Spain,,1-1,1.30,draw
03-09-2020,Ukraine,Switzerland,,2-1,1.35,home
03-09-2020,Russia,Serbia,,3-1,2.50,home
03-09-2020,Bulgaria,Ireland,,1-1,1.35,draw
03-09-2020,Finland,Wales,,0-1,2.35,away
03-09-2020,Slovenia,Greece,,0-0,3.05,draw
03-09-2020,Queretaro,Toluca,,4-1,2.20,home
03-09-2020,Lithuania,Kazakhstan,,0-2,2.15,away
03-09-2020,Waterford,St. Patricks,,3-0,2.10,home
03-09-2020,Norway,Austria,,1-2,3.20,away
03-09-2020,Romania,Northern Ireland,,1-1,2.25,draw
03-09-2020,Scotland,Israel,,1-1,1.80,draw
03-09-2020,Slovakia,Czech Republic,,1-3,2.35,away
03-09-2020,Belarus,Albania,,0-2,3.00,away
03-09-2020,Derry City,Dundalk,,Postp,2.05,postponed
26-08-2020,Haka,Lahti,,2-2,1.30,draw
26-08-2020,TPS,HIFK,,1-0,2.30,home
26-08-2020,Rubin Kazan,Ufa,,3-0,2.00,home
26-08-2020,KR Reykjavik,Valur,,4-5,2.35,away
26-08-2020,Ludogorets,Midtjylland,,0-1,2.40,away
26-08-2020,Krasnodar,CSKA Moscow,,1-1,3.25,draw
26-08-2020,Dynamo Moscow,Zenit,,1-0,1.75,home
26-08-2020,CFR Cluj,D. Zagreb,,2-2,2.25,draw
26-08-2020,Orlando City,Nashville SC,,3-1,1.85,home
26-08-2020,Inter Miami,Atlanta Utd,,Postp,2.55,postponed
26-08-2020,Corinthians,Fortaleza,,1-1,1.85,draw
26-08-2020,Real Salt Lake,Los Angeles FC,,Postp,1.85,postponed
26-08-2020,San Jose Earthquakes,Portland Timbers,,Postp,2.05,postponed
26-08-2020,Los Angeles Galaxy,Seattle Sounders,,Postp,1.45,postponed
26-08-2020,Qingdao Huanghai,Hebei,,1-2,1.30,away
21-08-2020,Bordeaux,Nantes,,0-0,1.35,draw
21-08-2020,Bohemians 1905,Mlada Boleslav,,4-0,2.25,home
21-08-2020,Zlin,Slovacko,,1-2,3.10,away
21-08-2020,Sigma Olomouc,Liberec,,1-0,3.10,home
21-08-2020,Pribram,Teplice,,1-3,2.60,away
21-08-2020,Aalesund,Haugesund,,1-3,2.15,away
21-08-2020,Stromsgodset,Viking,,0-2,2.50,away
21-08-2020,Antwerp,Gent,,1-0,3.30,home
21-08-2020,Lille,Rennes,,1-1,2.25,draw
21-08-2020,Monaco,Reims,,2-2,1.90,draw
21-08-2020,Nimes,Brest,,4-0,2.25,home
21-08-2020,Montpellier,Lyon,,Postp,2.25,postponed
21-08-2020,Dijon,Angers,,0-1,1.45,away
21-08-2020,Lorient,Strasbourg,,3-1,2.60,home
21-08-2020,Nice,Lens,,2-1,2.00,home
12-08-2020,Kaizer Chiefs,Bidvest Wits,,1-1,2.05,draw
12-08-2020,Sered,Senica,,4-0,2.90,home
12-08-2020,Trelleborgs,Vasteras SK,,1-0,3.15,home
12-08-2020,Motherwell,Livingston,,2-2,2.10,draw
12-08-2020,Ross County,Kilmarnock,,2-2,3.15,draw
12-08-2020,Atalanta,Paris SG,,1-2,1.95,away
12-08-2020,Juarez,Guadalajara Chivas,,0-2,1.45,away
12-08-2020,Club Tijuana,Atl. San Luis,,0-2,1.25,away
12-08-2020,Umea FC,Orgryte,,2-2,2.70,draw
12-08-2020,Kalmar,Goteborg,,1-1,1.55,draw
12-08-2020,RB Leipzig,Atl. Madrid,,2-1,2.40,home
12-08-2020,Atlas,Toluca,,1-2,2.35,away
12-08-2020,Club America,Santos Laguna,,3-1,2.05,home
12-08-2020,Chippa Utd.,Cape Town City,,0-1,3.10,away
12-08-2020,Mouscron,KV Mechelen,,0-1,3.30,away
06-08-2020,TPS,Honka,,0-2,1.25,away
06-08-2020,Sevilla,AS Roma,,2-0,1.35,home
06-08-2020,AIK,Elfsborg,,1-2,3.25,away
06-08-2020,Hacken,Norrkoping,,2-1,2.35,home
06-08-2020,Kalmar,Orebro,,0-3,2.00,away
06-08-2020,Mjallby,Sirius,,1-1,3.35,draw
06-08-2020,Torpedo Kutaisi,Telavi,,1-1,2.45,draw
06-08-2020,Wolves,Olympiacos Piraeus,,1-0,1.70,home
06-08-2020,Basel,Eintracht Frankfurt,,1-0,2.30,home
06-08-2020,Orlando City,Minnesota United,,3-1,2.45,home
06-08-2020,Wuhan Zall,Shijiazhuang,,2-1,2.15,home
06-08-2020,Seoul,Gangwon,,2-0,2.25,home
06-08-2020,Hebei,Chongqing Lifan,,2-2,2.20,draw
06-08-2020,Zenit,Lokomotiv Moscow,,2-1,1.85,home
06-08-2020,Shimizu,Sapporo,,3-1,1.25,home
29-07-2020,Aalesund,Start,,3-2,2.30,home
29-07-2020,Mjondalen,Odd,,0-2,2.50,away
29-07-2020,Sarpsborg 08,Haugesund,,0-0,1.30,draw
29-07-2020,Stromsgodset,Brann,,3-1,3.40,home
29-07-2020,Vasteras SK,Halmstad,,2-3,2.20,away
29-07-2020,Dalkurd,Orgryte,,0-0,2.25,draw
29-07-2020,GAIS,Ljungskile,,1-1,3.10,draw
29-07-2020,Jonkopings,Sundsvall,,3-3,1.30,draw
29-07-2020,Sassuolo,Genoa,,5-0,2.95,home
29-07-2020,Astra,U Craiova,,Postp,1.60,postponed
29-07-2020,Trabzonspor,Alanyaspor,,2-0,1.30,home
29-07-2020,Adelaide United,Perth Glory,,5-3,3.00,home
29-07-2020,Brage,Akropolis,,1-1,3.15,draw
29-07-2020,Trelleborgs,Umea FC,,1-1,2.10,draw
29-07-2020,Rosenborg,Viking,,3-0,1.70,home
22-07-2020,FK Rostov,Zenit,,1-2,2.05,away
22-07-2020,Rubin Kazan,Spartak Moscow,,1-2,3.15,away
22-07-2020,Hacken,AIK,,4-0,2.15,home
22-07-2020,Liverpool,Chelsea,,5-3,1.30,home
22-07-2020,Sampdoria,Genoa,,1-2,1.40,away
22-07-2020,Torino,Hellas Verona,,1-1,2.35,draw
22-07-2020,Lecce,Brescia,,3-1,1.80,home
22-07-2020,Helsingborg,Orebro,,1-1,3.25,draw
22-07-2020,Mjallby,Elfsborg,,0-5,2.65,away
22-07-2020,Kalmar,Sirius,,1-1,2.40,draw
22-07-2020,San Luis,Juarez,,Postp,2.10,postponed
22-07-2020,Wuhan Zall,Qingdao Huanghai,,2-0,2.05,home
22-07-2020,Dalian Pro,Shandong Luneng,,2-3,2.15,away
22-07-2020,Shenzhen,Guangzhou R&F,,3-0,1.25,home
22-07-2020,Hebei China Fortune,Shijiazhuang,,2-2,2.35,draw
15-07-2020,Moreirense,Pacos Ferreira,,1-1,1.45,draw
15-07-2020,Sandefjord,Aalesund,,1-0,2.55,home
15-07-2020,Nottingham,Swansea,,2-2,3.20,draw
15-07-2020,Burnley,Wolves,,1-1,1.90,draw
15-07-2020,Sampdoria,Cagliari,,3-0,1.95,home
15-07-2020,Jagiellonia,Slask Wroclaw,,2-1,1.50,home
15-07-2020,Cracovia,Lech Poznan,,1-2,2.40,away
15-07-2020,Odd,Brann,,1-0,2.50,home
15-07-2020,Bristol City,Stoke,,1-1,2.80,draw
15-07-2020,Arsenal,Liverpool,,2-1,1.90,home
15-07-2020,Stabaek,Sarpsborg 08,,1-1,3.15,draw
15-07-2020,Varbergs,Mjallby,,1-0,3.15,home
15-07-2020,Kalmar,Hammarby,,1-2,2.20,away
15-07-2020,Southampton,Brighton,,1-1,3.35,draw
15-07-2020,Manchester Utd,Chelsea,,1-3,1.30,away
08-07-2020,Birmingham,Swansea,,1-3,1.40,away
08-07-2020,Sheffield Utd,Wolves,,1-0,1.25,home
08-07-2020,Getafe,Villarreal,,1-3,1.35,away
08-07-2020,Alanyaspor,Galatasaray,,4-1,2.25,home
08-07-2020,Boavista,Maritimo,,0-1,3.05,away
08-07-2020,Sheffield Wed,Preston,,1-3,3.15,away
08-07-2020,Bologna,Sassuolo,,1-2,2.25,away
08-07-2020,Aves,Vitoria Setubal,,1-0,1.90,home
08-07-2020,Elfsborg,Goteborg,,0-0,3.30,draw
08-07-2020,Poli Iasi,Sepsi Sf. Gheorghe,,0-3,3.10,away
08-07-2020,Spal,Udinese,,0-3,2.20,away
08-07-2020,Mallorca,Levante,,2-0,2.05,home
08-07-2020,Eibar,Leganes,,0-0,2.45,draw
08-07-2020,Gaziantep,Konyaspor,,3-1,2.65,home
08-07-2020,Ath Bilbao,Sevilla,,1-2,2.55,away
01-07-2020,Birmingham,Huddersfield,,0-3,1.40,away
01-07-2020,Bournemouth,Newcastle,,1-4,1.35,away
01-07-2020,Everton,Leicester,,2-1,1.40,home
01-07-2020,Bologna,Cagliari,,1-1,2.05,draw
01-07-2020,Valencia,Ath Bilbao,,0-2,2.50,away
01-07-2020,Alaves,Granada CF,,0-2,2.30,away
01-07-2020,Sheffield Wed,West Brom,,0-3,1.95,away
01-07-2020,Nottingham,Bristol City,,1-0,2.00,home
01-07-2020,Lecce,Sampdoria,,1-2,2.15,away
01-07-2020,Valladolid,Levante,,0-0,3.25,draw
01-07-2020,Betis,Villarreal,,0-2,2.45,away
01-07-2020,Hull,Middlesbrough,,2-1,2.15,home
01-07-2020,Sheffield Utd,Tottenham,,3-1,2.00,home
01-07-2020,Eibar,Osasuna,,0-2,2.10,away
01-07-2020,Manchester City,Liverpool,,4-0,2.40,home
24-06-2020,Newcastle,Aston Villa,,1-1,1.35,draw
24-06-2020,Norwich,Everton,,0-1,1.95,away
24-06-2020,Slavia Prague,Plzen,,1-0,1.95,home
24-06-2020,Atalanta,Lazio,,3-2,2.15,home
24-06-2020,Burnley,Watford,,1-0,2.45,home
24-06-2020,Southampton,Arsenal,,0-2,1.30,away
24-06-2020,Brentford,West Brom,,1-0,1.40,home
24-06-2020,Preston,Cardiff,,1-3,2.35,away
24-06-2020,Derby,Reading,,2-1,2.10,home
24-06-2020,Barnsley,Millwall,,0-0,2.60,draw
24-06-2020,Wigan,Blackburn,,2-0,2.60,home
24-06-2020,Brescia,Genoa,,2-2,2.40,draw
24-06-2020,Cagliari,Torino,,4-2,3.30,home
24-06-2020,Sheffield Utd,Arsenal,,1-2,3.25,away
24-06-2020,Leicester,Chelsea,,0-1,2.50,away
17-06-2020,Aston Villa,Sheffield United,,0-0,2.25,draw
17-06-2020,Eibar,Athletic Bilbao,,2-2,2.40,draw
17-06-2020,Valladolid,Celta Vigo,,0-0,2.95,draw
17-06-2020,Sparta Prague,Viktoria Plzen,,2-1,2.95,home
17-06-2020,Augsburg,Hoffenheim,,1-3,2.40,away
17-06-2020,Norwich,Southampton,,0-3,2.20,away
17-06-2020,Tottenham,Manchester Utd,,1-1,2.40,draw
17-06-2020,Watford,Leicester,,1-1,2.15,draw
17-06-2020,Brighton,Arsenal,,2-1,2.15,home
17-06-2020,CSKA Moscow,Zenit,,0-4,2.20,away
17-06-2020,West Ham,Wolves,,0-2,2.15,away
17-06-2020,Torino,Parma,,1-1,2.20,draw
17-06-2020,Molde,Rosenborg,,1-0,1.25,home
17-06-2020,Bournemouth,Crystal Palace,,0-2,1.35,away
17-06-2020,Hellas Verona,Cagliari,,2-1,1.30,home
05-06-2020,Gornik Zabrze,Lechia Gdansk,,2-2,1.25,draw
05-06-2020,Freiburg,B. Monchengladbach,,1-0,1.80,home
05-06-2020,Aves,Belenenses,,0-2,1.35,away
05-06-2020,Sepsi,FC Hermannstadt,,Postp,2.25,postponed
05-06-2020,Dusseldorf,Hoffenheim,,2-2,2.75,draw
05-06-2020,Zaglebie Lubin,Lech Poznan,,3-3,2.75,draw
05-06-2020,Slaven Belupo,Gorica,,0-0,3.10,draw
05-06-2020,Pogon Szczecin,Cracovia,,1-0,2.55,home
05-06-2020,Boavista,Moreirense,,0-1,1.50,away
05-06-2020,Arka Gdynia,Slask Wroclaw,,2-1,3.15,home
05-06-2020,Werder Bremen,Wolfsburg,,0-1,2.10,away
05-06-2020,Union Berlin,Schalke,,1-1,2.45,draw
05-06-2020,Wisla Krakow,Legia,,1-3,1.65,away
05-06-2020,Augsburg,FC Koln,,1-1,3.50,draw
05-06-2020,Lok. Zagreb,Osijek,,0-1,2.45,away
27-05-2020,Opava,Karvina,,0-0,1.30,draw
27-05-2020,Bohemians 1905,Teplice,,4-0,1.25,home
27-05-2020,Ceske Budejovice,Liberec,,0-1,2.55,away
27-05-2020,Ujpest,Ferencvaros,,0-1,1.95,away
27-05-2020,Sparta Prague,Viktoria Plzen,,1-2,2.60,away
27-05-2020,Stal Mielec,Lech Poznan,,1-3,2.05,away
27-05-2020,Augsburg,Paderborn,,0-0,1.95,draw
27-05-2020,Union Berlin,Mainz,,1-1,3.20,draw
27-05-2020,Hoffenheim,FC Koln,,3-1,2.35,home
27-05-2020,Dusseldorf,Schalke 04,,2-1,2.65,home
27-05-2020,Aarhus,Randers FC,,1-1,1.30,draw
27-05-2020,Stuttgart,Hamburger SV,,3-2,2.15,home
27-05-2020,Slask Wroclaw,Rakow,,1-1,2.15,draw
27-05-2020,Pogon Szczecin,Zaglebie,,0-3,2.10,away
27-05-2020,Freiburg,Bayer Leverkusen,,0-1,1.75,away
12-03-2020,Sevilla,AS Roma,,Postp,2.05,postponed
12-03-2020,LASK,Manchester Utd,,0-5,2.15,away
12-03-2020,Glasgow Rangers,Bayer Leverkusen,,1-3,2.20,away
12-03-2020,Wolfsburg,Shakhtar Donetsk,,1-2,2.10,away
12-03-2020,Olympiacos Piraeus,Wolves,,1-1,2.35,draw
12-03-2020,Akhmat Grozny,Dynamo Moscow,,2-3,1.45,away
12-03-2020,Fulham,Brentford,,Postp,1.45,postponed
12-03-2020,Motherwell,Aberdeen,,Postp,3.20,postponed
12-03-2020,Watford,Leicester,,Postp,2.35,postponed
12-03-2020,Spal,Cagliari,,Postp,3.30,postponed
12-03-2020,Bournemouth,Crystal Palace,,Postp,2.35,postponed
12-03-2020,Brighton,Arsenal,,Postp,1.30,postponed
12-03-2020,Norwich,Southampton,,Postp,2.70,postponed
12-03-2020,Newcastle,Sheffield Utd,,Postp,3.10,postponed
12-03-2020,Montpellier,Marseille,,Postp,2.80,postponed
05-03-2020,Napoli,Inter,,Postp,1.30,postponed
05-03-2020,St Etienne,Rennes,,2-1,1.45,home
05-03-2020,Granada CF,Ath Bilbao,,2-1,1.40,home
05-03-2020,Paderborn,FC Koln,,1-2,2.10,away
05-03-2020,Fortuna Sittard,Zwolle,,1-1,2.75,draw
05-03-2020,Nottingham,Millwall,,0-3,2.10,away
05-03-2020,Alaves,Valencia,,1-1,2.90,draw
05-03-2020,Orenburg,Arsenal Tula,,2-0,2.50,home
05-03-2020,Bristol City,Fulham,,1-1,2.05,draw
05-03-2020,Torino,Udinese,,Postp,2.30,postponed
05-03-2020,Freiburg,Union Berlin,,3-1,2.35,home
05-03-2020,Crystal Palace,Watford,,1-0,3.20,home
05-03-2020,Barnsley,Cardiff,,0-2,2.40,away
05-03-2020,Birmingham,Reading,,1-3,2.15,away
05-03-2020,Charlton,Middlesbrough,,0-1,2.40,away
28-02-2020,Blackburn,Stoke,,0-0,1.35,draw
28-02-2020,Millwall,Birmingham,,0-0,3.10,draw
28-02-2020,Hull,Barnsley,,0-1,1.30,away
28-02-2020,Real Madrid,Manchester City,,1-2,2.40,away
28-02-2020,Reading,Wigan,,0-3,1.30,away
28-02-2020,Basaksehir,Sporting,,3-1,3.20,home
28-02-2020,Malmo FF,Wolfsburg,,0-3,2.35,away
28-02-2020,Espanyol,Wolves,,3-2,2.65,home
28-02-2020,Gent,AS Roma,,1-1,2.20,draw
28-02-2020,FC Porto,Bayer Leverkusen,,1-3,2.10,away
28-02-2020,Krylya Sovetov,Orenburg,,1-1,3.00,draw
28-02-2020,Alanyaspor,Besiktas,,1-2,2.85,away
28-02-2020,Willem II,Groningen,,3-1,3.10,home
28-02-2020,Dusseldorf,Hertha Berlin,,3-3,2.75,draw
28-02-2020,Nimes,Marseille,,2-3,2.15,away
21-02-2020,Getafe,Ajax,,2-0,1.30,home
21-02-2020,Eintracht Frankfurt,Salzburg,,4-1,2.05,home
21-02-2020,FC Copenhagen,Celtic,,1-1,2.30,draw
21-02-2020,Club Brugge KV,Manchester Utd,,1-1,3.25,draw
21-02-2020,Shakhtar Donetsk,Benfica,,2-1,2.40,home
21-02-2020,APOEL,Basel,,0-3,1.40,away
21-02-2020,Bayer Leverkusen,FC Porto,,2-1,1.95,home
21-02-2020,Olympiacos Piraeus,Arsenal,,0-1,3.45,away
21-02-2020,Glasgow Rangers,Braga,,3-2,1.30,home
21-02-2020,W. Sydney,Adelaide United,,5-2,2.35,home
21-02-2020,Shonan,Urawa,,2-3,2.25,away
21-02-2020,LKS Lodz,Pogon Szczecin,,0-0,3.20,draw
21-02-2020,RKC Waalwijk,Sparta Rotterdam,,0-1,2.40,away
21-02-2020,Kortrijk,Genk,,0-1,2.25,away
21-02-2020,Derby,Fulham,,1-1,3.30,draw
14-02-2020,Inter,Napoli,,0-1,2.00,away
14-02-2020,Luton,Sheffield Wed,,1-0,2.10,home
14-02-2020,Millwall,Fulham,,1-1,1.35,draw
14-02-2020,Bristol City,Derby,,3-2,2.20,home
14-02-2020,Huddersfield,Cardiff,,0-3,1.35,away
14-02-2020,St Johnstone,Motherwell,,2-1,3.15,home
14-02-2020,Stoke,Preston,,0-2,2.10,away
14-02-2020,Reading,West Brom,,1-2,2.10,away
14-02-2020,Lyon,Marseille,,1-0,3.45,home
14-02-2020,C. Budejovice,Mlada Boleslav,,3-0,2.35,home
14-02-2020,Basaksehir,Besiktas,,1-0,1.30,home
14-02-2020,Gornik Z.,Arka Gdynia,,2-0,1.80,home
14-02-2020,Hull,Swansea,,4-4,2.25,draw
14-02-2020,Wolves,Leicester,,0-0,3.25,draw
14-02-2020,Valencia,Atl. Madrid,,2-2,3.05,draw
08-02-2020,Reims,Nice,,1-1,1.70,draw
08-02-2020,Brest,Bordeaux,,1-1,3.20,draw
08-02-2020,Toulouse,Strasbourg,,0-1,1.30,away
08-02-2020,Hearts,Kilmarnock,,2-3,1.95,away
08-02-2020,St Etienne,Marseille,,0-2,1.40,away
08-02-2020,Arka Gdynia,Cracovia,,0-1,3.15,away
08-02-2020,Slask Wroclaw,Lechia Gdansk,,2-2,2.05,draw
08-02-2020,Bristol City,Birmingham,,1-3,2.10,away
08-02-2020,Alaves,Eibar,,2-1,3.10,home
08-02-2020,Levante,Leganes,,2-0,3.20,home
08-02-2020,Wigan,Preston,,1-2,2.70,away
08-02-2020,Barnsley,Sheffield Wed,,1-1,2.85,draw
08-02-2020,Freiburg,Hoffenheim,,1-0,2.60,home
08-02-2020,Getafe,Valencia,,3-0,2.05,home
08-02-2020,Luton,Cardiff,,0-1,2.25,away
31-01-2020,Hertha Berlin,Schalke,,0-0,3.30,draw
31-01-2020,Rennes,Nantes,,3-2,2.05,home
31-01-2020,Cardiff,Reading,,1-1,1.30,draw
31-01-2020,Derby,Stoke,,4-0,2.65,home
31-01-2020,Newcastle Jets,Western United,,0-0,2.20,draw
31-01-2020,Adelaide United,Melbourne City,,3-1,2.50,home
31-01-2020,Antalyaspor,Konyaspor,,0-0,3.10,draw
31-01-2020,Granada CF,Espanyol,,2-1,2.85,home
31-01-2020,Leicester,Chelsea,,2-2,3.55,draw
31-01-2020,Hull,Brentford,,1-5,2.15,away
31-01-2020,Augsburg,Werder Bremen,,2-1,2.10,home
31-01-2020,West Ham,Brighton,,3-3,1.45,draw
31-01-2020,Watford,Everton,,2-3,1.50,away
31-01-2020,Crystal Palace,Sheffield Utd,,0-1,3.05,away
31-01-2020,Newcastle,Norwich,,0-0,2.20,draw
25-01-2020,Nice,Rennes,,1-1,1.40,draw
25-01-2020,QPR,Sheffield Wed,,1-2,2.65,away
25-01-2020,Gimnasia L.P.,Velez Sarsfield,,0-0,3.00,draw
25-01-2020,Santa Fe,Argentinos Jrs,,1-0,1.30,home
25-01-2020,Puebla,Queretaro,,0-1,3.25,away
25-01-2020,Central Coast Mariners,Brisbane Roar,,0-1,1.30,away
25-01-2020,Espanyol,Ath Bilbao,,1-1,2.50,draw
25-01-2020,Coventry,Birmingham,,0-0,2.35,draw
25-01-2020,Southampton,Tottenham,,1-1,2.45,draw
25-01-2020,Reading,Cardiff,,1-1,2.30,draw
25-01-2020,Portsmouth,Barnsley,,4-2,2.30,home
25-01-2020,Millwall,Sheffield Utd,,0-2,3.15,away
25-01-2020,Motherwell,Hibernian,,0-0,2.30,draw
25-01-2020,Waasland-Beveren,Eupen,,0-1,2.45,away
25-01-2020,Alaves,Villarreal,,1-2,2.60,away
18-01-2020,Ankaragucu,Konyaspor,,0-1,3.15,away
18-01-2020,Schalke,B. Monchengladbach,,2-0,1.30,home
18-01-2020,KV Mechelen,St. Liege,,2-3,2.25,away
18-01-2020,Leganes,Getafe,,0-3,2.85,away
18-01-2020,Watford,Tottenham,,0-0,2.25,draw
18-01-2020,Hoffenheim,Eintracht Frankfurt,,1-2,2.35,away
18-01-2020,Mainz,Freiburg,,1-2,2.20,away
18-01-2020,Dusseldorf,Werder Bremen,,0-1,2.50,away
18-01-2020,FC Koln,Wolfsburg,,3-1,3.30,home
18-01-2020,Southampton,Wolves,,2-3,2.45,away
18-01-2020,Norwich,Bournemouth,,1-0,2.20,home
18-01-2020,West Ham,Everton,,1-1,1.30,draw
18-01-2020,Birmingham,Cardiff,,1-1,2.40,draw
18-01-2020,Millwall,Reading,,2-0,2.10,home
18-01-2020,Derby,Hull,,1-0,1.30,home
04-01-2020,Watford,Wolves,,2-1,3.35,home
04-01-2020,Bristol City,Brentford,,0-4,1.95,away
04-01-2020,Birmingham,Wigan,,2-3,2.00,away
04-01-2020,Huddersfield,Stoke,,2-5,3.05,away
04-01-2020,Nottingham,Blackburn,,3-2,3.35,home
04-01-2020,West Ham,Bournemouth,,4-0,1.95,home
04-01-2020,Norwich,Crystal Palace,,1-1,1.50,draw
04-01-2020,Arsenal,Manchester Utd,,2-0,1.30,home
04-01-2020,Valladolid,Leganes,,2-2,1.35,draw
04-01-2020,Birmingham,Blackburn,,2-1,2.25,home
04-01-2020,Rotherham,Hull,,2-3,2.50,away
04-01-2020,Fulham,Aston Villa,,2-1,2.25,home
04-01-2020,Preston,Norwich,,2-4,2.45,away
04-01-2020,Wolves,Manchester Utd,,0-0,3.35,draw
04-01-2020,Fleetwood,Portsmouth,,1-2,2.25,away
26-12-2019,Waasland-Beveren,St. Truiden,,1-0,1.25,home
26-12-2019,Mouscron,KV Mechelen,,1-2,3.35,away
26-12-2019,Livorno,Pescara,,0-2,2.20,away
26-12-2019,Chievo,Benevento,,1-2,3.00,away
26-12-2019,Trapani,Perugia,,2-2,2.90,draw
26-12-2019,Salernitana,Pordenone,,4-0,3.05,home
26-12-2019,Venezia,Cittadella,,1-2,2.95,away
26-12-2019,Crystal Palace,West Ham,,2-1,2.25,home
26-12-2019,Cardiff,Millwall,,1-1,1.35,draw
26-12-2019,Charlton,Bristol City,,3-2,2.25,home
26-12-2019,Stoke,Sheffield Wed,,3-2,2.80,home
26-12-2019,Wigan,Derby,,1-1,1.35,draw
26-12-2019,Middlesbrough,Huddersfield,,1-0,2.40,home
26-12-2019,St. Liege,Gent,,0-1,2.25,away
26-12-2019,Reading,QPR,,1-0,2.30,home
20-12-2019,St. Gilloise,Kortrijk,,0-1,2.40,away
20-12-2019,Wolfsburg,Schalke,,1-1,2.35,draw
20-12-2019,Brescia,Sassuolo,,0-2,1.30,away
20-12-2019,Everton,Leicester,,2-2,2.35,draw
20-12-2019,Nimes,St Etienne,,1-2,2.25,away
20-12-2019,Amiens,Rennes,,3-2,1.35,home
20-12-2019,Nantes,Strasbourg,,0-1,2.10,away
20-12-2019,Brest,Bordeaux,,2-0,1.40,home
20-12-2019,LKS Lodz,Wisla,,2-4,2.10,away
20-12-2019,FC Botosani,Din. Bucuresti,,1-0,1.85,home
20-12-2019,Gaz Metan Medias,Viitorul Constanta,,1-0,3.10,home
20-12-2019,Waalwijk,Twente,,3-0,2.45,home
20-12-2019,Fiorentina,AS Roma,,1-4,2.40,away
20-12-2019,Middlesbrough,Stoke,,2-1,3.20,home
20-12-2019,Eibar,Granada CF,,3-0,2.10,home
13-12-2019,Barnsley,Reading,,1-1,2.60,draw
13-12-2019,Derby,Sheffield Wed,,1-1,2.35,draw
13-12-2019,Swansea,Blackburn,,1-1,2.10,draw
13-12-2019,Birmingham,QPR,,0-2,2.30,away
13-12-2019,Bayer Leverkusen,Juventus,,0-2,2.00,away
13-12-2019,Club Brugge KV,Real Madrid,,1-3,3.05,away
13-12-2019,Golden Arrows,Bidvest Wits,,0-1,1.45,away
13-12-2019,CFR Cluj,Celtic,,2-0,1.25,home
13-12-2019,St. Liege,Arsenal,,2-2,2.05,draw
13-12-2019,FC Copenhagen,Malmo FF,,0-1,1.30,away
13-12-2019,Slovan Bratislava,Braga,,2-4,2.95,away
13-12-2019,Brisbane Roar,Western United,,0-2,2.50,away
13-12-2019,Arka Gdynia,Zaglebie,,2-1,3.20,home
13-12-2019,Wisla,Pogon Szczecin,,1-0,2.00,home
13-12-2019,Alaves,Leganes,,1-1,3.00,draw
07-12-2019,Metz,Rennes,,0-1,1.40,away
07-12-2019,St Etienne,Nice,,4-1,2.35,home
07-12-2019,Dijon,Montpellier,,2-2,3.10,draw
07-12-2019,Amiens,Reims,,2-95,2.95,away
07-12-2019,Manchester Utd,Tottenham,,2-1,1.30,home
07-12-2019,Tychy,LKS Lodz,,2-0,1.50,home
07-12-2019,Udinese,Bologna,,4-0,2.60,home
07-12-2019,Gil Vicente,Sporting,,0-2,1.90,away
07-12-2019,Viitorul Constanta,Astra,,0-1,1.85,away
07-12-2019,Arsenal Tula,Lokomotiv Moscow,,4-0,2.20,home
07-12-2019,Korona Kielce,Arka Gdynia,,0-1,2.05,away
07-12-2019,Gornik Z.,Wisla,,4-2,1.90,home
07-12-2019,Millwall,Nottingham,,2-2,3.15,draw
07-12-2019,Villarreal,Atl. Madrid,,0-0,2.40,draw
07-12-2019,Krasnodar,CSKA Moscow,,1-1,2.30,draw
28-11-2019,#1 – Bloem Celtic,Cape Town City,,0-0,2.75,draw
28-11-2019,#2 – Maritzburg Utd,Supersport Utd,,0-2,2.80,away
28-11-2019,#3 – Baroka,Golden Arrows,,0-1,2.80,away
28-11-2019,#4 – Stellenbosch,Kaizer Chiefs,,0-4,1.30,away
28-11-2019,#5 – Zenit,Lyon,,2-0,2.35,home
28-11-2019,#6 – Valencia,Chelsea,,2-2,2.15,draw
28-11-2019,#7 – Slavia Prague,Inter,,1-3,2.25,away
28-11-2019,#8 – Young Boys,FC Porto,,1-2,2.65,away
28-11-2019,#9 – Braga,Wolves,,3-3,2.95,draw
28-11-2019,#10 – Ferencvaros,Espanyol,,2-2,2.85,draw
28-11-2019,#11 – Feyenoord,Glasgow Rangers,,2-2,2.45,draw
28-11-2019,#12 – St Etienne,Gent,,0-0,1.40,draw
28-11-2019,#13 – Guimaraes,St. Liege,,1-1,2.95,draw
28-11-2019,#14 – Lugano,FC Copenhagen,,0-1,3.05,away
28-11-2019,#15 – Malmo FF,Dyn. Kyiv,,4-3,1.45,home
08-11-2019,Lugano,Malmo FF,,0-0,3.10,draw
08-11-2019,FC Copenhagen,Dyn. Kyiv,,1-1,1.35,draw
08-11-2019,Basel,Getafe,,2-1,3.30,home
08-11-2019,LASK Linz,PSV,,4-1,2.70,home
08-11-2019,Rosenborg,Sporting,,0-2,2.35,away
08-11-2019,St. Liege,Eintracht Frankfurt,,2-1,2.00,home
08-11-2019,B. Monchengladbach,AS Roma,,2-1,2.05,home
08-11-2019,Rangers,FC Porto,,2-0,2.50,home
08-11-2019,Feyenoord,Young Boys,,1-1,2.20,draw
08-11-2019,Ferencvaros,CSKA Moscow,,0-0,1.30,draw
08-11-2019,Akhmat Grozny,Ural,,0-0,1.30,draw
08-11-2019,Brann,Odd,,1-0,1.30,home
08-11-2019,FC Koln,Hoffenheim,,1-2,1.30,away
08-11-2019,Nice,Bordeaux,,1-1,3.10,draw
08-11-2019,Norwich,Watford,,0-2,1.30,away
31-10-2019,Kaiserslautern,Nurnberg,,2-2,2.05,draw
31-10-2019,Wolfsburg,RB Leipzig,,1-6,2.10,away
31-10-2019,Bloem Celtic,Supersport Utd,,1-1,2.75,draw
31-10-2019,Valencia,Sevilla,,1-1,1.45,draw
31-10-2019,Aston Villa,Wolves,,2-1,1.35,home
31-10-2019,Cagliari,Bologna,,3-2,2.60,home
31-10-2019,Sassuolo,Fiorentina,,1-2,1.30,away
31-10-2019,Amiens,Angers,,3-2,2.95,home
31-10-2019,Monaco,Marseille,,2-1,2.00,home
31-10-2019,Niort,Toulouse,,1-2,2.00,away
31-10-2019,Chelsea,Manchester Utd,,1-2,1.90,away
31-10-2019,Sepsi,Astra,,4-2,1.40,home
31-10-2019,Spartak Moscow,FK Rostov,,2-1,2.10,home
31-10-2019,Eibar,Villarreal,,2-1,1.30,home
31-10-2019,Mallorca,Osasuna,,2-2,1.35,draw
25-10-2019,Huddersfield,Middlesbrough,,0-0,2.25,draw
25-10-2019,Salzburg,Napoli,,2-3,1.25,away
25-10-2019,Inter,Dortmund,,2-0,2.25,home
25-10-2019,Benfica,Lyon,,2-1,2.15,home
25-10-2019,Lille,Valencia,,1-1,1.35,draw
25-10-2019,Partizan,Manchester Utd,,0-1,2.30,away
25-10-2019,AS Roma,B. Monchengladbach,,1-1,1.25,draw
25-10-2019,Qarabag,APOEL,,2-2,2.10,draw
25-10-2019,Besiktas,Braga,,1-2,2.35,away
25-10-2019,Ludogorets,Espanyol,,0-1,2.20,away
25-10-2019,Gent,Wolfsburg,,2-2,1.30,draw
25-10-2019,Trabzonspor,Krasnodar,,0-2,1.30,away
25-10-2019,Celtic,Lazio,,2-1,1.30,home
25-10-2019,Mainz,FC Koln,,3-1,2.40,home
25-10-2019,Southampton,Leicester,,0-9,2.35,away
03-10-2019,Charlton,Swansea,,1-2,1.35,away
03-10-2019,Barnsley,Derby,,2-2,3.45,draw
03-10-2019,Zenit,Benfica,,3-1,1.40,home
03-10-2019,Valencia,Ajax,,0-3,3.50,away
03-10-2019,Basaksehir,B. Monchengladbach,,1-1,2.25,draw
03-10-2019,Besiktas,Wolves,,0-1,1.40,away
03-10-2019,AZ Alkmaar,Manchester Utd,,0-0,1.40,draw
03-10-2019,Feyenoord,FC Porto,,2-0,2.10,home
03-10-2019,CSKA Moscow,Espanyol,,0-2,2.05,away
03-10-2019,Ferencvaros,Ludogorets,,0-3,3.25,away
03-10-2019,St Etienne,Wolfsburg,,1-1,3.40,draw
03-10-2019,Malmo FF,FC Copenhagen,,1-1,2.05,draw
03-10-2019,Lugano,Dyn. Kyiv,,0-0,2.10,draw
03-10-2019,Krasnodar,Getafe,,1-2,2.35,away
03-10-2019,Trabzonspor,Basel,,2-2,1.40,draw
27-09-2019,Nantes,Rennes,,1-0,1.30,home
27-09-2019,Montpellier,Nimes,,1-0,2.00,home
27-09-2019,Toulouse,Angers,,0-2,3.15,away
27-09-2019,Amiens,Bordeaux,,1-3,1.35,away
27-09-2019,Leganes,Ath Bilbao,,1-1,2.95,draw
27-09-2019,Brighton,Aston Villa,,1-3,1.30,away
27-09-2019,Genoa,Bologna,,0-0,1.40,draw
27-09-2019,Inter,Lazio,,1-0,1.30,home
27-09-2019,Parma,Sassuolo,,1-0,2.60,home
27-09-2019,Eibar,Sevilla,,3-2,2.30,home
27-09-2019,Celta Vigo,Espanyol,,1-1,1.85,draw
27-09-2019,Feyenoord,AZ Alkmaar,,0-3,2.15,away
27-09-2019,Torino,AC Milan,,2-1,3.20,home
27-09-2019,Union Berlin,Eintracht Frankfurt,,1-2,2.30,away
27-09-2019,Stoke,Nottingham,,2-3,3.30,away
20-09-2019,Paris SG,Real Madrid,,3-0,1.30,home
20-09-2019,Dinamo Zagreb,Atalanta,,4-0,1.30,home
20-09-2019,Atl. Madrid,Juventus,,2-2,1.35,draw
20-09-2019,Basel,Krasnodar,,5-0,2.15,home
20-09-2019,LASK Linz,Rosenborg,,1-0,1.90,home
20-09-2019,Rennes,Celtic,,1-1,2.15,draw
20-09-2019,Eintracht Frankfurt,Arsenal,,0-3,1.30,away
20-09-2019,Partizan,AZ Alkmaar,,2-2,1.30,draw
20-09-2019,Glasgow Rangers,Feyenoord,,1-0,1.30,home
20-09-2019,Ludogorets,CSKA Moscow,,5-1,2.80,home
20-09-2019,Gent,St Etienne,,3-2,2.20,home
20-09-2019,Strasbourg,Nantes,,2-1,3.05,home
20-09-2019,Cagliari,Genoa,,3-1,2.40,home
20-09-2019,Southampton,Bournemouth,,1-3,2.05,away
20-09-2019,Osasuna,Betis,,0-0,2.40,draw
