date,home_team,away_team,league,score,odds,bet_type,pick,result
26-12-2023,Bournemouth,Fulham,,3-0,2.20,FT,1,home
26-12-2023,Sheffield Utd,Luton,,2-3,2.35,FT,1,away
26-12-2023,Cardiff,Plymouth,,2-2,2.00,FT,1,draw
26-12-2023,Huddersfield,Blackburn,,3-0,2.10,FT,2,home
26-12-2023,Hull,Sunderland,,0-1,2.45,FT,1,away
26-12-2023,Watford,Bristol City,,1-4,1.95,FT,1,away
26-12-2023,WBA,Norwich,,1-0,1.25,DC,1X,home
26-12-2023,Bristol Rovers,Portsmouth,,2-1,2.15,FT,2,home
26-12-2023,Cheltenham,Shrewsbury,,2-0,1.30,DC,1X,home
26-12-2023,Exeter,Wycombe,,1-0,3.25,FT,X,home
26-12-2023,Fleetwood,Carlisle,,1-1,2.10,FT,1,draw
26-12-2023,Lincoln,Bolton,,0-1,1.30,DC,X2,away
26-12-2023,Birmingham,Stoke,,1-3,3.20,FT,X,away
26-12-2023,Sampdoria,Bari,,1-1,2.15,FT,1,draw
26-12-2023,Ipswich,Leicester,,1-1,2.20,FT,2,draw
26-12-2023,Manchester Utd,Aston Villa,,3-2,2.60,FT,2,home
25-12-2023,Alanyaspor,Samsunspor,,3-1,2.30,FT,1,home
25-12-2023,Kasimpasa,Rizespor,,2-2,1.30,DC,1X,draw
25-12-2023,El Gouna,Enppi,,1-2,1.30,DC,1X,away
25-12-2023,Hatayspor,Besiktas,,1-2,2.20,FT,2,away
25-12-2023,Pendikspor,Ankaragucu,,1-1,2.30,FT,2,draw
25-12-2023,Baladeya,NB Egypt,,0-2,1.45,DC,X2,away
25-12-2023,Millwall,QPR,,2-0,2.05,FT,1,home
25-12-2023,Leyton,Charlton,,1-0,3.40,FT,X,home
25-12-2023,Bournemouth,Fulham,,3-0,2.20,FT,1,home
25-12-2023,Sheffield Utd,Luton,,2-3,2.35,FT,1,away
25-12-2023,Cardiff,Plymouth,,2-2,2.00,FT,1,draw
25-12-2023,Huddersfield,Blackburn,,3-0,2.10,FT,2,home
25-12-2023,Hull,Sunderland,,0-1,2.45,FT,1,away
25-12-2023,Watford,Bristol City,,1-4,1.95,FT,1,away
25-12-2023,Birmingham,Stoke,,1-3,3.20,FT,X,away
25-12-2023,Manchester Utd,Aston Villa,,3-2,2.60,FT,2,home
23-12-2023,Nottingham,Bournemouth,,2-3,1.45,DC,X2,away
23-12-2023,Blackburn,Watford,,1-2,1.25,DC,12,away
23-12-2023,Middlesbrough,WBA,,1-0,2.20,FT,1,home
23-12-2023,Plymouth,Birmingham,,3-3,1.25,DC,12,draw
23-12-2023,Sheffield Wed,Cardiff,,1-2,2.15,FT,1,away
23-12-2023,Stoke,Millwall,,0-0,2.10,FT,1,draw
23-12-2023,Sunderland,Coventry,,0-3,2.00,FT,1,away
23-12-2023,Dundee FC,Aberdeen,,Postp,2.60,FT,2,postponed
23-12-2023,Ross County,Hibernian,,Postp,2.50,FT,2,postponed
23-12-2023,Bari,Cosenza,,0-0,2.00,FT,1,draw
23-12-2023,Pisa,Ascoli,,1-0,3.15,FT,X,home
23-12-2023,Sudtirol,Reggiana,,2-3,2.40,FT,1,away
23-12-2023,Vizela,Moreirense,,0-0,2.55,FT,2,draw
23-12-2023,Verona,Cagliari,,2-0,2.40,FT,1,home
23-12-2023,Liverpool,Arsenal,,1-1,3.60,FT,X,draw
23-12-2023,Roma,Napoli,,2-0,3.15,FT,X,home
22-12-2023,Empoli,Lazio,,0-2,2.00,FT,2,away
22-12-2023,Sassuolo,Genoa,,1-2,2.15,FT,1,away
22-12-2023,Picerno,Juve Stabia,,0-2,2.80,FT,X,away
22-12-2023,Turris,Brindisi,,3-1,1.90,FT,1,home
22-12-2023,Din. Bucuresti,Voluntari,,1-0,3.00,FT,X,home
22-12-2023,NAC Breda,Willem II,,1-2,2.80,FT,2,away
22-12-2023,Bristol City,Hull,,3-2,1.45,DC,X2,home
22-12-2023,Swansea,Preston,,2-1,1.30,DC,1X,home
22-12-2023,Cambridge,Exeter,,2-0,2.05,FT,1,home
22-12-2023,Monza,Fiorentina,,0-1,3.20,FT,X,away
22-12-2023,Triestina,Padova,,0-1,2.50,FT,2,away
22-12-2023,Rimini,Gubbio,,1-2,2.25,FT,1,away
22-12-2023,Pontedera,Carrarese,,1-2,2.80,FT,X,away
22-12-2023,Messina,Monopoli,,1-1,2.80,FT,X,draw
22-12-2023,Crotone,Avellino,,0-1,1.30,DC,1X,away
22-12-2023,Taranto,Latina,,2-1,1.95,FT,1,home
21-12-2023,Al Khaleej,Al Feiha,,3-0,2.20,FT,1,home
21-12-2023,OFI,Asteras Tripolis,,0-2,1.90,FT,1,away
21-12-2023,Hermannstadt,Sepsi,,1-1,2.90,FT,X,draw
21-12-2023,Ankaragucu,Hatayspor,,0-0,3.25,FT,X,draw
21-12-2023,Betis,Girona,,1-1,3.50,FT,X,draw
21-12-2023,Huesca,Cartagena,,3-0,2.80,FT,X,home
21-12-2023,Villarreal II,Oviedo,,1-1,2.50,FT,2,draw
21-12-2023,Vozdovac,Vojvodina,,3-2,1.35,DC,X2,home
21-12-2023,Vitesse,Heerenveen,,1-0,2.70,FT,2,home
21-12-2023,Crystal Palace,Brighton,,1-1,1.35,DC,X2,draw
21-12-2023,Mallorca,Osasuna,,3-2,1.30,DC,1X,home
21-12-2023,Amorebieta,Alcorcon,,1-2,2.20,FT,1,away
21-12-2023,Valladolid,Ferrol,,0-1,1.95,FT,1,away
21-12-2023,Pro Vercelli,Virtus Verona,,0-0,2.20,FT,1,draw
21-12-2023,Empoli,Lazio,,0-2,2.00,FT,2,away
21-12-2023,Sassuolo,Genoa,,1-2,2.15,FT,1,away
20-12-2023,Union Berlin,Koln,,2-0,2.00,FT,1,home
20-12-2023,ADO Den Haag,Sparta Rotterdam,,2-0,1.85,FT,2,home
20-12-2023,Bielefeld,Dynamo Dresden,,0-1,3.00,FT,1,away
20-12-2023,Mannheim,Munich 1860,,1-0,2.50,FT,2,home
20-12-2023,Zaragoza,Levante,,2-2,1.30,DC,1X,draw
20-12-2023,Farul Constanta,Rapid Bucuresti,,0-0,1.90,FT,1,draw
20-12-2023,Eintracht Frankfurt,B. Monchengladbach,,2-1,1.90,FT,1,home
20-12-2023,Heidenheim,Freiburg,,3-2,2.40,FT,2,home
20-12-2023,Mechelen,St. Liege,,3-0,3.30,FT,X,home
20-12-2023,Clermont,Rennes,,1-3,2.20,FT,2,away
20-12-2023,Montpellier,Olympique Marseille,,1-1,2.05,FT,2,draw
20-12-2023,Nice,Lens,,2-0,2.25,FT,1,home
20-12-2023,Strasbourg,Lille,,2-1,2.00,FT,2,home
20-12-2023,Villarreal,Celta Vigo,,3-2,1.40,DC,1X,home
20-12-2023,Eibar,Gijon,,1-1,1.90,FT,1,draw
20-12-2023,Leganes,Tenerife,,1-1,1.25,DC,1X,draw
19-12-2023,Saarbrucken,Ulm,,2-1,1.30,DC,1X,home
19-12-2023,Rayo Vallecano,Valencia,,0-1,1.35,DC,1X,away
19-12-2023,Santander,Andorra FC,,2-0,2.30,FT,1,home
19-12-2023,Dordrecht,Cambuur,,0-3,2.10,FT,2,away
19-12-2023,Everton,Fulham,,1-1,2.00,FT,1,draw
19-12-2023,Port Vale,Middlesbrough,,0-3,1.85,FT,2,away
19-12-2023,Ajaccio,Valenciennes,,2-1,1.20,DC,1X,home
19-12-2023,Amiens,Caen,,0-0,3.10,FT,X,draw
19-12-2023,Angers,Guingamp,,1-0,2.10,FT,1,home
19-12-2023,Annecy,Rodez,,1-2,2.50,FT,1,away
19-12-2023,Concarneau,Grenoble,,0-3,2.25,FT,2,away
19-12-2023,Dunkerque,Bordeaux,,0-2,2.00,FT,2,away
19-12-2023,Laval,Auxerre,,1-3,2.15,FT,2,away
19-12-2023,Pau,Troyes,,1-1,1.90,FT,1,draw
19-12-2023,St Etienne,Bastia,,3-2,1.85,FT,1,home
19-12-2023,Granada,Sevilla,,0-3,2.80,FT,1,away
18-12-2023,Botosani,Din. Bucuresti,,0-2,1.35,DC,1X,away
18-12-2023,Arezzo,Perugia,,2-0,2.00,FT,2,home
18-12-2023,Villarreal II,Valladolid,,1-0,2.15,FT,2,home
18-12-2023,Audace,Foggia,,2-0,2.95,FT,X,home
18-12-2023,Latina,Benevento,,0-0,1.35,DC,X2,draw
18-12-2023,Sporting,Porto,,2-0,2.15,FT,1,home
18-12-2023,Rayo Vallecano,Valencia,,0-1,1.35,DC,1X,away
18-12-2023,Everton,Fulham,,1-1,2.00,FT,1,draw
18-12-2023,Port Vale,Middlesbrough,,0-3,1.85,FT,2,away
18-12-2023,Granada,Sevilla,,0-3,2.80,FT,1,away
18-12-2023,Union Berlin,Koln,,2-0,2.00,FT,1,home
18-12-2023,Eintracht Frankfurt,B. Monchengladbach,,2-1,1.90,FT,1,home
18-12-2023,Heidenheim,Freiburg,,3-2,2.40,FT,2,home
18-12-2023,Clermont,Rennes,,1-3,2.20,FT,2,away
18-12-2023,Montpellier,Olympique Marseille,,1-1,2.05,FT,2,draw
18-12-2023,Nice,Lens,,2-0,2.25,FT,1,home
17-12-2023,Brentford,Aston Villa,,1-2,2.15,FT,2,away
17-12-2023,West Ham,Wolverhampton,,3-0,1.30,DC,1X,home
17-12-2023,Udinese,Sassuolo,,2-2,2.25,FT,1,draw
17-12-2023,Lorient,Strasbourg,,1-2,3.20,FT,X,away
17-12-2023,Metz,Montpellier,,0-1,1.30,DC,X2,away
17-12-2023,Toulouse,Rennes,,0-0,2.20,FT,2,draw
17-12-2023,Leko,Ternana,,2-3,2.50,FT,1,away
17-12-2023,Levante,Huesca,,2-1,1.25,DC,1X,home
17-12-2023,Bielefeld,Munich 1860,,2-0,2.15,FT,1,home
17-12-2023,Chaves,Casa Pia,,1-3,2.75,FT,1,away
17-12-2023,Bologna,Roma,,2-0,2.40,FT,1,home
17-12-2023,Amorebieta,Zaragoza,,1-1,2.25,FT,2,draw
17-12-2023,Antwerp,Anderlecht,,1-1,3.50,FT,X,draw
17-12-2023,Famalicao,Estoril,,1-1,3.30,FT,X,draw
17-12-2023,Ferrol,Tenerife,,3-1,2.85,FT,X,home
17-12-2023,Braga,Benfica,,0-1,3.50,FT,X,away
16-12-2023,Bristol City,Sunderland,,1-0,2.25,FT,2,home
16-12-2023,Hull,Cardiff,,3-0,1.85,FT,1,home
16-12-2023,Preston,Watford,,1-5,3.10,FT,X,away
16-12-2023,Sheffield Wed,QPR,,2-1,3.20,FT,2,home
16-12-2023,Swansea,Middlesbrough,,1-2,2.15,FT,2,away
16-12-2023,Ath Bilbao,Atl. Madrid,,2-0,3.40,FT,X,home
16-12-2023,Ascoli,Catanzaro,,1-0,1.45,DC,X2,home
16-12-2023,Cosenza,Parma,,0-0,2.05,FT,2,draw
16-12-2023,Andorra,Espanyol,,1-1,3.05,FT,X,draw
16-12-2023,Rio Ave,Vizela,,1-1,1.30,DC,1X,draw
16-12-2023,Burnley,Everton,,0-2,2.10,FT,2,away
16-12-2023,Cartagena,Burgos,,0-3,1.30,DC,1X,away
16-12-2023,Gijon,Leganes,,1-1,2.90,FT,X,draw
16-12-2023,Arouca,Gil Vicente,,3-0,2.00,FT,1,home
16-12-2023,Holstein Kiel,Hannover,,3-0,2.15,FT,1,home
16-12-2023,Mirandes,Albacete,,2-0,3.20,FT,X,home
15-12-2023,Schalke,Greuther Furth,,2-2,2.20,FT,1,draw
15-12-2023,Petrolul,Rapid Bucuresti,,0-0,3.10,FT,X,draw
15-12-2023,NEC,Fortuna S.,,4-1,2.00,FT,1,home
15-12-2023,Den Bosch,De Graafschap,,0-4,1.95,FT,2,away
15-12-2023,ADO Den Haag,NAC Breda,,3-1,2.40,FT,1,home
15-12-2023,Emmen,Roda,,0-1,2.10,FT,1,away
15-12-2023,Utrecht II,Eindhoven,,2-5,2.30,FT,2,away
15-12-2023,Telstar,Dordrecht,,0-2,2.30,FT,1,away
15-12-2023,Oss,VVV Venlo,,2-1,2.20,FT,2,home
15-12-2023,Xamax,Aarau,,2-1,2.00,FT,1,home
15-12-2023,B. Monchengladbach,Werder Bremen,,2-2,1.90,FT,1,draw
15-12-2023,Spezia,Bari,,1-0,1.30,DC,1X,home
15-12-2023,Oviedo,Elche,,3-2,1.30,DC,1X,home
15-12-2023,Zaglebie,Slask,,1-2,3.00,FT,X,away
15-12-2023,Osasuna,Rayo Vallecano,,1-0,1.30,DC,1X,home
15-12-2023,Farense,Estrela Amadora,,0-0,2.10,FT,1,draw
14-12-2023,Al Masry,Zamalek,,1-0,3.00,FT,X,home
14-12-2023,LASK,Toulouse,,1-2,2.15,FT,1,away
14-12-2023,St.Gilloise,Liverpool,,2-1,1.25,DC,12,home
14-12-2023,Rennes,Villarreal,,2-3,2.15,FT,1,away
14-12-2023,Legia,AZ Alkmaar,,2-0,2.20,FT,2,home
14-12-2023,Ferencvaros,Fiorentina,,1-1,1.30,DC,X2,draw
14-12-2023,Ludogorets,Nordsjaelland,,1-0,3.50,FT,X,home
14-12-2023,Ajax,AEK,,3-1,1.90,FT,1,home
14-12-2023,Rakow,Atalanta,,0-4,1.50,DC,X2,away
14-12-2023,Maccabi Tel Aviv,Gent,,3-1,3.60,FT,X,home
14-12-2023,Lugano,Besiktas,,0-2,1.75,FT,1,away
14-12-2023,Tigres Uanl,Club America,,1-1,3.30,FT,X,draw
14-12-2023,Western United,Brisbane Roar,,2-1,2.25,FT,2,home
14-12-2023,Skalica,Podbrezova,,3-0,2.00,FT,2,home
14-12-2023,Gornik Zabrze,Warta Poznan,,3-0,3.10,FT,X,home
14-12-2023,Schalke,Greuther Furth,,2-2,2.20,FT,1,draw
13-12-2023,Bohemians 05,Liberec,,0-0,3.30,FT,X,draw
13-12-2023,Vicenza,Rimini,,0-0,2.00,FT,1,draw
13-12-2023,Catania,Pescara,,2-0,2.60,FT,2,home
13-12-2023,Winterthur,Zurich,,2-1,2.00,FT,2,home
13-12-2023,Coventry,Southampton,,1-1,1.50,DC,1X,draw
13-12-2023,Norwich,Sheffield Wed,,3-1,1.90,FT,1,home
13-12-2023,QPR,Plymouth,,0-0,2.00,FT,1,draw
13-12-2023,Celtic,Feyenoord,,2-1,2.15,FT,2,home
13-12-2023,Newcastle,Milan,,1-2,1.95,FT,1,away
13-12-2023,Abha,Al Hazem,,1-1,2.00,FT,1,draw
13-12-2023,LASK,Toulouse,,1-2,2.15,FT,1,away
13-12-2023,St.Gilloise,Liverpool,,2-1,1.25,DC,12,home
13-12-2023,Rennes,Villarreal,,2-3,2.15,FT,1,away
13-12-2023,Legia,AZ Alkmaar,,2-0,2.20,FT,2,home
13-12-2023,Ferencvaros,Fiorentina,,1-1,1.30,DC,X2,draw
13-12-2023,Ludogorets,Nordsjaelland,,1-0,3.50,FT,X,home
12-12-2023,Lens,Sevilla,,2-1,2.00,FT,1,home
12-12-2023,PSV,Arsenal,,1-1,2.45,FT,1,draw
12-12-2023,Blackburn,Bristol City,,2-1,1.95,FT,1,home
12-12-2023,Huddersfield,Preston,,1-3,3.00,FT,X,away
12-12-2023,Stoke,Swansea,,1-1,2.05,FT,1,draw
12-12-2023,Watford,Ipswich,,1-2,2.40,FT,2,away
12-12-2023,Scarborough,Forest Green,,2-4,3.30,FT,1,away
12-12-2023,Crewe,Bristol Rovers,,2-4,2.40,FT,X,away
12-12-2023,Barnet,Newport,,1-2,2.00,FT,1,away
12-12-2023,Port Vale,Stevenage,,2-2,2.70,FT,1,draw
12-12-2023,Morton,Inverness,,2-1,2.60,FT,1,home
12-12-2023,Sunderland,Leeds,,1-0,2.20,FT,2,home
12-12-2023,Reading,Oxford Utd,,1-1,2.30,FT,2,draw
12-12-2023,Copenhagen,Galatasaray,,1-0,1.25,DC,12,home
12-12-2023,Manchester Utd,Bayern Munich,,0-1,1.25,DC,12,away
12-12-2023,Salzburg,Benfica,,1-3,1.25,DC,12,away
11-12-2023,Ankaragucu,Rizespor,,1-1,2.10,FT,1,draw
11-12-2023,Konyaspor,Sivasspor,,0-1,2.20,FT,1,away
11-12-2023,Empoli,Lecce,,1-1,3.50,FT,X,draw
11-12-2023,Niepolomice,Widzew,,1-0,3.20,FT,X,home
11-12-2023,Din. Bucuresti,Univ. Cluj,,0-1,2.10,FT,2,away
11-12-2023,Taranto,Monopoli,,1-0,2.00,FT,1,home
11-12-2023,Cagliari,Sassuolo,,2-1,3.50,FT,X,home
11-12-2023,Virtus Francavilla,Audace,,3-0,2.90,FT,X,home
11-12-2023,Rayo Vallecano,Celta Vigo,,0-0,3.20,FT,X,draw
11-12-2023,Gil Vicente,Moreirense,,1-1,2.30,FT,2,draw
11-12-2023,Otelul Galati,Sepsi,,2-3,2.45,FT,1,away
11-12-2023,Lens,Sevilla,,2-1,2.00,FT,1,home
11-12-2023,PSV,Arsenal,,1-1,2.45,FT,1,draw
11-12-2023,Copenhagen,Galatasaray,,1-0,1.25,DC,12,home
11-12-2023,Manchester Utd,Bayern Munich,,0-1,1.25,DC,12,away
11-12-2023,Salzburg,Benfica,,1-3,1.25,DC,12,away
10-12-2023,Everton,Chelsea,,2-0,1.30,DC,12,home
10-12-2023,Fulham,West Ham,,5-0,2.40,FT,1,home
10-12-2023,Monza,Genoa,,1-0,2.10,FT,1,home
10-12-2023,Metz,Brest,,0-1,2.20,FT,2,away
10-12-2023,Strasbourg,Le Havre,,2-1,1.30,DC,1X,home
10-12-2023,Stuttgart,Leverkusen,,1-1,2.25,FT,2,draw
10-12-2023,Santander,Oviedo,,2-2,2.40,FT,1,draw
10-12-2023,Vitesse,Heracles,,2-0,1.25,DC,12,home
10-12-2023,Olympique Lyon,Toulouse,,3-0,2.00,FT,1,home
10-12-2023,Tottenham,Newcastle,,4-1,2.30,FT,1,home
10-12-2023,Koln,Mainz,,0-0,2.30,FT,1,draw
10-12-2023,Salernitana,Bologna,,1-2,2.10,FT,2,away
10-12-2023,Cadiz,Osasuna,,1-1,3.10,FT,X,draw
10-12-2023,Arouca,Rio Ave,,2-2,2.70,FT,2,draw
10-12-2023,Roma,Fiorentina,,1-1,2.10,FT,1,draw
10-12-2023,Estoril,Chaves,,4-0,1.95,FT,1,home
09-12-2023,Wolverhampton,Nottingham,,1-1,1.85,FT,1,draw
09-12-2023,Cardiff,Millwall,,1-0,2.10,FT,1,home
09-12-2023,Huddersfield,Bristol City,,1-1,3.00,FT,X,draw
09-12-2023,Middlesbrough,Ipswich,,0-2,2.80,FT,2,away
09-12-2023,QPR,Hull,,2-0,3.00,FT,1,home
09-12-2023,Rotherham,Swansea,,1-2,3.30,FT,1,away
09-12-2023,Stoke,Sheffield Wed,,0-1,3.75,FT,2,away
09-12-2023,Watford,Southampton,,1-1,2.20,FT,2,draw
09-12-2023,Atalanta,Milan,,3-2,2.90,FT,2,home
09-12-2023,Aston Villa,Arsenal,,1-0,1.25,DC,12,home
09-12-2023,Dortmund,RB Leipzig,,2-3,2.50,FT,2,away
09-12-2023,Villarreal,Real Sociedad,,0-3,2.10,FT,2,away
09-12-2023,Gijon,Levante,,0-0,1.95,FT,1,draw
09-12-2023,Zwolle,NEC,,1-3,2.20,FT,1,away
09-12-2023,Mallorca,Sevilla,,1-0,1.45,DC,X2,home
09-12-2023,Burgos CF,Mirandes,,0-0,1.25,DC,1X,draw
08-12-2023,CSMS Iasi,UTA Arad,,1-0,3.10,FT,X,home
08-12-2023,Ruch Chorzow,Zaglebie,,2-2,2.25,FT,2,draw
08-12-2023,Zeljeznicar,Velez Mostar,,0-1,1.35,DC,1X,away
08-12-2023,Hannover,Karlsruher,,2-2,2.10,FT,1,draw
08-12-2023,Hallescher,Bielefeld,,2-2,2.40,FT,2,draw
08-12-2023,De Graafschap,Cambuur,,2-3,3.50,FT,X,away
08-12-2023,ADO Den Haag,Willem II,,1-1,2.65,FT,2,draw
08-12-2023,Eindhoven,Emmen,,3-2,2.20,FT,2,home
08-12-2023,VVV Venlo,Dordrecht,,3-1,1.90,FT,1,home
08-12-2023,Thun,Sion,,1-1,2.25,FT,1,draw
08-12-2023,Raith,Partick,,4-3,2.25,FT,1,home
08-12-2023,Juventus,Napoli,,1-0,2.40,FT,1,home
08-12-2023,Kortrijk,Westerlo,,1-2,2.35,FT,2,away
08-12-2023,Getafe,Valencia,,1-0,1.35,DC,1X,home
08-12-2023,Montpellier,Lens,,0-0,1.30,DC,X2,draw
08-12-2023,Leiria,Torreense,,1-0,1.95,FT,1,home
07-12-2023,Aarhus,Brondby,,2-0,1.50,DC,X2,home
07-12-2023,Wisla Krakow,Stal Rzeszow,,4-1,1.85,FT,1,home
07-12-2023,Al Shabab,Al Ettifaq,,0-0,2.10,FT,1,draw
07-12-2023,Din. Bucuresti,Otelul Galati,,3-3,2.60,FT,2,draw
07-12-2023,U Craiova 1948,FCSB,,2-0,1.95,FT,2,home
07-12-2023,Ferrol,Leganes,,1-0,3.00,FT,X,home
07-12-2023,Fredericia,Lyngby,,3-2,1.30,DC,X2,home
07-12-2023,Everton,Newcastle,,3-0,1.30,DC,12,home
07-12-2023,Arka Gdynia,Lech Poznan,,0-1,1.90,FT,2,away
07-12-2023,Pumas Unam,Tigres Uanl,,0-1,3.20,FT,X,away
07-12-2023,Zilina,Trnava,,1-0,2.30,FT,1,home
07-12-2023,CSMS Iasi,UTA Arad,,1-0,3.10,FT,X,home
07-12-2023,Ruch Chorzow,Zaglebie,,2-2,2.25,FT,2,draw
07-12-2023,Hannover,Karlsruher,,2-2,2.10,FT,1,draw
07-12-2023,Wehen,Braunschweig,,1-3,1.95,FT,1,away
07-12-2023,Hallescher,Bielefeld,,2-2,2.40,FT,2,draw
06-12-2023,Malaga,Eldense,,1-0,2.25,FT,1,home
06-12-2023,Rapid Bucuresti,Cluj,,0-0,2.30,FT,1,draw
06-12-2023,Lugo,Mirandes,,2-0,3.20,FT,X,home
06-12-2023,Annecy,Caen,,1-2,1.45,DC,1X,away
06-12-2023,Reading,Charlton,,1-1,2.70,FT,2,draw
06-12-2023,Wigan,Stockport,,2-0,1.35,DC,1X,home
06-12-2023,Brighton,Brentford,,2-1,1.90,FT,1,home
06-12-2023,Fulham,Nottingham,,5-0,1.25,DC,1X,home
06-12-2023,Crystal Palace,Bournemouth,,0-2,2.25,FT,1,away
06-12-2023,St. Truiden,Gent,,0-1,1.95,FT,2,away
06-12-2023,Lugano,Basel,,1-3,1.85,FT,1,away
06-12-2023,Aberdeen,Kilmarnock,,0-1,2.20,FT,1,away
06-12-2023,St Johnstone,St. Mirren,,1-0,3.00,FT,X,home
06-12-2023,Hertha,Hamburger,,2-2,2.50,FT,2,draw
06-12-2023,Stuttgart,Dortmund,,2-0,2.10,FT,1,home
06-12-2023,Manchester Utd,Chelsea,,2-1,2.40,FT,2,home
05-12-2023,Kaiserslautern,Nurnberg,,2-0,2.20,FT,1,home
05-12-2023,Magdeburg,Fortuna Dusseldorf,,1-2,2.60,FT,2,away
05-12-2023,Ceramica Cleopatra,Enppi,,4-2,2.00,FT,1,home
05-12-2023,SC Ismaily,NB Egypt,,2-1,2.30,FT,1,home
05-12-2023,Pontedera,Pescara,,0-5,3.00,FT,X,away
05-12-2023,Ross County,Motherwell,,3-0,3.20,FT,X,home
05-12-2023,B. Monchengladbach,Wolfsburg,,0-0,2.20,FT,1,draw
05-12-2023,Ajaccio,Laval,,2-0,2.75,FT,X,home
05-12-2023,Angers,Grenoble,,1-0,1.25,DC,1X,home
05-12-2023,Dunkerque,Bastia,,0-5,1.35,DC,1X,away
05-12-2023,Pau,Valenciennes,,3-1,2.00,FT,1,home
05-12-2023,Quevilly,Bordeaux,,3-2,3.10,FT,X,home
05-12-2023,St Etienne,Guingamp,,1-3,3.10,FT,X,away
05-12-2023,Troyes,Amiens,,2-0,1.50,DC,1X,home
05-12-2023,Castellon,Oviedo,,2-1,3.20,FT,X,home
05-12-2023,Espanyol,Valladolid,,3-1,2.20,FT,1,home
04-12-2023,Smouha,Pharco,,2-1,1.30,DC,1X,home
04-12-2023,Feirense,Mafra,,3-2,1.40,DC,X2,home
04-12-2023,Utrecht II,Telstar,,0-0,2.50,FT,1,draw
04-12-2023,Villarreal II,Eibar,,1-0,1.95,FT,2,home
04-12-2023,Torino,Atalanta,,3-0,1.35,DC,X2,home
04-12-2023,Potenza,Taranto,,1-2,2.35,FT,1,away
04-12-2023,Casertana,Foggia,,2-1,2.10,FT,1,home
04-12-2023,Kaiserslautern,Nurnberg,,2-0,2.20,FT,1,home
04-12-2023,Magdeburg,Fortuna Dusseldorf,,1-2,2.60,FT,2,away
04-12-2023,Ceramica Cleopatra,Enppi,,4-2,2.00,FT,1,home
04-12-2023,SC Ismaily,NB Egypt,,2-1,2.30,FT,1,home
04-12-2023,Blackpool,Barnsley,,2-1,2.00,FT,1,home
04-12-2023,Ross County,Motherwell,,3-0,3.20,FT,X,home
04-12-2023,B. Monchengladbach,Wolfsburg,,0-0,2.20,FT,1,draw
04-12-2023,Castellon,Oviedo,,2-1,3.20,FT,X,home
04-12-2023,Espanyol,Valladolid,,3-1,2.20,FT,1,home
03-12-2023,Bournemouth,Aston Villa,,2-2,2.00,FT,2,draw
03-12-2023,West Ham,Crystal Palace,,1-1,2.00,FT,1,draw
03-12-2023,Brest,Clermont,,3-0,1.75,FT,1,home
03-12-2023,Toulouse,Lorient,,1-1,1.95,FT,1,draw
03-12-2023,Mainz,Freiburg,,0-1,2.25,FT,1,away
03-12-2023,Almeria,Betis,,0-0,2.15,FT,2,draw
03-12-2023,Alcorcon,Elche,,0-2,2.40,FT,2,away
03-12-2023,Sassuolo,AS Roma,,1-2,1.95,FT,2,away
03-12-2023,Sevilla,Villarreal,,1-1,3.60,FT,X,draw
03-12-2023,Ferrol,Albacete,,5-4,2.95,FT,X,home
03-12-2023,Mirandes,Santander,,0-0,2.90,FT,2,draw
03-12-2023,Augsburg,Eintracht Frankfurt,,2-1,1.45,DC,X2,home
03-12-2023,Napoli,Inter,,0-3,1.40,DC,X2,away
03-12-2023,Barcelona,Atl. Madrid,,1-0,3.60,FT,X,home
03-12-2023,Amorebieta,Burgos CF,,0-1,2.50,FT,1,away
03-12-2023,Boavista,Arouca,,0-4,1.35,DC,1X,away
02-12-2023,Northampton,Portsmouth,,0-3,1.30,DC,X2,away
02-12-2023,Burnley,Sheffield Utd,,5-0,1.80,FT,1,home
02-12-2023,Hull,Watford,,1-2,2.10,FT,1,away
02-12-2023,Millwall,Sunderland,,1-1,2.30,FT,2,draw
02-12-2023,Plymouth,Stoke,,2-1,1.50,DC,X2,home
02-12-2023,Sheffield Wed,Blackburn,,3-1,2.30,FT,2,home
02-12-2023,Swansea,Huddersfield,,1-1,2.00,FT,1,draw
02-12-2023,Eldense,Tenerife,,0-3,1.30,DC,1X,away
02-12-2023,Cartagena,Gijon,,1-0,2.30,FT,2,home
02-12-2023,Nottingham,Everton,,0-1,3.30,FT,X,away
02-12-2023,Zaragoza,Leganes,,1-0,2.85,FT,2,home
02-12-2023,Magdeburg,Kaiserslautern,,4-1,1.90,FT,1,home
02-12-2023,Newcastle,Manchester Utd,,1-0,1.95,FT,1,home
02-12-2023,Nantes,Nice,,1-0,2.00,FT,2,home
02-12-2023,Osasuna,Real Sociedad,,1-1,2.25,FT,2,draw
02-12-2023,Levante,Valladolid,,2-1,2.85,FT,2,home
01-12-2023,Hatayspor,Antalyaspor,,3-3,3.20,FT,X,draw
01-12-2023,St. Pauli,Hamburger SV,,2-2,1.85,FT,1,draw
01-12-2023,Randers,Vejle Kolding,,0-0,2.00,FT,1,draw
01-12-2023,CSMS Iasi,Farul Constanta,,2-3,1.35,DC,X2,away
01-12-2023,Le Mans,Nancy,,1-3,3.20,FT,X,away
01-12-2023,Orleans,Versailles,,Postp,3.00,FT,2,postponed
01-12-2023,Dordrecht,Roda,,2-0,1.40,DC,X2,home
01-12-2023,Helmond,ADO Den Haag,,3-2,2.15,FT,2,home
01-12-2023,Willem II,Emmen,,3-0,2.05,FT,1,home
01-12-2023,Darmstadt,Koln,,0-1,2.50,FT,2,away
01-12-2023,Oviedo,Espanyol,,2-0,2.80,FT,X,home
01-12-2023,Monza,Juventus,,1-2,1.95,FT,2,away
01-12-2023,Preston,QPR,,0-2,2.15,FT,1,away
01-12-2023,Las Palmas,Getafe,,2-0,1.30,DC,1X,home
01-12-2023,Chaves,Vizela,,2-1,2.65,FT,2,home
01-12-2023,Coquimbo Unido,Union La Calera,,1-2,2.25,FT,1,away
30-11-2023,El Gaish,El Gouna,,1-1,3.00,FT,X,draw
30-11-2023,Pharco,Al Moqawloon,,1-1,2.85,FT,X,draw
30-11-2023,Freiburg,Olympiacos,,5-0,1.80,FT,1,home
30-11-2023,AEK,Brighton,,0-1,1.30,DC,X2,away
30-11-2023,Sparta Prague,Betis,,1-0,1.40,DC,1X,home
30-11-2023,Atalanta,Sporting,,1-1,2.00,FT,1,draw
30-11-2023,Ki Klaksvik,Slovan Bratislava,,1-2,2.15,FT,2,away
30-11-2023,Ballkani,Plzen,,0-1,2.30,FT,1,away
30-11-2023,Besiktas,Club Brugge,,0-5,2.35,FT,2,away
30-11-2023,Helsinki,Aberdeen,,2-2,2.20,FT,1,draw
30-11-2023,Toulouse,St.Gilloise,,0-0,1.65,DC,X2,draw
30-11-2023,Villarreal,Panathinaikos,,3-2,1.85,FT,1,home
30-11-2023,Molde,Qarabag,,2-2,1.90,FT,1,draw
30-11-2023,Nordsjaelland,Fenerbahce,,6-1,2.40,FT,2,home
30-11-2023,Cruzeiro,Athletico-PR,,1-1,2.20,FT,1,draw
30-11-2023,Ind. Medellin,Millonarios,,2-1,2.30,FT,1,home
29-11-2023,Future FC,Zamalek,,0-2,3.00,FT,X,away
29-11-2023,Supersport,Mamelodi,,0-2,1.85,FT,2,away
29-11-2023,Catania,Crotone,,3-3,1.25,DC,1X,draw
29-11-2023,Galatasaray,Manchester Utd,,3-3,2.50,FT,2,draw
29-11-2023,Sevilla,PSV,,2-3,2.65,FT,2,away
29-11-2023,Montpellier,Clermont,,1-1,1.90,FT,1,draw
29-11-2023,Mallorca,Cadiz,,1-1,1.25,DC,1X,draw
29-11-2023,Braga,Union Berlin,,1-1,2.15,FT,1,draw
29-11-2023,Real Madrid,Napoli,,4-2,1.85,FT,1,home
29-11-2023,Benfica,Inter,,3-3,1.50,DC,X2,draw
29-11-2023,Flamengo,Atletico-MG,,0-3,1.85,FT,1,away
29-11-2023,Bahia,Sao Paulo,,0-1,2.05,FT,1,away
29-11-2023,Cuiaba,Internacional,,0-2,2.80,FT,X,away
29-11-2023,Aguilas,CPD Junior,,1-1,2.10,FT,1,draw
29-11-2023,Leon,America,,2-2,2.30,FT,2,draw
29-11-2023,Dep. Cali,Deportes Tolima,,0-2,2.15,FT,2,away
28-11-2023,Cardiff,WBA,,0-1,2.60,FT,2,away
28-11-2023,QPR,Stoke,,4-2,2.30,FT,2,home
28-11-2023,Barnsley,Wycombe,,1-0,1.25,DC,12,home
28-11-2023,Bristol Rovers,Leyton Orient,,1-1,2.15,FT,1,draw
28-11-2023,Burton,Portsmouth,,0-2,1.25,DC,12,away
28-11-2023,Cambridge Utd,Lincoln,,0-3,1.50,DC,X2,away
28-11-2023,Exeter,Shrewsbury,,0-0,2.10,FT,1,draw
28-11-2023,Oxford Utd,Bolton,,0-0,2.65,FT,2,draw
28-11-2023,Port Vale,Derby,,0-1,2.00,FT,2,away
28-11-2023,Stevenage,Peterborough,,2-2,3.30,FT,X,draw
28-11-2023,Wigan,Fleetwood,,3-0,3.00,FT,2,home
28-11-2023,Watford,Norwich,,3-2,2.10,FT,1,home
28-11-2023,Reading,Carlisle,,5-1,2.05,FT,1,home
28-11-2023,Feyenoord,Atl. Madrid,,1-3,2.60,FT,1,away
28-11-2023,Milan,Dortmund,,1-3,2.10,FT,1,away
28-11-2023,Young Boys,Crvena zvezda,,2-0,3.20,FT,2,home
27-11-2023,U Craiova 1948,Sepsi,,2-1,3.10,FT,X,home
27-11-2023,Sivasspor,Trabzonspor,,3-3,1.35,DC,X2,draw
27-11-2023,Verona,Lecce,,2-2,2.95,FT,X,draw
27-11-2023,Niort,Sochaux,,4-2,1.40,DC,X2,home
27-11-2023,Silkeborg,Midtjylland,,1-4,2.25,FT,2,away
27-11-2023,Radomiak,Slask,,0-1,2.15,FT,1,away
27-11-2023,Virtus Francavilla,Brindisi,,2-0,1.25,DC,1X,home
27-11-2023,Bologna,Torino,,2-0,3.00,FT,X,home
27-11-2023,Pergolettese,Padova,,1-1,1.95,FT,2,draw
27-11-2023,Recanatese,Pineto,,1-1,2.00,FT,1,draw
27-11-2023,Taranto,Casertana,,0-1,2.90,FT,X,away
27-11-2023,Angers,Caen,,3-0,1.95,FT,1,home
27-11-2023,Fulham,Wolverhampton,,3-2,2.45,FT,1,home
27-11-2023,Girona,Ath Bilbao,,1-1,2.25,FT,1,draw
27-11-2023,Estudiantes,Lanus,,1-1,1.95,FT,1,draw
27-11-2023,Goias,Curzeiro,,0-1,3.00,FT,X,away
26-11-2023,Tottenham,Aston Villa,,1-2,1.45,DC,1X,away
26-11-2023,Empoli,Sassuolo,,3-4,2.45,FT,2,away
26-11-2023,Frosinone,Genoa,,2-1,2.50,FT,1,home
26-11-2023,Lorient,Metz,,2-3,1.25,DC,1X,away
26-11-2023,Montpellier,Brest,,1-3,2.30,FT,1,away
26-11-2023,Nantes,Le Havre,,0-0,1.40,DC,1X,draw
26-11-2023,Heidenheim,Bochum,,0-0,2.20,FT,1,draw
26-11-2023,Randers,Odense,,0-1,2.00,FT,1,away
26-11-2023,Mirandes,Oviedo,,2-1,2.90,FT,X,home
26-11-2023,Basel,St. Gallen,,2-0,1.95,FT,2,home
26-11-2023,Sparta,Utrecht,,1-2,2.35,FT,1,away
26-11-2023,Rennes,Reims,,3-1,3.50,FT,X,home
26-11-2023,Everton,Manchester Utd,,0-3,2.70,FT,1,away
26-11-2023,Hoffenheim,Mainz,,1-1,1.90,FT,1,draw
26-11-2023,Juventus,Inter,,1-1,3.25,FT,X,draw
26-11-2023,Olympique Lyon,Lille,,0-2,2.40,FT,2,away
25-11-2023,Burnley,West Ham,,1-2,2.00,FT,2,away
25-11-2023,Luton,Crystal Palace,,2-1,2.10,FT,2,home
25-11-2023,Newcastle,Chelsea,,4-1,1.45,DC,1X,home
25-11-2023,Nottingham,Brighton,,2-3,2.20,FT,2,away
25-11-2023,Sheffield Utd,Bournemouth,,1-3,2.20,FT,2,away
25-11-2023,Birmingham,Sheffield Wed,,2-1,2.10,FT,1,home
25-11-2023,Bristol City,Middlesbrough,,3-2,1.30,DC,X2,home
25-11-2023,Millwall,Coventry,,0-3,3.10,FT,X,away
25-11-2023,Plymouth,Sunderland,,2-0,2.00,FT,2,home
25-11-2023,Preston,Cardiff,,1-2,3.10,FT,X,away
25-11-2023,Stoke,Blackburn,,0-3,2.15,FT,1,away
25-11-2023,Swansea,Hull,,2-2,3.20,FT,X,draw
25-11-2023,Atalanta,Napoli,,1-2,1.45,DC,X2,away
25-11-2023,WBA,Ipswich,,2-0,2.55,FT,2,home
25-11-2023,Eintracht Frankfurt,Stuttgart,,1-2,2.60,FT,2,away
25-11-2023,Milan,Fiorentina,,1-0,2.05,FT,1,home
24-11-2023,LKS Lodz,Zaglebie,,0-2,2.20,FT,2,away
24-11-2023,Hannover,Hertha Berlin,,2-2,3.60,FT,X,draw
24-11-2023,Mannheim,Verl,,1-2,2.20,FT,2,away
24-11-2023,Hvidovre IF,Vejle Kolding,,1-1,2.20,FT,2,draw
24-11-2023,Dordrecht,ADO Den Haag,,2-2,3.55,FT,X,draw
24-11-2023,Helmond,Emmen,,1-2,1.40,DC,X2,away
24-11-2023,Telstar,Willem II,,1-5,1.95,FT,2,away
24-11-2023,VVV Venlo,Cambuur,,1-2,2.30,FT,2,away
24-11-2023,Sampdoria,Spezia,,2-1,1.30,DC,1X,home
24-11-2023,Jagiellonia,Piast Gliwice,,0-0,2.60,FT,1,draw
24-11-2023,Boston River,Montevideo City,,2-0,3.15,FT,X,home
24-11-2023,Vizela,Estrela Amadora,,1-1,2.00,FT,1,draw
24-11-2023,Trento,AlbinoLeffe,,1-2,3.00,FT,X,away
24-11-2023,Foggia,Latina,,1-2,1.25,DC,1X,away
24-11-2023,St. Truiden,Antwerp,,1-1,1.90,FT,2,draw
24-11-2023,Huesca,Valladolid,,0-1,2.45,FT,2,away
22-11-2023,Barnet,Oldham,,1-4,1.20,DC,1X,away
22-11-2023,Cruzeiro,Vasco,,2-2,1.30,DC,1X,draw
22-11-2023,Boca Juniors,Estudiantes,,2-3,2.85,FT,X,away
22-11-2023,Fluminense,Sao Paulo,,1-0,3.10,FT,X,home
22-11-2023,Puntarenas,Alajuelense,,1-2,1.35,DC,X2,away
22-11-2023,Palestino,Everton CD,,0-2,2.00,FT,1,away
22-11-2023,Fortaleza CE,Botafogo,,2-2,3.20,FT,2,draw
22-11-2023,Defensa y Justicia,San Lorenzo,,1-0,2.90,FT,X,home
22-11-2023,Atl. Nacional,Millonarios,,1-1,3.05,FT,2,draw
22-11-2023,Atl. San Luis,Leon,,3-2,2.35,FT,2,home
22-11-2023,Macarthur,Melbourne Victory,,1-1,2.15,FT,2,draw
22-11-2023,Kawasaki Frontale,Kashima Antlers,,3-0,1.95,FT,1,home
22-11-2023,Incheon United,Ulsan,,3-1,2.30,FT,1,home
22-11-2023,Hermannstadt,CSMS Iasi,,0-0,1.95,FT,1,draw
22-11-2023,Hannover,Hertha Berlin,,2-2,3.60,FT,X,draw
22-11-2023,Mannheim,Verl,,1-2,2.20,FT,2,away
21-11-2023,R.Ireland U21,Italy U21,,2-2,1.85,FT,2,draw
21-11-2023,Saint Vincent,Belize,,3-0,2.70,FT,1,home
21-11-2023,Belgium U21,Spain U21,,1-1,1.95,FT,2,draw
21-11-2023,Hungary U21,Scotland U21,,0-0,3.00,FT,2,draw
21-11-2023,Leyton Orient,Lincoln,,0-1,1.95,FT,1,away
21-11-2023,Bonnyrigg Rose,East Fife,,4-2,2.55,FT,2,home
21-11-2023,Elgin,Forfar,,1-0,2.20,FT,2,home
21-11-2023,Wales,Turkey,,1-1,1.30,DC,12,draw
21-11-2023,Romania,Switzerland,,1-0,2.00,FT,2,home
21-11-2023,Halifax,Fylde,,2-2,1.95,FT,1,draw
21-11-2023,Kidderminster,Hartlepool,,1-1,2.30,FT,2,draw
21-11-2023,Rochdale,Altrincham,,3-0,2.15,FT,1,home
21-11-2023,Solihull,Gateshead,,1-2,1.85,FT,2,away
21-11-2023,Paraguay,Colombia,,0-1,1.30,DC,X2,away
21-11-2023,Brazil,Argentina,,0-1,1.35,DC,1X,away
21-11-2023,Peru,Venezuela,,1-1,3.00,FT,X,draw
20-11-2023,Sweden U21,Netherlands U21,,2-4,1.85,FT,2,away
20-11-2023,Vis Pesaro,Torres,,1-2,1.25,DC,X2,away
20-11-2023,Ukraine,Italy,,0-0,1.80,FT,2,draw
20-11-2023,Levante,Santander,,2-4,1.30,DC,1X,away
20-11-2023,Hong Kong,Turkmenistan,,2-2,1.45,DC,X2,draw
20-11-2023,Montenegro U21,Albania U21,,0-0,2.15,FT,1,draw
20-11-2023,Turkey U21,Norway U21,,2-0,2.70,FT,2,home
20-11-2023,Swindon,Exeter,,0-1,2.45,FT,1,away
20-11-2023,Burton,Mansfield,,2-1,3.10,FT,2,home
20-11-2023,Milton Keynes Dons,Northampton,,3-2,2.75,FT,2,home
20-11-2023,Bradford City,Barnsley,,5-1,3.40,FT,X,home
20-11-2023,Colchester,Peterborough,,1-0,2.40,FT,2,home
20-11-2023,Leyton Orient,Lincoln,,0-1,1.95,FT,1,away
20-11-2023,Elgin,Forfar,,1-0,2.20,FT,2,home
20-11-2023,Wales,Turkey,,1-1,2.15,FT,1,draw
20-11-2023,Romania,Switzerland,,1-0,2.00,FT,2,home
19-11-2023,Os Belenenses,Penafiel,,2-0,3.20,FT,X,home
19-11-2023,Penybont,Newtown,,1-1,2.00,FT,1,draw
19-11-2023,Monopoli,Benevento,,3-0,1.25,DC,X2,home
19-11-2023,Eldense,Mirandes,,2-2,2.10,FT,1,draw
19-11-2023,Oviedo,Eibar,,2-1,2.90,FT,X,home
19-11-2023,Maritimo,Torreense,,1-2,1.20,DC,1X,away
19-11-2023,MVV,NAC Breda,,1-4,2.10,FT,2,away
19-11-2023,Cyprus,Lithuania,,1-0,3.10,FT,2,home
19-11-2023,Potenza,Audace,,2-2,3.05,FT,X,draw
19-11-2023,Cartagena,Albacete,,1-1,2.55,FT,1,draw
19-11-2023,Villarreal II,Andorra,,0-0,3.10,FT,X,draw
19-11-2023,Danubio,Penarol,,2-1,2.00,FT,2,home
19-11-2023,Scotland,Norway,,3-3,2.05,FT,1,draw
19-11-2023,B&H,Slovakia,,1-2,2.40,FT,1,away
19-11-2023,Millonarios,America De Cali,,2-1,2.05,FT,1,home
19-11-2023,Ind. Medellin,Atl. Nacional,,2-1,1.30,DC,1X,home
18-11-2023,Morton,Airdrie,,0-0,2.50,FT,2,draw
18-11-2023,Dunfermline,Inverness,,1-1,2.30,FT,1,draw
18-11-2023,Alcorcon,Gijon,,0-0,2.40,FT,2,draw
18-11-2023,Pro Sesto,AlbinoLeffe,,2-0,2.90,FT,X,home
18-11-2023,Casertana,Crotone,,1-1,2.90,FT,X,draw
18-11-2023,Tondela,Feirense,,2-0,1.95,FT,1,home
18-11-2023,Niger,Tanzania,,0-1,1.30,DC,X2,away
18-11-2023,Widzew,Ruch Chorzow,,2-1,1.90,FT,1,home
18-11-2023,Amorebieta,Tenerife,,2-0,1.30,DC,X2,home
18-11-2023,Zaragoza,Huesca,,0-2,2.00,FT,1,away
18-11-2023,Antigua and Barbuda,Puerto Rico,,2-3,2.05,FT,2,away
18-11-2023,Cerro Largo,Plaza Colonia,,4-0,1.35,DC,1X,home
18-11-2023,Israel,Romania,,1-2,2.75,FT,1,away
18-11-2023,Espanyol,Elche,,2-0,2.05,FT,1,home
18-11-2023,Vitoria,Sport Recife,,1-0,2.60,FT,2,home
18-11-2023,Fortaleza,Cruzeiro,,0-1,2.10,FT,1,away
17-11-2023,Cyprus U21,B&H U21,,1-2,1.90,FT,2,away
17-11-2023,Finland,Northern Ireland,,4-0,1.25,DC,1X,home
17-11-2023,Den Bosch,Telstar,,1-4,1.60,DC,X2,away
17-11-2023,Burkina Faso,Guinea Bissau,,1-1,1.20,DC,1X,draw
17-11-2023,Falkirk,Dundee Utd,,4-2,2.05,FT,2,home
17-11-2023,Hamilton,Raith,,1-4,2.25,FT,2,away
17-11-2023,Poland,Czech Republic,,1-1,3.00,FT,2,draw
17-11-2023,VVV Venlo,Willem II,,1-3,2.20,FT,2,away
17-11-2023,Valladolid,Leganes,,1-1,2.00,FT,1,draw
17-11-2023,Ituano,Chapecoense,,0-0,3.10,FT,X,draw
17-11-2023,Jamaica,Canada,,1-2,3.10,FT,X,away
17-11-2023,Belize,French Guiana,,1-0,2.20,FT,2,home
17-11-2023,Armenia,Wales,,1-1,1.90,FT,2,draw
17-11-2023,Morton,Airdrie,,0-0,2.50,FT,2,draw
17-11-2023,Alcorcon,Gijon,,0-0,2.40,FT,2,draw
17-11-2023,Casertana,Crotone,,1-1,3.00,FT,X,draw
16-11-2023,Budejovice,Jablonec,,1-2,1.40,DC,1X,away
16-11-2023,Sudan,Togo,,1-1,2.25,FT,2,draw
16-11-2023,Gabon,Kenya,,2-1,2.00,FT,1,home
16-11-2023,Slovakia U21,Croatia U21,,2-2,2.35,FT,2,draw
16-11-2023,Georgia,Scotland,,2-2,1.30,DC,X2,draw
16-11-2023,Malta U21,Kazakhstan U21,,0-2,2.20,FT,2,away
16-11-2023,Wales U21,Iceland U21,,1-0,3.30,FT,X,home
16-11-2023,British Virgin Islands,Dominica,,1-2,1.90,FT,2,away
16-11-2023,Cape Verde,Angola,,0-0,1.90,FT,1,draw
16-11-2023,Boston River,La Luz,,1-2,2.10,FT,1,away
16-11-2023,Luxembourg,B&H,,4-1,2.50,FT,2,home
16-11-2023,Bolivia,Peru,,2-0,2.10,FT,1,home
16-11-2023,Saint Kitts and Nevis,Saint Lucia,,0-0,2.25,FT,2,draw
16-11-2023,Venezuela,Ecuador,,0-0,3.00,FT,X,draw
16-11-2023,Colombia,Brazil,,2-1,1.30,DC,X2,home
16-11-2023,Chile,Paraguay,,0-0,1.85,FT,1,draw
15-11-2023,Cerro,Defensor Sp.,,1-1,1.85,FT,2,draw
15-11-2023,Dep.Maldonado,Wanderers,,3-0,1.25,DC,1X,home
15-11-2023,Millonarios,Atl. Nacional,,1-1,2.00,FT,1,draw
15-11-2023,Macedonia U21,Georgia U21,,0-1,3.30,FT,X,away
15-11-2023,Thailand,China,,1-2,2.20,FT,1,away
15-11-2023,River M.,Fenix,,1-0,1.35,DC,1X,home
15-11-2023,Tajikistan,Jordan,,1-1,3.15,FT,X,draw
15-11-2023,Sudan,Togo,,1-1,2.25,FT,2,draw
15-11-2023,Gabon,Kenya,,2-1,2.00,FT,1,home
15-11-2023,Georgia,Scotland,,2-2,1.30,DC,X2,draw
15-11-2023,Malta U21,Kazakhstan U21,,0-2,2.20,FT,2,away
15-11-2023,Wales U21,Iceland U21,,1-0,3.30,FT,X,home
15-11-2023,British Virgin Islands,Dominica,,1-2,1.90,FT,2,away
15-11-2023,Cape Verde,Angola,,0-0,1.90,FT,1,draw
15-11-2023,Boston River,La Luz,,1-2,2.10,FT,1,away
15-11-2023,Luxembourg,B&H,,4-1,2.50,FT,2,home
14-11-2023,Tranmere,Wigan,,0-0,1.80,FT,2,draw
14-11-2023,Shrewsbury,Walsall,,3-2,2.05,FT,1,home
14-11-2023,Stockport County,Bolton,,0-2,2.45,FT,1,away
14-11-2023,Burton,Port Vale,,0-2,2.30,FT,1,away
14-11-2023,Salford,Peterborough,,3-3,1.95,FT,2,draw
14-11-2023,Accrington,Doncaster,,1-1,2.20,FT,1,draw
14-11-2023,York City,Chester,,2-1,2.15,FT,1,home
14-11-2023,Stenhousemuir,Peterhead,,2-0,1..35,DC,1X,home
14-11-2023,Newport,Bristol Rovers,,0-1,2.05,FT,2,away
14-11-2023,Hampton & Richmond,St. Albans,,Postp,2.15,FT,1,postponed
14-11-2023,Truro,Taunton,,Postp,2.15,FT,1,postponed
14-11-2023,Worthing,Dartford,,3-4,1.95,FT,1,away
14-11-2023,Curzon,B.Spartans,,3-1,1.30,DC,1X,home
14-11-2023,Hereford,Banbury,,4-1,2.00,FT,1,home
14-11-2023,Peterborough Sports,Boston Utd,,0-2,2.50,FT,2,away
14-11-2023,Southport,Farsley,,1-1,1.30,DC,1X,draw
13-11-2023,Hobro,Hillerod,,0-0,2.15,FT,1,draw
13-11-2023,Ruch Chorzow,Radomiak Radom,,0-0,1.45,DC,1X,draw
13-11-2023,UTA Arad,Otelul,,2-4,2.90,FT,X,away
13-11-2023,Pro Vercelli,Novara,,3-3,1.95,FT,1,draw
13-11-2023,Lucchese,Entella,,1-0,2.60,FT,2,home
13-11-2023,Juve Stabia,Foggia,,0-0,2.00,FT,1,draw
13-11-2023,Coleraine,Glentoran,,0-0,2.40,FT,1,draw
13-11-2023,Le Mans,Chateauroux,,1-1,1.90,FT,1,draw
13-11-2023,Resistencia,Guarani,,0-1,1.80,FT,2,away
13-11-2023,Sarmiento Junin,Godoy Cruz,,0-0,1.35,DC,X2,draw
13-11-2023,Sportivo Trinidense,Nacional Asuncion,,1-1,2.30,FT,2,draw
13-11-2023,Burton,Port Vale,,0-2,2.30,FT,1,away
13-11-2023,Salford,Peterborough,,3-3,1.95,FT,2,draw
13-11-2023,Accrington,Doncaster,,1-1,2.20,FT,1,draw
13-11-2023,York City,Chester,,2-1,2.15,FT,1,home
13-11-2023,Stenhousemuir,Peterhead,,2-0,1..35,DC,1X,home
12-11-2023,West Ham,Nottingham,,3-2,1.95,FT,1,home
12-11-2023,Fiorentina,Bologna,,2-1,2.10,FT,1,home
12-11-2023,Udinese,Atalanta,,1-1,2.00,FT,2,draw
12-11-2023,Clermont,Lorient,,1-0,2.10,FT,1,home
12-11-2023,Metz,Nantes,,3-1,2.45,FT,2,home
12-11-2023,Brescia,Cremonese,,0-3,1.85,FT,2,away
12-11-2023,RW Essen,Mannheim,,2-0,1.90,FT,1,home
12-11-2023,Boavista,SC Farense,,1-3,1.30,DC,1X,away
12-11-2023,Gil Vicente,Rio Ave,,1-1,1.30,DC,1X,draw
12-11-2023,Roda,Groningen,,0-0,2.15,FT,1,draw
12-11-2023,Werder,Eintracht Frankfurt,,2-2,2.30,FT,2,draw
12-11-2023,Lazio,Roma,,0-0,2.85,FT,1,draw
12-11-2023,Sevilla,Betis,,1-1,1.35,DC,1X,draw
12-11-2023,Huesca,Espanyol,,1-1,2.10,FT,2,draw
12-11-2023,Lens,Olympique Marseille,,1-0,3.45,FT,X,home
12-11-2023,Benfica,Sporting CP,,2-1,3.45,FT,X,home
11-11-2023,Crystal Palace,Everton,,2-3,1.35,DC,1X,away
11-11-2023,Cardiff,Norwich,,2-3,2.00,FT,1,away
11-11-2023,Coventry,Stoke,,0-0,2.30,FT,1,draw
11-11-2023,Middlesbrough,Leicester,,1-0,2.30,FT,2,home
11-11-2023,QPR,Bristol City,,0-0,2.70,FT,1,draw
11-11-2023,Sheffield Wed,Millwall,,0-4,3.00,FT,X,away
11-11-2023,Southampton,WBA,,2-1,1.90,FT,1,home
11-11-2023,Bolton,Blackpool,,1-0,2.10,FT,1,home
11-11-2023,Modena,Sampdoria,,0-2,1.25,DC,1X,away
11-11-2023,Santander,Valladolid,,2-3,2.70,FT,2,away
11-11-2023,Bochum,Koln,,1-1,2.45,FT,1,draw
11-11-2023,Granada,Getafe,,1-1,1.50,DC,X2,draw
11-11-2023,Osasuna,Las Palmas,,1-1,1.95,FT,1,draw
11-11-2023,Elche,Zaragoza,,2-0,1.80,FT,1,home
11-11-2023,Mirandes,Ferrol,,1-2,3.00,FT,X,away
11-11-2023,Monza,Torino,,1-1,3.10,FT,X,draw
10-11-2023,Ankaragucu,Antalyaspor,,0-4,3.25,FT,X,away
10-11-2023,Slaven Belupo,Gorica,,0-0,2.35,FT,2,draw
10-11-2023,Schalke,Elversberg,,1-2,2.00,FT,1,away
10-11-2023,Wil,Bellinzona,,0-0,1.85,FT,1,draw
10-11-2023,Sepsi,Rapid Bucuresti,,0-0,2.50,FT,2,draw
10-11-2023,MTK,Zalaegerszegi,,2-0,2.25,FT,1,home
10-11-2023,Telstar,De Graafschap,,1-2,1.90,FT,2,away
10-11-2023,Oss,MVV,,0-1,2.45,FT,2,away
10-11-2023,B. Monchengladbach,Wolfsburg,,4-0,2.40,FT,1,home
10-11-2023,Venezia,Catanzaro,,2-1,3.30,FT,X,home
10-11-2023,Leganes,Levante,,2-1,1.25,DC,1X,home
10-11-2023,Genoa,Verona,,1-0,1.95,FT,1,home
10-11-2023,Westerlo,St. Truiden,,3-3,2.50,FT,2,draw
10-11-2023,Blackburn,Preston,,1-2,1.95,FT,1,away
10-11-2023,Montpellier,Nice,,0-0,1.30,DC,X2,draw
10-11-2023,Estoril,Casa Pia,,4-0,1.40,DC,1X,home
09-11-2023,LASK,St.Gilloise,,3-0,2.00,FT,2,home
09-11-2023,Slavia Prague,AS Roma,,2-0,1.40,DC,X2,home
09-11-2023,Plzen,D. Zagreb,,1-0,2.10,FT,1,home
09-11-2023,Besiktas,Bodo/Glimt,,1-2,2.15,FT,1,away
09-11-2023,Ferencvaros,Genk,,1-1,2.35,FT,1,draw
09-11-2023,AEK,Olympique Marseille,,0-2,2.70,FT,2,away
09-11-2023,Rangers,Sparta Prague,,2-1,2.00,FT,1,home
09-11-2023,Hacken,Molde,,1-3,2.60,FT,1,away
09-11-2023,Olimpija,Ki Klaksvik,,2-0,1.90,FT,1,home
09-11-2023,Ludogorets,Fenerbahce,,2-0,1.85,FT,2,home
09-11-2023,Corinthians,Atletico-MG,,1-1,2.35,FT,2,draw
09-11-2023,Goias,Santos,,0-1,2.35,FT,1,away
09-11-2023,Botafogo RJ,Gremio,,3-4,1.35,DC,1X,away
09-11-2023,Aluminij,Bravo,,1-1,1.40,DC,X2,draw
09-11-2023,Trencin,Zilina,,0-0,2.00,FT,1,draw
09-11-2023,Schalke,Elversberg,,1-2,2.00,FT,1,away
08-11-2023,Osijek,Hajduk Split,,0-1,2.85,FT,1,away
08-11-2023,Polonia Bytom,Arka Gdynia,,1-1,1.25,DC,X2,draw
08-11-2023,Leko,Spezia,,0-0,1.25,DC,X2,draw
08-11-2023,Polokwane,Supersport Utd,,1-1,2.25,FT,2,draw
08-11-2023,Swallows,TS Galaxy,,1-0,2.25,FT,1,home
08-11-2023,St. Mirren,Hibernian,,2-2,1.40,DC,1X,draw
08-11-2023,Athletico-PR,Fortaleza,,1-1,1.95,FT,1,draw
08-11-2023,Sao Paulo,Bragantino,,1-0,3.20,FT,X,home
08-11-2023,New England,Philadelphia,,0-1,2.20,FT,1,away
08-11-2023,Tecnico U.,LDU Quito,,0-2,2.00,FT,2,away
08-11-2023,Flamengo RJ,Palmeiras,,3-0,3.20,FT,X,home
08-11-2023,Atl. Nacional,Deportes Tolima,,2-3,1.95,FT,1,away
08-11-2023,Jaguares de Cordoba,Aguilas,,0-1,2.10,FT,2,away
08-11-2023,CD Equidad,Millonarios,,2-1,2.25,FT,1,home
08-11-2023,U. Magdalena,Ind. Medellin,,0-4,2.00,FT,2,away
08-11-2023,Alianza Lima,Universitario,,0-2,2.50,FT,1,away
07-11-2023,Royal AM,Golden Arrows,,1-0,3.10,FT,X,home
07-11-2023,Stellenbosch,Richards Bay,,2-1,3.10,FT,X,home
07-11-2023,Dortmund,Newcastle,,2-0,2.60,FT,2,home
07-11-2023,Doncaster,Burton,,2-1,2.70,FT,1,home
07-11-2023,Leyton Orient,Portsmouth,,1-2,2.10,FT,2,away
07-11-2023,Wrexham,Port Vale,,2-1,1.35,DC,1X,home
07-11-2023,Shrewsbury,Bolton,,0-2,1.90,FT,2,away
07-11-2023,Wigan,Peterborough,,2-1,1.30,DC,X2,home
07-11-2023,Colchester,Swindon,,3-1,2.40,FT,2,home
07-11-2023,St Johnstone,Motherwell,,2-2,2.70,FT,1,draw
07-11-2023,Braintree,St. Albans,,4-0,2.20,FT,1,home
07-11-2023,Dartford,Chelmsford City,,1-2,2.20,FT,1,away
07-11-2023,Dover Athletic,Welling Utd.,,2-2,2.30,FT,1,draw
07-11-2023,Reading,Bristol Rovers,,1-1,1.30,DC,12,draw
07-11-2023,Lazio,Feyenoord,,1-0,2.65,FT,2,home
07-11-2023,Milan,PSG,,2-1,2.30,FT,2,home
06-11-2023,Gaziantep,Rizespor,,2-0,2.20,FT,1,home
06-11-2023,Kayserispor,Alanyaspor,,1-0,1.95,FT,1,home
06-11-2023,Frosinone,Empoli,,2-1,2.15,FT,1,home
06-11-2023,Brondby,Aarhus,,1-1,1.90,FT,1,draw
06-11-2023,Aalesund,Sandefjord,,0-3,2.25,FT,1,away
06-11-2023,Gornik,Cracovia K.,,1-0,2.50,FT,1,home
06-11-2023,Goteborg,AIK,,1-1,2.20,FT,1,draw
06-11-2023,Hermannstadt,Cluj,,1-0,2.20,FT,2,home
06-11-2023,Eindhoven,Roda,,1-1,1.35,DC,X2,draw
06-11-2023,Rimini,Spal,,1-0,2.45,FT,2,home
06-11-2023,Torino,Sassuolo,,2-1,1.30,DC,1X,home
06-11-2023,Guingamp,Auxerre,,2-1,2.15,FT,2,home
06-11-2023,Tottenham,Chelsea,,1-4,2.20,FT,1,away
06-11-2023,Getafe,Cadiz,,1-0,1.90,FT,1,home
06-11-2023,Zaragoza,Oviedo,,0-0,2.80,FT,X,draw
06-11-2023,Farense,Arouca,,2-0,1.35,DC,1X,home
05-11-2023,Dundee,Livingston,,1-0,1.95,FT,1,home
05-11-2023,Cagliari,Genoa,,2-1,3.20,FT,X,home
05-11-2023,Nantes,Reims,,0-1,3.20,FT,X,away
05-11-2023,Strasbourg,Clermont,,0-0,2.35,FT,1,draw
05-11-2023,Toulouse,Le Havre,,1-2,2.15,FT,1,away
05-11-2023,Cremonese,Spezia,,3-0,1.25,DC,1X,home
05-11-2023,Amorebieta,Huesca,,0-1,2.85,FT,X,away
05-11-2023,Casa Pia,Vizela,,0-1,1.30,DC,1X,away
05-11-2023,Moreirense,Guimaraes,,1-0,2.60,FT,2,home
05-11-2023,LASK,Sturm Graz,,3-1,3.30,FT,X,home
05-11-2023,Villarreal,Ath Bilbao,,2-3,2.35,FT,2,away
05-11-2023,Alcorcon,Santander,,3-1,3.05,FT,X,home
05-11-2023,Cartagena,Leganes,,0-3,1.40,DC,X2,away
05-11-2023,Rio Ave,Boavista,,2-0,2.60,FT,1,home
05-11-2023,Fiorentina,Juventus,,0-1,2.50,FT,2,away
05-11-2023,Eldense,Burgos,,2-0,2.30,FT,1,home
04-11-2023,Brentford,West Ham,,3-2,2.05,FT,1,home
04-11-2023,Burnley,Crystal Palace,,0-2,2.60,FT,2,away
04-11-2023,Everton,Brighton,,1-1,3.10,FT,1,draw
04-11-2023,Sheffield Utd,Wolverhampton,,2-1,2.00,FT,2,home
04-11-2023,Birmingham,Ipswich,,2-2,1.90,FT,2,draw
04-11-2023,Bristol City,Sheffield Wed,,1-0,2.10,FT,1,home
04-11-2023,Huddersfield,Watford,,0-0,2.35,FT,2,draw
04-11-2023,Millwall,Southampton,,0-1,2.05,FT,2,away
04-11-2023,Plymouth,Middlesbrough,,3-3,1.90,FT,2,draw
04-11-2023,Preston,Coventry,,3-2,1.45,DC,X2,home
04-11-2023,Rotherham,QPR,,1-1,2.70,FT,2,draw
04-11-2023,Stoke,Cardiff,,0-0,2.15,FT,1,draw
04-11-2023,Swansea,Sunderland,,0-0,2.60,FT,2,draw
04-11-2023,WBA,Hull,,3-1,2.00,FT,1,home
04-11-2023,Newcastle,Arsenal,,1-0,1.45,DC,X2,home
04-11-2023,Sociedad,Barcelona,,0-1,1.35,DC,X2,away
03-11-2023,CSMS Iasi,Otelul Galati,,1-1,2.30,FT,1,draw
03-11-2023,Lok. Zagreb,Rijeka,,1-1,2.10,FT,2,draw
03-11-2023,Elversberg,St. Pauli,,0-2,1.95,FT,2,away
03-11-2023,HB Koge,Horsens,,1-4,1.95,FT,2,away
03-11-2023,Schaffhausen,Stade Nyonnais,,1-1,1.40,DC,1X,draw
03-11-2023,Xamax,Wil,,2-2,1.85,FT,1,draw
03-11-2023,De Graafschap,NAC Breda,,1-0,2.60,FT,2,home
03-11-2023,Aarau,Thun,,5-2,2.00,FT,2,home
03-11-2023,Darmstadt,Bochum,,1-2,2.35,FT,1,away
03-11-2023,Morton,Dunfermline,,1-2,3.25,FT,X,away
03-11-2023,Bologna,Lazio,,1-0,1.50,DC,X2,home
03-11-2023,Drogheda,Shelbourne,,2-4,1.95,FT,2,away
03-11-2023,Pro Sesto,Renate,,1-1,2.20,FT,2,draw
03-11-2023,Virtus Verona,Trento,,4-0,3.00,FT,X,home
03-11-2023,Leicester,Leeds,,0-1,2.00,FT,1,away
03-11-2023,Espanyol,Eibar,,2-2,1.30,DC,1X,draw
02-11-2023,Gloria Buzau,Farul Constanta,,1-0,1.50,FT,2,home
02-11-2023,Altach,BW Linz,,2-0,1.35,DC,1X,home
02-11-2023,Olbia,Pineto,,1-0,2.85,FT,X,home
02-11-2023,Rostov,Ural,,2-1,1.40,DC,1X,home
02-11-2023,Univ. Cluj,Cluj,,1-1,1.40,DC,X2,draw
02-11-2023,Randers,Brondby,,0-1,1.90,FT,2,away
02-11-2023,Oss,Eindhoven,,0-1,2.25,FT,2,away
02-11-2023,Cuiaba,Vasco da Gama,,0-2,2.30,FT,1,away
02-11-2023,Goias,Bragantino,,0-2,1.95,FT,2,away
02-11-2023,Melbourne City,Sydney,,2-0,2.00,FT,1,home
02-11-2023,Smouha,Al Ittihad,,0-1,3.05,FT,X,away
02-11-2023,Al Taee,Al Feiha,,3-3,2.65,FT,1,draw
02-11-2023,CSMS Iasi,Otelul Galati,,1-1,2.30,FT,1,draw
02-11-2023,Lok. Zagreb,Rijeka,,1-1,2.10,FT,2,draw
02-11-2023,Elversberg,St. Pauli,,0-2,1.95,FT,2,away
02-11-2023,Botev Plovdiv,Lok. Plovdiv,,0-0,2.15,FT,1,draw
01-11-2023,Holstein Kiel,Magdeburg,,2-2,2.20,FT,1,draw
01-11-2023,Viborg,Nordsjaelland,,2-3,1.80,FT,2,away
01-11-2023,Spartak Moscow,Krasnodar,,2-3,1.50,DC,1X,away
01-11-2023,Dender,Kortrijk,,1-1,1.95,FT,2,draw
01-11-2023,Fredericia,Odense,,3-1,1.40,DC,X2,home
01-11-2023,West Ham,Arsenal,,3-1,2.15,FT,2,home
01-11-2023,Fleetwood,Blackpool,,3-3,2.35,FT,2,draw
01-11-2023,Everton,Burnley,,3-0,1.70,FT,1,home
01-11-2023,Ipswich,Fulham,,1-3,2.10,FT,2,away
01-11-2023,Motherwell,Aberdeen,,1-4,2.65,FT,2,away
01-11-2023,St Johnstone,Kilmarnock,,2-1,2.25,FT,2,home
01-11-2023,Hertha Berlin,Mainz,,3-0,2.70,FT,1,home
01-11-2023,Nurnberg,Hansa Rostock,,2-2,1.90,FT,1,draw
01-11-2023,Den Bosch,Excelsior,,1-1,1.90,FT,2,draw
01-11-2023,Udinese,Cagliari,,1-1,1.20,DC,1X,draw
01-11-2023,Manchester Utd,Newcastle,,0-3,2.10,FT,1,away
31-10-2023,Chindia T.,Petrolul,,0-2,1.65,FT,2,away
31-10-2023,Wolfsburg,RB Leipzig,,1-0,1.65,FT,2,home
31-10-2023,Baltika,Akhmat Grozny,,4-1,2.90,FT,2,home
31-10-2023,De Graafschap,FC Emmen,,2-0,2.90,FT,2,home
31-10-2023,Otelul Galati,FCSB,,1-1,1.20,DC,X2,draw
31-10-2023,Copenhagen,Midtjylland,,1-0,1.95,FT,1,home
31-10-2023,Lincoln,Oxford Utd,,0-2,1.30,DC,12,away
31-10-2023,Wigan,Charlton,,2-3,2.70,FT,2,away
31-10-2023,Mansfield,Port Vale,,0-1,2.00,FT,1,away
31-10-2023,Kaiserslautern,FC Koln,,3-2,1.40,DC,X2,home
31-10-2023,Morton,Raith,,1-2,2.40,FT,2,away
31-10-2023,Boston Utd,Scunthorpe,,1-1,2.90,FT,1,draw
31-10-2023,Tigre,Godoy Cruz,,1-0,2.95,FT,X,home
31-10-2023,Cordoba Santiago,Union de Santa Fe,,2-0,2.85,FT,X,home
31-10-2023,Queretaro,Guadalajara Chivas,,1-2,3.30,FT,X,away
31-10-2023,Club Leon,Pumas Unam,,1-1,1.95,FT,1,draw
30-10-2023,Botosani,Univ. Cluj,,0-3,2.20,FT,2,away
30-10-2023,Sundsvall,Orgryte,,1-0,2.15,FT,1,home
30-10-2023,Goteborg,Elfsborg,,1-2,2.10,FT,2,away
30-10-2023,Utrecht II,MVV,,1-1,2.25,FT,1,draw
30-10-2023,Talleres,Banfield,,0-0,3.05,FT,X,draw
30-10-2023,Lazio,Fiorentina,,1-0,2.20,FT,1,home
30-10-2023,Arezzo,Gubbio,,1-0,2.95,FT,X,home
30-10-2023,Cesena,Carrarese,,2-1,1.90,FT,1,home
30-10-2023,Perugia,Virtus Entella,,2-1,2.00,FT,1,home
30-10-2023,Vis Pesaro,Pineto,,1-1,2.95,FT,X,draw
30-10-2023,St Etienne,Angers,,2-0,1.40,DC,1X,home
30-10-2023,Coventry,WBA,,0-2,2.25,FT,1,away
30-10-2023,Granada,Villarreal,,2-3,1.40,DC,X2,away
30-10-2023,Burgos,Zaragoza,,1-1,1.35,DC,1X,draw
30-10-2023,Lanus,Belgrano,,2-0,2.95,FT,X,home
30-10-2023,Sarmiento,San Lorenzo,,0-0,2.35,FT,2,draw
29-10-2023,Monza,Udinese,,1-1,2.10,FT,1,draw
29-10-2023,Lille,Monaco,,2-0,2.90,FT,2,home
29-10-2023,Metz,Le Havre,,0-0,2.50,FT,1,draw
29-10-2023,Eintracht Frankfurt,Dortmund,,3-3,2.15,FT,2,draw
29-10-2023,Brescia,Bari,,1-2,3.00,FT,X,away
29-10-2023,Modena,Ternana,,2-1,1.85,FT,1,home
29-10-2023,Venezia,Pisa,,2-1,2.00,FT,1,home
29-10-2023,Rayo Vallecano,Real Sociedad,,2-2,2.35,FT,2,draw
29-10-2023,Huesca,Albacete,,0-0,2.90,FT,X,draw
29-10-2023,Rio Ave,Farense,,3-4,1.35,DC,1X,away
29-10-2023,Rapid Vienna,LASK,,3-3,1.35,DC,1X,draw
29-10-2023,Oviedo,Alcorcon,,2-0,1.90,FT,1,home
29-10-2023,Estrela,Famalicao,,1-0,1.50,DC,X2,home
29-10-2023,Valerenga,Rosenborg,,1-3,1.75,FT,1,away
29-10-2023,Napoli,Milan,,2-2,2.20,FT,1,draw
29-10-2023,Racing Santander,Ferrol,,1-3,2.20,FT,1,away
28-10-2023,Bournemouth,Burnley,,2-1,2.10,FT,1,home
28-10-2023,Blackburn,Swansea,,0-1,2.00,FT,1,away
28-10-2023,Cardiff,Bristol City,,2-0,2.20,FT,1,home
28-10-2023,Hull,Preston,,1-0,2.00,FT,1,home
28-10-2023,Sunderland,Norwich,,3-1,2.00,FT,1,home
28-10-2023,Watford,Millwall,,2-2,2.05,FT,1,draw
28-10-2023,Burton,Leyton Orient,,0-0,2.65,FT,2,draw
28-10-2023,Cambridge Utd,Carlisle,,1-0,3.20,FT,X,home
28-10-2023,Charlton,Bolton,,0-2,2.35,FT,1,away
28-10-2023,Exeter,Lincoln,,1-1,2.95,FT,2,draw
28-10-2023,Reading,Portsmouth,,2-3,1.90,FT,2,away
28-10-2023,Stevenage,Derby,,3-1,1.45,DC,X2,home
28-10-2023,Wigan,Shrewsbury,,2-0,1.95,FT,1,home
28-10-2023,Barcelona,Real Madrid,,1-2,2.70,FT,2,away
28-10-2023,Mallorca,Getafe,,0-0,1.30,DC,1X,draw
28-10-2023,Cadiz,Sevilla,,2-2,1.35,DC,X2,draw
27-10-2023,Rubin Kazan,Baltika,,1-0,2.15,FT,1,home
27-10-2023,Javor,Napredak,,0-2,1.90,FT,1,away
27-10-2023,Unterhaching,Mannheim,,3-0,2.20,FT,1,home
27-10-2023,Hatayspor,Kayserispor,,1-2,1.60,DC,X2,away
27-10-2023,Din. Bucuresti,CSMS Iasi,,0-0,1.40,DC,1X,draw
27-10-2023,Vitesse,Zwolle,,1-1,2.05,FT,1,draw
27-10-2023,De Graafschap,Eindhoven FC,,2-1,1.80,FT,1,home
27-10-2023,Bochum,Mainz,,2-2,2.80,FT,2,draw
27-10-2023,Cittadella,Cremonese,,1-2,2.40,FT,2,away
27-10-2023,LKS Lodz,Gornik Zabrze,,0-5,3.20,FT,X,away
27-10-2023,Queen’s Park,Partick Thistle,,2-2,1.40,DC,X2,draw
27-10-2023,Dundalk,Bohemians,,2-0,2.60,FT,1,home
27-10-2023,Genoa,Salernitana,,1-0,1.75,FT,1,home
27-10-2023,Eibar,Valladolid,,5-1,2.05,FT,1,home
27-10-2023,St. Patricks,Shamrock Rovers,,0-2,1.90,FT,2,away
27-10-2023,Arouca,Moreirense,,0-1,2.80,FT,2,away
26-10-2023,Messina,Brindisi,,0-1,2.15,FT,1,away
26-10-2023,Olympiacos,West Ham,,2-1,2.25,FT,2,home
26-10-2023,Sparta Prague,Rangers,,0-0,1.90,FT,1,draw
26-10-2023,Sturm,Atalanta,,2-2,1.70,FT,2,draw
26-10-2023,Klaksvik,Olimpija,,3-0,3.25,FT,X,home
26-10-2023,Ballkani,Astana,,1-2,2.05,FT,1,away
26-10-2023,Lugano,Club Brugge,,1-3,1.85,FT,2,away
26-10-2023,AZ Alkmaar,Aston Villa,,1-4,2.05,FT,2,away
26-10-2023,Virtus Entella,Cesena,,Postp,2.35,FT,2,postponed
26-10-2023,Foggia,Benevento,,0-0,1.35,DC,1X,draw
26-10-2023,Panathinaikos,Rennes,,1-2,3.25,FT,X,away
26-10-2023,Sheriff Tiraspol,Servette,,1-1,1.40,DC,1X,draw
26-10-2023,Dinamo Zagreb,Plzen,,0-1,1.80,FT,1,away
26-10-2023,Bodo,Besiktas,,3-1,2.90,FT,2,home
26-10-2023,Zrinjski,Legia,,1-2,1.40,DC,X2,away
26-10-2023,Aberdeen,PAOK,,2-3,2.05,FT,2,away
25-10-2023,Latina,Virtus Francavilla,,1-0,1.30,DC,1X,home
25-10-2023,Monterosi,Catania,,1-1,1.80,FT,2,draw
25-10-2023,Feyenoord,Lazio,,3-1,1.90,FT,1,home
25-10-2023,Birmingham,Hull,,0-2,2.35,FT,1,away
25-10-2023,Bristol City,Ipswich,,0-1,2.00,FT,2,away
25-10-2023,Plymouth,Sheffield Wed,,3-0,2.05,FT,1,home
25-10-2023,Preston,Southampton,,2-2,2.05,FT,2,draw
25-10-2023,Rotherham,Coventry,,2-0,1.85,FT,2,home
25-10-2023,Pescara,Torres,,1-2,1.90,FT,1,away
25-10-2023,Monopoli,Picerno,,1-1,1.40,DC,1X,draw
25-10-2023,Taranto,Turris,,3-1,1.90,FT,1,home
25-10-2023,Casertana,Juve Stabia,,2-1,2.25,FT,1,home
25-10-2023,Stoke,Leeds,,1-0,1.90,FT,2,home
25-10-2023,Celtic,Atl. Madrid,,2-2,1.80,FT,2,draw
25-10-2023,Antwerp,FC Porto,,1-4,2.15,FT,2,away
25-10-2023,Arsenal Sarandi,Colon Santa Fe,,1-0,1.35,DC,X2,home
24-10-2023,Huddersfield,Cardiff,,0-4,1.35,DC,1X,away
24-10-2023,Millwall,Blackburn,,1-2,2.80,FT,2,away
24-10-2023,Norwich,Middlesbrough,,1-2,2.60,FT,2,away
24-10-2023,Swansea,Watford,,0-1,1.35,DC,1X,away
24-10-2023,Bristol Rovers,Stevenage,,1-1,3.30,FT,X,draw
24-10-2023,Carlisle,Burton,,2-1,2.90,FT,2,home
24-10-2023,Lincoln,Charlton,,3-1,2.35,FT,2,home
24-10-2023,Northampton,Leyton Orient,,2-2,2.70,FT,2,draw
24-10-2023,Port Vale,Peterborough,,0-1,2.15,FT,2,away
24-10-2023,Wigan,Oxford Utd,,2-0,2.10,FT,2,home
24-10-2023,Wycombe,Bolton,,2-4,2.65,FT,1,away
24-10-2023,Dundee FC,Ross County,,0-0,2.10,FT,1,draw
24-10-2023,Reading,Fleetwood,,1-2,2.20,FT,1,away
24-10-2023,Lens,PSV,,1-1,2.80,FT,2,draw
24-10-2023,Union Berlin,Napoli,,0-1,1.85,FT,2,away
24-10-2023,Benfica,Real Sociedad,,0-1,1.35,DC,1X,away
23-10-2023,Udinese,Lecce,,1-1,2.20,FT,1,draw
23-10-2023,Karagumruk,Demirspor,,2-0,1.95,FT,2,home
23-10-2023,Odense,Midtjylland,,1-2,1.95,FT,2,away
23-10-2023,Varnamo,Goteborg,,3-1,1.50,DC,X2,home
23-10-2023,Stal Mielec,Warta Poznan,,0-1,3.05,FT,X,away
23-10-2023,Groningen,Emmen,,0-0,1.75,FT,1,draw
23-10-2023,Helmond,Dordrecht,,1-1,2.00,FT,1,draw
23-10-2023,Ajax II,ADO Den Haag,,0-0,1.90,FT,2,draw
23-10-2023,AZ Alkmar II,De Graafschap,,3-0,2.20,FT,2,home
23-10-2023,PSV II,Eindhoven,,3-4,2.20,FT,2,away
23-10-2023,Oss,Utrecht II,,2-0,2.10,FT,1,home
23-10-2023,Palermo,Spezia,,2-2,2.05,FT,1,draw
23-10-2023,Laval,St Etienne,,0-1,1.40,DC,1X,away
23-10-2023,Alcorcon,Cartagena,,1-1,2.20,FT,1,draw
23-10-2023,Ponte Preta,Ituano,,0-0,1.35,DC,1X,draw
23-10-2023,Velez,Banfield,,0-1,2.15,FT,1,away
22-10-2023,Salernitana,Cagliari,,2-2,2.30,FT,1,draw
22-10-2023,Nantes,Montpellier,,2-0,2.40,FT,2,home
22-10-2023,Toulouse,Reims,,1-1,2.35,FT,2,draw
22-10-2023,Koln,B. Monchengladbach,,3-1,2.85,FT,2,home
22-10-2023,Sampdoria,Cosenza,,2-0,1.95,FT,1,home
22-10-2023,Huesca,Elche,,0-1,2.95,FT,X,away
22-10-2023,RW Essen,Saarbrucken,,2-1,2.20,FT,2,home
22-10-2023,Go Head,Sparta Rotterdam,,0-0,2.10,FT,1,draw
22-10-2023,Aston Villa,West Ham,,4-1,1.25,DC,1X,home
22-10-2023,Heidenheim,Augsburg,,2-5,2.40,FT,1,away
22-10-2023,Reggiana,Venezia,,1-0,3.20,FT,X,home
22-10-2023,Albacete,Gijon,,1-3,2.20,FT,1,away
22-10-2023,Santander,Burgos,,3-0,1.30,DC,1X,home
22-10-2023,Standard,Anderlecht,,3-2,1.40,DC,X2,home
22-10-2023,Leuven,St. Truiden,,4-0,2.25,FT,1,home
22-10-2023,Milan,Juventus,,0-1,2.30,FT,1,away
21-10-2023,Bournemouth,Wolverhampton,,1-2,3.45,FT,X,away
21-10-2023,Brentford,Burnley,,3-0,1.80,FT,1,home
21-10-2023,Blackburn,Cardiff,,1-0,2.00,FT,1,home
21-10-2023,Bristol City,Coventry,,1-0,2.85,FT,2,home
21-10-2023,Huddersfield,QPR,,2-1,1.95,FT,1,home
21-10-2023,Hull,Southampton,,1-2,2.35,FT,2,away
21-10-2023,Norwich,Leeds,,2-3,2.25,FT,2,away
21-10-2023,Stoke,Sunderland,,2-1,1.55,DC,X2,home
21-10-2023,Getafe,Betis,,1-1,3.05,FT,X,draw
21-10-2023,Stade Lausanne Ouchy,Lausanne,,2-2,2.20,FT,2,draw
21-10-2023,Chelsea,Arsenal,,2-2,1.40,DC,X2,draw
21-10-2023,Sevilla,Real Madrid,,1-1,1.85,FT,2,draw
21-10-2023,Basel,Servette,,0-1,1.50,DC,X2,away
21-10-2023,Sassuolo,Lazio,,0-2,3.65,FT,X,away
21-10-2023,Celta Vigo,Atl. Madrid,,0-3,2.10,FT,2,away
21-10-2023,Nice,Olympique Marseille,,1-0,3.30,FT,X,home
20-10-2023,Hannover,Magdeburg,,2-1,2.10,FT,1,home
20-10-2023,Lamia,PAS Giannina,,2-1,2.20,FT,1,home
20-10-2023,De Graafschap,Groningen,,2-1,2.35,FT,2,home
20-10-2023,Den Bosch,VVV Venlo,,1-2,2.50,FT,2,away
20-10-2023,Dordrecht,Ajax II,,4-0,2.00,FT,1,home
20-10-2023,Eindhoven,Helmond,,1-2,1.35,DC,1X,away
20-10-2023,Emmen,ADO Den Haag,,2-3,1.35,DC,1X,away
20-10-2023,Utrecht II,PSV II,,Postp,2.80,FT,2,postponed
20-10-2023,Maastricht,Cambuur,,1-1,1.90,FT,2,draw
20-10-2023,UTA Arad,Rapid Bucuresti,,2-2,1.80,FT,2,draw
20-10-2023,Wil,Thun,,0-3,2.35,FT,2,away
20-10-2023,Newport,Walsall,,3-3,2.70,FT,2,draw
20-10-2023,Tranmere,Doncaster,,1-2,1.40,DC,X2,away
20-10-2023,Airdrie,Queen’s Park,,1-1,2.20,FT,1,draw
20-10-2023,Sligo Rovers,Dundalk,,0-2,2.35,FT,2,away
20-10-2023,Le Havre,Lens,,0-0,1.85,FT,2,draw
19-10-2023,CSMS Iasi,Sepsi,,1-0,1.40,DC,1X,home
19-10-2023,Cruzeiro,Flamengo RJ,,0-2,2.30,FT,2,away
19-10-2023,Palmeiras,Atletico-MG,,0-2,2.00,FT,1,away
19-10-2023,Santos,Bragantino,,1-3,2.35,FT,2,away
19-10-2023,Adelaide United,CC Mariners,,3-0,2.70,FT,2,home
19-10-2023,Novi Pazar,Cukaricki,,1-0,2.20,FT,2,home
19-10-2023,Zlate Moravce,Zemplin,,2-2,2.20,FT,1,draw
19-10-2023,Piast Gliwice,Pogon Szczecin,,0-0,1.50,DC,X2,draw
19-10-2023,Hannover,Magdeburg,,2-1,2.10,FT,1,home
19-10-2023,Napredak,Radnicki 1923,,1-3,3.00,FT,X,away
19-10-2023,Lamia,PAS Giannina,,2-1,2.20,FT,1,home
19-10-2023,Wil,Thun,,0-3,2.35,FT,2,away
19-10-2023,Jagiellonia,Zaglebie,,3-0,2.60,FT,1,home
19-10-2023,Newport,Walsall,,3-3,2.70,FT,2,draw
19-10-2023,Tranmere,Doncaster,,1-2,1.40,DC,X2,away
19-10-2023,Airdrie,Queen’s Park,,1-1,2.20,FT,1,draw
18-10-2023,Plaza Colonia,Wanderers,,1-0,2.60,FT,1,home
18-10-2023,Cerro Largo,La Luz,,1-3,2.25,FT,1,away
18-10-2023,Guanacasteca,Herediano,,Postp,1.95,FT,2,postponed
18-10-2023,Gremio,Athletico-PR,,1-2,1.95,FT,1,away
18-10-2023,America MG,Botafogo RJ,,1-2,1.35,DC,X2,away
18-10-2023,Coritiba,Cuiaba,,0-3,2.45,FT,1,away
18-10-2023,Inter Miami,Charlotte,,2-2,1.25,DC,12,draw
18-10-2023,Bahia,Internacional,,1-0,1.35,DC,12,home
18-10-2023,Goias,Sao Paulo,,2-0,3.00,FT,X,home
18-10-2023,Vasco,Fortaleza,,1-0,2.20,FT,1,home
18-10-2023,Racing M.,Fenix,,2-0,2.40,FT,1,home
18-10-2023,Dep.Maldonado,River Plate,,0-0,2.35,FT,1,draw
18-10-2023,Cerro,Danubio,,1-1,2.25,FT,2,draw
18-10-2023,Cruzeiro,Flamengo RJ,,0-2,2.30,FT,2,away
18-10-2023,Palmeiras,Atletico-MG,,0-2,2.00,FT,1,away
18-10-2023,Santos,Bragantino,,1-3,2.35,FT,2,away
17-10-2023,Moldova U21,North Macedonia U21,,2-1,2.30,FT,2,home
17-10-2023,Slovenia U21,Austria U21,,1-0,1.95,FT,2,home
17-10-2023,Czech Republic U21,Denmark U21,,0-0,2.10,FT,1,draw
17-10-2023,Andorra U21,Faroe Islands U21,,0-1,2.25,FT,2,away
17-10-2023,Chesham,Braintree,,1-1,2.35,FT,1,draw
17-10-2023,Needham Market,York City,,0-1,2.05,FT,2,away
17-10-2023,Sheppey United,Billericay,,1-1,2.00,FT,2,draw
17-10-2023,Slough,Ebbsfleet,,2-0,1.95,FT,2,home
17-10-2023,Whitby,Chelmsford,,3-1,2.25,FT,1,home
17-10-2023,Northern Ireland,Slovenia,,0-1,2.20,FT,2,away
17-10-2023,Guyana,Puerto Rico,,3-1,1.90,FT,1,home
17-10-2023,Venezuela,Chile,,3-0,1.40,DC,1X,home
17-10-2023,Bermuda,Belize,,1-1,1.95,FT,1,draw
17-10-2023,Ecuador,Colombia,,0-0,1.25,DC,1X,draw
17-10-2023,Uruguay,Brazil,,2-0,1.25,DC,X2,home
17-10-2023,Curacao,Trinidad,,5-3,1.75,FT,1,home
16-10-2023,Potenza,Turris,,2-3,1.90,FT,1,away
16-10-2023,Pontedera,Rimini,,4-0,2.00,FT,1,home
16-10-2023,Casertana,Avellino,,0-2,1.30,DC,X2,away
16-10-2023,Greece,Netherlands,,0-1,1.90,FT,2,away
16-10-2023,Luxembourg,Slovakia,,0-1,2.10,FT,2,away
16-10-2023,Banfield,Atl. Tucuman,,0-0,1.25,DC,1X,draw
16-10-2023,Cordoba Santiago,Lanus,,0-0,2.90,FT,X,draw
16-10-2023,Juventude,Sport Recife,,2-2,1.50,DC,X2,draw
16-10-2023,Defensa y Justicia,Belgrano,,0-2,3.05,FT,X,away
16-10-2023,Bucaramanga,Chico,,1-0,1.95,FT,1,home
16-10-2023,Moldova U21,North Macedonia U21,,2-1,2.30,FT,2,home
16-10-2023,Hungary U21,Belgium U21,,0-1,1.85,FT,2,away
16-10-2023,Slovenia U21,Austria U21,,1-0,1.95,FT,2,home
16-10-2023,Czech Republic U21,Denmark U21,,0-0,2.10,FT,1,draw
16-10-2023,Andorra U21,Faroe Islands U21,,0-1,2.25,FT,2,away
16-10-2023,Northern Ireland,Slovenia,,0-1,2.20,FT,2,away
15-10-2023,Wexford,Cobh Ramblers,,3-3,3.50,FT,X,draw
15-10-2023,Recanatese,Arezzo,,2-0,3.00,FT,X,home
15-10-2023,Latina,Monopoli,,3-2,1.20,DC,1X,home
15-10-2023,Taranto,Crotone,,2-1,2.85,FT,X,home
15-10-2023,Eldense,Elche,,1-1,2.20,FT,2,draw
15-10-2023,Andorra,Alcorcon,,2-0,3.05,FT,X,home
15-10-2023,Munster,Munich 1860,,1-1,2.20,FT,1,draw
15-10-2023,Cambuur,NAC Breda,,2-3,1.90,FT,1,away
15-10-2023,Leganes,Amorebieta,,6-0,1.85,FT,1,home
15-10-2023,River M.,Boston River,,2-1,3.10,FT,X,home
15-10-2023,Ponte Preta,Atletico GO,,0-2,2.50,FT,2,away
15-10-2023,Norway,Spain,,0-1,1.30,DC,12,away
15-10-2023,Wales,Croatia,,2-1,2.00,FT,2,home
15-10-2023,Vitoria,Guarani,,2-0,2.00,FT,1,home
15-10-2023,Londrina,Avai,,1-1,1.30,DC,1X,draw
15-10-2023,Dep. Cali,America De Cali,,0-0,3.10,FT,X,draw
14-10-2023,Blackpool,Stevenage,,3-0,3.25,FT,X,home
14-10-2023,Cambridge Utd,Shrewsbury,,1-1,2.00,FT,1,draw
14-10-2023,Carlisle,Leyton Orient,,0-1,2.75,FT,2,away
14-10-2023,Lincoln,Burton,,0-1,3.30,FT,X,away
14-10-2023,Wimbledon,Bradford City,,0-1,2.00,FT,1,away
14-10-2023,Crewe,Tranmere,,2-0,1.90,FT,1,home
14-10-2023,Doncaster,Sutton,,4-1,2.00,FT,1,home
14-10-2023,Forest Green,Colchester,,5-0,2.40,FT,1,home
14-10-2023,Grimsby,Accrington,,0-2,2.05,FT,1,away
14-10-2023,Walsall,Gillingham,,4-1,1.40,DC,X2,home
14-10-2023,Mirandes,Tenerife,,1-1,2.45,FT,2,draw
14-10-2023,Bielefeld,Mannheim,,3-1,2.00,FT,1,home
14-10-2023,Cartagena,Santander,,2-3,1.30,DC,1X,away
14-10-2023,Gijon,Zaragoza,,2-2,1.25,DC,1X,draw
14-10-2023,Hungary,Serbia,,2-1,2.70,FT,2,home
14-10-2023,Espanyol,Valladolid,,2-0,1.85,FT,1,home
13-10-2023,Estonia,Azerbaijan,,0-2,3.00,FT,X,away
13-10-2023,Dortmund II,RW Essen,,1-2,2.15,FT,1,away
13-10-2023,Scotland U21,Hungary U21,,3-1,1.90,FT,1,home
13-10-2023,AlbinoLeffe,Virtus Verona,,1-0,2.60,FT,2,home
13-10-2023,Fiorenzuola,Legnago Salus,,0-4,2.70,FT,X,away
13-10-2023,Novara,Arzignano,,0-1,2.10,FT,1,away
13-10-2023,R.Ireland,Greece,,0-2,1.35,DC,12,away
13-10-2023,Netherlands,France,,1-2,2.25,FT,2,away
13-10-2023,Austria,Belgium,,2-3,1.40,DC,X2,away
13-10-2023,Oviedo,Albacete,,3-0,1.30,DC,1X,home
13-10-2023,St.Vincent,F.Guyana,,1-4,2.25,FT,2,away
13-10-2023,Curacao,Panama,,1-2,2.00,FT,2,away
13-10-2023,Martinique,El Salvador,,1-0,2.90,FT,1,home
13-10-2023,Barbados,Dominican Republic,,0-5,1.65,FT,2,away
13-10-2023,Trinidad,Guatemala,,3-2,2.30,FT,2,home
13-10-2023,Belize,Bermuda,,0-1,2.60,FT,2,away
12-10-2023,Azerbaijan U21,Northern Ireland U21,,0-1,2.40,FT,2,away
12-10-2023,Latvia,Armenia,,2-0,1.85,FT,2,home
12-10-2023,Russia,Cameroon,,1-0,2.00,FT,1,home
12-10-2023,Albania,Czech Republic,,3-0,3.05,FT,X,home
12-10-2023,Colombia,Uruguay,,2-2,2.05,FT,2,draw
12-10-2023,Suriname,Haiti,,1-1,2.70,FT,1,draw
12-10-2023,Bolivia,Ecuador,,1-2,1.90,FT,2,away
12-10-2023,South Korea,Tunisia,,4-0,1.85,FT,1,home
12-10-2023,Greece U21,Croatia U21,,2-2,2.30,FT,2,draw
12-10-2023,Estonia,Azerbaijan,,0-2,3.05,FT,X,away
12-10-2023,Cyprus U21,Slovenia U21,,0-3,1.80,FT,2,away
12-10-2023,Scotland U21,Hungary U21,,3-1,1.90,FT,1,home
12-10-2023,R.Ireland,Greece,,0-2,1.35,DC,12,away
12-10-2023,Netherlands,France,,1-2,2.25,FT,2,away
12-10-2023,Austria,Belgium,,2-3,1.40,DC,X2,away
12-10-2023,St.Vincent,F.Guyana,,1-4,2.25,FT,2,away
11-10-2023,Avranches,Martigues,,2-0,1.40,DC,X2,home
11-10-2023,Le Mans,Rouen,,0-1,1.30,DC,1X,away
11-10-2023,Messina,Casertana,,1-1,3.10,FT,X,draw
11-10-2023,Chateauroux,Sochaux,,1-1,2.70,FT,2,draw
11-10-2023,Cholet,Orleans,,0-1,2.60,FT,2,away
11-10-2023,Marignane,Nimes,,1-1,1.30,DC,X2,draw
11-10-2023,Nancy,Red Star,,1-1,2.25,FT,2,draw
11-10-2023,Niort,Versailles,,1-0,2.35,FT,1,home
11-10-2023,Deportivo Cali,Deportivo Tolima,,2-0,3.05,FT,X,home
11-10-2023,Deportivo Pereira,Aguilas,,0-0,2.30,FT,1,draw
11-10-2023,Maldives,Bangladesh,,1-1,2.15,FT,1,draw
11-10-2023,Cambodia,Pakistan,,0-0,1.70,FT,1,draw
11-10-2023,Azerbaijan U21,Northern Ireland U21,,0-1,2.40,FT,2,away
11-10-2023,Latvia,Armenia,,2-0,1.85,FT,2,home
11-10-2023,Russia,Cameroon,,1-0,2.00,FT,1,home
11-10-2023,Albania,Czech Republic,,3-0,3.05,FT,X,home
10-10-2023,Brindisi,Juve Stabia,,1-1,1.40,DC,1X,draw
10-10-2023,Morecambe,Barrow,,3-1,1.35,DC,1X,home
10-10-2023,Wigan,Fleetwood,,3-3,2.10,FT,1,draw
10-10-2023,Walsall,Forest Green,,1-1,1.30,DC,1X,draw
10-10-2023,Stevenage,Wycombe,,0-1,1.95,FT,1,away
10-10-2023,Cheltenham,Newport,,0-2,2.75,FT,2,away
10-10-2023,Crewe,Wrexham,,0-3,2.00,FT,2,away
10-10-2023,Salford,Stockport County,,1-3,2.00,FT,2,away
10-10-2023,Grimsby,Bradford City,,1-2,2.60,FT,2,away
10-10-2023,Harrogate,Accrington,,3-5,2.35,FT,1,away
10-10-2023,Sutton,Crawley,,0-0,2.20,FT,1,draw
10-10-2023,Radcliffe,Macclesfield,,4-3,2.05,FT,1,home
10-10-2023,Belgrano,Boca Juniors,,4-3,2.85,FT,X,home
10-10-2023,Alianza Petrolera,Bucaramanga,,1-0,1.95,FT,1,home
10-10-2023,Fukuoka,Nagoya GE,,1-0,2.75,FT,1,home
10-10-2023,Yokohama F. Marinos,Urawa RD,,1-0,3.60,FT,X,home
09-10-2023,Tunari,Hunedoara,,1-1,1.90,FT,2,draw
09-10-2023,Tyumen,Torpedo Moscow,,0-0,3.20,FT,X,draw
09-10-2023,Puerto Montt,Barnechea,,0-3,2.15,FT,1,away
09-10-2023,Deportes Recoleta,Rangers Talca,,1-2,1.95,FT,1,away
09-10-2023,Khimki,Alania,,2-2,2.60,FT,2,draw
09-10-2023,Helsingor,Vendsyssel,,0-1,2.35,FT,1,away
09-10-2023,Univ. Cluj,Sepsi,,1-0,1.35,DC,1X,home
09-10-2023,Pro Vercelli,Vicenza,,1-0,1.75,FT,2,home
09-10-2023,Gubbio,Carrarese,,2-0,2.20,FT,1,home
09-10-2023,Burton,Cambridge,,2-1,1.35,DC,1X,home
09-10-2023,San Marcos,Antofagasta,,4-3,2.40,FT,2,home
09-10-2023,Santiago W.,Deportes Temuco,,1-0,1.95,FT,1,home
09-10-2023,Arsenal Sarandi,Banfield,,0-0,1.30,DC,X2,draw
09-10-2023,Barracas,Colon,,2-1,2.80,FT,2,home
09-10-2023,Sportio Ameliano,Sportivo Luqueno,,0-2,2.15,FT,1,away
09-10-2023,Velez,Atl. Tucuman,,3-1,2.00,FT,1,home
08-10-2023,Ajax,AZ Alkmaar,,1-2,1.25,DC,12,away
08-10-2023,Brighton,Liverpool,,2-2,2.20,FT,2,draw
08-10-2023,West Ham,Newcastle,,2-2,2.10,FT,2,draw
08-10-2023,Wolverhampton,Aston Villa,,1-1,2.10,FT,2,draw
08-10-2023,Frosinone,Verona,,2-1,2.35,FT,1,home
08-10-2023,Lazio,Atalanta,,3-2,3.25,FT,X,home
08-10-2023,Atl. Madrid,Real Sociedad,,2-1,1.20,DC,1X,home
08-10-2023,Molde,Bodo/Glimt,,1-3,2.10,FT,1,away
08-10-2023,Lens,Lille,,1-1,2.20,FT,1,draw
08-10-2023,Arsenal,Manchester City,,1-0,2.40,FT,2,home
08-10-2023,Hammarby TFF,Hacken,,2-2,2.50,FT,2,draw
08-10-2023,Alaves,Betis,,1-1,2.80,FT,1,draw
08-10-2023,Celta Vigo,Getafe,,2-2,3.20,FT,X,draw
08-10-2023,Valerenga,Brann,,1-2,1.25,DC,12,away
08-10-2023,Aarhus,Copenhagen,,1-1,2.20,FT,2,draw
08-10-2023,Rennes,PSG,,1-3,2.05,FT,2,away
07-10-2023,Sunderland,Middlesbrough,,0-4,2.35,FT,1,away
07-10-2023,Cadiz,Girona,,0-1,2.25,FT,2,away
07-10-2023,Stuttgart,Wolfsburg,,3-1,2.00,FT,1,home
07-10-2023,Everton,Bournemouth,,3-0,1.95,FT,1,home
07-10-2023,Cardiff,Watford,,1-1,2.50,FT,1,draw
07-10-2023,Coventry,Norwich,,1-1,2.50,FT,1,draw
07-10-2023,Millwall,Hull,,2-2,2.30,FT,1,draw
07-10-2023,Plymouth,Swansea,,1-3,2.40,FT,1,away
07-10-2023,QPR,Blackburn,,0-4,2.30,FT,2,away
07-10-2023,Sheffield Wed,Huddersfield,,0-0,1.50,DC,X2,draw
07-10-2023,Heerenveen,NEC,,1-1,2.15,FT,1,draw
07-10-2023,Crystal Palace,Nottingham,,0-0,3.20,FT,X,draw
07-10-2023,Mallorca,Valencia,,1-1,1.35,DC,1X,draw
07-10-2023,Werder Bremen,Hoffenheim,,2-3,2.35,FT,2,away
07-10-2023,Genoa,Milan,,0-1,2.00,FT,2,away
07-10-2023,Reims,Monaco,,1-3,1.45,DC,X2,away
06-10-2023,Korona Kielce,Warta Poznan,,1-1,3.05,FT,X,draw
06-10-2023,Leoben,Lafnitz,,1-1,2.00,FT,1,draw
06-10-2023,Kaiserslautern,Hannover,,3-1,2.25,FT,1,home
06-10-2023,Empoli,Udinese,,0-0,1.35,DC,X2,draw
06-10-2023,Demirspor,Trabzon,,1-0,2.00,FT,1,home
06-10-2023,NAC Breda,Groningen,,3-2,2.15,FT,2,home
06-10-2023,Den Bosch,Eindhoven,,0-1,1.40,DC,X2,away
06-10-2023,Dordrecht,Cambuur,,5-2,2.00,FT,2,home
06-10-2023,B. Monchengladbach,Mainz,,2-2,2.00,FT,1,draw
06-10-2023,Viena 1894,FAC Wien,,2-2,3.40,FT,X,draw
06-10-2023,Brescia,FeralpiSalo,,1-1,2.00,FT,1,draw
06-10-2023,Lecce,Sassuolo,,1-1,2.70,FT,2,draw
06-10-2023,Birmingham,WBA,,3-1,1.45,DC,X2,home
06-10-2023,Albacete,Levante,,0-2,3.15,FT,X,away
06-10-2023,Strasbourg,Nantes,,1-2,2.20,FT,1,away
06-10-2023,Moreirense,Boavista,,1-1,3.40,FT,X,draw
05-10-2023,Astana,Plzen,,1-2,1.30,DC,X2,away
05-10-2023,Freiburg,West Ham,,1-2,2.55,FT,2,away
05-10-2023,AEK,Ajax,,1-1,2.10,FT,1,draw
05-10-2023,Olympique Marseille,Brighton,,2-2,2.35,FT,2,draw
05-10-2023,Aris,Rangers,,2-1,2.05,FT,2,home
05-10-2023,Rakow,Sturm Graz,,0-1,3.30,FT,X,away
05-10-2023,Sporting,Atalanta,,1-2,3.45,FT,X,away
05-10-2023,Olimpija,Slovan B.,,0-1,3.40,FT,X,away
05-10-2023,Breidablik,Zorya,,0-1,1.45,DC,X2,away
05-10-2023,Bodo/Glimt,Club Brugge KV,,0-1,2.50,FT,2,away
05-10-2023,Andorra FC,Zaragoza,,0-1,2.95,FT,X,away
05-10-2023,Mirandes,Eibar,,1-3,3.00,FT,X,away
05-10-2023,Maccabi Haifa,Panathinaikos,,0-0,3.40,FT,X,draw
05-10-2023,Villarreal,Rennes,,1-0,1.65,DC,X2,home
05-10-2023,Hacken,Qarabag,,0-1,2.50,FT,1,away
05-10-2023,PAOK,Eintracht Frankfurt,,2-1,3.30,FT,X,home
04-10-2023,Munster,Erzgebirge Aue,,4-0,3.10,FT,2,home
04-10-2023,Eldense,Valladolid,,0-1,1.35,DC,X2,away
04-10-2023,Oviedo,Huesca,,1-0,1.90,FT,1,home
04-10-2023,Coventry,Blackburn,,1-0,2.10,FT,1,home
04-10-2023,Sunderland,Watford,,2-0,1.95,FT,1,home
04-10-2023,Swansea,Norwich,,2-1,1.40,DC,X2,home
04-10-2023,Rotherham,Bristol City,,1-2,2.00,FT,2,away
04-10-2023,Celtic,Lazio,,1-2,2.40,FT,2,away
04-10-2023,Dortmund,Milan,,0-0,3.50,FT,X,draw
04-10-2023,Newcastle,PSG,,4-1,2.65,FT,2,home
04-10-2023,Crvena zvezda,Young Boys,,2-2,2.05,FT,1,draw
04-10-2023,Burgos,Leganes,,1-0,2.90,FT,X,home
04-10-2023,Gijon,Elche,,2-0,1.35,DC,1X,home
04-10-2023,Montreal,Houston,,1-1,2.50,FT,1,draw
04-10-2023,New England,Columbus,,1-2,2.60,FT,2,away
04-10-2023,Chicago,Inter Miami,,4-1,2.05,FT,1,home
03-10-2023,Salzburg,Sociedad,,0-2,3.30,FT,X,away
03-10-2023,Alcorcon,Albacete,,1-2,3.00,FT,X,away
03-10-2023,Luton,Burnley,,1-2,3.10,FT,X,away
03-10-2023,Birmingham,Huddersfield,,4-1,1.35,DC,1X,home
03-10-2023,Plymouth,Millwall,,0-2,2.50,FT,1,away
03-10-2023,Blackpool,Derby,,1-3,2.25,FT,1,away
03-10-2023,Bolton,Stevenage,,3-2,3.45,FT,2,home
03-10-2023,Burton,Wigan,,2-1,1.45,DC,1X,home
03-10-2023,Cambridge,Barnsley,,0-4,3.40,FT,X,away
03-10-2023,Carlisle,Peterborough,,1-1,2.00,FT,2,draw
03-10-2023,Cheltenham,Fleetwood,,0-2,1.35,DC,X2,away
03-10-2023,Leyton,Lincoln City,,1-0,2.15,FT,1,home
03-10-2023,Northampton,Reading,,3-1,2.35,FT,1,home
03-10-2023,Stoke,Southampton,,0-1,3.40,FT,X,away
03-10-2023,PSV,Sevilla,,2-2,1.95,FT,1,draw
03-10-2023,Napoli,Real Madrid,,2-3,2.55,FT,2,away
02-10-2023,Atromitos,Asteras Tripolis,,0-0,2.10,FT,1,draw
02-10-2023,CSMS Iasi,Petrolul,,0-0,2.40,FT,1,draw
02-10-2023,Sassuolo,Monza,,0-1,2.15,FT,1,away
02-10-2023,Chateauroux,Red Star,,1-2,3.00,FT,X,away
02-10-2023,Penafiel,Nacional,,1-4,1.30,DC,1X,away
02-10-2023,Kayserispor,Basaksehir,,0-0,2.60,FT,1,draw
02-10-2023,Odense,Lyngby,,1-2,2.20,FT,1,away
02-10-2023,Gornik,Zaglebie,,0-2,1.45,DC,1X,away
02-10-2023,Beitar J.,Hapoel Tel Aviv,,0-3,2.20,FT,1,away
02-10-2023,MVV,Eindhoven,,0-1,1.45,DC,1X,away
02-10-2023,Pescara,Gubbio,,3-2,1.80,FT,1,home
02-10-2023,Vis Pesaro,Fermana,,2-2,1.90,FT,1,draw
02-10-2023,Ajaccio,Bastia,,2-0,2.30,FT,1,home
02-10-2023,Fulham,Chelsea,,0-2,3.40,FT,X,away
02-10-2023,Las Palmas,Celta Vigo,,2-1,3.10,FT,X,home
02-10-2023,Gil Vicente,Casa Pia,,2-0,3.25,FT,X,home
01-10-2023,NEC,Vitesse,,1-3,2.15,FT,1,away
01-10-2023,Blackburn,Leicester,,1-4,2.05,FT,2,away
01-10-2023,Reims,Olympique Lyon,,2-0,2.00,FT,1,home
01-10-2023,Osnabruck,Kaiserslautern,,2-2,1.40,DC,X2,draw
01-10-2023,Almeria,Granada,,3-3,2.00,FT,1,draw
01-10-2023,Excelsior,Sparta,,2-1,2.05,FT,2,home
01-10-2023,Heracles,Zwolle,,2-1,2.90,FT,2,home
01-10-2023,Nottingham,Brentford,,1-1,2.80,FT,1,draw
01-10-2023,Udinese,Genoa,,2-2,3.20,FT,X,draw
01-10-2023,Le Havre,Lille,,0-2,1.95,FT,2,away
01-10-2023,Toulouse,Metz,,3-0,1.30,DC,1X,home
01-10-2023,Darmstadt,Werder Bremen,,4-2,2.40,FT,2,home
01-10-2023,Alaves,Osasuna,,0-2,2.85,FT,2,away
01-10-2023,Lorient,Montpellier,,0-3,1.40,DC,X2,away
01-10-2023,Atalanta,Juventus,,0-0,3.40,FT,X,draw
01-10-2023,Betis,Valencia,,3-0,3.30,FT,X,home
30-09-2023,Aston Villa,Brighton,,6-1,2.50,FT,1,home
30-09-2023,Getafe,Villarreal,,0-0,2.80,FT,1,draw
30-09-2023,Koln,Stuttgart,,0-2,2.35,FT,2,away
30-09-2023,Bochum,B. Monchengladbach,,1-3,2.80,FT,2,away
30-09-2023,Heidenheim,Union Berlin,,1-0,2.25,FT,2,home
30-09-2023,Wolfsburg,Eintracht Frankfurt,,2-0,1.30,DC,1X,home
30-09-2023,Bristol City,Stoke,,2-3,2.35,FT,1,away
30-09-2023,Preston,West Brom,,0-4,3.20,FT,X,away
30-09-2023,QPR,Coventry,,1-3,1.35,DC,X2,away
30-09-2023,Watford,Middlesbrough,,2-3,3.40,FT,X,away
30-09-2023,Rayo Vallecano,Mallorca,,2-2,2.20,FT,1,draw
30-09-2023,Tottenham,Liverpool,,2-1,4.00,FT,X,home
30-09-2023,RB Leipzig,Bayern Munich,,2-2,1.95,FT,2,draw
30-09-2023,Girona,Real Madrid,,0-3,1.95,FT,2,away
30-09-2023,Sociedad,Ath Bilbao,,3-0,3.20,FT,X,home
30-09-2023,Monaco,Olympique Marseille,,3-2,1.40,DC,1X,home
29-09-2023,Dornbirn,Stripfing,,1-3,2.10,FT,2,away
29-09-2023,Liefering,Leoben,,2-2,2.30,FT,1,draw
29-09-2023,Paderborn,Schalke,,3-1,2.20,FT,1,home
29-09-2023,Bielefeld,Saarbrucken,,2-6,2.70,FT,1,away
29-09-2023,Vilaverdense,Benfica II,,1-4,2.45,FT,1,away
29-09-2023,Samsunspor,Gaziantep,,1-2,1.95,FT,1,away
29-09-2023,De Graafschap,Roda,,0-0,2.15,FT,1,draw
29-09-2023,MVV,ADO Den Haag,,0-3,2.10,FT,2,away
29-09-2023,Telstar,Ajax II,,3-2,2.15,FT,1,home
29-09-2023,AZ Alkmar II,Willem II,,0-2,2.00,FT,2,away
29-09-2023,Hoffenheim,Dortmund,,1-3,1.40,DC,X2,away
29-09-2023,St. Polten,GAK,,1-3,3.30,FT,X,away
29-09-2023,Sheffield Wed,Sunderland,,0-3,2.25,FT,2,away
29-09-2023,Leganes,Santander,,2-1,1.30,DC,1X,home
29-09-2023,Strasbourg,Lens,,0-1,3.35,FT,X,away
29-09-2023,Benfica,Porto,,1-0,1.25,DC,1X,home
28-09-2023,Panserraikos,PAS Giannina,,3-2,1.30,DC,1X,home
28-09-2023,SC Ismaily,Al Ittihad,,3-1,3.00,FT,X,home
28-09-2023,Frosinone,Fiorentina,,1-1,1.30,DC,X2,draw
28-09-2023,Monza,Bologna,,0-0,1.40,DC,1X,draw
28-09-2023,Granada,Betis,,1-1,2.90,FT,1,draw
28-09-2023,Orebro,Utsikten,,5-1,2.20,FT,1,home
28-09-2023,Honved,Budafoki,,2-2,2.10,FT,1,draw
28-09-2023,Botosani,Rapid Bucuresti,,1-3,2.00,FT,2,away
28-09-2023,Lech Poznan,Rakow,,4-1,2.10,FT,1,home
28-09-2023,Basel,Luzern,,1-1,3.60,FT,X,draw
28-09-2023,Stade Lausanne Ouchy,Yverdon,,1-1,2.10,FT,1,draw
28-09-2023,Genoa,Roma,,4-1,2.15,FT,2,home
28-09-2023,Valur,Breidablik,,4-2,2.35,FT,2,home
28-09-2023,Osasuna,Atl. Madrid,,0-2,2.20,FT,2,away
28-09-2023,Londrina,Sampaio Correa,,1-0,2.80,FT,X,home
28-09-2023,Boca Juniors,Palmeiras,,0-0,2.85,FT,X,draw
27-09-2023,Empoli,Salernitana,,1-0,2.35,FT,1,home
27-09-2023,Villarreal,Girona,,1-2,3.10,FT,2,away
27-09-2023,Catanzaro,Cittadella,,1-1,2.25,FT,1,draw
27-09-2023,Como,Sampdoria,,1-0,1.40,DC,1X,home
27-09-2023,Parma,Bari,,2-1,1.90,FT,1,home
27-09-2023,Blackburn,Cardiff,,5-2,1.95,FT,1,home
27-09-2023,Brentford,Arsenal,,0-1,2.10,FT,2,away
27-09-2023,Chelsea,Brighton,,1-0,2.80,FT,2,home
27-09-2023,Lazio,Torino,,2-0,2.15,FT,1,home
27-09-2023,Hibernian,St. Mirren,,4-2,2.10,FT,1,home
27-09-2023,Ross County,Aberdeen,,1-2,2.50,FT,2,away
27-09-2023,Antwerp,Gent,,0-0,1.35,DC,1X,draw
27-09-2023,Newcastle,Manchester City,,1-0,1.25,DC,12,home
27-09-2023,Cadiz,Rayo Vallecano,,0-0,3.10,FT,X,draw
27-09-2023,Valencia,Real Sociedad,,0-1,3.10,FT,X,away
27-09-2023,Leixoes,Estoril,,1-2,2.20,FT,2,away
26-09-2023,Cosenza,Cremonese,,1-2,1.35,DC,X2,away
26-09-2023,Leko,FeralpiSalo,,1-2,3.00,FT,X,away
26-09-2023,Ascoli,Ternana,,2-0,2.35,FT,1,home
26-09-2023,Reggiana,Pisa,,0-0,3.00,FT,X,draw
26-09-2023,Spezia,Brescia,,0-0,1.75,FT,1,draw
26-09-2023,Sudtirol,Modena,,0-0,2.90,FT,X,draw
26-09-2023,Venezia,Palermo,,1-3,3.20,FT,X,away
26-09-2023,Ipswich,Wolverhampton,,3-2,2.60,FT,1,home
26-09-2023,Mansfield,Peterborough,,2-2,2.35,FT,1,draw
26-09-2023,Kilmarnock,Hearts,,1-2,2.70,FT,1,away
26-09-2023,Amiens,Ajaccio,,0-0,2.15,FT,1,draw
26-09-2023,Guingamp,Bordeaux,,0-0,1.40,DC,X2,draw
26-09-2023,Paris,Laval,,0-1,2.45,FT,1,away
26-09-2023,Quevilly,Angers,,0-1,1.45,DC,X2,away
26-09-2023,Valenciennes,Concarneau,,0-1,2.25,FT,1,away
26-09-2023,Lille,Reims,,1-2,1.95,FT,1,away
25-09-2023,Omonia,Aris Limmasol,,2-2,1.35,DC,X2,draw
25-09-2023,Fakel,Rubin,,0-1,3.15,FT,X,away
25-09-2023,Hatayspor,Trabzonspor,,3-2,1.35,DC,X2,home
25-09-2023,Altay,Bodrumspor,,1-1,1.83,FT,2,draw
25-09-2023,Varnamo,Sirius,,0-1,2.30,FT,1,away
25-09-2023,Ajax II,Eindhoven,,1-1,2.40,FT,2,draw
25-09-2023,Panathinaikos,AEK,,1-2,2.30,FT,1,away
25-09-2023,Rapid Bucuresti,Cluj,,3-1,1.40,DC,X2,home
25-09-2023,Wexford,Longford,,2-0,2.00,FT,1,home
25-09-2023,Ferrol,Zaragoza,,1-0,2.75,FT,1,home
25-09-2023,Tenerife,Espanyol,,1-0,3.00,FT,X,home
25-09-2023,Sochaux,Rouen,,0-1,3.20,FT,X,away
25-09-2023,Platense,Union de Santa Fe,,1-0,2.80,FT,X,home
25-09-2023,Sarmiento,Belgrano,,0-0,2.90,FT,X,draw
25-09-2023,Avai,Juventude,,0-2,2.90,FT,2,away
25-09-2023,America MG,Vasco da Gama,,0-1,2.70,FT,2,away
23-09-2023,Crystal Palace,Fulham,,0-0,1.30,DC,12,draw
23-09-2023,Luton,Wolverhampton,,1-1,2.20,FT,2,draw
23-09-2023,Middlesbrough,Southampton,,2-1,2.60,FT,2,home
23-09-2023,Plymouth,Norwich,,6-2,1.35,DC,X2,home
23-09-2023,Rotherham,Preston,,1-1,2.25,FT,2,draw
23-09-2023,Swansea,Sheffield Wed,,3-0,1.95,FT,1,home
23-09-2023,WBA,Millwall,,0-0,3.30,FT,X,draw
23-09-2023,Osasuna,Sevilla,,0-0,2.50,FT,1,draw
23-09-2023,Nantes,Lorient,,5-3,3.30,FT,X,home
23-09-2023,Werder,Koln,,2-1,2.65,FT,2,home
23-09-2023,Burgos,Elche,,4-0,1.35,DC,X2,home
23-09-2023,NEC,Utrecht,,3-0,2.45,FT,2,home
23-09-2023,Almeria,Valencia,,2-2,2.30,FT,2,draw
23-09-2023,Alcorcon,Huesca,,0-2,2.20,FT,1,away
23-09-2023,Santander,Albacete,,2-1,2.30,FT,1,home
23-09-2023,Brest,Olympique Lyon,,1-0,2.60,FT,2,home
22-09-2023,Magdeburg,Paderborn,,1-1,2.15,FT,1,draw
22-09-2023,Salernitana,Frosinone,,1-1,1.40,DC,1X,draw
22-09-2023,Unterhaching,Bielefeld,,1-2,1.25,DC,12,away
22-09-2023,Gaziantep,Istanbulspor,,2-0,2.00,FT,1,home
22-09-2023,Lyngby,Vejle Kolding,,1-1,1.90,FT,1,draw
22-09-2023,Go Ahead,Fortuna S.,,3-0,2.15,FT,1,home
22-09-2023,NAC Breda,Emmen,,1-3,2.20,FT,1,away
22-09-2023,Lecce,Genoa,,1-0,2.45,FT,1,home
22-09-2023,St. Patricks,Dundalk,,3-1,3.40,FT,X,home
22-09-2023,Wexford,Bray,,2-1,3.45,FT,X,home
22-09-2023,Birmingham,QPR,,0-0,1.85,FT,1,draw
22-09-2023,Alaves,Ath Bilbao,,0-2,1.25,DC,X2,away
22-09-2023,Cartagena,Eibar,,1-2,2.35,FT,2,away
22-09-2023,Monaco,Nice,,0-1,3.60,FT,X,away
22-09-2023,Admira,St. Polten,,2-2,3.30,FT,X,draw
22-09-2023,Famalicao,Arouca,,1-0,2.00,FT,1,home
21-09-2023,Al Ittihad,Ceramica Cleopatra,,1-0,1.35,DC,X2,home
21-09-2023,Pyramids,Zamalek,,2-2,1.25,DC,1X,draw
21-09-2023,St.Gilloise,Toulouse,,1-1,1.25,DC,1X,draw
21-09-2023,Panathinaikos,Villarreal,,2-0,2.40,FT,2,home
21-09-2023,Servette,Slavia Prague,,0-2,1.95,FT,2,away
21-09-2023,Qarabag,Molde,,1-0,2.85,FT,2,home
21-09-2023,Genk,Fiorentina,,2-2,2.20,FT,2,draw
21-09-2023,Helsinki,PAOK,,2-3,1.90,FT,2,away
21-09-2023,Hermannstadt,FCSB,,2-2,3.30,FT,X,draw
21-09-2023,Olympiacos,Freiburg,,2-3,2.65,FT,1,away
21-09-2023,Ajax,Olympique Marseille,,3-3,2.70,FT,2,draw
21-09-2023,Rangers,Betis,,1-0,2.50,FT,1,home
21-09-2023,Sturm Graz,Sporting,,1-2,1.95,FT,2,away
21-09-2023,Club Brugge,Besiktas,,1-1,1.90,FT,1,draw
21-09-2023,Lugano,Bodo/Glimt,,0-0,2.15,FT,2,draw
21-09-2023,Belgrano,Platense,,3-0,2.75,FT,X,home
20-09-2023,Rubin Kazan,FK Rostov,,1-1,3.40,FT,X,draw
20-09-2023,Akhmat Grozny,Zenit,,3-3,2.20,FT,2,draw
20-09-2023,AlbinoLeffe,Pro Patria,,3-1,1.25,DC,1X,home
20-09-2023,Arzignano,Alessandria,,1-0,2.00,FT,1,home
20-09-2023,Lumezzane,Fiorenzuola,,2-0,3.00,FT,X,home
20-09-2023,Blackburn,Sunderland,,1-3,2.90,FT,2,away
20-09-2023,Huddersfield,Stoke,,2-2,2.50,FT,2,draw
20-09-2023,Hull,Leeds,,0-0,1.95,FT,2,draw
20-09-2023,Watford,WBA,,2-2,2.15,FT,1,draw
20-09-2023,Virtus Verona,Vicenza,,1-1,2.40,FT,2,draw
20-09-2023,Norwich,Leicester,,0-2,1.50,DC,X2,away
20-09-2023,Sevilla,Lens,,1-1,1.90,FT,1,draw
20-09-2023,Sociedad,Inter,,1-1,1.35,DC,X2,draw
20-09-2023,Montreal,Cincinnati,,1-1,2.70,FT,2,draw
20-09-2023,Charlotte,Philadelphia Union,,2-2,2.75,FT,2,draw
20-09-2023,DC United,Atlanta Utd,,1-1,2.80,FT,2,draw
19-09-2023,Bristol City,Plymouth,,4-1,1.85,FT,1,home
19-09-2023,Cardiff,Coventry,,3-2,2.65,FT,2,home
19-09-2023,Preston,Birmingham,,2-1,1.30,DC,1X,home
19-09-2023,QPR,Swansea,,1-1,2.55,FT,2,draw
19-09-2023,Southampton,Ipswich,,0-1,2.80,FT,2,away
19-09-2023,Barnsley,Portsmouth,,2-3,2.25,FT,1,away
19-09-2023,Port Vale,Burton,,2-3,1.95,FT,1,away
19-09-2023,Altrincham,Hartlepool,,2-2,1.45,DC,1X,draw
19-09-2023,Dag & Red,Bromley,,0-1,1.45,DC,X2,away
19-09-2023,Dorking Wanderers,Wealdstone,,3-1,2.05,FT,2,home
19-09-2023,Eastleigh,Oxford City,,2-2,2.15,FT,1,draw
19-09-2023,Oldham,York City,,2-0,2.00,FT,1,home
19-09-2023,Solihull,Fylde,,2-1,2.05,FT,1,home
19-09-2023,Boreham Wood,Rochdale,,1-1,3.15,FT,X,draw
19-09-2023,Sheffield Wed,Middlesbrough,,1-1,3.30,FT,1,draw
19-09-2023,Lazio,Atl. Madrid,,1-1,3.20,FT,X,draw
18-09-2023,Nancy,Dijon,,3-0,2.70,FT,1,home
18-09-2023,Salernitana,Torino,,0-3,3.15,FT,X,away
18-09-2023,Karagumruk,Hatayspor,,0-0,1.95,FT,1,draw
18-09-2023,Sivasspor,Ankaragucu,,1-3,1.40,DC,1X,away
18-09-2023,Odense,Silkeborg,,0-3,2.30,FT,2,away
18-09-2023,Norrkoping,Mjallby,,0-2,2.00,FT,1,away
18-09-2023,Jonkoping Sodra,Landskrona,,1-2,3.45,FT,X,away
18-09-2023,Oster,Vasteras,,2-2,2.00,FT,1,draw
18-09-2023,Oss,Dordrecht,,0-1,2.75,FT,2,away
18-09-2023,Eindhoven,ADO Den Haag,,1-1,2.75,FT,2,draw
18-09-2023,Sampdoria,Cittadella,,1-2,2.25,FT,1,away
18-09-2023,Nottingham,Burnley,,1-1,2.15,FT,1,draw
18-09-2023,Verona,Bologna,,0-0,2.20,FT,2,draw
18-09-2023,Guingamp,Ajaccio,,3-0,1.25,DC,1X,home
18-09-2023,Granada,Girona,,2-4,2.40,FT,2,away
18-09-2023,Andorra FC,Oviedo,,1-0,1.25,DC,1X,home
17-09-2023,Frosinone,Sassuolo,,4-2,3.40,FT,X,home
17-09-2023,Monza,Lecce,,1-1,2.10,FT,1,draw
17-09-2023,Clermont,Nantes,,0-1,1.95,FT,1,away
17-09-2023,Strasbourg,Montpellier,,2-2,1.50,DC,X2,draw
17-09-2023,Heidenheim,Werder Bremen,,4-2,2.30,FT,1,home
17-09-2023,Mannheim,Ulm,,0-2,2.00,FT,1,away
17-09-2023,Arouca,Casa Pia,,0-1,3.20,FT,X,away
17-09-2023,Gil Vicente,Estoril,,5-3,1.30,DC,1X,home
17-09-2023,Cambuur,Willem II,,1-0,2.00,FT,1,home
17-09-2023,Rosenborg,Bodo/Glimt,,1-1,1.85,FT,2,draw
17-09-2023,Sarpsborg 08,Lillestrom,,3-1,1.90,FT,1,home
17-09-2023,Darmstadt,B. Monchengladbach,,3-3,2.30,FT,2,draw
17-09-2023,Fiorentina,Atalanta,,3-2,3.50,FT,X,home
17-09-2023,Elche,Leganes,,1-0,3.25,FT,X,home
17-09-2023,Unterhaching,Saarbrucken,,0-0,2.10,FT,2,draw
17-09-2023,Gijon,Tenerife,,2-1,1.35,DC,1X,home
16-09-2023,Aston Villa,Crystal Palace,,3-1,1.90,FT,1,home
16-09-2023,Manchester Utd,Brighton,,1-3,1.25,DC,12,away
16-09-2023,Blackburn,Middlesbrough,,2-1,2.50,FT,1,home
16-09-2023,Bristol City,WBA,,0-0,1.30,DC,12,draw
16-09-2023,Preston,Plymouth,,2-1,2.00,FT,1,home
16-09-2023,QPR,Sunderland,,1-3,2.20,FT,2,away
16-09-2023,Sheffield Wed,Ipswich,,0-1,2.00,FT,2,away
16-09-2023,Watford,Birmingham,,2-0,2.00,FT,1,home
16-09-2023,Valencia,Atl. Madrid,,3-0,2.10,FT,2,home
16-09-2023,Rennes,Lille,,2-2,2.15,FT,1,draw
16-09-2023,Inter,Milan,,5-1,1.35,DC,1X,home
16-09-2023,Bochum,Eintracht Frankfurt,,1-1,2.95,FT,1,draw
16-09-2023,Celta Vigo,Mallorca,,0-1,2.00,FT,1,away
16-09-2023,Alcorcon,Levante,,0-2,2.80,FT,1,away
16-09-2023,Valladolid,Cartagena,,1-0,1.85,FT,1,home
16-09-2023,Cardiff,Swansea,,2-0,2.50,FT,1,home
15-09-2023,Nurnberg,Greuther Furth,,1-1,1.40,DC,1X,draw
15-09-2023,Duisburg,Verl,,2-3,3.60,FT,X,away
15-09-2023,Viborg,Midtjylland,,2-2,2.35,FT,2,draw
15-09-2023,Ranheim,Raufoss,,1-3,2.50,FT,2,away
15-09-2023,Sonderjyske,Aalborg,,1-1,1.40,DC,X2,draw
15-09-2023,Den Bosch,MVV,,3-2,2.90,FT,2,home
15-09-2023,VVV Venlo,NAC Breda,,3-1,2.40,FT,2,home
15-09-2023,Venezia,Spezia,,1-0,3.40,FT,X,home
15-09-2023,Sion,Grasshoppers,,3-0,2.50,FT,1,home
15-09-2023,Gornik,Ruch Chorzow,,1-0,3.25,FT,X,home
15-09-2023,Hull,Coventry,,1-1,2.55,FT,2,draw
15-09-2023,Drogheda,Bohemians,,1-3,3.40,FT,X,away
15-09-2023,Galway,Dundalk,,4-0,2.70,FT,1,home
15-09-2023,Derry City,Shamrock Rovers,,1-1,1.30,DC,1X,draw
15-09-2023,Southampton,Leicester,,1-4,2.35,FT,1,away
15-09-2023,Rayo Vallecano,Alaves,,2-0,1.95,FT,1,home
14-09-2023,Al Wahda,Dhamk,,4-2,2.10,FT,1,home
14-09-2023,Londrina,Ituano,,2-2,2.90,FT,X,draw
14-09-2023,Deportes Tolima,Ind. Medellin,,1-1,2.20,FT,1,draw
14-09-2023,Santos,Cruzeiro,,0-3,1.40,DC,1X,away
14-09-2023,Platense,Lanus,,2-1,2.85,FT,X,home
14-09-2023,Huachipato,Palestino,,2-2,3.25,FT,X,draw
14-09-2023,Coritiba,Bahia,,2-4,3.25,FT,X,away
14-09-2023,Independiente,Huracan,,1-0,1.30,DC,1X,home
14-09-2023,Bragantino,Gremio,,2-0,1.95,FT,1,home
14-09-2023,Alianza Petrolera,CPD Junior,,1-5,2.60,FT,1,away
14-09-2023,Kawasaki Frontale,FC Tokyo,,1-0,1.90,FT,1,home
14-09-2023,Haka,Ilves,,2-2,2.20,FT,1,draw
14-09-2023,Lahti,KTP,,2-1,2.15,FT,1,home
14-09-2023,Nurnberg,Greuther Furth,,1-1,1.40,DC,1X,draw
14-09-2023,Viborg,Midtjylland,,2-2,2.35,FT,2,draw
14-09-2023,Venezia,Spezia,,1-0,3.40,FT,X,home
13-09-2023,Gimnasia L.P.,Velez Sarsfield,,2-1,2.90,FT,X,home
13-09-2023,Municipal Grecia,Guanacasteca,,1-2,1.40,DC,1X,away
13-09-2023,Curico Unido,O’Higgins,,1-3,2.50,FT,1,away
13-09-2023,Chico,Santa Fe,,1-1,2.90,FT,X,draw
13-09-2023,Sarmiento,Cordoba Santiago,,0-1,2.05,FT,1,away
13-09-2023,Jaguares de Cordoba,America De Cali,,0-1,2.20,FT,2,away
13-09-2023,Internacional,Sao Paulo,,2-1,1.30,DC,1X,home
13-09-2023,Puntarenas FC,Liberia,,1-0,2.00,FT,1,home
13-09-2023,Al Wahda,Dhamk,,4-2,2.10,FT,1,home
13-09-2023,Londrina,Ituano,,2-2,2.90,FT,X,draw
13-09-2023,Deportes Tolima,Ind. Medellin,,1-1,2.20,FT,1,draw
13-09-2023,Santos,Cruzeiro,,0-3,1.40,DC,1X,away
13-09-2023,Platense,Lanus,,2-1,2.85,FT,X,home
13-09-2023,Coritiba,Bahia,,2-4,3.25,FT,X,away
13-09-2023,Bragantino,Gremio,,2-0,1.95,FT,1,home
13-09-2023,Alianza Petrolera,CPD Junior,,1-5,2.60,FT,1,away
12-09-2023,Armenia U21,Montenegro U21,,0-1,2.10,FT,2,away
12-09-2023,Finland U21,Switzerland U21,,1-2,1.95,FT,2,away
12-09-2023,South Africa,D.R. Congo,,1-0,3.15,FT,X,home
12-09-2023,Qatar,Russia,,1-1,2.10,FT,2,draw
12-09-2023,Moldova U21,Georgia U21,,0-1,1.85,FT,2,away
12-09-2023,Bulgaria U21,Israel U21,,1-0,1.35,DC,X2,home
12-09-2023,Costa Rica,UAE,,1-4,1.95,FT,1,away
12-09-2023,Azerbaijan,Jordan,,2-1,1.25,DC,1X,home
12-09-2023,Turkey U21,Italy U21,,0-2,1.30,DC,X2,away
12-09-2023,Albania U21,Romania U21,,3-2,2.20,FT,2,home
12-09-2023,Iceland U21,Czech Republic U21,,2-1,2.25,FT,2,home
12-09-2023,South Korea,Saudi Arabia,,1-0,2.00,FT,1,home
12-09-2023,Sweden,Austria,,1-3,2.35,FT,1,away
12-09-2023,Romania,Kosovo,,2-0,2.00,FT,1,home
12-09-2023,Germany,France,,2-1,2.20,FT,2,home
12-09-2023,Senegal,Algeria,,0-1,3.05,FT,X,away
11-09-2023,Guinea Bissau,Sierra Leone,,2-1,1.75,FT,1,home
11-09-2023,Red Star,Rouen,,3-2,1.70,FT,1,home
11-09-2023,Foggia,Giugliano,,1-0,1.85,FT,1,home
11-09-2023,Juve Stabia,Avellino,,1-0,1.35,DC,X2,home
11-09-2023,Picerno,Taranto,,1-1,1.20,DC,1X,draw
11-09-2023,Iceland,Bosnia & Herzegovina,,1-0,2.50,FT,2,home
11-09-2023,Eldense,Alcorcon,,2-2,2.90,FT,X,draw
11-09-2023,Orleans,Le Mans,,1-3,3.00,FT,X,away
11-09-2023,Envigado,Aguilas,,2-2,3.00,FT,X,draw
11-09-2023,Atletico Huila,Deportes Tolima,,3-0,2.90,FT,X,home
11-09-2023,Avai,Novorizontino,,1-0,1.35,DC,X2,home
11-09-2023,Bucaramanga,Alianza Petrolera,,0-1,1.95,FT,1,away
11-09-2023,Armenia U21,Montenegro U21,,0-1,2.10,FT,2,away
11-09-2023,Finland U21,Switzerland U21,,1-2,1.95,FT,2,away
11-09-2023,Lithuania U21,Wales U21,,2-3,1.60,FT,2,away
11-09-2023,Sweden,Austria,,1-3,2.35,FT,1,away
10-09-2023,Kazakhstan,Northern Ireland,,1-0,2.70,FT,1,home
10-09-2023,Giana Erminio,Vicenza,,1-5,1.80,FT,2,away
10-09-2023,Faroe Islands,Moldova,,0-1,2.35,FT,1,away
10-09-2023,Togo,Cape Verde,,3-2,2.65,FT,1,home
10-09-2023,AlbinoLeffe,Triestina,,1-2,2.75,FT,X,away
10-09-2023,Novara,Pro Patria,,1-2,1.25,DC,1X,away
10-09-2023,Renate,Pro Vercelli,,1-1,2.80,FT,X,draw
10-09-2023,Cartagena,Zaragoza,,1-3,2.90,FT,X,away
10-09-2023,Mirandes,Andorra,,4-3,2.35,FT,2,home
10-09-2023,Padova,Legnago Salus,,2-0,1.90,FT,1,home
10-09-2023,Perugia,Pescara,,1-1,1.30,DC,1X,draw
10-09-2023,Latina,Potenza,,2-1,3.00,FT,X,home
10-09-2023,Monopoli,Monterosi,,2-2,1.90,FT,1,draw
10-09-2023,Albania,Poland,,2-0,3.10,FT,X,home
10-09-2023,Valladolid,Elche,,1-1,3.00,FT,X,draw
10-09-2023,Gambia,Congo,,2-2,1.50,DC,X2,draw
08-09-2023,Epinal,Sochaux,,0-3,3.20,FT,X,away
08-09-2023,GOAL,Martigues,,0-0,3.20,FT,X,draw
08-09-2023,Marignane,Nancy,,1-1,1.35,DC,X2,draw
08-09-2023,Nimes,Chateauroux,,2-2,3.15,FT,X,draw
08-09-2023,Niort,Cholet,,2-0,2.40,FT,1,home
08-09-2023,R.Ireland U21,Turkey U21,,3-2,3.20,FT,X,home
08-09-2023,Pineto,Virtus Entella,,0-0,1.90,FT,2,draw
08-09-2023,Vis Pesaro,Olbia,,0-1,2.95,FT,X,away
08-09-2023,Treaty United,Wexford,,1-2,3.30,FT,X,away
08-09-2023,Luxembourg,Iceland,,3-1,1.45,DC,1X,home
08-09-2023,Levante,Espanyol,,1-4,1.35,DC,1X,away
08-09-2023,Saudi Arabia,Costa Rica,,1-3,2.40,FT,1,away
08-09-2023,Bermuda,French Guiana,,0-0,3.15,FT,X,draw
08-09-2023,Ituano,Vila Nova,,1-2,2.75,FT,X,away
08-09-2023,Dominican Republic,Nicaragua,,0-2,2.60,FT,2,away
08-09-2023,Barbados,Montserrat,,2-3,3.15,FT,X,away
07-09-2023,Anguilla,Saint Martin,,0-6,2.95,FT,2,away
07-09-2023,Trinidad,Curacao,,1-0,2.85,FT,2,home
07-09-2023,United States Virgin Islands,Cayman Islands,,2-2,1.95,FT,2,draw
07-09-2023,Guatemala,El Salvador,,2-0,2.00,FT,1,home
07-09-2023,Epinal,Sochaux,,0-3,3.20,FT,X,away
07-09-2023,GOAL,Martigues,,0-0,3.20,FT,X,draw
07-09-2023,Marignane,Nancy,,1-1,1.35,DC,X2,draw
07-09-2023,Nimes,Chateauroux,,2-2,3.15,FT,X,draw
07-09-2023,Niort,Cholet,,2-0,2.40,FT,1,home
07-09-2023,Pineto,Virtus Entella,,0-0,1.90,FT,2,draw
07-09-2023,Vis Pesaro,Olbia,,0-1,2.95,FT,X,away
07-09-2023,Treaty United,Wexford,,1-2,1.50,DC,X2,away
07-09-2023,Levante,Espanyol,,1-4,1.35,DC,1X,away
07-09-2023,Bermuda,French Guiana,,0-0,2.20,FT,2,draw
07-09-2023,Belize,Saint Vincent,,1-2,1.85,FT,1,away
07-09-2023,Ituano,Vila Nova,,1-2,2.75,FT,X,away
06-09-2023,Sonderjyske,Vejle Kolding,,0-1,2.40,FT,1,away
06-09-2023,Libya,Equatorial Guinea,,1-1,2.40,FT,2,draw
06-09-2023,Deportivo Tolima,Deportivo Pereira,,2-3,1.20,DC,1X,away
06-09-2023,Kazakhstan,Finland,,0-1,2.10,FT,2,away
06-09-2023,Bulgaria,Iran,,0-1,2.00,FT,2,away
06-09-2023,B&H U21,Slovenia U21,,1-2,2.20,FT,1,away
06-09-2023,Wales,South Korea,,0-0,2.50,FT,1,draw
06-09-2023,Anguilla,Saint Martin,,0-6,2.95,FT,2,away
06-09-2023,Trinidad,Curacao,,1-0,2.85,FT,2,home
06-09-2023,Paraguay,Peru,,0-0,2.00,FT,1,draw
06-09-2023,United States Virgin Islands,Cayman Islands,,2-2,1.95,FT,2,draw
06-09-2023,Guatemala,El Salvador,,2-0,2.00,FT,1,home
06-09-2023,Armenia U21,Albania U21,,1-2,2.10,FT,2,away
06-09-2023,Luxembourg,Iceland,,3-1,1.45,DC,1X,home
06-09-2023,Levante,Espanyol,,1-4,1.35,DC,1X,away
06-09-2023,Saudi Arabia,Costa Rica,,1-3,2.40,FT,1,away
05-09-2023,Barrow,Blackpool,,0-2,2.25,FT,2,away
05-09-2023,Fleetwood,Tranmere,,2-0,1.90,FT,1,home
05-09-2023,Forest Green,Shrewsbury,,3-0,2.70,FT,2,home
05-09-2023,Wimbledon,Stevenage,,1-1,1.30,DC,12,draw
05-09-2023,Gillingham,Leyton,,2-1,2.25,FT,1,home
05-09-2023,Northampton,Oxford Utd,,1-3,2.05,FT,2,away
05-09-2023,Accrington,Carlisle,,1-0,2.40,FT,1,home
05-09-2023,Crawley,Charlton,,4-3,1.95,FT,2,home
05-09-2023,Chippenham,Taunton,,3-3,2.40,FT,2,draw
05-09-2023,Hampton & Richmond,Weymouth,,1-0,2.10,FT,1,home
05-09-2023,Maidstone,Aveley,,0-1,2.70,FT,2,away
05-09-2023,Tonbridge,Braintree,,0-0,2.00,FT,1,draw
05-09-2023,Torquay,Farnborough,,3-0,1.25,DC,12,home
05-09-2023,Truro,Bath,,1-1,1.25,DC,12,draw
05-09-2023,Weston,Yeovil,,2-3,2.05,FT,2,away
05-09-2023,Darlington,Boston Utd,,0-0,2.60,FT,1,draw
04-09-2023,Botosani,Hermannstadt,,2-2,1.30,DC,X2,draw
04-09-2023,SC Ashdod,Beitar J.,,1-2,1.50,DC,1X,away
04-09-2023,Alessandria,Novara,,0-0,2.00,FT,2,draw
04-09-2023,Mantova,Padova,,1-1,1.45,DC,X2,draw
04-09-2023,Pergolettese,Pro Sesto,,5-2,2.05,FT,1,home
04-09-2023,Pro Vercelli,Lumezzane,,4-1,2.00,FT,1,home
04-09-2023,Triestina,Trento,,0-1,2.00,FT,1,away
04-09-2023,Cambridge Utd,Reading,,1-0,2.25,FT,1,home
04-09-2023,Martigues,Red Star,,0-1,3.10,FT,X,away
04-09-2023,Union de Santa Fe,San Lorenzo,,1-1,2.75,FT,X,draw
04-09-2023,Chapecoense,Guarani,,0-1,2.90,FT,X,away
04-09-2023,Kazakhstan,Finland,,0-1,2.10,FT,2,away
04-09-2023,B&H U21,Slovenia U21,,1-2,2.20,FT,1,away
04-09-2023,Paraguay,Peru,,0-0,2.00,FT,1,draw
04-09-2023,Levante,Espanyol,,1-4,3.00,FT,X,away
04-09-2023,Ituano,Vila Nova,,1-2,2.75,FT,X,away
03-09-2023,Crystal Palace,Wolverhampton,,3-2,1.95,FT,1,home
03-09-2023,Le Havre,Lorient,,3-0,3.15,FT,X,home
03-09-2023,Metz,Reims,,2-2,1.90,FT,2,draw
03-09-2023,Eintracht Frankfurt,FC Koln,,1-1,2.20,FT,1,draw
03-09-2023,Aberdeen,Hibernian,,0-2,2.20,FT,1,away
03-09-2023,Hearts,Motherwell,,0-1,1.95,FT,1,away
03-09-2023,Mallorca,Ath Bilbao,,0-0,1.35,DC,X2,draw
03-09-2023,Eibar,Leganes,,0-1,2.00,FT,1,away
03-09-2023,Estoril,Boavista,,1-2,3.20,FT,X,away
03-09-2023,Vitesse,AZ Alkmaar,,0-2,2.20,FT,2,away
03-09-2023,Nice,Strasbourg,,2-0,1.95,FT,1,home
03-09-2023,Union Berlin,RB Leipzig,,0-3,2.20,FT,2,away
03-09-2023,Torino,Genoa,,1-0,2.00,FT,1,home
03-09-2023,Lecce,Salernitana,,2-0,2.00,FT,1,home
03-09-2023,Huesca,Mirandes,,1-1,1.25,DC,1X,draw
03-09-2023,Braga,Sporting CP,,1-1,1.35,DC,X2,draw
02-09-2023,Burnley,Tottenham,,2-5,1.85,FT,2,away
02-09-2023,Coventry,Watford,,3-3,2.10,FT,1,draw
02-09-2023,Plymouth,Blackburn,,3-0,1.25,DC,12,home
02-09-2023,Stoke,Preston,,0-2,1.90,FT,1,away
02-09-2023,Livingston,St. Mirren,,1-1,1.35,DC,X2,draw
02-09-2023,St Johnstone,Dundee FC,,2-2,2.40,FT,2,draw
02-09-2023,Almere City,Zwolle,,1-2,2.15,FT,2,away
02-09-2023,Brest,Rennes,,0-0,2.10,FT,2,draw
02-09-2023,Stade Lausanne Ouchy,Grasshoppers,,2-1,2.30,FT,1,home
02-09-2023,Brighton,Newcastle,,3-1,1.25,DC,12,home
02-09-2023,Alaves,Valencia,,1-0,2.90,FT,X,home
02-09-2023,Go Ahead Eagles,Heerenveen,,3-2,2.20,FT,1,home
02-09-2023,Krasnodar,Spartak Moscow,,2-0,2.25,FT,1,home
02-09-2023,Kaiserslautern,Nurnberg,,3-1,3.20,FT,2,home
02-09-2023,Betis,Rayo Vallecano,,1-0,1.95,FT,1,home
02-09-2023,Monaco,Lens,,3-0,2.10,FT,1,home
01-09-2023,Sassuolo,Verona,,3-1,2.00,FT,1,home
01-09-2023,Skeid,Asane,,1-3,1.95,FT,2,away
01-09-2023,Orgryte,Orebro,,0-3,3.25,FT,X,away
01-09-2023,Cadiz CF,Villarreal,,3-1,1.30,DC,X2,home
01-09-2023,Alcorcon,Ferrol,,2-0,2.95,FT,X,home
01-09-2023,Sparta,NEC,,1-1,1.85,FT,1,draw
01-09-2023,Kasimpasa,Trabzonspor,,1-5,2.30,FT,2,away
01-09-2023,Rizespor,Karagumruk,,1-0,2.05,FT,1,home
01-09-2023,Helmond,Cambuur,,2-1,1.92,FT,2,home
01-09-2023,AS Roma,AC Milan,,1-2,1.45,DC,X2,away
01-09-2023,Cork City,Sligo Rovers,,3-0,3.10,FT,X,home
01-09-2023,Dundalk,Derry City,,1-3,3.20,FT,1,away
01-09-2023,Shelbourne,St. Patricks,,2-1,2.50,FT,1,home
01-09-2023,Vizela,Gil Vicente,,1-0,3.10,FT,2,home
01-09-2023,Albacete,Valladolid,,2-0,1.30,DC,1X,home
01-09-2023,Almeria,Celta Vigo,,2-3,2.50,FT,2,away
31-08-2023,Helsinki,Farul Constanta,,2-0,1.30,DC,12,home
31-08-2023,Breidablik,Struga,,1-0,1.85,FT,1,home
31-08-2023,Sparta Prague,D. Zagreb,,4-1,1.85,FT,1,home
31-08-2023,Brann,AZ Alkmaar,,3-3,2.10,FT,2,draw
31-08-2023,Twente,Fenerbahce,,0-1,3.00,FT,2,away
31-08-2023,Apoel Nicosia,Gent,,1-2,2.35,FT,2,away
31-08-2023,Demirspor,Genk,,1-0,1.25,DC,12,home
31-08-2023,Bate Borisov,Ballkani,,1-0,2.20,FT,2,home
31-08-2023,Celje,Maccabi Tel Aviv,,1-1,1.95,FT,2,draw
31-08-2023,Partizani,Astana,,1-1,2.10,FT,2,draw
31-08-2023,Dnipro-1,Trnava,,1-1,2.25,FT,2,draw
31-08-2023,Rijeka,Lille,,1-0,1.80,FT,2,home
31-08-2023,Lugano,St.Gilloise,,0-1,2.60,FT,1,away
31-08-2023,Club Brugge,Osasuna,,2-2,2.05,FT,1,draw
31-08-2023,Aberdeen,Hacken,,1-3,1.30,DC,12,away
31-08-2023,Zrinjski,LASK,,1-1,2.80,FT,1,draw
30-08-2023,Sochi,CSKA,,0-0,2.10,FT,2,draw
30-08-2023,Akhmat Grozny,Krylya Sovetov,,3-1,2.20,FT,1,home
30-08-2023,Lahti,Inter Turku,,1-2,1.30,DC,X2,away
30-08-2023,Rostov,Lokomotiv Moscow,,2-1,2.30,FT,1,home
30-08-2023,Baltika,Zenit,,1-0,1.90,FT,2,home
30-08-2023,Richards Bay,Sekhukhune,,1-1,2.65,FT,X,draw
30-08-2023,Chippa Utd.,Royal AM,,2-3,2.15,FT,1,away
30-08-2023,Stellenbosch,Kaizer Chiefs,,0-2,2.80,FT,X,away
30-08-2023,AmaZulu,Galaxy,,1-0,2.85,FT,X,home
30-08-2023,Al Jahra,Al Qadisiya,,1-2,1.55,FT,2,away
30-08-2023,Sampdoria,Venezia,,1-2,3.30,FT,X,away
30-08-2023,Bari,Cittadella,,1-1,1.30,DC,1X,draw
30-08-2023,Ternana,Cremonese,,0-1,1.30,DC,X2,away
30-08-2023,Catanzaro,Spezia,,3-0,3.20,FT,X,home
30-08-2023,Nottingham,Burnley,,0-1,2.30,FT,1,away
30-08-2023,Racing Club,Boca Juniors,,0-0,3.00,FT,X,draw
29-08-2023,Swansea,Bournemouth,,2-3,2.20,FT,2,away
29-08-2023,Ascoli,FeralpiSalo,,3-0,1.30,DC,1X,home
29-08-2023,Cosenza,Modena,,1-2,1.40,DC,1X,away
29-08-2023,Pisa,Parma,,1-2,3.00,FT,X,away
29-08-2023,Reggiana,Palermo,,1-3,3.10,FT,X,away
29-08-2023,Birmingham,Cardiff,,1-3,2.05,FT,1,away
29-08-2023,Bolton,Middlesbrough,,1-3,1.40,DC,X2,away
29-08-2023,Exeter,Stevenage,,1-1,2.20,FT,1,draw
29-08-2023,Fulham,Tottenham,,1-1,1.80,FT,2,draw
29-08-2023,Portsmouth,Peterborough,,1-1,1.90,FT,1,draw
29-08-2023,Wrexham,Bradford City,,1-1,2.00,FT,1,draw
29-08-2023,Bristol City,Norwich,,0-1,2.55,FT,2,away
29-08-2023,Barry,Haverfordwest,,2-2,2.50,FT,1,draw
29-08-2023,Caernarfon,Bala,,1-1,1.80,FT,2,draw
29-08-2023,Panathinaikos,Braga,,0-1,3.40,FT,X,away
29-08-2023,Young Boys,Maccabi Haifa,,3-0,1.80,FT,1,home
28-08-2023,Hermannstadt,U. Cluj,,2-2,1.30,DC,1X,draw
28-08-2023,Salernitana,Udinese,,1-1,3.30,FT,X,draw
28-08-2023,Hobro,Sonderjyske,,1-2,1.80,FT,2,away
28-08-2023,Eldense,Eibar,,2-1,1.40,DC,X2,home
28-08-2023,Nacional,Leixoes,,3-1,1.30,DC,1X,home
28-08-2023,Vejle Kolding,Brondby,,0-1,2.00,FT,2,away
28-08-2023,Moss,Kristiansund,,0-3,2.30,FT,2,away
28-08-2023,Sundsvall,Jonkoping,,3-2,2.20,FT,1,home
28-08-2023,Getafe,Alaves,,1-0,2.35,FT,1,home
28-08-2023,Slavia Sofia,CSKA 1948 Sofia,,0-2,1.95,FT,2,away
28-08-2023,AZ Alkmar II,Telstar,,3-1,2.25,FT,1,home
28-08-2023,PSV II,Helmond,,2-1,2.25,FT,1,home
28-08-2023,Annecy,St Etienne,,1-1,2.10,FT,2,draw
28-08-2023,Versailles,Rouen,,2-2,3.00,FT,X,draw
28-08-2023,Rayo Vallecano,Atl. Madrid,,0-7,2.00,FT,2,away
28-08-2023,Santander,Huesca,,0-0,2.00,FT,1,draw
27-08-2023,Burnley,Aston Villa,,1-3,2.15,FT,2,away
27-08-2023,Mainz,Eintracht Frankfurt,,1-1,2.40,FT,1,draw
27-08-2023,Dundee FC,Hearts,,1-0,2.30,FT,2,home
27-08-2023,St. Mirren,Aberdeen,,2-2,2.35,FT,1,draw
27-08-2023,Heerenveen,Sparta Rotterdam,,1-3,2.25,FT,1,away
27-08-2023,Hartberg,A. Klagenfurt,,0-3,1.40,DC,1X,away
27-08-2023,Lorient,Lille,,4-1,1.95,FT,2,home
27-08-2023,Newcastle,Liverpool,,1-2,2.15,FT,1,away
27-08-2023,Villarreal,Barcelona,,3-4,2.00,FT,2,away
27-08-2023,Valencia,Osasuna,,1-2,1.90,FT,1,away
27-08-2023,Amorebieta,Andorra,,3-0,3.05,FT,X,home
27-08-2023,Mirandes,Espanyol,,0-1,2.25,FT,2,away
27-08-2023,Catanzaro,Ternana,,2-1,1.30,DC,1X,home
27-08-2023,Nice,Olympique Lyon,,0-0,2.10,FT,1,draw
27-08-2023,Ath Bilbao,Betis,,4-2,2.00,FT,1,home
27-08-2023,Leganes,Albacete,,2-0,1.35,DC,1X,home
26-08-2023,Brentford,Crystal Palace,,1-1,1.30,DC,1X,draw
26-08-2023,Everton,Wolverhampton,,0-1,1.30,DC,12,away
26-08-2023,Birmingham,Plymouth,,2-1,1.85,FT,1,home
26-08-2023,Cardiff,Sheffield Wed,,2-1,2.10,FT,1,home
26-08-2023,Coventry,Sunderland,,0-0,2.10,FT,1,draw
26-08-2023,Huddersfield,Norwich,,0-4,2.10,FT,2,away
26-08-2023,Ipswich,Leeds,,3-4,2.30,FT,1,away
26-08-2023,Millwall,Stoke,,1-0,3.10,FT,2,home
26-08-2023,Preston,Swansea,,2-1,3.20,FT,X,home
26-08-2023,WBA,Middlesbrough,,4-2,1.35,DC,1X,home
26-08-2023,B. Monchengladbach,Bayer Leverkusen,,0-3,1.90,FT,2,away
26-08-2023,Monza,Empoli,,2-0,1.90,FT,1,home
26-08-2023,Cadiz,Almeria,,1-1,2.20,FT,1,draw
26-08-2023,Granada CF,Mallorca,,3-2,2.95,FT,X,home
26-08-2023,Hannover,Hamburger SV,,0-1,1.95,FT,2,away
26-08-2023,Sevilla,Girona,,1-2,2.05,FT,1,away
25-08-2023,Stal Mielec,Radomiak Radom,,2-0,2.00,FT,2,home
25-08-2023,Paderborn,Kaiserslautern,,1-2,2.05,FT,1,away
25-08-2023,Randers FC,Viborg,,1-0,2.20,FT,2,home
25-08-2023,Radnicki Nis,Radnicki 1923,,4-1,1.85,FT,1,home
25-08-2023,Duisburg,Ulm,,1-1,2.80,FT,2,draw
25-08-2023,Las Palmas,Real Sociedad,,0-0,2.00,FT,2,draw
25-08-2023,De Graafschap,FC Emmen,,0-1,2.50,FT,1,away
25-08-2023,Den Bosch,ADO Den Haag,,1-2,1.25,DC,12,away
25-08-2023,Dordrecht,MVV,,2-2,2.30,FT,1,draw
25-08-2023,Eindhoven FC,NAC Breda,,2-0,2.40,FT,1,home
25-08-2023,Aluminij,Mura,,0-1,2.50,FT,2,away
25-08-2023,Hull,Bristol City,,1-1,2.35,FT,1,draw
25-08-2023,Zemplin,Kosice FC,,0-2,2.50,FT,2,away
25-08-2023,Widzew Lodz,Slask Wroclaw,,0-2,3.30,FT,X,away
25-08-2023,Bohemians,Derry City,,2-2,1.40,DC,1X,draw
25-08-2023,Estrela Amadora,Estoril,,2-1,1.35,DC,1X,home
24-08-2023,Struga,Breidablik,,0-1,2.40,FT,1,away
24-08-2023,Al Taee,Al Wehda,,0-3,3.05,FT,2,away
24-08-2023,Zalgiris,Ferencvaros,,0-4,1.85,FT,2,away
24-08-2023,Dyn. Kyiv,Besiktas,,2-3,2.15,FT,2,away
24-08-2023,Sepsi,Bodo/Glimt,,0-2,2.00,FT,2,away
24-08-2023,Olimpija,Qarabag,,0-2,2.50,FT,2,away
24-08-2023,D. Zagreb,Sparta Prague,,3-1,3.25,FT,X,home
24-08-2023,Midtjylland,Legia,,3-3,1.35,DC,1X,draw
24-08-2023,Al Naser,Kazma SC,,3-3,2.20,FT,2,draw
24-08-2023,Slovan Bratislava,Aris,,2-1,1.35,DC,1X,home
24-08-2023,Osasuna,Club Brugge,,1-2,3.25,FT,X,away
24-08-2023,Ki Klaksvik,Sheriff Tiraspol,,1-1,2.15,FT,2,draw
24-08-2023,Hearts,PAOK,,1-2,1.45,DC,X2,away
24-08-2023,America MG,Fortaleza,,1-3,3.00,FT,X,away
24-08-2023,LDU Quito,Sao Paulo,,2-1,3.00,FT,X,home
24-08-2023,Dep. Cali,Millonarios,,0-0,2.05,FT,1,draw
23-08-2023,Bryne,Moss,,3-1,2.15,FT,1,home
23-08-2023,Kongsvinger,Fredrikstad,,1-2,3.25,FT,X,away
23-08-2023,Mjondalen,Jerv,,2-2,2.10,FT,1,draw
23-08-2023,Raufoss,Sogndal,,3-0,2.30,FT,2,home
23-08-2023,Skeid,Ranheim,,0-1,2.40,FT,2,away
23-08-2023,Ilves,AC Oulu,,1-0,3.20,FT,X,home
23-08-2023,Trnava,Dnipro-1,,1-1,2.15,FT,1,draw
23-08-2023,Sepahan,Esteghlal T.,,1-0,1.20,DC,1X,home
23-08-2023,Erzgebirge Aue,Sandhausen,,2-1,1.25,DC,12,home
23-08-2023,Viktoria Koln,RW Essen,,0-0,2.20,FT,1,draw
23-08-2023,Freiburg II,Unterhaching,,0-0,2.80,FT,2,draw
23-08-2023,Vendsyssel,Kolding IF,,2-1,3.40,FT,X,home
23-08-2023,Maccabi Haifa,Young Boys,,0-0,2.75,FT,2,draw
23-08-2023,Molde,Galatasaray,,2-3,1.30,DC,12,away
23-08-2023,Cincinnati,Inter Miami,,2-2,2.15,FT,2,draw
23-08-2023,Houston,Salt Lake,,1-1,3.40,FT,X,draw
22-08-2023,Horn,Liefering,,2-1,2.15,FT,2,home
22-08-2023,Hallescher,Duisburg,,1-1,2.30,FT,1,draw
22-08-2023,Munster,Ingolstadt,,3-1,1.30,DC,12,home
22-08-2023,Ulm,Bielefeld,,1-0,1.25,DC,12,home
22-08-2023,Fredericia,Horsens,,2-0,2.45,FT,1,home
22-08-2023,Naestved,B.93,,0-1,2.15,FT,1,away
22-08-2023,Basford,Stafford,,1-2,2.30,FT,1,away
22-08-2023,Gainsborough,Guiseley,,4-0,2.05,FT,1,home
22-08-2023,Hyde,Marine,,2-1,2.10,FT,1,home
22-08-2023,Rakow,Copenhagen,,0-1,1.45,DC,1X,away
22-08-2023,Rangers,PSV,,2-2,2.35,FT,2,draw
22-08-2023,Antwerp,AEK,,1-0,2.15,FT,1,home
22-08-2023,Bolivar,Internacional,,0-1,1.80,FT,1,away
22-08-2023,Corinthians,Estudiantes,,1-0,2.00,FT,1,home
22-08-2023,Mazatlan,Puebla,,1-0,2.00,FT,1,home
22-08-2023,Juarez,Pumas Unam,,4-1,2.65,FT,2,home
21-08-2023,KTP,Haka,,1-2,2.65,FT,1,away
21-08-2023,Sepsi,Hermannstadt,,1-1,1.25,DC,1X,draw
21-08-2023,Le Mans,Dijon,,1-1,3.10,FT,X,draw
21-08-2023,Alaves,Sevilla,,4-3,2.25,FT,2,home
21-08-2023,Villarreal II,Eldense,,3-1,2.35,FT,1,home
21-08-2023,Norrkoping,AIK,,3-1,2.40,FT,2,home
21-08-2023,Torreense,Nacional,,3-0,1.95,FT,1,home
21-08-2023,Ajax II,De Graafschap,,1-2,2.00,FT,2,away
21-08-2023,Ankaragucu,Demirspor,,1-1,2.60,FT,1,draw
21-08-2023,Univ.Cluj,Cluj,,3-4,1.85,FT,2,away
21-08-2023,Bologna,Milan,,0-2,1.95,FT,2,away
21-08-2023,Ajaccio,Bordeaux,,0-0,1.35,DC,X2,draw
21-08-2023,Famalicao,Moreirense,,0-0,1.95,FT,1,draw
21-08-2023,Granada,Rayo Vallecano,,0-2,3.10,FT,X,away
21-08-2023,Huesca,Tenerife,,0-2,1.35,DC,X2,away
21-08-2023,Leixoes,Santa Clara,,0-0,2.15,FT,2,draw
20-08-2023,Tottenham,Manchester Utd,,2-0,2.80,FT,1,home
20-08-2023,Genoa,Fiorentina,,1-4,1.30,DC,X2,away
20-08-2023,Osasuna,Ath Bilbao,,0-2,1.45,DC,1X,away
20-08-2023,Cuiaba,Palmeiras,,0-2,1.35,DC,X2,away
20-08-2023,Kiel,Magdeburg,,2-4,2.35,FT,1,away
20-08-2023,Osnabruck,Nurnberg,,2-3,2.45,FT,1,away
20-08-2023,Le Havre,Brest,,1-2,3.20,FT,X,away
20-08-2023,Lorient,Nice,,1-1,2.20,FT,2,draw
20-08-2023,Vasco Gama,Atletico-MG,,1-0,2.45,FT,2,home
20-08-2023,Girona,Getafe,,3-0,2.05,FT,1,home
20-08-2023,Sassuolo,Atalanta,,0-2,2.05,FT,2,away
20-08-2023,Lecce,Lazio,,2-1,2.10,FT,2,home
20-08-2023,Lens,Rennes,,1-1,2.75,FT,2,draw
20-08-2023,Bahia,Bragantino,,4-0,2.50,FT,2,home
20-08-2023,Santos,Gremio,,2-1,3.10,FT,X,home
20-08-2023,Lorient,Nice,,1-1,1.35,DC,X2,draw
20-08-2023,Union Berlin,Mainz,,4-1,1.25,DC,1X,home
20-08-2023,Estoril,Rio Ave,,2-0,3.10,FT,X,home
20-08-2023,Oviedo,Ferrol,,1-1,1.20,DC,1X,draw
20-08-2023,West Ham,Chelsea,,3-1,2.05,FT,2,home
20-08-2023,Sudtirol,Spezia,,3-3,2.20,FT,2,draw
20-08-2023,Venezia,Como,,3-0,2.00,FT,1,home
20-08-2023,Cittadella,Reggiana,,1-0,2.10,FT,1,home
20-08-2023,Udinese,Juventus,,0-3,1.85,FT,2,away
20-08-2023,Betis,Atl. Madrid,,0-0,2.00,FT,2,draw
20-08-2023,Vizela,Arouca,,2-2,2.15,FT,1,draw
19-08-2023,Fulham,Brentford,,0-3,2.60,FT,2,away
19-08-2023,Wolverhampton,Brighton,,1-4,1.90,FT,2,away
19-08-2023,Blackburn,Hull,,1-2,1.90,FT,1,away
19-08-2023,Bristol City,Birmingham,,0-2,3.20,FT,X,away
19-08-2023,QPR,Ipswich,,0-1,1.90,FT,2,away
19-08-2023,Sheffield Wed,Preston,,0-1,2.50,FT,1,away
19-08-2023,Stoke,Watford,,1-0,2.20,FT,1,home
19-08-2023,Swansea,Coventry,,1-1,1.40,DC,1X,draw
19-08-2023,St. Mirren,Motherwell,,1-0,3.20,FT,X,home
19-08-2023,St. Liege,Cercle Brugge,,0-1,2.25,FT,2,away
19-08-2023,Tottenham,Manchester Utd,,2-0,2.80,FT,1,home
19-08-2023,Empoli,Verona,,0-1,3.20,FT,X,away
19-08-2023,Hamburger,Hertha Berlin,,3-0,1.80,FT,1,home
19-08-2023,Ternana,Sampdoria,,1-2,3.30,FT,X,away
19-08-2023,Genoa,Fiorentina,,1-4,1.30,DC,X2,away
19-08-2023,Osasuna,Ath Bilbao,,0-2,1.45,DC,1X,away
18-08-2023,Kaiserslautern,Elversberg,,3-2,1.25,DC,12,home
18-08-2023,Wehen,Karlsruher SC,,1-0,2.10,FT,2,home
18-08-2023,Rubin Kazan,Krylya Sovetov,,2-1,3.30,FT,X,home
18-08-2023,Andorra,Cartagena,,3-2,1.90,FT,1,home
18-08-2023,Mallorca,Villarreal,,0-1,1.40,DC,X2,away
18-08-2023,Heracles,NEC,,2-1,2.30,FT,1,home
18-08-2023,Antalyaspor,Konyaspor,,1-1,2.25,FT,1,draw
18-08-2023,Istanbulspor,Kayserispor,,1-1,2.70,FT,2,draw
18-08-2023,ADO Den Haag,Roda,,0-3,2.00,FT,1,away
18-08-2023,Telstar,Cambuur,,2-3,2.70,FT,1,away
18-08-2023,Bari,Palermo,,0-0,3.05,FT,X,draw
18-08-2023,Gornik,Widzew,,1-1,2.25,FT,1,draw
18-08-2023,B.Bystrica,Skalica,,2-1,2.05,FT,1,home
18-08-2023,Nottingham,Sheffield Utd,,2-1,1.95,FT,1,home
18-08-2023,Leeds,WBA,,1-1,2.00,FT,1,draw
18-08-2023,Zaragoza,Valladolid,,1-0,1.35,DC,1X,home
17-08-2023,Aktobe,Sepsi,,0-1,2.30,FT,1,away
17-08-2023,Qatar Doha,Al Gharafa Doha,,4-4,2.00,FT,1,draw
17-08-2023,Helsinki,Qarabag,,1-2,2.25,FT,2,away
17-08-2023,Pogon Szczecin,Gent,,2-1,1.95,FT,2,home
17-08-2023,Austria Vienna,Legia,,3-5,3.30,FT,X,away
17-08-2023,Levski Sofia,Hapoel B.S.,,2-1,2.25,FT,1,home
17-08-2023,Breidablik,Zrinjski,,1-0,1.25,DC,12,home
17-08-2023,PAOK,Hajduk Split,,3-0,1.25,DC,1X,home
17-08-2023,Bate Borisov,Sheriff Tiraspol,,2-2,1.85,FT,2,draw
17-08-2023,Neman Grodno,Celje,,1-4,1.30,DC,12,away
17-08-2023,Osijek,Demirspor,,3-2,2.40,FT,2,home
17-08-2023,Trnava,Lech Poznan,,3-1,2.10,FT,2,home
17-08-2023,Derry City,Tobol Kostonay,,1-0,1.95,FT,1,home
17-08-2023,Hearts,Rosenborg,,3-1,2.10,FT,1,home
17-08-2023,Debrecen,Rapid Vienna,,0-5,3.20,FT,X,away
17-08-2023,CA Libertad,Delfin,,1-3,3.10,FT,X,away
16-08-2023,Flora,Farul Constanta,,0-2,2.25,FT,2,away
16-08-2023,Babelsberg,CZ Jena,,2-1,2.10,FT,2,home
16-08-2023,QPR,Norwich,,0-1,2.00,FT,2,away
16-08-2023,Clyde,Stirling Un.,,1-3,2.00,FT,1,away
16-08-2023,Havant & W,St. Albans,,1-2,2.30,FT,1,away
16-08-2023,Aktobe,Sepsi,,0-1,2.30,FT,1,away
16-08-2023,Helsinki,Qarabag,,1-2,2.25,FT,2,away
16-08-2023,Pogon Szczecin,Gent,,2-1,1.95,FT,2,home
16-08-2023,Austria Vienna,Legia,,3-5,3.30,FT,X,away
16-08-2023,Brann,Arouca,,3-1,1.80,FT,1,home
16-08-2023,Levski Sofia,Hapoel B.S.,,2-1,2.25,FT,1,home
16-08-2023,Breidablik,Zrinjski,,1-0,1.25,DC,12,home
16-08-2023,PAOK,Hajduk Split,,3-0,1.25,DC,1X,home
16-08-2023,Bate Borisov,Sheriff Tiraspol,,2-2,1.85,FT,2,draw
16-08-2023,Neman Grodno,Celje,,1-4,1.30,DC,12,away
16-08-2023,Osijek,Demirspor,,3-2,2.40,FT,2,home
15-08-2023,Sparta Prague,Copenhagen,,1-1,2.15,FT,1,draw
15-08-2023,Aris,Rakow,,0-1,2.25,FT,1,away
15-08-2023,D. Zagreb,AEK,,1-2,3.10,FT,X,away
15-08-2023,Sturm,PSV,,1-3,2.10,FT,2,away
15-08-2023,Servette,Rangers,,1-1,2.15,FT,2,draw
15-08-2023,Barnsley,Peterborough,,1-3,1.30,DC,1X,away
15-08-2023,Cambridge Utd,Stevenage,,1-2,2.70,FT,2,away
15-08-2023,Carlisle,Wigan,,1-1,2.60,FT,2,draw
15-08-2023,Charlton,Bristol Rovers,,1-2,2.20,FT,1,away
15-08-2023,Derby,Oxford Utd,,1-2,1.90,FT,1,away
15-08-2023,Northampton,Lincoln,,2-2,1.45,DC,X2,draw
15-08-2023,Shrewsbury,Burton,,2-1,2.25,FT,1,home
15-08-2023,Wycombe,Leyton,,3-2,2.15,FT,1,home
15-08-2023,Colchester,Wimbledon,,0-2,1.30,DC,12,away
15-08-2023,Portsmouth,Exeter,,1-0,1.90,FT,1,home
15-08-2023,Reading,Cheltenham,,1-0,1.80,FT,1,home
14-08-2023,Zizkov,Dukla Prague,,1-5,1.35,DC,X2,away
14-08-2023,Etar,Beroe,,2-2,2.10,FT,1,draw
14-08-2023,Polonia,Legnica,,3-4,1.80,FT,2,away
14-08-2023,Nimes,Martigues,,1-1,2.30,FT,2,draw
14-08-2023,Nizhny Novgorod,Akhmat Grozny,,2-0,2.95,FT,X,home
14-08-2023,Mirandes,Alcorcon,,4-0,1.35,DC,1X,home
14-08-2023,Cadiz,Alaves,,1-0,1.30,DC,1X,home
14-08-2023,Din. Bucuresti,Botosani,,1-0,2.40,FT,1,home
14-08-2023,PSV II,Telstar,,1-0,3.35,FT,X,home
14-08-2023,Alanyaspor,Basaksehir,,2-0,2.35,FT,2,home
14-08-2023,Al Ettifaq,Al Nassr,,2-1,2.35,FT,1,home
14-08-2023,Dep. Municipal,Atletico Grau,,Postp,2.50,FT,2,postponed
14-08-2023,Koper,Mura,,1-3,2.00,FT,1,away
14-08-2023,Fylkir,Stjarnan,,0-4,1.85,FT,2,away
14-08-2023,Tenerife,Oviedo,,1-0,2.00,FT,1,home
14-08-2023,Sportivo T.,Sp. Luqueno,,1-2,3.25,FT,X,away
13-08-2023,Brest,Lens,,3-2,1.95,FT,2,home
13-08-2023,St. Truiden,Anderlecht,,0-1,2.15,FT,2,away
13-08-2023,Brentford,Tottenham,,2-2,2.40,FT,2,draw
13-08-2023,Clermont,Monaco,,2-4,2.00,FT,2,away
13-08-2023,Montpellier,Le Havre,,2-2,1.95,FT,1,draw
13-08-2023,Nantes,Toulouse,,1-2,3.30,FT,X,away
13-08-2023,Cercle Brugge,Genk,,0-1,2.30,FT,2,away
13-08-2023,Celta Vigo,Osasuna,,0-2,2.10,FT,1,away
13-08-2023,Aalesund,Ham-Kam,,0-2,2.05,FT,1,away
13-08-2023,Lillestrom,Viking,,1-3,2.80,FT,2,away
13-08-2023,Chelsea,Liverpool,,1-1,1.30,DC,12,draw
13-08-2023,Sivasspor,Samsunspor,,1-1,3.40,FT,X,draw
13-08-2023,Charleroi,St. Liege,,1-1,1.25,DC,12,draw
13-08-2023,Westerlo,Gent,,1-3,1.95,FT,2,away
13-08-2023,Strasbourg,Olympique Lyon,,2-1,2.60,FT,1,home
13-08-2023,Gremio,Fluminense,,2-1,1.30,DC,1X,home
12-08-2023,Coventry,Middlesbrough,,3-0,2.40,FT,1,home
12-08-2023,Lokomotiv Moscow,Krylya Sovetov,,1-1,2.00,FT,1,draw
12-08-2023,Bournemouth,West Ham,,1-1,1.30,DC,12,draw
12-08-2023,Everton,Fulham,,0-1,2.20,FT,1,away
12-08-2023,Sheffield Utd,Crystal Palace,,0-1,2.40,FT,2,away
12-08-2023,Birmingham,Leeds,,1-0,1.30,DC,12,home
12-08-2023,Cardiff,QPR,,1-2,1.95,FT,1,away
12-08-2023,Hull,Sheffield Wed,,4-2,2.25,FT,1,home
12-08-2023,Ipswich,Stoke,,2-0,3.50,FT,X,home
12-08-2023,Millwall,Bristol City,,0-1,1.85,FT,1,away
12-08-2023,Preston,Sunderland,,2-1,2.70,FT,1,home
12-08-2023,Rotherham,Blackburn,,2-2,2.40,FT,2,draw
12-08-2023,WBA,Swansea,,3-2,2.00,FT,1,home
12-08-2023,Las Palmas,Mallorca,,1-1,1.35,DC,1X,draw
12-08-2023,Juventus,Atalanta,,0-0,3.00,FT,2,draw
12-08-2023,Ath Bilbao,Real Madrid,,0-2,2.10,FT,2,away
11-08-2023,Ural,Spartak Moscow,,3-2,2.15,FT,2,home
11-08-2023,Saarbrucken,Karlsruher,,2-1,2.00,FT,2,home
11-08-2023,Sandhausen,Hannover,,3-3,2.20,FT,2,draw
11-08-2023,Cracovia,Zaglebie,,2-1,3.25,FT,X,home
11-08-2023,Amorebieta,Levante,,1-1,3.00,FT,X,draw
11-08-2023,Almeria,Rayo Vallecano,,0-2,1.40,DC,1X,away
11-08-2023,Volendam,Vitesse,,1-2,2.00,FT,2,away
11-08-2023,MTK,Kisvarda,,0-0,2.10,FT,1,draw
11-08-2023,Piast Gliwice,Rakow,,2-1,1.45,DC,1X,home
11-08-2023,Zemplin,B.Bystrica,,0-3,2.30,FT,2,away
11-08-2023,Dundalk,Sligo,,1-0,1.85,FT,1,home
11-08-2023,Shelbourne,Shamrock,,1-1,3.10,FT,X,draw
11-08-2023,St. Patricks,Bohemians,,0-0,1.35,DC,1X,draw
11-08-2023,Braunschweig,Schalke,,1-3,1.95,FT,2,away
11-08-2023,Nice,Lille,,1-1,2.55,FT,1,draw
11-08-2023,Sevilla,Valencia,,1-2,1.95,FT,1,away
10-08-2023,Struga,Swift Hesperange,,3-1,3.25,FT,X,home
10-08-2023,Zalgiris,Hacken,,1-3,2.15,FT,2,away
10-08-2023,Omonia,Midtjylland,,1-0,2.50,FT,2,home
10-08-2023,Sabah,Partizan,,2-0,3.20,FT,X,home
10-08-2023,Akhmat Grozny,Baltika,,0-2,2.15,FT,1,away
10-08-2023,Dila Gori,APOEL,,0-2,2.30,FT,2,away
10-08-2023,Rosenborg,Hearts,,2-1,2.10,FT,1,home
10-08-2023,Valmiera,Partizani,,1-2,2.70,FT,1,away
10-08-2023,Arouca,Brann,,2-1,1.30,DC,1X,home
10-08-2023,Aris,Dyn. Kyiv,,1-0,2.20,FT,2,home
10-08-2023,FCSB,Nordsjaelland,,0-0,1.40,DC,X2,draw
10-08-2023,Hibernian,Luzern,,3-1,2.40,FT,2,home
10-08-2023,Olympiacos,Genk,,1-0,2.20,FT,1,home
10-08-2023,Hajduk,PAOK,,0-0,1.25,DC,1X,draw
10-08-2023,Olimpia,Flamengo,,3-1,1.95,FT,2,home
10-08-2023,Spain W,Netherlands W,,1-1,1.85,FT,1,draw
09-08-2023,Asane,Mjondalen,,3-2,2.90,FT,2,home
09-08-2023,Hodd,Sandnes,,Postp,1.30,DC,12,postponed
09-08-2023,Moss,KFUM Oslo,,0-1,2.30,FT,2,away
09-08-2023,Ranheim,Kongsvinger,,1-4,2.05,FT,2,away
09-08-2023,Raufoss,Jerv,,2-3,1.95,FT,1,away
09-08-2023,VPS,SJK,,3-2,1.30,DC,12,home
09-08-2023,AEK Larnaca,Maccabi Tel Aviv,,1-1,3.10,FT,X,draw
09-08-2023,Chippa Utd.,TS Galaxy,,0-0,2.85,FT,X,draw
09-08-2023,Polokwane,Stellenbosch,,1-0,3.05,FT,X,home
09-08-2023,Dynamo Moscow,Krasnodar,,4-3,2.75,FT,2,home
09-08-2023,Cape Town Spurs,Sekhukhune,,0-2,2.85,FT,X,away
09-08-2023,Panathinaikos,Marseille,,1-0,1.90,FT,2,home
09-08-2023,Austria Klagenfurt,Wolfsberger AC,,2-2,2.50,FT,1,draw
09-08-2023,Slovan Bratislava,Maccabi Haifa,,1-2,1.30,DC,X2,away
09-08-2023,Hk Kopavogur,Keflavik,,3-1,1.90,FT,1,home
09-08-2023,Benfica,Porto,,2-0,2.20,FT,1,home
08-08-2023,Huddersfield,Middlesbrough,,2-3,2.05,FT,2,away
08-08-2023,Copenhagen,Sparta Prague,,0-0,2.05,FT,1,draw
08-08-2023,Newport,Charlton,,3-1,2.20,FT,2,home
08-08-2023,Accrington,Bradford City,,1-1,2.50,FT,1,draw
08-08-2023,Cheltenham,Birmingham,,0-2,2.15,FT,2,away
08-08-2023,Derby,Blackpool,,0-2,1.90,FT,1,away
08-08-2023,Forest Green,Portsmouth,,1-3,1.95,FT,2,away
08-08-2023,Harrogate,Carlisle,,1-0,3.30,FT,X,home
08-08-2023,Milton Keynes Dons,Wycombe,,0-2,3.00,FT,1,away
08-08-2023,Notts Co,Lincoln,,0-2,1.25,DC,12,away
08-08-2023,Port Vale,Fleetwood,,2-0,2.90,FT,2,home
08-08-2023,Stevenage,Watford,,1-1,2.20,FT,2,draw
08-08-2023,Stoke,WBA,,2-1,2.25,FT,1,home
08-08-2023,Sutton,Cambridge Utd,,2-2,2.65,FT,1,draw
08-08-2023,AEK,Dinamo Zagreb,,Postp,1.30,DC,1X,postponed
08-08-2023,Wrexham,Wigan,,0-0,1.30,DC,12,draw
07-08-2023,KTP,Inter Turku,,1-2,2.20,FT,2,away
07-08-2023,Lahti,Honka,,1-0,1.85,FT,2,home
07-08-2023,Urartu,Ararat A.,,2-1,3.00,FT,X,home
07-08-2023,Radnik,Sp. Subotica,,2-0,1.25,DC,1X,home
07-08-2023,Odense,Viborg,,1-2,2.15,FT,1,away
07-08-2023,Norrkoping,Goteborg,,3-0,3.20,FT,X,home
07-08-2023,Varberg,Mjallby,,0-3,1.35,DC,12,away
07-08-2023,Trelleborg,Orebro,,2-2,1.35,DC,1X,draw
07-08-2023,Niepolomice,Stal Mielec,,1-0,2.35,FT,1,home
07-08-2023,KTE,Kisvarda,,3-1,2.35,FT,1,home
07-08-2023,Voluntari,Rapid Bucuresti,,2-1,3.10,FT,X,home
07-08-2023,Pau,Bordeaux,,3-0,1.90,FT,2,home
07-08-2023,Juventude,Vila Nova,,0-2,2.85,FT,X,away
07-08-2023,Londrina,Vitoria,,2-0,2.35,FT,2,home
07-08-2023,Tacuary,Sportivo Ameliano,,2-2,3.20,FT,X,draw
07-08-2023,Millonarios,Deportes Tolima,,1-0,1.85,FT,1,home
06-08-2023,Hibernian,St. Mirren,,2-3,1.25,DC,1X,away
06-08-2023,Mechelen,Gent,,0-1,1.80,FT,2,away
06-08-2023,Lyngby,Midtjylland,,4-1,1.30,DC,X2,home
06-08-2023,Grasshoppers,Basel,,3-1,2.25,FT,2,home
06-08-2023,Baltika,Fakel,,2-1,3.45,FT,X,home
06-08-2023,BW Linz,Hartberg,,3-3,2.30,FT,1,draw
06-08-2023,Ham-Kam,Brann,,0-2,1.25,DC,12,away
06-08-2023,Haugesund,Rosenborg,,1-2,2.20,FT,2,away
06-08-2023,Odd Grenland,Stabaek,,4-0,2.15,FT,1,home
06-08-2023,Tromso,Lillestrom,,3-1,2.35,FT,1,home
06-08-2023,Sunderland,Ipswich,,1-2,2.45,FT,1,away
06-08-2023,Nordsjaelland,Brondby,,3-1,1.85,FT,1,home
06-08-2023,Westerlo,Club Brugge,,0-1,1.95,FT,2,away
06-08-2023,Sochi,Akhmat Grozny,,1-2,2.25,FT,1,away
06-08-2023,Kortrijk,St. Truiden,,0-1,3.40,FT,X,away
06-08-2023,Viking,Bodo/Glimt,,3-2,2.70,FT,1,home
05-08-2023,Blackburn,WBA,,2-1,2.60,FT,2,home
05-08-2023,Bristol City,Preston,,1-1,2.05,FT,1,draw
05-08-2023,Middlesbrough,Millwall,,0-1,1.95,FT,1,away
05-08-2023,Plymouth,Huddersfield,,3-1,2.15,FT,1,home
05-08-2023,Cambridge Utd,Oxford Utd,,2-0,1.35,DC,X2,home
05-08-2023,Carlisle,Fleetwood,,1-1,1.30,DC,1X,draw
05-08-2023,Charlton,Leyton Orient,,1-0,2.15,FT,1,home
05-08-2023,Northampton,Stevenage,,0-1,1.40,DC,1X,away
05-08-2023,Reading,Peterborough,,0-1,2.25,FT,2,away
05-08-2023,Shrewsbury,Cheltenham,,1-0,2.25,FT,1,home
05-08-2023,Wycombe,Exeter,,0-3,1.90,FT,1,away
05-08-2023,Dundee,Motherwell,,1-1,2.55,FT,1,draw
05-08-2023,Livingston,Aberdeen,,0-0,2.80,FT,1,draw
05-08-2023,St Johnstone,Hearts,,0-2,2.20,FT,2,away
05-08-2023,Rubin,Spartak Moscow,,1-4,2.05,FT,2,away
05-08-2023,CSKA,Lokomotiv Moscow,,4-1,2.05,FT,1,home
04-08-2023,Ilves,Haka,,1-2,1.40,DC,1X,away
04-08-2023,UTA Arad,CSMS Iasi,,1-0,1.80,FT,1,home
04-08-2023,Jagiellonia,Widzew Lodz,,2-1,3.30,FT,X,home
04-08-2023,Skeid,Fredrikstad,,1-2,1.90,FT,2,away
04-08-2023,Feyenoord,PSV,,0-1,1.30,DC,1X,away
04-08-2023,Aluminij,Koper,,Postp,1.30,DC,X2,postponed
04-08-2023,LKS Lodz,Korona Kielce,,2-1,2.40,FT,1,home
04-08-2023,Arbroath,Dundee Utd,,0-4,2.05,FT,2,away
04-08-2023,St. Liege,St.Gilloise,,0-1,2.00,FT,2,away
04-08-2023,Sligo,St. Patricks,,0-2,2.20,FT,2,away
04-08-2023,Sheffield Wed,Southampton,,1-2,2.30,FT,2,away
04-08-2023,Chicago Fire,Club America,,0-1,2.10,FT,2,away
04-08-2023,Columbus Crew,Minnesota United,,3-3,1.85,FT,1,draw
04-08-2023,Sporting Kansas City,Toluca,,1-4,2.30,FT,2,away
04-08-2023,Portland Timbers,Monterrey,,0-1,2.05,FT,2,away
04-08-2023,Vancouver Whitecaps,U.A.N.L.- Tigres,,1-1,2.25,FT,2,draw
03-08-2023,Santa Coloma,Sutjeska,,2-0,3.20,FT,X,home
03-08-2023,Pyunik,Kalmar,,2-1,2.35,FT,1,home
03-08-2023,Urartu,Farul Constanta,,2-3,1.40,DC,1X,away
03-08-2023,Panevezys,Hapoel B.S.,,1-1,1.30,DC,X2,draw
03-08-2023,KuPS,Derry City,,3-3,2.00,FT,1,draw
03-08-2023,Sabah Baku,Rigas,,2-1,2.05,FT,1,home
03-08-2023,Zalaegerszegi,Osijek,,1-2,2.70,FT,2,away
03-08-2023,Dila Gori,Vorskla Poltava,,3-1,2.40,FT,1,home
03-08-2023,Sepsi,CSKA Sofia,,4-0,1.50,DC,1X,home
03-08-2023,Beitar J.,PAOK,,1-4,1.85,FT,2,away
03-08-2023,Vojvodina,APOEL Nicosia,,1-2,2.35,FT,2,away
03-08-2023,Borac Banja Luka,Austria Vienna,,1-2,1.75,FT,2,away
03-08-2023,Larne,Ballkani,,1-4,2.40,FT,2,away
03-08-2023,Haverfordwest,B36 Torshavn,,1-0,2.15,FT,2,home
03-08-2023,Luzern,Djurgarden,,1-1,2.10,FT,1,draw
03-08-2023,Shamrock,Ferencvaros,,0-2,2.25,FT,2,away
02-08-2023,Astana,D. Zagreb,,0-2,1.95,FT,2,away
02-08-2023,Qarabag,Rakow,,1-1,1.25,DC,1X,draw
02-08-2023,Ituano,Tombense,,1-0,3.05,FT,X,home
02-08-2023,Nacional M.,Boca Juniors,,0-0,2.65,FT,2,draw
02-08-2023,Deportivo Pereira,Ind. del Valle,,1-0,3.10,FT,X,home
02-08-2023,Juventude,Novorizontino,,1-0,2.80,FT,X,home
02-08-2023,Guarani,Ceara CE,,0-0,2.10,FT,1,draw
02-08-2023,Londrina,Chapecoense,,1-1,2.50,FT,1,draw
02-08-2023,Vila Nova,Sport Recife,,0-1,2.85,FT,X,away
02-08-2023,Santa Fe,Ind. Medellin,,1-0,1.85,FT,1,home
02-08-2023,Atletico-MG,Palmeiras,,0-1,3.05,FT,X,away
02-08-2023,Tobol Kostanay,Basel,,1-2,1.30,DC,12,away
02-08-2023,Santa Coloma,Sutjeska,,2-0,3.20,FT,X,home
02-08-2023,Pyunik,Kalmar,,2-1,2.35,FT,1,home
02-08-2023,Urartu,Farul Constanta,,2-3,1.40,DC,1X,away
02-08-2023,KuPS,Derry City,,3-3,2.00,FT,1,draw
01-08-2023,Balzan,Neman Grodno,,0-0,1.30,DC,X2,draw
01-08-2023,Olimpija,Ludogorets,,2-1,2.15,FT,2,home
01-08-2023,Bate Borisov,Aris Limmasol,,3-5,1.90,FT,2,away
01-08-2023,Slovan B.,Zrinjski,,2-2,1.90,FT,1,draw
01-08-2023,Buducnost,Struga,,3-4,1.40,DC,1X,away
01-08-2023,Dep. Municipal,ADT Tarma,,1-2,2.30,FT,1,away
01-08-2023,Libertad,Fortaleza CE,,0-1,1.30,DC,1X,away
01-08-2023,Argentinos Jrs,Fluminense,,1-1,3.05,FT,X,draw
01-08-2023,Sampaio Correa,Botafogo SP,,0-0,2.90,FT,X,draw
01-08-2023,Emelec,Defensa y Justicia,,1-2,3.15,FT,X,away
01-08-2023,Bolivar,Athletico-PR,,3-1,1.90,FT,1,home
01-08-2023,Corinthians,Newells Old Boys,,2-1,2.00,FT,1,home
01-08-2023,CRB,Atletico GO,,2-1,2.40,FT,1,home
01-08-2023,M.Zelvia,Albirex Niigata,,0-1,2.40,FT,1,away
01-08-2023,Tokyo,Kumamoto,,0-2,2.10,FT,1,away
01-08-2023,Kashiwa R.,Sapporo,,1-0,2.20,FT,2,home
31-07-2023,Metta/LU,Jelgava,,0-1,1.85,FT,1,away
31-07-2023,KaPa,JJK,,4-0,1.90,FT,1,home
31-07-2023,Petrolul,Voluntari,,0-2,3.00,FT,X,away
31-07-2023,Aarhus,Nordsjaelland,,1-3,3.30,FT,X,away
31-07-2023,Sirius,AIK,,0-1,3.25,FT,X,away
31-07-2023,Orebro,GAIS,,0-0,1.85,FT,2,draw
31-07-2023,Utsikten,Helsingborg,,1-1,1.90,FT,1,draw
31-07-2023,Mladost,Radnik,,0-0,1.30,DC,1X,draw
31-07-2023,Debrecen,Mezokovesd,,3-1,1.85,FT,1,home
31-07-2023,Sport Boys,Melgar,,0-2,3.25,FT,X,away
31-07-2023,Din. Bucuresti,Sepsi,,0-3,2.10,FT,2,away
31-07-2023,Keflavik,Hafnarfjordur,,2-3,1.30,DC,X2,away
31-07-2023,KR Reykjavik,Valur,,0-4,2.25,FT,2,away
31-07-2023,Envigado,U. Magdalena,,0-0,1.25,DC,1X,draw
31-07-2023,Chico,CD Equidad,,0-2,3.00,FT,X,away
31-07-2023,America,Columbus,,1-4,3.50,FT,X,away
30-07-2023,Hammarby TFF,Norrkoping,,2-1,1.25,DC,12,home
30-07-2023,Mjallby,Djurgarden,,0-1,2.05,FT,2,away
30-07-2023,Honka,AC Oulu,,4-1,2.00,FT,1,home
30-07-2023,Stal Mielec,Piast Gliwice,,0-0,1.25,DC,X2,draw
30-07-2023,Fakel,Lokomotiv Moscow,,1-4,2.40,FT,2,away
30-07-2023,Austria Vienna,Sturm Graz,,0-3,2.00,FT,2,away
30-07-2023,Aalesund,Stromsgodset,,1-0,2.65,FT,2,home
30-07-2023,Brann,Viking,,0-2,1.80,FT,1,away
30-07-2023,Goteborg,Kalmar,,2-0,2.20,FT,1,home
30-07-2023,Mariehamn,Inter Turku,,0-2,3.20,FT,X,away
30-07-2023,Brondby,Odense,,1-2,1.80,FT,1,away
30-07-2023,Akhmat Grozny,CSKA,,2-3,2.10,FT,2,away
30-07-2023,St. Truiden,St. Liege,,1-0,2.50,FT,2,home
30-07-2023,Zalaegerszegi,Kisvarda,,0-2,2.50,FT,1,away
30-07-2023,Arsenal Sarandi,Colon Santa Fe,,2-0,1.45,DC,1X,home
30-07-2023,Cluj,CS Universitatea,,1-1,2.10,FT,1,draw
29-07-2023,Eupen,Westerlo,,2-2,1.30,DC,X2,draw
29-07-2023,SJK,Helsinki,,1-2,2.60,FT,1,away
29-07-2023,Ural,Nizhny Novgorod,,0-0,2.00,FT,1,draw
29-07-2023,WSG Tirol,Austria Klagenfurt,,1-3,2.05,FT,1,away
29-07-2023,Wolfsberger,BW Linz,,2-1,1.30,DC,12,home
29-07-2023,Degerfors,Brommapojkarna,,2-0,2.70,FT,1,home
29-07-2023,Hermannstadt,UTA Arad,,2-1,1.95,FT,1,home
29-07-2023,Lausanne,Grasshoppers,,1-1,2.00,FT,1,draw
29-07-2023,Lugano,St. Gallen,,1-0,2.25,FT,1,home
29-07-2023,Diosgyor,Puskas,,0-1,3.30,FT,X,away
29-07-2023,Charleroi,Leuven,,1-1,2.00,FT,1,draw
29-07-2023,Halmstad,Varbergs BoIS FC,,0-5,1.90,FT,1,away
29-07-2023,Ujpest,Fehervar,,2-1,2.20,FT,1,home
29-07-2023,Fortuna Dusseldorf,Hertha Berlin,,1-0,1.40,DC,1X,home
29-07-2023,Servette,Zurich,,2-2,1.85,FT,1,draw
29-07-2023,RWD Molenbeek,Genk,,0-4,2.00,FT,2,away
28-07-2023,Viborg,Lyngby,,2-2,1.90,FT,1,draw
28-07-2023,Hobro,Naestved,,3-2,2.30,FT,1,home
28-07-2023,HB Koge,Vendsyssel,,3-1,2.70,FT,1,home
28-07-2023,AFC Eskilstuna,Skovde,,3-0,2.00,FT,1,home
28-07-2023,Schaffhausen,Thun,,0-1,1.90,FT,2,away
28-07-2023,S.Nyonnais,Xamax,,1-1,2.45,FT,2,draw
28-07-2023,MTK,Paks,,1-1,2.45,FT,1,draw
28-07-2023,Sion,Aarau,,1-0,2.05,FT,1,home
28-07-2023,Hamburger,Schalke,,5-3,2.30,FT,1,home
28-07-2023,LASK,Rapid Vienna,,1-1,1.95,FT,1,draw
28-07-2023,St.Gilloise,Anderlecht,,2-0,1.30,DC,1X,home
28-07-2023,Cork City,Shelbourne,,0-2,3.05,FT,X,away
28-07-2023,Drogheda,Sligo,,2-2,2.40,FT,1,draw
28-07-2023,AVS,Vizela,,1-0,2.20,FT,2,home
28-07-2023,Argentinos Jrs,Estudiantes,,2-3,1.30,DC,1X,away
28-07-2023,Union de Santa Fe,Defensa y Justicia,,2-0,1.35,DC,1X,home
27-07-2023,Ordabasy,Legia,,2-2,1.30,DC,X2,draw
27-07-2023,Alashkert,Debrecen,,0-1,3.10,FT,X,away
27-07-2023,Ararat-Armenia,Aris,,1-1,1.95,FT,2,draw
27-07-2023,Qabala,Omonia,,2-3,3.10,FT,X,away
27-07-2023,Krasnodar,Spartak Moscow,,1-2,2.40,FT,1,away
27-07-2023,Djurgarden,Luzern,,1-2,2.30,FT,1,away
27-07-2023,Gzira,Dudelange,,2-0,1.35,DC,X2,home
27-07-2023,KTE,Riga,,2-1,3.20,FT,X,home
27-07-2023,Torpedo Kutaisi,Aktobe,,1-4,2.90,FT,X,away
27-07-2023,Cluj,Demirspor,,1-1,2.90,FT,2,draw
27-07-2023,KA Akureyri,Dundalk,,3-1,2.60,FT,1,home
27-07-2023,Celje,Guimaraes,,3-4,2.00,FT,2,away
27-07-2023,Derry City,KuPS,,2-1,1.30,DC,1X,home
27-07-2023,Shkupi,Levski Sofia,,0-2,2.20,FT,2,away
27-07-2023,Zeljeznicar,Neftci,,2-2,2.30,FT,1,draw
27-07-2023,Guadalajara,Cincinnati,,Abn,2.00,FT,2,abandoned
26-07-2023,Struga,Buducnost,,1-0,1.90,FT,1,home
26-07-2023,Fakel,Sochi,,1-3,3.25,FT,X,away
26-07-2023,Krylya Sovetov,Baltika,,2-3,1.95,FT,1,away
26-07-2023,Rigas,Sabah,,0-2,1.30,DC,1X,away
26-07-2023,Sheriff Tiraspol,Maccabi Haifa,,1-0,3.00,FT,X,home
26-07-2023,CSKA 1948,FCSB,,0-1,1.45,DC,X2,away
26-07-2023,Rostov,Rubin,,1-0,3.30,FT,X,home
26-07-2023,Rakow,Qarabag,,3-2,1.25,DC,1X,home
26-07-2023,Stade Lausanne Ouchy,Lugano,,0-3,2.00,FT,2,away
26-07-2023,Peterhead,Spartans,,1-2,2.40,FT,2,away
26-07-2023,Atl. San Luis,New England,,1-5,1.85,FT,2,away
26-07-2023,Montreal,DC United,,0-1,2.25,FT,1,away
26-07-2023,San Lorenzo,Platense,,0-0,2.15,FT,1,draw
26-07-2023,Gremio,Flamengo,,0-2,3.20,FT,X,away
26-07-2023,Monterrey,Salt Lake,,3-0,2.85,FT,1,home
26-07-2023,Portland Timbers,Tigres Uanl,,1-2,2.80,FT,1,away
25-07-2023,Hamrun,Dinamo Tbilisi,,2-1,1.35,DC,X2,home
25-07-2023,TNS,Swift Hesperange,,1-1,2.25,FT,1,draw
25-07-2023,Dnipro-1,Panathinaikos,,1-3,2.10,FT,2,away
25-07-2023,Servette,Genk,,1-1,3.50,FT,X,draw
25-07-2023,Stenhousemuir,Alloa,,1-3,2.20,FT,2,away
25-07-2023,Falkirk,Dundee Utd,,0-1,2.80,FT,1,away
25-07-2023,Forfar,Arbroath,,3-1,1.25,DC,12,home
25-07-2023,Zrinjski,Slovan Bratislava,,0-1,1.45,DC,1X,away
25-07-2023,Colon,Tigre,,1-3,3.00,FT,X,away
25-07-2023,Inter Miami,Atlanta Utd,,4-0,2.10,FT,1,home
25-07-2023,Instituto,Lanus,,2-1,2.80,FT,X,home
25-07-2023,America de Quito,Imbabura,,1-2,3.10,FT,X,away
25-07-2023,Santos Laguna,Houston,,2-2,3.45,FT,X,draw
25-07-2023,Corinthians,Sao Paulo,,2-1,2.60,FT,1,home
25-07-2023,Mazatlan,Juarez,,1-1,2.20,FT,2,draw
25-07-2023,Dallas,Necaxa,,3-0,2.00,FT,1,home
24-07-2023,Botosani,Petrolul,,1-1,1.30,DC,1X,draw
24-07-2023,Nordsjaelland,Viborg,,4-1,1.35,DC,1X,home
24-07-2023,Sirius,Mjallby,,2-3,2.10,FT,1,away
24-07-2023,GAIS,Vasteras,,0-2,3.50,FT,2,away
24-07-2023,Helsingborg,Trelleborg,,1-3,1.25,DC,1X,away
24-07-2023,Korona Kielce,Slask Wroclaw,,1-1,2.35,FT,1,draw
24-07-2023,Keflavik,KA Akureyri,,3-4,2.90,FT,1,away
24-07-2023,Hafnarfjordur,Fylkir,,2-4,1.90,FT,1,away
24-07-2023,Velez,Union de Santa Fe,,0-0,2.10,FT,1,draw
24-07-2023,Banfield,Godoy Cruz,,2-0,3.00,FT,X,home
24-07-2023,Coritiba,Fluminense,,2-0,2.25,FT,2,home
24-07-2023,Londrina,Botafogo SP,,1-2,3.00,FT,2,away
24-07-2023,Racing Club,Cordoba Santiago,,3-1,1.90,FT,1,home
24-07-2023,Boca Juniors,Newells Old Boys,,2-1,2.00,FT,1,home
24-07-2023,A. Italiano,Curico Unido,,3-0,1.95,FT,1,home
24-07-2023,Colombia W,South Korea W,,2-0,2.60,FT,2,home
23-07-2023,AIK,Malmo,,0-0,2.00,FT,2,draw
23-07-2023,Brage,Oster,,1-2,2.90,FT,1,away
23-07-2023,Gornik,Radomiak,,0-2,3.25,FT,X,away
23-07-2023,Odense,Randers,,2-2,2.00,FT,1,draw
23-07-2023,Ham-Kam,Stabaek,,3-1,2.15,FT,1,home
23-07-2023,Haugesund,Lillestrom,,1-0,2.10,FT,2,home
23-07-2023,Odd Grenland,Valerenga,,2-1,2.35,FT,1,home
23-07-2023,Tromso,Brann,,3-1,2.85,FT,1,home
23-07-2023,Goteborg,Halmstad,,0-0,2.10,FT,1,draw
23-07-2023,CSMS Iasi,Hermannstadt,,1-3,1.35,DC,X2,away
23-07-2023,Silkeborg,Brondby,,1-2,2.40,FT,2,away
23-07-2023,Hnk Gorica,Varazdin,,1-1,1.50,DC,X2,draw
23-07-2023,Stromsgodset,Rosenborg,,0-1,2.30,FT,1,away
23-07-2023,Widzew,Niepolomice,,3-2,1.20,DC,1X,home
23-07-2023,Unic. Cluj,Rapid Bucuresti,,0-3,3.15,FT,X,away
23-07-2023,Lok. Zagreb,Istra 1961,,1-1,2.80,FT,2,draw
22-07-2023,Inter Turku,SJK,,1-2,3.25,FT,X,away
22-07-2023,Airdrie,Dundee,,1-0,1.85,FT,2,home
22-07-2023,Dunfermline,Kilmarnock,,0-2,3.10,FT,1,away
22-07-2023,Farul Constanta,Voluntari,,4-1,2.05,FT,1,home
22-07-2023,Mura,Domzale,,2-3,2.05,FT,1,away
22-07-2023,Grasshoppers,Servette,,1-3,1.90,FT,2,away
22-07-2023,St. Gallen,Basel,,2-1,1.80,FT,1,home
22-07-2023,Botev Plovdiv,Levski Sofia,,1-3,1.25,DC,X2,away
22-07-2023,Akhmat Grozny,Krylya Sovetov,,1-2,2.10,FT,1,away
22-07-2023,Piast Gliwice,Lech Poznan,,1-2,3.05,FT,X,away
22-07-2023,Koper,Olimpija,,2-1,2.20,FT,2,home
22-07-2023,Winterthur,Luzern,,0-0,1.25,DC,12,draw
22-07-2023,San Lorenzo,Argentinos Jrs,,0-2,2.55,FT,1,away
22-07-2023,Bahia,Corinthians,,0-0,3.40,FT,2,draw
22-07-2023,Cuiaba,Sao Paulo,,2-1,1.45,DC,X2,home
22-07-2023,Platense,Huracan Ar.,,0-1,2.40,FT,1,away
21-07-2023,Sepsi,U Craiova 1948,,1-0,1.85,FT,1,home
21-07-2023,Dynamo Moscow,Krasnodar,,1-3,2.15,FT,1,away
21-07-2023,Warta Poznan,Pogon Szczecin,,0-1,1.90,FT,2,away
21-07-2023,Brommapojkarna,Hammarby TFF,,1-0,2.25,FT,2,home
21-07-2023,Xamax,Schaffhausen,,3-0,2.00,FT,1,home
21-07-2023,Aris Limmasol,Omonia,,2-0,3.00,FT,X,home
21-07-2023,Fenix,Liverpool M.,,0-1,1.30,DC,X2,away
21-07-2023,UTA Arad,Cluj,,1-3,1.25,DC,X2,away
21-07-2023,Bohemians D.,Shelbourne,,1-0,1.25,DC,1X,home
21-07-2023,Drogheda,Sligo,,2-1,3.10,FT,X,home
21-07-2023,Union La Calera,Magallanes,,2-1,2.00,FT,1,home
21-07-2023,La Luz,Montevideo City,,1-3,2.70,FT,2,away
21-07-2023,Orlando City,Houston,,1-1,1.95,FT,1,draw
21-07-2023,Cruz Azul,Inter Miami,,1-2,2.10,FT,2,away
21-07-2023,Dallas,Charlotte FC,,2-2,3.25,FT,X,draw
21-07-2023,Leon,Vancouver,,2-2,2.65,FT,1,draw
20-07-2023,College Europa,Dukagjini,,2-3,2.30,FT,1,away
20-07-2023,Santa Coloma,Penybont,,0-0,1.35,DC,1X,draw
20-07-2023,Paide,B36 Torshavn,,0-0,1.35,DC,1X,draw
20-07-2023,Honka,Tobol,,0-0,2.80,FT,2,draw
20-07-2023,Milsami,Panevezys,,0-1,2.50,FT,2,away
20-07-2023,San Martin,Velez,,2-2,2.05,FT,2,draw
20-07-2023,Levadia,Zilina,,1-2,2.60,FT,1,away
20-07-2023,Dila Gori,Dun. Streda,,2-0,2.40,FT,2,home
20-07-2023,Din. Minsk,Zeljeznicar,,1-2,2.15,FT,1,away
20-07-2023,Connahs Quay,KA Akureyri,,0-2,1.30,DC,12,away
20-07-2023,Neman Grogno,Vaduz,,1-1,2.45,FT,1,draw
20-07-2023,St. Patricks,Dudelange,,2-3,2.05,FT,1,away
20-07-2023,Vikingur,Riga,,1-0,2.60,FT,1,home
20-07-2023,Vllaznia,Linfield,,1-0,2.40,FT,2,home
20-07-2023,Crusaders,Haka,,1-0,2.20,FT,1,home
20-07-2023,Barracas,Boca Juniors,,1-2,2.10,FT,2,away
19-07-2023,Dinamo Tbilisi,Astana,,1-2,2.35,FT,1,away
19-07-2023,Larne,Helsinki,,2-1,2.15,FT,2,home
19-07-2023,Atletico GO,Mirassol,,2-2,2.10,FT,1,draw
19-07-2023,ABC,Guarani,,0-1,2.90,FT,X,away
19-07-2023,Avai,Sampaio Correa,,2-0,2.15,FT,1,home
19-07-2023,Ceara,Vila Nova FC,,1-0,2.95,FT,X,home
19-07-2023,College Europa,Dukagjini,,2-3,2.30,FT,1,away
19-07-2023,Santa Coloma,Penybont,,0-0,1.35,DC,1X,draw
19-07-2023,Paide,B36 Torshavn,,0-0,1.35,DC,1X,draw
19-07-2023,Honka,Tobol,,0-0,2.80,FT,2,draw
19-07-2023,Milsami,Panevezys,,0-1,2.50,FT,2,away
19-07-2023,Levadia,Zilina,,1-2,2.60,FT,1,away
19-07-2023,Dila Gori,Dun. Streda,,2-0,2.40,FT,2,home
19-07-2023,Dinamo Batumi,Tirana,,1-2,2.20,FT,1,away
19-07-2023,Din. Minsk,Zeljeznicar,,1-2,2.15,FT,1,away
19-07-2023,Connahs Quay,KA Akureyri,,0-2,1.30,DC,12,away
18-07-2023,Struga,Zalgiris,,1-2,1.30,DC,X2,away
18-07-2023,Sheriff Tiraspol,Farul Constanta,,1-0,1.90,FT,1,home
18-07-2023,Balzan,Domzale,,0-3,2.00,FT,2,away
18-07-2023,Bate Barisov,Partizani,,2-0,2.95,FT,X,home
18-07-2023,Breidablik,Shamrock,,2-1,2.10,FT,1,home
18-07-2023,KR Reykjavik,Hafnarfjordur,,1-0,2.10,FT,1,home
18-07-2023,Fylkir,Hk Kopavogur,,0-0,1.25,DC,12,draw
18-07-2023,Tombense,CRB,,2-1,1.30,DC,1X,home
18-07-2023,Chapecoense,Ituano,,1-0,2.05,FT,1,home
18-07-2023,America MG,Colo Colo,,5-1,1.95,FT,1,home
18-07-2023,Ponte Preta,Juventude,,0-0,2.90,FT,X,draw
18-07-2023,Universitario,Corinthians,,1-2,3.00,FT,X,away
18-07-2023,Seongnam,Gyeongnam,,1-1,2.45,FT,2,draw
18-07-2023,Jaro,Gnistan,,2-2,1.90,FT,2,draw
18-07-2023,Dinamo Tbilisi,Astana,,1-2,2.35,FT,1,away
18-07-2023,Larne,Helsinki,,2-1,2.15,FT,2,home
17-07-2023,Inter Turku,KuPS,,1-1,2.30,FT,2,draw
17-07-2023,Voluntari,Botosani,,2-1,1.25,DC,1X,home
17-07-2023,Djurgarden,Malmo,,2-0,2.60,FT,1,home
17-07-2023,Varberg BoIS FC,AIK,,1-2,1.85,FT,2,away
17-07-2023,Orebro,Trelleborg,,0-0,2.00,FT,1,draw
17-07-2023,Etar,Slavia Sofia,,0-1,2.00,FT,2,away
17-07-2023,Palestino,Coquimbo Unido,,1-1,1.90,FT,1,draw
17-07-2023,Stjarnan,Valur,,2-0,1.25,DC,12,home
17-07-2023,Arsenal Sarandi,Instituto,,0-2,2.85,FT,X,away
17-07-2023,Tigre,Barracas,,0-1,2.00,FT,1,away
17-07-2023,Guairena FC,Sp. Luqueno,,2-2,2.30,FT,2,draw
17-07-2023,U. Espanola,U. De Chile,,3-0,3.20,FT,X,home
17-07-2023,Goias,Atletico-MG,,0-0,1.90,FT,2,draw
17-07-2023,Botafogo SP,Criciuma,,1-0,2.90,FT,X,home
17-07-2023,Newells Old Boys,Atl. Tucuman,,0-0,1.20,DC,1X,draw
17-07-2023,Deportivo Pereira,Dep. Cali,,0-2,2.15,FT,1,away
16-07-2023,Hammarby TFF,Kalmar,,3-1,1.85,FT,1,home
16-07-2023,AFC Eskilstuna,Brage,,2-1,2.10,FT,2,home
16-07-2023,Riteriai,Dainava Alytus,,1-3,2.85,FT,X,away
16-07-2023,Aalesund,Odd Grenland,,0-3,2.25,FT,1,away
16-07-2023,Rosenborg,Tromso,,2-1,3.50,FT,2,home
16-07-2023,Stabaek,Viking,,0-1,2.20,FT,2,away
16-07-2023,Mjallby,Norrkoping,,1-2,2.10,FT,1,away
16-07-2023,Lahti,SJK,,1-1,3.30,FT,X,draw
16-07-2023,Petrolul,U. Cluj,,1-1,2.95,FT,X,draw
16-07-2023,Lok. Plovdiv,Botev Plovdiv,,1-1,1.30,DC,1X,draw
16-07-2023,Belgrano,San Lorenzo,,0-1,1.95,FT,1,away
16-07-2023,U Craiova 1948,FCSB,,1-3,1.20,DC,X2,away
16-07-2023,Fluminense,Flamengo,,0-0,3.30,FT,X,draw
16-07-2023,Gimnasia L.P.,Boca Juniors,,1-3,2.90,FT,X,away
16-07-2023,Internacional,Palmeiras,,0-0,3.10,FT,X,draw
16-07-2023,Lanus,Banfield,,2-2,1.20,DC,1X,draw
15-07-2023,Halmstad,Varnamo,,2-2,2.35,FT,1,draw
15-07-2023,Orgryte,Helsingborg,,1-2,1.95,FT,1,away
15-07-2023,Vasteras,Utsikten,,1-0,2.00,FT,1,home
15-07-2023,VPS,AC Oulu,,3-0,3.30,FT,X,home
15-07-2023,Ostersund,Landskrona,,4-1,3.00,FT,2,home
15-07-2023,Degerfors,Sirius,,0-3,1.45,DC,X2,away
15-07-2023,Hermannstadt,Farul Constanta,,0-1,2.00,FT,1,away
15-07-2023,Union de Santa Fe,Platense,,0-0,1.25,DC,1X,draw
15-07-2023,D. Zagreb,Hajduk Split,,1-0,1.25,DC,1X,home
15-07-2023,Rakow,Legia,,0-0,2.40,FT,2,draw
15-07-2023,Sligo,Cork City,,3-0,1.85,FT,1,home
15-07-2023,Racing Club,Rosario,,1-1,2.10,FT,1,draw
15-07-2023,Atlanta Utd,Orlando City,,1-2,2.00,FT,1,away
15-07-2023,Montreal,Charlotte FC,,2-0,2.10,FT,1,home
15-07-2023,Cincinnati,Nashville,,3-1,1.90,FT,1,home
15-07-2023,New England,DC United,,4-0,2.10,FT,1,home
14-07-2023,Otelul Galati,UTA Arad,,1-1,1.30,DC,X2,draw
14-07-2023,OFK Pirin,Beroe,,1-2,1.50,DC,X2,away
14-07-2023,Banga,Dziugas Telsiai,,0-1,1.90,FT,1,away
14-07-2023,Aswan,Daklyeh,,2-4,1.25,DC,1X,away
14-07-2023,Enppi,Ceramica Cleopatra,,1-0,2.20,FT,2,home
14-07-2023,NB Egypt,Future,,1-0,2.50,FT,2,home
14-07-2023,Rapid Bucuresti,Sepsi,,0-0,1.95,FT,1,draw
14-07-2023,Shelbourne,Bohemians,,1-1,2.95,FT,X,draw
14-07-2023,Finn Harps,Cobh Ramblers,,4-3,2.20,FT,2,home
14-07-2023,Cobresal,Huachipato,,2-0,1.80,FT,1,home
14-07-2023,Envigado,Bucaramanga,,1-3,3.00,FT,X,away
14-07-2023,Godoy Cruz,Defensa y Justicia,,2-2,2.10,FT,1,draw
14-07-2023,Sarmiento,Velez,,1-1,2.80,FT,X,draw
14-07-2023,Huracan Ar.,Talleres,,0-1,2.50,FT,2,away
14-07-2023,Atletico Huila,U. Magdalena,,2-1,2.00,FT,1,home
14-07-2023,Tijuana,Cruz Azul,,2-1,3.00,FT,2,home
13-07-2023,Inter Escaldes,Vikingur Gota,,2-1,2.45,FT,1,home
13-07-2023,Makedonija GP,Rigas,,0-1,1.85,FT,2,away
13-07-2023,Hegelmann,Shkupi,,0-5,1.35,DC,X2,away
13-07-2023,Gzira,Glentoran,,2-2,2.60,FT,2,draw
13-07-2023,Torpedo Kutaisi,Sarajevo,,2-2,2.40,FT,2,draw
13-07-2023,Penybont,Santa Coloma,,1-1,1.70,FT,1,draw
13-07-2023,HB Torshavn,Derry City,,0-0,1.45,DC,X2,draw
13-07-2023,Tirana,Dinamo Batumi,,1-1,3.10,FT,X,draw
13-07-2023,Zeljeznicar,Din. Minsk,,2-2,1.35,DC,12,draw
13-07-2023,Linfield,Vllaznia,,3-1,1.75,FT,1,home
13-07-2023,Nublense,A. Italiano,,0-0,3.20,FT,X,draw
13-07-2023,Santos Laguna,Atlas,,0-0,2.25,FT,1,draw
13-07-2023,Otelul Galati,UTA Arad,,1-1,2.25,FT,2,draw
13-07-2023,Aswan,Daklyeh,,2-4,2.00,FT,1,away
13-07-2023,Enppi,Ceramica Cleopatra,,1-0,2.20,FT,2,home
13-07-2023,Rapid Bucuresti,Sepsi,,0-0,1.95,FT,1,draw
12-07-2023,Astana,Dinamo Tbilisi,,1-1,1.30,DC,12,draw
12-07-2023,Inter Turku,VPS,,0-2,1.95,FT,1,away
12-07-2023,El Ittihad,Al Moqawloon,,0-0,2.90,FT,X,draw
12-07-2023,Farul Constanta,Sheriff Tiraspol,,1-0,3.05,FT,X,home
12-07-2023,Valerenga,Brann,,3-2,3.20,FT,1,home
12-07-2023,New York,Cincinnati,,1-2,1.95,FT,1,away
12-07-2023,Ind. Medellin,San Lorenzo,,0-1,2.95,FT,X,away
12-07-2023,Sporting Cristal,Emelec,,0-1,2.15,FT,1,away
12-07-2023,Louisville,Pittsburgh,,0-1,3.25,FT,X,away
12-07-2023,Athletico-PR,Flamengo,,0-2,1.40,DC,X2,away
12-07-2023,Houston,Minnesota,,0-3,1.90,FT,1,away
12-07-2023,Nashville,Philadelphia,,0-2,3.40,FT,2,away
12-07-2023,Kansas City,Salt Lake,,2-2,1.90,FT,1,draw
12-07-2023,El Paso,San Antonio,,1-2,3.00,FT,2,away
12-07-2023,Oakland Roots,Memphis,,1-1,3.00,FT,2,draw
12-07-2023,San Jose,Seattle,,2-0,1.45,DC,X2,home
11-07-2023,Urartu,Zrinjski,,0-1,2.40,FT,2,away
11-07-2023,Namibia,Botswana,,0-0,1.40,DC,1X,draw
11-07-2023,Smouha,Enppi,,2-1,1.25,DC,1X,home
11-07-2023,Ballkani,Ludogorets,,2-0,1.70,FT,2,home
11-07-2023,Partizani,Bate Borisov,,1-1,1.40,DC,1X,draw
11-07-2023,Rosario,Cordoba Santiago,,2-0,2.00,FT,1,home
11-07-2023,Colo Colo,America MG,,2-1,1.75,FT,1,home
11-07-2023,Independiente,Newells Old Boys,,0-2,2.50,FT,1,away
11-07-2023,B.Guayaquil,Estudiantes,,2-1,3.05,FT,X,home
11-07-2023,Atl. Tucuman,Gimnasia L.P.,,2-0,2.10,FT,1,home
11-07-2023,Kashiwa R.,Tokushima,,2-0,2.00,FT,1,home
11-07-2023,Bellmare S.,Okayama,,2-0,2.00,FT,1,home
11-07-2023,Toyama,Albirex Niigata,,2-2,1.85,FT,2,draw
11-07-2023,Vissel Kobe,Jubilo Iwata,,5-2,1.85,FT,1,home
11-07-2023,Suwon Bluewings,Pohang Stellers,,1-1,1.90,FT,2,draw
11-07-2023,Inter Turku,VPS,,0-2,1.95,FT,1,away
10-07-2023,Norrkoping,Halmstad,,1-2,1.95,FT,1,away
10-07-2023,Helsingborg,Ostersund,,1-0,2.35,FT,1,home
10-07-2023,Trelleborg,Utsikten,,0-3,1.50,DC,X2,away
10-07-2023,Barracas,Argentinos Jrs,,0-0,1.30,DC,X2,draw
10-07-2023,Ceramica Cleopatra,Pyramids,,2-1,1.30,DC,X2,home
10-07-2023,El Daklyeh,SC Ismaily,,0-1,2.80,FT,X,away
10-07-2023,El Gaish,Aswan,,1-0,1.95,FT,1,home
10-07-2023,Ghazl El Mahallah,NB Egypt,,0-0,2.85,FT,X,draw
10-07-2023,Colon,Belgrano,,0-0,3.00,FT,X,draw
10-07-2023,Sport Huancayo,Cusco,,3-1,1.75,FT,1,home
10-07-2023,Montevideo City,River M.,,0-1,3.30,FT,X,away
10-07-2023,Vila Nova,Vitoria,,1-0,1.85,FT,1,home
10-07-2023,Boca Juniors,Huracan Ar.,,1-0,1.85,FT,1,home
10-07-2023,Leon,Pachuca,,4-0,2.15,FT,1,home
10-07-2023,Daegu,Gangwon FC,,0-0,2.00,FT,1,draw
10-07-2023,Jeju Utd,Gwangju Sangmu,,0-0,3.25,FT,X,draw
09-07-2023,Asane,Skeid,,0-0,1.35,DC,1X,draw
09-07-2023,Fredrikstad,Kongsvinger,,1-1,2.20,FT,1,draw
09-07-2023,Moss,Bryne,,2-1,2.00,FT,1,home
09-07-2023,Sirius,Hammarby TFF,,1-2,2.50,FT,2,away
09-07-2023,Brage,Orgryte,,4-1,2.30,FT,1,home
09-07-2023,Rosenborg,Lillestrom,,1-2,2.20,FT,1,away
09-07-2023,Sandefjord,Stabaek,,0-0,2.35,FT,1,draw
09-07-2023,Stromsgodset,Sarpsborg 08,,5-2,2.20,FT,2,home
09-07-2023,Tromso,Valerenga,,0-0,2.30,FT,1,draw
09-07-2023,Kalmar,Elfsborg,,0-4,2.15,FT,2,away
09-07-2023,Mariehamn,AC Oulu,,1-2,2.20,FT,2,away
09-07-2023,Molde,Brann,,2-0,2.00,FT,1,home
09-07-2023,Pharco,Al Masry Club,,0-3,1.35,DC,1X,away
09-07-2023,Instituto,Tigre,,0-1,2.25,FT,1,away
09-07-2023,Platense,Sarmiento,,1-0,1.30,DC,1X,home
09-07-2023,Bragantino,Sao Paulo,,0-0,1.90,FT,1,draw
08-07-2023,Haka,Inter Turku,,2-2,1.35,DC,X2,draw
08-07-2023,KTP,Ilves,,0-0,3.15,FT,X,draw
08-07-2023,SJK,Honka,,1-0,1.30,DC,1X,home
08-07-2023,Belshina,Dynamo Brest,,1-0,2.00,FT,2,home
08-07-2023,Gefle,AFC Eskilstuna,,2-0,3.20,FT,X,home
08-07-2023,Slutsk,Gomel,,3-1,2.40,FT,2,home
08-07-2023,England U21,Spain U21,,1-0,3.20,FT,X,home
08-07-2023,Huachipato,U. De Chile,,1-2,2.45,FT,1,away
08-07-2023,Farul Constanta,Sepsi,,0-1,2.15,FT,1,away
08-07-2023,Future,Zamalek,,2-3,2.60,FT,2,away
08-07-2023,Cuiaba,Bahia,,1-1,2.05,FT,1,draw
08-07-2023,Vasco Gama,Cruzeiro,,0-1,1.45,DC,X2,away
08-07-2023,Estudiantes,Racing Club,,0-0,1.90,FT,1,draw
08-07-2023,U. Catolica,Everton CD,,0-1,2.75,FT,2,away
08-07-2023,San Lorenzo,River Plate,,0-0,3.10,FT,X,draw
08-07-2023,Union La Calera,Cobresal,,1-1,2.20,FT,1,draw
07-07-2023,Ham-Kam,Aalesund,,2-1,2.00,FT,1,home
07-07-2023,Landskrona,Jonkopings Sodra,,1-1,1.95,FT,1,draw
07-07-2023,Orebro,Osters,,1-1,2.25,FT,2,draw
07-07-2023,Bohemians D.,Dundalk,,3-2,3.30,FT,X,home
07-07-2023,Wexford,Athlone,,1-4,2.35,FT,1,away
07-07-2023,Gimnasia L.P.,Independiente,,1-1,2.90,FT,X,draw
07-07-2023,Audax Italiano,Palestino,,0-3,2.20,FT,1,away
07-07-2023,Cordoba Santiago,Newells Old Boys,,2-0,1.40,DC,X2,home
07-07-2023,Puebla,Santos Laguna,,2-3,1.50,DC,X2,away
07-07-2023,Necaxa,Tijuana,,1-1,2.45,FT,1,draw
07-07-2023,Nagoya GE,Yokohama F. Marinos,,2-2,2.35,FT,1,draw
07-07-2023,Pohang Steelers,Ulsan,,0-1,3.20,FT,X,away
07-07-2023,Sanfrecce Hiroshima,Kashima A.,,1-1,2.05,FT,1,draw
07-07-2023,Fukuoka,Sapporo,,2-1,1.35,DC,X2,home
07-07-2023,Kashiwa R.,Bellmare S.,,1-1,2.20,FT,1,draw
07-07-2023,Sangan,Cerezo Osaka,,2-1,2.40,FT,2,home
06-07-2023,Torpedo Zhodino,Din. Minsk,,0-0,1.95,FT,2,draw
06-07-2023,Portugal U19,Italy U19,,5-1,1.40,DC,1X,home
06-07-2023,Arsenal Sarandi,Defensa y Justicia,,1-2,2.00,FT,2,away
06-07-2023,Bate Borisov,Shakhtyor Soligorsk,,2-0,2.70,FT,2,home
06-07-2023,Union de Santa Fe,Boca Juniors,,0-0,2.50,FT,2,draw
06-07-2023,Sarmiento,Talleres,,0-1,2.05,FT,2,away
06-07-2023,Nublense,U. Espanola,,0-1,3.20,FT,X,away
06-07-2023,Belgrano,Barracas Central,,0-2,2.00,FT,1,away
06-07-2023,Huracan,Atl. Tucuman,,0-1,2.10,FT,1,away
06-07-2023,Albirex Niigata,Vissel Kobe,,0-1,1.25,DC,X2,away
06-07-2023,Gangwon FC,Gwangju Sangmu,,1-1,2.45,FT,2,draw
06-07-2023,Jeju Utd,Daegu,,1-2,1.30,DC,1X,away
06-07-2023,Ham-Kam,Aalesund,,2-1,2.00,FT,1,home
06-07-2023,Landskrona,Jonkoping,,1-1,1.95,FT,1,draw
06-07-2023,Orebro,Osters,,1-1,2.25,FT,2,draw
06-07-2023,Slavia Mozyr,Energetik-BGU,,0-0,2.10,FT,1,draw
05-07-2023,KTP,AC Oulu,,1-2,2.30,FT,2,away
05-07-2023,Godoy Cruz,Platense,,2-1,1.90,FT,1,home
05-07-2023,Tigre,Banfield,,1-2,1.30,DC,1X,away
05-07-2023,Rosario,Estudiantes,,0-0,1.45,DC,1X,draw
05-07-2023,CRB,Sport Recife,,2-0,3.15,FT,1,home
05-07-2023,Racing Club,San Lorenzo,,1-1,2.50,FT,1,draw
05-07-2023,Sao Paulo,Palmeiras,,1-0,3.15,FT,X,home
05-07-2023,America MG,Corinthians,,1-0,2.20,FT,1,home
05-07-2023,Torpedo Zhodino,Din. Minsk,,0-0,1.95,FT,2,draw
05-07-2023,Portugal U19,Italy U19,,5-1,1.40,DC,1X,home
05-07-2023,Arsenal Sarandi,Defensa y Justicia,,1-2,2.00,FT,2,away
05-07-2023,Bate Borisov,Shakhtyor Soligorsk,,2-0,2.70,FT,2,home
05-07-2023,Union de Santa Fe,Boca Juniors,,0-0,2.50,FT,2,draw
05-07-2023,Sarmiento,Talleres,,0-1,2.05,FT,2,away
05-07-2023,Belgrano,Barracas Central,,0-2,2.00,FT,1,away
05-07-2023,Huracan,Atl. Tucuman,,0-1,2.10,FT,1,away
04-07-2023,Constantine,CR Belouizdad,,0-0,1.40,DC,X2,draw
04-07-2023,El Bayadh,Chlef,,2-0,1.25,DC,1X,home
04-07-2023,Oran,Setif,,3-1,1.90,FT,1,home
04-07-2023,Guadeloupe,Guatemala,,2-3,3.00,FT,1,away
04-07-2023,Lanus,Velez,,0-1,2.10,FT,1,away
04-07-2023,Inter Miami,Columbus Crew,,2-2,2.30,FT,2,draw
04-07-2023,Bahia,Gremio,,1-1,2.60,FT,2,draw
04-07-2023,Panama,El Salvador,,2-2,2.00,FT,1,draw
04-07-2023,Dallas,DC United,,0-1,2.20,FT,1,away
04-07-2023,Colorado,Portland,,0-0,2.20,FT,1,draw
04-07-2023,Los Angeles Galaxy,Los Angeles,,2-1,1.95,FT,2,home
04-07-2023,Mito Hollyhock,Tokushima,,3-1,3.10,FT,X,home
04-07-2023,Oita Trinita,M.Zelvia,,0-3,2.20,FT,2,away
04-07-2023,Omiya Ardija,JEF United,,2-1,1.30,DC,12,home
04-07-2023,Kusatsu,Kumamoto,,1-1,2.00,FT,2,draw
04-07-2023,Vegalta Sendai,Shimizu SP,,0-3,1.85,FT,2,away
03-07-2023,Stabaek,Stromsgodset,,0-1,1.30,DC,1X,away
03-07-2023,Mjallby,Kalmar,,1-1,3.00,FT,X,draw
03-07-2023,Dep. Riestra,Caseros,,2-1,1.25,DC,1X,home
03-07-2023,Newells Old Boys,Gimnasia L.P.,,2-2,1.90,FT,1,draw
03-07-2023,Goias,Coritiba,,1-2,2.05,FT,1,away
03-07-2023,CA Atlanta,Deportivo Madryn,,1-1,1.30,DC,1X,draw
03-07-2023,Botafogo SP,Guarani,,1-0,2.40,FT,1,home
03-07-2023,Blooming,Independiente Petrolero,,2-0,1.80,FT,1,home
03-07-2023,All Boys,San Telmo,,1-0,2.30,FT,1,home
03-07-2023,Leon,Guadalajara,,1-2,2.00,FT,1,away
03-07-2023,Lanus,Velez,,0-1,2.10,FT,1,away
03-07-2023,Inter Miami,Columbus Crew,,2-2,2.30,FT,2,draw
03-07-2023,Bahia,Gremio,,1-1,2.60,FT,2,draw
03-07-2023,Dallas,DC United,,0-1,2.20,FT,1,away
03-07-2023,Panama,El Salvador,,2-2,2.00,FT,1,draw
03-07-2023,Colorado,Portland,,0-0,2.20,FT,1,draw
02-07-2023,Bryne,Raufoss,,4-1,2.35,FT,1,home
02-07-2023,Halmstad,Goteborg,,0-0,2.60,FT,1,draw
02-07-2023,Corinthians,Bragantino,,0-1,3.05,FT,X,away
02-07-2023,Aalesund,Rosenborg,,1-0,1.30,DC,X2,home
02-07-2023,Haugesund,Odd Grenland,,2-1,3.25,FT,X,home
02-07-2023,Jaro,E.I.F.,,1-1,3.30,FT,X,draw
02-07-2023,Gomel,Slavia Mozyr,,3-2,1.40,DC,X2,home
02-07-2023,England U21,Portugal U21,,1-0,1.85,FT,1,home
02-07-2023,Independiente,Huracan,,1-0,2.40,FT,1,home
02-07-2023,Athletico-PR,Palmeiras,,2-2,3.00,FT,1,draw
02-07-2023,Colon,Racing Club,,0-4,3.05,FT,X,away
02-07-2023,Atlanta Utd,Philadelphia Union,,2-0,2.85,FT,2,home
02-07-2023,Cuiaba,Santos,,3-0,3.00,FT,X,home
02-07-2023,Instituto,Belgrano,,1-0,1.55,DC,X2,home
02-07-2023,Banfield,Argentinos Jrs,,1-0,2.40,FT,2,home
02-07-2023,Defensa y Justicia,Tigre,,1-0,3.20,FT,X,home
01-07-2023,Jerv,Kfum,,4-3,2.40,FT,2,home
01-07-2023,Mjondalen,Moss,,1-2,2.15,FT,1,away
01-07-2023,Sandnes,Asane,,3-3,2.00,FT,1,draw
01-07-2023,Skeid,Sogndal,,2-4,2.10,FT,2,away
01-07-2023,Brommapojkarna,AIK,,0-2,2.80,FT,1,away
01-07-2023,Degerfors,Varnamo,,0-2,2.30,FT,1,away
01-07-2023,Ilves,SJK,,1-1,3.05,FT,X,draw
01-07-2023,VPS,Inter Turku,,3-0,1.35,DC,X2,home
01-07-2023,Mariehamn,KTP,,0-0,2.40,FT,1,draw
01-07-2023,Valerenga,Viking,,1-2,2.80,FT,2,away
01-07-2023,Georgia U21,Israel U21,,0-0,1.35,DC,1X,draw
01-07-2023,Sao Paulo,Fluminense,,1-0,2.05,FT,1,home
01-07-2023,Gabon U23,Egypt U23,,0-2,1.60,FT,2,away
01-07-2023,San Lorenzo,Rosario,,1-0,1.95,FT,1,home
01-07-2023,Bahia,Gremio,,1-2,1.50,DC,X2,away
01-07-2023,Cuba,Guadeloupe,,1-4,2.25,FT,2,away
30-06-2023,Energetik-BGU,Isloch,,0-1,1.50,DC,1X,away
30-06-2023,BFC Daugavpils,Jelgava,,1-1,1.80,FT,1,draw
30-06-2023,Enppi,Pharco,,2-1,2.75,FT,X,home
30-06-2023,Riga,Rigas,,2-2,1.25,DC,1X,draw
30-06-2023,Al Moqawloon,El Daklyeh,,0-1,2.05,FT,1,away
30-06-2023,El Gaish,Ceramica Cleopatra,,0-0,2.70,FT,1,draw
30-06-2023,Cork City,Drogheda,,1-1,2.25,FT,1,draw
30-06-2023,Dundalk,Shamrock Rovers,,2-0,1.85,FT,2,home
30-06-2023,Shelbourne,Derry City,,1-1,3.05,FT,X,draw
30-06-2023,Athlone,Cobh Ramblers,,2-3,1.95,FT,1,away
30-06-2023,Treaty United,Bray,,1-1,3.00,FT,1,draw
30-06-2023,Cajamarca,Sport Huancayo,,0-0,1.45,DC,X2,draw
30-06-2023,Platense,Lanus,,0-1,2.85,FT,X,away
30-06-2023,Atl. Tucuman,Union de Santa Fe,,1-0,3.05,FT,X,home
30-06-2023,Tombense,Chapecoense-SC,,4-2,2.10,FT,1,home
30-06-2023,El Salvador,Costa Rica,,0-0,2.20,FT,2,draw
29-06-2023,Valmiera,Liepaja,,1-1,1.75,FT,1,draw
29-06-2023,El Ismaily,Aswan,,1-1,1.20,DC,1X,draw
29-06-2023,Stjarnan,Hafnarfjordur,,5-0,1.35,DC,1X,home
29-06-2023,Afturelding,Fjolnir,,4-3,2.05,FT,1,home
29-06-2023,Qatar,Honduras,,1-1,1.35,DC,12,draw
29-06-2023,Defensa y Justicia,Millonarios,,3-1,1.95,FT,1,home
29-06-2023,Penarol,America MG,,1-2,3.25,FT,X,away
29-06-2023,Cerezo Osaka,Fukuoka,,0-1,2.00,FT,1,away
29-06-2023,Enppi,Pharco,,2-1,2.75,FT,X,home
29-06-2023,Al Moqawloon,El Daklyeh,,0-1,2.05,FT,1,away
29-06-2023,El Gaish,Ceramica Cleopatra,,0-0,2.70,FT,1,draw
29-06-2023,Cork City,Drogheda,,1-1,2.25,FT,1,draw
29-06-2023,Dundalk,Shamrock Rovers,,2-0,1.85,FT,2,home
29-06-2023,Shelbourne,Derry City,,1-1,3.05,FT,X,draw
29-06-2023,Athlone,Cobh Ramblers,,2-3,1.95,FT,1,away
29-06-2023,Treaty United,Bray,,1-1,3.00,FT,1,draw
28-06-2023,Gnistan,HIFK,,4-0,1.25,DC,1X,home
28-06-2023,JaPS,SalPa,,0-0,1.95,FT,1,draw
28-06-2023,Jaro,SJK II,,0-1,1.40,DC,1X,away
28-06-2023,JJK,KPV,,0-0,1.35,DC,1X,draw
28-06-2023,TPS,E.I.F.,,3-1,3.35,FT,X,home
28-06-2023,Levadia Tallinn,Flora,,0-0,3.20,FT,X,draw
28-06-2023,Al Masry Club,Future,,2-0,2.80,FT,X,home
28-06-2023,England U21,Germany U21,,2-0,2.55,FT,2,home
28-06-2023,Israel U21,Czech U21,,1-0,2.30,FT,2,home
28-06-2023,IBV,KA Akureyri,,2-0,2.40,FT,1,home
28-06-2023,Fram,Hk Kopavogur,,3-2,2.00,FT,1,home
28-06-2023,Gabon U23,Niger U23,,0-1,3.00,FT,X,away
28-06-2023,ABC,Atletico GO,,1-1,3.05,FT,X,draw
28-06-2023,Guarani,Mirassol,,2-1,3.05,FT,X,home
28-06-2023,Ituano,Ponte Preta,,0-1,2.10,FT,1,away
28-06-2023,Londrina,Juventude,,1-2,2.60,FT,2,away
27-06-2023,India,Kuwait,,1-1,2.30,FT,2,draw
27-06-2023,Inter Turku,Ilves,,2-1,1.95,FT,1,home
27-06-2023,KTP,Lahti,,2-0,2.05,FT,1,home
27-06-2023,Kuressaare,Trans Narva,,3-0,2.25,FT,1,home
27-06-2023,Tammeka,Parnu Vaprus,,2-3,2.30,FT,1,away
27-06-2023,Portugal U21,Belgium U21,,2-1,2.15,FT,1,home
27-06-2023,Paide,Nomme,,0-0,3.20,FT,X,draw
27-06-2023,Croatia U21,Romania U21,,0-0,2.25,FT,1,draw
27-06-2023,Morocco U23,Ghana U23,,5-1,1.85,FT,1,home
27-06-2023,Palestino,Fortaleza CE,,1-2,1.35,DC,1X,away
27-06-2023,Libertad,Atletico-MG,,1-1,1.30,DC,X2,draw
27-06-2023,Chapecoense,Sport Recife,,1-1,1.35,DC,X2,draw
27-06-2023,Incheon United,Suwon Bluewings,,3-2,1.90,FT,1,home
27-06-2023,England U21,Germany U21,,2-0,2.55,FT,2,home
27-06-2023,Israel U21,Czech Republic U21,,1-0,2.30,FT,2,home
27-06-2023,Fram,Hk Kopavogur,,3-2,2.00,FT,1,home
26-06-2023,BFC Daugavpils,Tukums 2000,,3-1,3.50,FT,X,home
26-06-2023,Dundalk,St. Patricks,,1-1,2.50,FT,1,draw
26-06-2023,Shamrock,Derry City,,1-0,1.95,FT,1,home
26-06-2023,El Salvador,Martinique,,1-2,1.75,FT,1,away
26-06-2023,Belgrano,Banfield,,3-1,2.50,FT,1,home
26-06-2023,Vasco da Gama,Cuiaba,,1-0,2.10,FT,1,home
26-06-2023,Costa Rica,Panama,,1-2,1.30,DC,X2,away
26-06-2023,Inter Turku,Ilves,,2-1,1.95,FT,1,home
26-06-2023,KTP,Lahti,,2-0,2.05,FT,1,home
26-06-2023,Kuressaare,Trans Narva,,3-0,2.25,FT,1,home
26-06-2023,Tammeka,Parnu Vaprus,,2-3,2.30,FT,1,away
26-06-2023,Portugal U21,Belgium U21,,2-1,2.15,FT,1,home
26-06-2023,Paide,Nomme,,0-0,3.20,FT,X,draw
26-06-2023,Croatia U21,Romania U21,,0-0,2.25,FT,1,draw
26-06-2023,Palestino,Fortaleza CE,,1-2,1.35,DC,1X,away
26-06-2023,Libertad,Atletico-MG,,1-1,1.30,DC,X2,draw
25-06-2023,Asane,Kristiansund,,2-2,2.05,FT,2,draw
25-06-2023,Moss,Kongsvinger,,0-1,2.20,FT,2,away
25-06-2023,Raufoss,Skeid,,1-0,1.85,FT,1,home
25-06-2023,Ham-Kam,Odd Grenland,,0-1,3.25,FT,X,away
25-06-2023,Rosenborg,Sarpsborg 08,,0-3,2.05,FT,1,away
25-06-2023,Tromso,Stabaek,,2-1,2.10,FT,1,home
25-06-2023,Ca Brown,Dep. Riestra,,1-1,2.90,FT,X,draw
25-06-2023,Switzerland U21,Italy U21,,2-3,1.95,FT,2,away
25-06-2023,Guillermo Brown,Deportivo Moron,,0-2,1.30,DC,1X,away
25-06-2023,Caseros,Racing Cordoba,,1-1,1.20,DC,1X,draw
25-06-2023,Arsenal Sarandi,Platense,,0-2,2.90,FT,1,away
25-06-2023,Sampaio Correa,Ceara CE,,1-1,3.10,FT,X,draw
25-06-2023,Aldosivi,Gimnasia Jujuy,,3-1,1.25,DC,1X,home
25-06-2023,America MG,Internacional,,1-2,2.30,FT,1,away
25-06-2023,Rosario,Colon,,1-1,3.20,FT,X,draw
25-06-2023,Sarmiento,Atl. Tucuman,,4-1,2.50,FT,1,home
24-06-2023,Minsk Isloch,Gomel,,3-1,2.10,FT,1,home
24-06-2023,Viking,Brann,,3-1,1.25,DC,12,home
24-06-2023,Portugal U21,Netherlands U21,,1-1,2.60,FT,2,draw
24-06-2023,Romania U21,Ukraine U21,,0-1,2.05,FT,2,away
24-06-2023,KR Reykjavik,KA Akureyri,,2-0,2.25,FT,1,home
24-06-2023,Sogndal,Fredrikstad,,0-1,3.20,FT,X,away
24-06-2023,Athletico-PR,Corinthians,,1-0,3.10,FT,X,home
24-06-2023,Union de Santa Fe,Independiente,,3-0,3.00,FT,X,home
24-06-2023,Fortaleza,Atletico-MG,,2-1,1.50,DC,X2,home
24-06-2023,Lanus,Talleres,,2-1,2.95,FT,X,home
24-06-2023,DC United,Cincinnati,,3-0,2.65,FT,2,home
24-06-2023,Cruzeiro,Sao Paulo,,1-0,1.30,DC,1X,home
24-06-2023,Millonarios,Atl. Nacional,,1-1,1.85,FT,1,draw
24-06-2023,Austin,Houston,,3-0,3.10,FT,2,home
24-06-2023,Colorado,Los Angeles Galaxy,,0-0,2.10,FT,1,draw
24-06-2023,Salt Lake,Minnesota,,2-2,2.30,FT,1,draw
23-06-2023,Karvina,Podbrezova,,3-2,1.35,DC,1X,home
23-06-2023,Tataouine,Olympique Beja,,1-2,1.25,DC,X2,away
23-06-2023,Tromsdalen,Ull/Kisa,,2-1,2.25,FT,2,home
23-06-2023,Start,Jerv,,2-1,1.85,FT,1,home
23-06-2023,USM Alger,MC Alger,,2-0,1.25,DC,1X,home
23-06-2023,Liverpool M.,Nacional M.,,3-0,1.90,FT,2,home
23-06-2023,Defensores Unidos,Atl. Guemes,,1-0,2.80,FT,X,home
23-06-2023,Bohemians D.,Shamrock,,2-2,2.15,FT,2,draw
23-06-2023,Drogheda,Dundalk,,1-2,2.45,FT,1,away
23-06-2023,Finn Harps,Wexford,,0-1,2.40,FT,2,away
23-06-2023,Mouloudia Oujda,Moghreb Tetouan,,2-1,2.00,FT,1,home
23-06-2023,Keflavik,Fylkir,,1-1,3.40,FT,X,draw
23-06-2023,Huracan Ar.,Newells Old Boys,,1-1,2.75,FT,X,draw
23-06-2023,La Luz,Danubio,,0-2,2.15,FT,2,away
23-06-2023,Argentinos Jrs,Defensa Justicia,,3-1,1.90,FT,1,home
23-06-2023,Llaneros,Patriotas,,0-0,2.80,FT,X,draw
22-06-2023,AC Oulu,VPS,,0-0,1.30,DC,1X,draw
22-06-2023,JJK,TPS,,2-2,2.00,FT,2,draw
22-06-2023,VJS,P-Iirot,,2-1,1.25,DC,12,home
22-06-2023,Norway U21,Switzerland U21,,1-2,2.50,FT,1,away
22-06-2023,France U21,Italy U21,,2-1,3.30,FT,X,home
22-06-2023,Tigre,Velez,,2-1,1.30,DC,1X,home
22-06-2023,Coritiba,Internacional,,0-1,3.00,FT,X,away
22-06-2023,Cuiaba,Botafogo,,0-1,3.05,FT,X,away
22-06-2023,Bragantino,Flamengo,,4-0,3.50,FT,X,home
22-06-2023,Godoy Cruz,Boca Juniors,,4-0,2.85,FT,X,home
22-06-2023,Start,Jerv,,2-1,1.85,FT,1,home
22-06-2023,Bohemians D.,Shamrock,,2-2,2.15,FT,2,draw
22-06-2023,Drogheda,Dundalk,,1-2,2.45,FT,1,away
22-06-2023,Finn Harps,Wexford,,0-1,2.40,FT,2,away
22-06-2023,Keflavik,Fylkir,,1-1,3.40,FT,X,draw
22-06-2023,Huracan,Newells Old Boys,,1-1,2.75,FT,X,draw
21-06-2023,Belgium U21,Netherlands U21,,0-0,2.00,FT,2,draw
21-06-2023,Ukraine U21,Croatia U21,,2-0,2.15,FT,2,home
21-06-2023,Estudiantes,San Lorenzo,,1-1,2.85,FT,X,draw
21-06-2023,Cruzeiro,Fortaleza CE,,0-1,2.05,FT,1,away
21-06-2023,Santos,Corinthians,,2-1,1.30,DC,1X,home
21-06-2023,Montreal,Nashville,,1-0,3.45,FT,X,home
21-06-2023,Orlando City,Philadelphia,,2-2,3.45,FT,X,draw
21-06-2023,Cordoba Santiago,Gimnasia L.P.,,0-0,3.20,FT,X,draw
21-06-2023,Bahia,Palmeiras,,1-0,1.90,FT,2,home
21-06-2023,Fluminense,Atletico-MG,,1-1,3.20,FT,X,draw
21-06-2023,Austin,Dallas,,3-0,1.30,DC,1X,home
21-06-2023,St. Louis City,Salt Lake,,1-3,1.95,FT,1,away
21-06-2023,Atl. Nacional,Millonarios,,0-0,1.30,DC,1X,draw
21-06-2023,Colorado,Vancouver,,Postp,2.25,FT,1,postponed
21-06-2023,Los Angeles Galaxy,Kansas City,,2-2,2.00,FT,1,draw
21-06-2023,Portland,Chicago,,1-2,1.80,FT,1,away
20-06-2023,Burundi,Namibia,,3-2,2.75,FT,X,home
20-06-2023,Ethiopia,Malawi,,0-0,1.30,DC,1X,draw
20-06-2023,Slovenia U21,Finland U21,,1-0,3.20,FT,X,home
20-06-2023,Slovakia U21,Austria U21,,1-1,2.25,FT,2,draw
20-06-2023,Montenegro,Czech Republic,,1-4,2.25,FT,2,away
20-06-2023,Sudan,Mauritania,,0-3,1.25,DC,1X,away
20-06-2023,Austria,Sweden,,2-0,2.05,FT,1,home
20-06-2023,Bolivia,Chile,,0-0,1.95,FT,2,draw
20-06-2023,Costa Rica,Ecuador,,1-3,2.05,FT,2,away
20-06-2023,Estudiantes,San Lorenzo,,1-1,2.85,FT,X,draw
20-06-2023,Cruzeiro,Fortaleza CE,,0-1,2.05,FT,1,away
20-06-2023,Santos,Corinthians,,2-1,1.30,DC,1X,home
20-06-2023,Montreal,Nashville,,1-0,3.45,FT,X,home
20-06-2023,Orlando City,Philadelphia Union,,2-2,3.45,FT,X,draw
20-06-2023,Cordoba Santiago,Gimnasia L.P.,,0-0,3.20,FT,X,draw
20-06-2023,Fluminense,Atletico-MG,,1-1,3.20,FT,X,draw
19-06-2023,Slovenia,Denmark,,1-1,1.85,FT,2,draw
19-06-2023,Burundi,Namibia,,3-2,2.75,FT,X,home
19-06-2023,Ethiopia,Malawi,,0-0,1.30,DC,1X,draw
19-06-2023,Montenegro,Czech Republic,,1-4,2.25,FT,2,away
19-06-2023,Sudan,Mauritania,,0-3,1.25,DC,1X,away
19-06-2023,Austria,Sweden,,2-0,2.05,FT,1,home
19-06-2023,Bolivia,Chile,,0-0,1.95,FT,2,draw
19-06-2023,Costa Rica,Ecuador,,1-3,2.05,FT,2,away
19-06-2023,Belgium U21,Netherlands U21,,0-0,2.00,FT,2,draw
19-06-2023,Ukraine U21,Croatia U21,,2-0,2.15,FT,2,home
19-06-2023,Estudiantes L.P.,San Lorenzo,,1-1,2.85,FT,X,draw
19-06-2023,Cruzeiro,Fortaleza,,0-1,2.05,FT,1,away
19-06-2023,Sao Paulo,Athletico-PR,,2-1,1.85,FT,1,home
19-06-2023,Santos,Corinthians,,0-2,1.30,DC,1X,away
19-06-2023,Montreal,Nashville,,1-0,3.45,FT,X,home
19-06-2023,Orlando City,Philadelphia Union,,2-2,3.45,FT,X,draw
18-06-2023,Tanzania,Niger,,1-0,2.20,FT,1,home
18-06-2023,Rwanda,Mozambique,,0-2,2.80,FT,X,away
18-06-2023,Netherlands,Italy,,2-3,2.25,FT,1,away
18-06-2023,Racing M.,P.Colonia,,4-1,2.10,FT,1,home
18-06-2023,Sylvia,Bodens,,2-2,2.15,FT,1,draw
18-06-2023,Gjovik,Tromsdalen,,0-3,2.05,FT,2,away
18-06-2023,Leko,Foggia,,3-1,1.25,DC,X2,home
18-06-2023,Cape Verde,Burkina Faso,,3-1,2.70,FT,X,home
18-06-2023,Congo,Mali,,0-2,2.55,FT,2,away
18-06-2023,Castellon,Alcorcon,,0-0,2.90,FT,X,draw
18-06-2023,Aucas,Orense SC,,Postp,1.90,FT,1,postponed
18-06-2023,Gabon,D.R. Congo,,0-2,1.30,DC,1X,away
18-06-2023,Gimnasia M.,San Martin,,2-0,1.25,DC,1X,home
18-06-2023,Croatia,Spain,,0-0,1.90,FT,2,draw
18-06-2023,Dep. Cuenca,Emelec,,3-2,2.50,FT,2,home
18-06-2023,B.Guayaquli,Universidad Catolica,,1-2,1.95,FT,1,away
17-06-2023,Central African Republic,Angola,,1-2,1.20,DC,X2,away
17-06-2023,Zambia,Ivory Coast,,3-0,2.90,FT,X,home
17-06-2023,Lithuania,Bulgaria,,1-1,2.20,FT,2,draw
17-06-2023,Lesotho,Comoros,,0-1,2.15,FT,2,away
17-06-2023,Equatorial Guinea,Tunisia,,1-0,2.10,FT,2,home
17-06-2023,South Africa,Morocco,,2-1,1.80,FT,2,home
17-06-2023,Botswana,Libya,,1-0,2.85,FT,X,home
17-06-2023,Norway,Scotland,,1-2,2.00,FT,1,away
17-06-2023,Azerbaijan,Estonia,,1-1,2.00,FT,1,draw
17-06-2023,Montenegro,Hungary,,0-0,1.30,DC,X2,draw
17-06-2023,Union de Santa Fe,Lanus,,1-1,2.40,FT,2,draw
17-06-2023,Cyprus,Georgia,,1-2,2.00,FT,2,away
17-06-2023,Iceland,Slovakia,,1-2,2.60,FT,2,away
17-06-2023,Levante,Alaves,,0-0,1.25,DC,1X,draw
17-06-2023,Benin,Senegal,,1-1,1.80,FT,2,draw
17-06-2023,New York City,Columbus,,1-1,2.15,FT,1,draw
16-06-2023,Finland,Slovenia,,2-0,3.05,FT,X,home
16-06-2023,Umea,Pitea,,1-0,2.00,FT,1,home
16-06-2023,Thor,Selfoss,,2-1,1.25,DC,12,home
16-06-2023,Greece,R.Ireland,,2-1,3.10,FT,X,home
16-06-2023,Macedonia,Ukraine,,2-3,1.95,FT,2,away
16-06-2023,Kosovo,Romania,,0-0,3.10,FT,X,draw
16-06-2023,Fujieda,Kumamoto,,0-4,2.60,FT,1,away
16-06-2023,Kanazawa,Mito Hollyhock,,2-1,1.35,DC,1X,home
16-06-2023,Oita Trinita,Okayama,,1-0,2.60,FT,1,home
16-06-2023,Tokushima,Montedio Yamagata,,1-1,2.20,FT,2,draw
16-06-2023,V-Varen Nagasaki,Omiya Ardija,,2-0,1.95,FT,1,home
16-06-2023,Central African Republic,Angola,,1-2,1.20,DC,X2,away
16-06-2023,Zambia,Ivory Coast,,3-0,2.90,FT,X,home
16-06-2023,Lithuania,Bulgaria,,1-1,2.20,FT,2,draw
16-06-2023,Norway,Scotland,,1-2,2.00,FT,1,away
16-06-2023,Azerbaijan,Estonia,,1-1,2.00,FT,1,draw
15-06-2023,India,Lebanon,,0-0,1.50,DC,X2,draw
15-06-2023,Bulgaria U21,Montenegro U21,,1-0,3.30,FT,X,home
15-06-2023,Israel U21,Belgium U21,,0-2,1.35,DC,X2,away
15-06-2023,Norway U21,Scotland U21,,0-0,2.15,FT,1,draw
15-06-2023,Motala,Orebro Syr.,,1-2,1.25,DC,12,away
15-06-2023,Spain,Italy,,2-1,2.25,FT,1,home
15-06-2023,Barnechea,Santiago Morning,,1-1,1.80,FT,1,draw
15-06-2023,Grindavik,Fjolnir,,0-1,2.20,FT,2,away
15-06-2023,Honduras,Venezuela,,0-1,2.00,FT,2,away
15-06-2023,USA,Mexico,,3-0,3.05,FT,X,home
15-06-2023,South Korea,Peru,,0-1,1.90,FT,1,away
15-06-2023,Finland,Slovenia,,2-0,3.05,FT,X,home
15-06-2023,Umea,Pitea,,1-0,2.00,FT,1,home
15-06-2023,Greece,R.Ireland,,2-1,3.10,FT,X,home
15-06-2023,Macedonia,Ukraine,,2-3,1.95,FT,2,away
15-06-2023,Kosovo,Romania,,0-0,3.10,FT,X,draw
14-06-2023,Maritzburg Utd,Cape Town Spurs,,0-0,2.15,FT,1,draw
14-06-2023,Guinea,Egypt,,1-2,2.15,FT,2,away
14-06-2023,Netherlands,Croatia,,2-2,2.00,FT,1,draw
14-06-2023,Chabab Mohammedia,Maghreb Fes,,3-0,2.30,FT,1,home
14-06-2023,El Jadidi,Mouloudia O.,,0-1,2.80,FT,X,away
14-06-2023,Moghreb Tetouan,Salmi,,1-2,1.30,DC,1X,away
14-06-2023,Olympique de Safi,FUS Rabat,,0-1,2.30,FT,2,away
14-06-2023,Raja Casablanca,Berkane,,2-1,1.20,DC,1X,home
14-06-2023,Union Touarga,IR Tanger,,2-2,1.65,FT,2,draw
14-06-2023,TPS,Mikkeli,,1-1,1.80,FT,1,draw
14-06-2023,Bulgaria U21,Montenegro U21,,1-0,3.30,FT,X,home
14-06-2023,Israel U21,Belgium U21,,0-2,1.35,DC,X2,away
14-06-2023,Norway U21,Scotland U21,,0-0,2.15,FT,1,draw
14-06-2023,Spain,Italy,,2-1,2.25,FT,1,home
14-06-2023,Honduras,Venezuela,,0-1,2.00,FT,2,away
14-06-2023,USA,Mexico,,3-0,3.05,FT,X,home
13-06-2023,Foggia,Leko,,1-2,1.90,FT,1,away
13-06-2023,Colon,Estudiantes,,1-0,1.30,DC,X2,home
13-06-2023,Atl. Tucuman,Godoy Cruz,,2-1,1.40,DC,1X,home
13-06-2023,Gimnasia L.P.,Huracan,,1-0,2.95,FT,X,home
13-06-2023,Indonesia,Palestine,,0-0,2.95,FT,2,draw
13-06-2023,Guinea,Egypt,,1-2,2.15,FT,2,away
13-06-2023,Netherlands,Croatia,,2-2,2.00,FT,1,draw
13-06-2023,Spain,Italy,,2-1,2.25,FT,1,home
13-06-2023,Honduras,Venezuela,,0-1,2.00,FT,2,away
13-06-2023,USA,Mexico,,3-0,3.05,FT,X,home
13-06-2023,Lithuania,Bulgaria,,1-1,2.20,FT,2,draw
13-06-2023,Norway,Scotland,,1-2,2.00,FT,1,away
13-06-2023,Montenegro,Hungary,,0-0,1.30,DC,X2,draw
13-06-2023,Azerbaijan,Estonia,,1-1,2.00,FT,1,draw
13-06-2023,Cyprus,Georgia,,1-2,2.00,FT,2,away
13-06-2023,Iceland,Slovakia,,1-2,2.60,FT,2,away
12-06-2023,Newells Old Boys,Union de Santa Fe,,1-1,1.90,FT,1,draw
12-06-2023,Ind. Medellin,America De Cali,,0-1,2.10,FT,1,away
12-06-2023,Alianza Petrolera,Atl. Nacional,,0-0,3.20,FT,X,draw
12-06-2023,Instituto,Racing Club,,1-1,1.35,DC,1X,draw
12-06-2023,Velez Sarsfield,Argentinos Jrs,,0-1,2.90,FT,X,away
12-06-2023,Colon Santa Fe,Estudiantes L.P.,,1-0,1.30,DC,X2,home
12-06-2023,Atl. Tucuman,Godoy Cruz,,2-1,2.60,FT,1,home
12-06-2023,Defensa y Justicia,Belgrano,,2-0,1.20,DC,1X,home
12-06-2023,Gimnasia L.P.,Huracan,,1-0,2.95,FT,X,home
12-06-2023,Netherlands,Croatia,,2-2,2.00,FT,1,draw
12-06-2023,Hartford Athletic,Detroit,,1-3,2.75,FT,2,away
12-06-2023,Spain,Italy,,2-1,3.15,FT,X,home
12-06-2023,USA,Mexico,,3-0,3.05,FT,X,home
12-06-2023,Finland,Slovenia,,2-0,3.05,FT,X,home
12-06-2023,Greece,R.Ireland,,2-1,3.10,FT,X,home
12-06-2023,Macedonia,Ukraine,,2-3,2.00,FT,2,away
11-06-2023,AIK,Elfsborg,,1-2,2.15,FT,2,away
11-06-2023,Sirius,Goteborg,,2-0,3.15,FT,2,home
11-06-2023,AC Oulu,Inter Turku,,1-1,1.30,DC,12,draw
11-06-2023,Ilves,Honka,,1-1,3.00,FT,X,draw
11-06-2023,Bryne,Asane,,1-2,2.00,FT,1,away
11-06-2023,Fredrikstad,Start,,3-1,3.45,FT,X,home
11-06-2023,Sandnes,Hodd,,1-3,1.90,FT,1,away
11-06-2023,Skeid,Kfum,,0-4,2.50,FT,2,away
11-06-2023,America MG,Athletico-PR,,2-2,2.50,FT,1,draw
11-06-2023,Aalesund,Tromso,,2-3,3.10,FT,X,away
11-06-2023,Sarpsborg 08,Viking,,1-3,2.00,FT,1,away
11-06-2023,Stabaek,Rosenborg,,2-2,3.20,FT,X,draw
11-06-2023,Lahti,Haka,,1-0,1.45,DC,X2,home
11-06-2023,Bari,Cagliari,,0-1,2.50,FT,1,away
11-06-2023,Sao Paulo,Palmeiras,,0-2,3.20,FT,X,away
11-06-2023,Wydad Casablanca,Al Ahly Cairo,,1-1,1.25,DC,1X,draw
10-06-2023,Jerv,Raufoss,,1-0,2.20,FT,1,home
10-06-2023,Mjondalen,Sogndal,,0-0,2.35,FT,2,draw
10-06-2023,Jonkoping Sodra,Trelleborg,,3-1,1.55,DC,X2,home
10-06-2023,Leiknir,Grindavik,,2-2,2.35,FT,2,draw
10-06-2023,Varbergs BoIS FC,Halmstad,,1-2,3.20,FT,X,away
10-06-2023,Coritiba,Santos,,0-0,2.90,FT,2,draw
10-06-2023,Platense,Tigre,,1-0,2.95,FT,X,home
10-06-2023,Ituano,Atletico GO,,1-1,2.40,FT,1,draw
10-06-2023,Bahia,Cruzeiro,,2-2,3.25,FT,X,draw
10-06-2023,Boca Juniors,Lanus,,1-1,2.15,FT,1,draw
10-06-2023,Montreal,Minnesota,,4-0,1.30,DC,12,home
10-06-2023,Charlotte FC,Seattle,,3-3,2.40,FT,1,draw
10-06-2023,Toronto,Nashville,,1-1,2.65,FT,2,draw
10-06-2023,Botafogo RJ,Fortaleza,,2-0,2.05,FT,1,home
10-06-2023,Chicago,Columbus,,1-2,1.30,DC,12,away
10-06-2023,Houston,Los Angeles,,4-0,2.30,FT,2,home
09-06-2023,Viborg,Midtjylland,,0-1,2.70,FT,2,away
09-06-2023,Al Ittihad,NB Egypt,,0-0,1.35,DC,X2,draw
09-06-2023,Barracas,Rosario,,0-0,1.50,DC,1X,draw
09-06-2023,Cork City,Dundalk,,1-2,3.20,FT,X,away
09-06-2023,Drogheda,St. Patricks,,2-1,1.95,FT,2,home
09-06-2023,Shelbourne,Sligo,,1-1,3.10,FT,X,draw
09-06-2023,Treaty United,Cobh Ramblers,,0-1,2.25,FT,1,away
09-06-2023,Longford,Finn Harps,,2-3,1.95,FT,1,away
09-06-2023,Independiente,Sarmiento,,2-0,2.10,FT,1,home
09-06-2023,Daegu,Suwon City,,3-1,1.90,FT,1,home
09-06-2023,Cerezo Osaka,Vissel Kobe,,2-1,2.25,FT,2,home
09-06-2023,Sangan,Sapporo,,1-1,1.90,FT,2,draw
09-06-2023,Daejeon Citizen,Gwangju Sangmu,,1-1,2.50,FT,2,draw
09-06-2023,Jerv,Raufoss,,1-0,2.20,FT,1,home
09-06-2023,Mjondalen,Sogndal,,0-0,2.35,FT,2,draw
09-06-2023,Jonkoping Sodra,Trelleborg,,3-1,1.55,DC,X2,home
08-06-2023,A. Lustenau,Austria Vienna,,1-1,2.00,FT,2,draw
08-06-2023,KPV,SalPa,,1-0,2.60,FT,1,home
08-06-2023,SC Ismaily,El Gaish,,0-1,2.70,FT,X,away
08-06-2023,Pendikspor,Bodrumspor,,2-1,1.30,DC,1X,home
08-06-2023,Sparta,Twente,,1-1,1.80,FT,2,draw
08-06-2023,Pescara,Foggia,,1-1,2.10,FT,1,draw
08-06-2023,Aswan,Al Moqawloon,,1-1,2.90,FT,X,draw
08-06-2023,Alaves,Eibar,,2-0,1.30,DC,1X,home
08-06-2023,Criciuma,Juventude,,0-1,1.20,DC,1X,away
08-06-2023,Danubio,Huracan Ar.,,1-0,3.00,FT,X,home
08-06-2023,Olimpia,Atl. Nacional,,3-0,2.05,FT,1,home
08-06-2023,Univ.Cesar Vallejo,Magallanes,,3-2,3.30,FT,X,home
08-06-2023,Wuhan Three Towns,Shandong,,1-1,3.45,FT,X,draw
08-06-2023,Viborg,Midtjylland,,0-1,2.70,FT,2,away
08-06-2023,Cork City,Dundalk,,1-2,3.20,FT,X,away
08-06-2023,Shelbourne,Sligo,,1-1,3.10,FT,X,draw
07-06-2023,Haka,Ilves,,1-1,1.45,DC,1X,draw
07-06-2023,Rodina,Nizhny Novgorod,,0-3,1.30,DC,12,away
07-06-2023,Tallinna K.,Trans Narva,,0-1,2.35,FT,2,away
07-06-2023,Levski Sofia,CSKA Sofia,,0-2,2.50,FT,2,away
07-06-2023,Dainava,Panevezys,,0-1,2.15,FT,2,away
07-06-2023,Ghazl El Mahallah,El Masry Club,,1-1,2.05,FT,2,draw
07-06-2023,Ankaragucu,Demirspor,,1-2,2.70,FT,2,away
07-06-2023,Hegelmann Litauen,Zalgiris,,0-1,1.80,FT,2,away
07-06-2023,Smouha,Ceramica Cleopatra,,2-2,2.90,FT,X,draw
07-06-2023,Fiorentina,West Ham,,1-2,3.10,FT,X,away
07-06-2023,Nacional M.,Internacional,,1-1,1.50,DC,X2,draw
07-06-2023,Ind. del Valle,Corinthians,,3-0,1.65,FT,1,home
07-06-2023,Birmingham Legion,Inter Miami,,0-1,2.45,FT,2,away
07-06-2023,Estudiantes,Bragantino,,1-1,2.15,FT,1,draw
07-06-2023,CRB,Mirassol,,2-0,3.00,FT,X,home
07-06-2023,Salt Lake,Los Angeles Galaxy,,3-2,2.20,FT,1,home
06-06-2023,Banga Gargzdai,Suduva,,1-0,2.20,FT,1,home
06-06-2023,El Bayadh,Belouizdad,,1-3,2.70,FT,2,away
06-06-2023,El Daklyeh,Haras,,1-1,1.75,FT,1,draw
06-06-2023,Basaksehir,Trabzonspor,,3-1,2.30,FT,2,home
06-06-2023,Almere,Emmen,,2-0,1.30,DC,12,home
06-06-2023,Stade Lausanne Ouchy,Sion,,4-2,1.95,FT,1,home
06-06-2023,Bielefeld,Wehen,,1-2,1.90,FT,1,away
06-06-2023,Chapecoense,Vila Nova,,0-1,3.00,FT,X,away
06-06-2023,Tombense,Vitoria,,1-2,1.40,DC,X2,away
06-06-2023,Penarol,Defensa y Justicia,,0-3,2.35,FT,2,away
06-06-2023,Monagas,Deportivo Pereira,,1-0,1.35,DC,X2,home
06-06-2023,America MG,Millonarios,,2-0,1.90,FT,1,home
06-06-2023,Atletico GO,Ceara CE,,0-3,2.10,FT,1,away
06-06-2023,Botafogo SP,Ituano,,0-2,2.05,FT,1,away
06-06-2023,Santos,Newells Old Boys,,1-2,2.95,FT,X,away
06-06-2023,LDU Quito,Botafogo,,0-0,3.65,FT,2,draw
05-06-2023,Torpedo Kutaisi,Dila Gori,,1-0,2.05,FT,2,home
05-06-2023,BFC Daugavpils,Liepaja,,1-2,2.00,FT,2,away
05-06-2023,Hebar,Beroe,,3-1,1.90,FT,1,home
05-06-2023,Cork City,Bohemians D.,,2-1,1.55,DC,1X,home
05-06-2023,Cobh Ramblers,Longford,,1-0,1.75,FT,1,home
05-06-2023,Sligo,Shamrock,,0-3,1.70,FT,2,away
05-06-2023,Skovde,AFC Eskilstuna,,1-0,2.15,FT,1,home
05-06-2023,Trelleborg,Brage,,1-0,2.25,FT,1,home
05-06-2023,Atletico Mitre,Deportivo Madryn,,1-0,1.20,DC,1X,home
05-06-2023,St. Patricks,Derry City,,4-1,2.30,FT,2,home
05-06-2023,Deportivo Muniz,El Porvenir,,0-1,2.75,FT,X,away
05-06-2023,Hamburger,Stuttgart,,1-3,2.25,FT,2,away
05-06-2023,Shelbourne,Drogheda,,3-2,1.25,DC,1X,home
05-06-2023,Athlone,Bray,,3-1,2.20,FT,2,home
05-06-2023,Treaty United,Wexford,,1-1,3.30,FT,X,draw
05-06-2023,CA Atlanta,CA Brown,,1-2,2.05,FT,1,away
04-06-2023,Nordsjaelland,Viborg,,0-0,1.25,DC,12,draw
04-06-2023,Galatasaray,Fenerbahce,,3-0,3.20,FT,2,home
04-06-2023,Braga,FC Porto,,0-2,2.00,FT,2,away
04-06-2023,Mallorca,Rayo Vallecano,,3-0,2.30,FT,2,home
04-06-2023,Osasuna,Girona,,2-1,2.10,FT,1,home
04-06-2023,Real Madrid,Ath Bilbao,,1-1,1.95,FT,1,draw
04-06-2023,Villarreal,Atl. Madrid,,2-2,2.45,FT,2,draw
04-06-2023,Genk,Antwerp,,2-2,2.65,FT,2,draw
04-06-2023,AS Roma,Spezia,,2-1,1.30,DC,12,home
04-06-2023,Lecce,Bologna,,2-3,2.60,FT,2,away
04-06-2023,Udinese,Juventus,,0-1,1.95,FT,2,away
04-06-2023,Betis,Valencia,,1-1,2.45,FT,2,draw
04-06-2023,Celta Vigo,Barcelona,,2-1,2.70,FT,1,home
04-06-2023,Elche,Cadiz CF,,1-1,2.60,FT,1,draw
04-06-2023,Espanyol,Almeria,,3-3,2.30,FT,2,draw
04-06-2023,Valladolid,Getafe,,0-0,1.30,DC,1X,draw
03-06-2023,Horsens,Lyngby,,0-0,2.40,FT,2,draw
03-06-2023,Konyaspor,Karagumruk,,1-1,1.85,FT,1,draw
03-06-2023,Akhmat Grozny,Krasnodar,,2-2,1.30,DC,12,draw
03-06-2023,Kayserispor,Ankaragucu,,0-1,1.30,DC,12,away
03-06-2023,Umraniyespor,Giresunspor,,0-1,2.25,FT,2,away
03-06-2023,Torino,Inter,,0-1,2.25,FT,1,away
03-06-2023,Eibar,Alaves,,1-1,2.30,FT,1,draw
03-06-2023,Parma,Cagliari,,0-0,3.05,FT,X,draw
03-06-2023,Cremonese,Salernitana,,2-0,1.45,DC,X2,home
03-06-2023,Empoli,Lazio,,0-2,2.05,FT,2,away
03-06-2023,Albacete,Levante,,1-3,2.90,FT,X,away
03-06-2023,Estrela Amadora,Maritimo,,2-1,3.00,FT,X,home
03-06-2023,Auxerre,Lens,,1-3,2.15,FT,2,away
03-06-2023,Lorient,Strasbourg,,2-1,2.30,FT,2,home
03-06-2023,Nice,Lyon,,3-1,2.60,FT,2,home
03-06-2023,Reims,Montpellier,,1-3,1.85,FT,1,away
02-06-2023,Lok. Plovdiv,Cherno More,,2-1,2.15,FT,2,home
02-06-2023,A. Lustenau,Hartberg,,5-1,2.30,FT,2,home
02-06-2023,Ried,Wolfsberger,,1-2,3.30,FT,X,away
02-06-2023,Stjarnan,KA Akureyri,,4-0,1.30,DC,12,home
02-06-2023,Sassuolo,Fiorentina,,1-3,2.50,FT,1,away
02-06-2023,Bari,Sudtirol,,1-0,1.20,DC,1X,home
02-06-2023,Wehen,Bielefeld,,4-0,2.20,FT,2,home
02-06-2023,Bohemians D.,Sligo,,2-0,2.05,FT,1,home
02-06-2023,Drogheda,Cork City,,0-1,2.00,FT,1,away
02-06-2023,Athlone,Longford,,1-0,1.30,DC,1X,home
02-06-2023,Wexford,Cobh Ramblers,,2-1,2.05,FT,1,home
02-06-2023,Botafogo SP,Tombense,,0-0,2.00,FT,1,draw
02-06-2023,Chacarita,Atl. Rafaela,,3-0,2.00,FT,1,home
02-06-2023,Tigre,Talleres,,1-3,3.00,FT,X,away
02-06-2023,Criciuma,Atletico GO,,3-0,3.20,FT,X,home
02-06-2023,ADT Tarma,Alianza Lima,,2-1,2.35,FT,2,home
01-06-2023,Haras,Aswan,,1-0,2.30,FT,2,home
01-06-2023,Heerenveen,Twente,,1-2,1.85,FT,2,away
01-06-2023,Jonkoping Sodra,Osters,,2-3,1.85,FT,2,away
01-06-2023,IBV,HK Kopavogur,,3-0,2.10,FT,1,home
01-06-2023,Brescia,Cosenza,,1-1,2.00,FT,1,draw
01-06-2023,Enppi,Ghazl El Mahallah,,1-0,1.30,DC,1X,home
01-06-2023,Partick,Ross County,,2-0,2.05,FT,1,home
01-06-2023,Fylkir,KR Reykjavik,,3-3,1.95,FT,2,draw
01-06-2023,Sarmiento,Newells Old Boys,,0-0,1.40,DC,1X,draw
01-06-2023,Flamengo,Fluminense,,2-0,2.25,FT,1,home
01-06-2023,Sassuolo,Fiorentina,,1-3,2.50,FT,1,away
01-06-2023,Bari,Sudtirol,,1-0,1.20,DC,1X,home
01-06-2023,Wehen,Bielefeld,,4-0,2.20,FT,2,home
01-06-2023,Amiens,Laval,,1-2,2.20,FT,2,away
01-06-2023,Grenoble,Guingamp,,0-2,3.40,FT,X,away
01-06-2023,Le Havre,Dijon,,1-0,3.50,FT,2,home
31-05-2023,AC Oulu,Haka,,1-1,2.15,FT,1,draw
31-05-2023,NB Egypt,El Daklyeh,,3-1,1.20,DC,1X,home
31-05-2023,Brage,Ostersund,,2-1,2.20,FT,1,home
31-05-2023,Gefle,Sundsvall,,1-3,3.30,FT,X,away
31-05-2023,Landskrona,Trelleborg,,1-1,2.00,FT,1,draw
31-05-2023,Utsikten,Orebro,,2-1,2.20,FT,1,home
31-05-2023,Al Moqawloon,SC Ismaily,,2-2,2.75,FT,X,draw
31-05-2023,Sevilla,Roma,,1-1,2.90,FT,X,draw
31-05-2023,Bahia,Santos,,1-1,2.00,FT,1,draw
31-05-2023,Fortaleza,Palmeiras,,1-0,1.40,DC,1X,home
31-05-2023,Cruzeiro,Gremio,,0-1,2.00,FT,1,away
31-05-2023,Inter Miami,New York Red Bulls,,0-1,2.60,FT,2,away
31-05-2023,New York City,FC Cincinnati,,1-3,2.15,FT,1,away
31-05-2023,Toronto FC,Chicago Fire,,0-0,2.00,FT,1,draw
31-05-2023,Corinthians,Atletico-MG,,2-0,1.30,DC,X2,home
31-05-2023,Sporting Kansas City,FC Dallas,,2-1,2.10,FT,1,home
30-05-2023,Alanyaspor,Kasimpasa,,1-3,2.20,FT,1,away
30-05-2023,Karagumruk,Kayserispor,,2-0,2.00,FT,1,home
30-05-2023,Giresunspor,Trabzonspor,,2-4,2.55,FT,2,away
30-05-2023,Istanbulspor AS,Adana Demirspor,,0-2,2.15,FT,1,away
30-05-2023,Sivasspor,Konyaspor,,1-0,2.00,FT,1,home
30-05-2023,Randers FC,Aarhus,,1-3,1.85,FT,2,away
30-05-2023,Zamalek,El Gaish,,2-0,1.85,FT,1,home
30-05-2023,Venlo,Almere City,,1-1,1.50,DC,1X,draw
30-05-2023,Cagliari,Parma,,3-2,1.25,DC,1X,home
30-05-2023,Tacuary,Sp. Luqueno,,3-1,2.30,FT,2,home
30-05-2023,Urawa Reds,Sanfrecce Hiroshima,,2-1,3.20,FT,X,home
30-05-2023,NB Egypt,El Daklyeh,,3-1,1.20,DC,1X,home
30-05-2023,Brage,Ostersund,,2-1,2.20,FT,1,home
30-05-2023,Gefle,Sundsvall,,1-3,3.30,FT,X,away
30-05-2023,Landskrona,Trelleborg,,1-1,2.00,FT,1,draw
30-05-2023,Utsikten,Orebro,,2-1,2.20,FT,1,home
29-05-2023,Barnsley,Sheffield Wed,,0-0,1.35,DC,X2,draw
29-05-2023,Viborg,Copenhagen,,1-2,1.30,DC,12,away
29-05-2023,Luzern,Servette,,0-1,2.25,FT,2,away
29-05-2023,Zurich,Lugano,,2-3,1.45,DC,X2,away
29-05-2023,Haugesund,Tromso,,1-2,2.30,FT,1,away
29-05-2023,Odd Grenland,Stromsgodset,,1-1,1.90,FT,1,draw
29-05-2023,Stabaek,Valerenga,,2-1,3.20,FT,X,home
29-05-2023,Brondby,Nordsjaelland,,5-1,2.00,FT,2,home
29-05-2023,Anorthosis,Enosis P.,,1-0,2.35,FT,1,home
29-05-2023,Degerfors,Varberg BoIS FC,,1-1,1.85,FT,1,draw
29-05-2023,Din. Bucuresti,FC Arges,,6-1,3.10,FT,X,home
29-05-2023,Ham-Kam,Lillestrom,,0-0,2.00,FT,2,draw
29-05-2023,Colon,Cordoba Santiago,,2-2,2.00,FT,1,draw
29-05-2023,Banfield,Rosario,,2-0,2.35,FT,1,home
29-05-2023,Huracan,Union de Santa Fe,,0-1,1.95,FT,1,away
29-05-2023,Instituto,Estudiantes,,0-0,2.85,FT,X,draw
28-05-2023,Bologna,Napoli,,2-2,2.15,FT,2,draw
28-05-2023,Monza,Lecce,,0-1,2.60,FT,1,away
28-05-2023,St Johnstone,Livingston,,2-0,1.30,DC,1X,home
28-05-2023,Aston Villa,Brighton,,2-1,2.00,FT,1,home
28-05-2023,Brentford,Manchester City,,1-0,1.25,DC,12,home
28-05-2023,Chelsea,Newcastle,,1-1,2.50,FT,2,draw
28-05-2023,Leeds,Tottenham,,1-4,2.70,FT,1,away
28-05-2023,Leicester,West Ham,,2-1,1.95,FT,1,home
28-05-2023,Almeria,Valladolid,,0-0,1.35,DC,1X,draw
28-05-2023,Atl. Madrid,Real Sociedad,,2-1,2.15,FT,1,home
28-05-2023,Cadiz CF,Celta Vigo,,1-0,2.50,FT,1,home
28-05-2023,Getafe,Osasuna,,2-1,1.95,FT,1,home
28-05-2023,Girona,Betis,,1-2,2.25,FT,1,away
28-05-2023,Rayo Vallecano,Villarreal,,2-1,2.25,FT,2,home
28-05-2023,Valencia,Espanyol,,2-2,1.75,FT,1,draw
28-05-2023,Juventus,Milan,,0-1,2.35,FT,1,away
27-05-2023,Chaves,Boavista,,1-4,2.25,FT,1,away
27-05-2023,Estoril,Maritimo,,3-1,2.90,FT,2,home
27-05-2023,Brommapojkarna,Sirius,,1-2,2.50,FT,1,away
27-05-2023,Coventry,Luton,,1-1,3.00,FT,X,draw
27-05-2023,Fiorentina,Roma,,2-1,1.35,DC,12,home
27-05-2023,Sevilla,Real Madrid,,1-2,2.20,FT,2,away
27-05-2023,Portimonense,Arouca,,0-2,2.25,FT,2,away
27-05-2023,Cagliari,Venezia,,2-1,1.90,FT,1,home
27-05-2023,Standard,Cercle Brugge,,0-4,2.50,FT,2,away
27-05-2023,Angers,Troyes,,2-1,1.95,FT,1,home
27-05-2023,Clermont,Lorient,,2-0,2.15,FT,1,home
27-05-2023,Montpellier,Nice,,2-3,2.45,FT,1,away
27-05-2023,Rennes,Monaco,,2-0,1.25,DC,12,home
27-05-2023,Toulouse,Auxerre,,1-1,1.30,DC,12,draw
27-05-2023,Huesca,Eibar,,0-1,2.25,FT,2,away
27-05-2023,Las Palmas,Alaves,,0-0,2.15,FT,1,draw
26-05-2023,Lahti,AC Oulu,,1-2,2.25,FT,2,away
26-05-2023,SJK,KuPS,,1-0,2.50,FT,2,home
26-05-2023,VPS,Ilves,,0-2,3.15,FT,X,away
26-05-2023,Feirense,Torreense,,4-1,3.05,FT,X,home
26-05-2023,Horn,Dornbirn,,0-2,1.95,FT,1,away
26-05-2023,Lafnitz,Kapfenberg,,3-1,3.50,FT,X,home
26-05-2023,Rio Ave,Famalicao,,2-1,3.25,FT,X,home
26-05-2023,Sudtirol,Reggina,,1-0,2.85,FT,X,home
26-05-2023,Ayr,Partick,,0-5,2.25,FT,1,away
26-05-2023,Sampdoria,Sassuolo,,2-2,2.00,FT,2,draw
26-05-2023,Bohemians D.,Shelbourne,,0-0,1.25,DC,1X,draw
26-05-2023,Bastia,Le Havre,,1-1,2.60,FT,2,draw
26-05-2023,Caen,St Etienne,,2-2,2.45,FT,1,draw
26-05-2023,Quevilly,Amiens,,1-3,1.40,DC,1X,away
26-05-2023,Rodez,Pau,,2-3,1.35,DC,1X,away
26-05-2023,Zaragoza,Tenerife,,1-1,2.45,FT,1,draw
25-05-2023,Degerfors,Hammarby TFF,,2-2,1.90,FT,2,draw
25-05-2023,Mallorca,Valencia,,1-0,2.40,FT,2,home
25-05-2023,Ankaragucu,Basaksehir,,2-1,1.30,DC,12,home
25-05-2023,KA Akureyri,Vikingur,,0-4,1.85,FT,2,away
25-05-2023,Cosenza,Brescia,,1-0,1.45,DC,X2,home
25-05-2023,Grasshoppers,St. Gallen,,2-2,2.45,FT,2,draw
25-05-2023,Lugano,Young Boys,,2-0,2.00,FT,2,home
25-05-2023,Sion,Luzern,,1-2,2.00,FT,2,away
25-05-2023,Winterthur,Zurich,,0-2,2.45,FT,2,away
25-05-2023,Breidablik,Valur,,1-0,1.90,FT,1,home
25-05-2023,Osasuna,Ath Bilbao,,2-0,1.35,DC,X2,home
25-05-2023,The Strongest,Fluminense,,1-0,2.00,FT,1,home
25-05-2023,Tigres Uanl,Guadalajara,,0-0,2.00,FT,1,draw
25-05-2023,Inter Turku,Haka,,3-0,2.15,FT,1,home
25-05-2023,SJK,KuPS,,1-0,2.50,FT,2,home
25-05-2023,VPS,Ilves,,0-2,3.15,FT,X,away
24-05-2023,Neman Grodno,Torpedo Zhodino,,0-0,2.20,FT,1,draw
24-05-2023,AEL Limassol,Omonia,,0-1,2.30,FT,2,away
24-05-2023,Future,Ceramica Cleopatra,,1-0,3.00,FT,X,home
24-05-2023,Djurgarden,Hacken,,1-0,1.25,DC,12,home
24-05-2023,Sepsi,Univ. Cluj,,0-0,1.95,FT,1,draw
24-05-2023,Aberdeen,St. Mirren,,3-0,1.90,FT,1,home
24-05-2023,Dundee Utd,Kilmarnock,,0-3,1.30,DC,12,away
24-05-2023,Livingston,Motherwell,,1-1,3.10,FT,X,draw
24-05-2023,Ross County,St Johnstone,,3-3,2.10,FT,1,draw
24-05-2023,Fiorentina,Inter,,1-2,1.95,FT,2,away
24-05-2023,Betis,Getafe,,0-1,1.25,DC,1X,away
24-05-2023,Espanyol,Atl. Madrid,,3-3,2.20,FT,2,draw
24-05-2023,Patronat,Olimpia,,0-2,3.10,FT,X,away
24-05-2023,Audax Italiano,Santos,,2-1,2.95,FT,X,home
24-05-2023,Deportivo Pereira,Boca Juniors,,1-0,2.10,FT,2,home
24-05-2023,Melgar,Atl. Nacional,,0-1,2.40,FT,1,away
23-05-2023,B.Bystrica,Zilina,,1-3,1.25,DC,12,away
23-05-2023,Podbrezova,Ruzomberok,,0-3,1.30,DC,12,away
23-05-2023,Pharco,Smouha,,1-0,1.30,DC,1X,home
23-05-2023,VVV Venlo,Willem II,,3-2,1.90,FT,2,home
23-05-2023,Celta,Girona,,1-1,2.00,FT,1,draw
23-05-2023,Schaffhausen,Xamax,,1-1,2.25,FT,1,draw
23-05-2023,Vaduz,Stade Lausanne Ouchy,,2-2,2.15,FT,2,draw
23-05-2023,Yverdon,Aarau,,1-1,2.50,FT,1,draw
23-05-2023,Valladolid,Barcelona,,3-1,1.95,FT,2,home
23-05-2023,Gimnasia L.P.,Santa Fe,,1-0,2.45,FT,1,home
23-05-2023,Monagas,Colo Colo,,1-1,2.05,FT,2,draw
23-05-2023,Magallanes,LDU Quito,,1-1,2.05,FT,2,draw
23-05-2023,America Mineiro,Defensa y Justicia,,2-3,1.90,FT,1,away
23-05-2023,Aucas,Racing Club,,1-2,2.25,FT,1,away
23-05-2023,Ind. Medellin,Nacional M.,,2-1,1.95,FT,1,home
23-05-2023,Alianza Lima,Libertad,,1-2,2.45,FT,2,away
22-05-2023,AC Oulu,Honka,,1-3,3.10,FT,X,away
22-05-2023,KTP,SJK,,0-2,1.85,FT,2,away
22-05-2023,Nizhny Novgorod,Sochi,,4-0,1.45,DC,1X,home
22-05-2023,Al Ittihad,Al Masry Club,,1-2,2.80,FT,X,away
22-05-2023,Al Moqawloon,El Gaish,,0-0,1.50,DC,X2,draw
22-05-2023,Al Ettifaq,Al Fateh,,0-4,1.65,DC,1X,away
22-05-2023,Tondela,Porto B,,0-1,3.20,FT,X,away
22-05-2023,Varnamo,Kalmar,,0-1,2.55,FT,2,away
22-05-2023,Vasteras,Oster,,2-1,2.15,FT,1,home
22-05-2023,Warta Poznan,Piast Gliwice,,1-1,3.00,FT,X,draw
22-05-2023,Norrkoping,Elfsborg,,1-2,2.15,FT,2,away
22-05-2023,Rapid Bucuresti,CS Universitatea,,2-3,2.30,FT,2,away
22-05-2023,Fram,KR Reykjavik,,1-2,2.10,FT,2,away
22-05-2023,Stjarnan,Fylkir,,2-2,1.75,FT,1,draw
22-05-2023,Sport Boys,Cajamarca,,3-2,3.20,FT,X,home
22-05-2023,Sp. Luqueno,Nacional Asuncion,,0-1,3.10,FT,X,away
21-05-2023,Torino,Fiorentina,,1-1,2.25,FT,1,draw
21-05-2023,Brest,Clermont,,2-1,2.05,FT,1,home
21-05-2023,Mainz,Stuttgart,,1-4,2.70,FT,2,away
21-05-2023,Oviedo,Santander,,1-0,2.15,FT,1,home
21-05-2023,Basel,Lugano,,1-1,1.25,DC,12,draw
21-05-2023,Napoli,Inter,,3-1,2.80,FT,1,home
21-05-2023,Demirspor,Besiktas,,1-4,2.45,FT,1,away
21-05-2023,Antalyaspor,Basaksehir,,0-0,2.10,FT,1,draw
21-05-2023,Valencia,Real Madrid,,1-0,2.20,FT,2,home
21-05-2023,Leganes,Andorra,,1-1,2.00,FT,1,draw
21-05-2023,Genk,St.Gilloise,,1-1,2.30,FT,1,draw
21-05-2023,Casa Pia,Estoril,,2-2,1.30,DC,12,draw
21-05-2023,Ferreira,Rio Ave,,3-1,1.40,DC,1X,home
21-05-2023,Udinese,Lazio,,0-1,2.00,FT,2,away
21-05-2023,Sevilla,Betis,,0-0,2.30,FT,1,draw
21-05-2023,Sporting,Benfica,,2-2,2.50,FT,2,draw
20-05-2023,Fulham,Crystal Palace,,2-2,2.40,FT,1,draw
20-05-2023,Wolverhampton,Everton,,1-1,1.30,DC,12,draw
20-05-2023,Carlisle,Bradford,,1-0,1.30,DC,1X,home
20-05-2023,Kilmarnock,St Johnstone,,0-1,2.10,FT,1,away
20-05-2023,Motherwell,Ross County,,1-0,2.05,FT,1,home
20-05-2023,Albion,Spartans,,0-1,2.15,FT,1,away
20-05-2023,Ibiza,Zaragoza,,1-0,2.00,FT,2,home
20-05-2023,Arouca,Chaves,,1-0,2.25,FT,1,home
20-05-2023,Santa Clara,Portimonense,,1-0,2.05,FT,1,home
20-05-2023,Nantes,Montpellier,,0-3,2.15,FT,1,away
20-05-2023,Hamilton,Airdrie,,2-1,2.25,FT,1,home
20-05-2023,Almeria,Mallorca,,3-0,2.25,FT,1,home
20-05-2023,Cartagena,Las Palmas,,1-4,2.50,FT,2,away
20-05-2023,Lugo,Huesca,,1-2,2.15,FT,2,away
20-05-2023,Barcelona,Sociedad,,1-2,1.90,FT,1,away
20-05-2023,Lille,Marseille,,2-1,1.30,DC,12,home
19-05-2023,Holstein Kiel,St. Pauli,,3-4,2.15,FT,2,away
19-05-2023,Munich 1860,Mannheim,,3-1,2.15,FT,1,home
19-05-2023,Horsens,Silkeborg,,0-1,2.15,FT,2,away
19-05-2023,Telstar,NAC Breda,,2-1,2.65,FT,2,home
19-05-2023,Freiburg,Wolfsburg,,2-0,2.05,FT,1,home
19-05-2023,Cittadella,Como,,0-0,1.25,DC,1X,draw
19-05-2023,Cosenza,Cagliari,,0-1,1.35,DC,X2,away
19-05-2023,Modena,Sudtirol,,2-1,3.05,FT,X,home
19-05-2023,Palermo,Brescia,,2-2,1.95,FT,1,draw
19-05-2023,Parma,Venezia,,2-1,3.05,FT,2,home
19-05-2023,Reggina,Ascoli,,1-0,1.90,FT,1,home
19-05-2023,Ternana,Frosinone,,2-3,3.35,FT,X,away
19-05-2023,Sassuolo,Monza,,1-2,3.60,FT,X,away
19-05-2023,Barnsley,Bolton,,1-0,1.95,FT,1,home
19-05-2023,Cadiz,Valladolid,,2-0,2.20,FT,1,home
19-05-2023,Olympique Lyon,Monaco,,3-1,1.25,DC,12,home
18-05-2023,Zamalek,Aswan,,1-0,1.35,FT,1,home
18-05-2023,Newcastle,Brighton,,4-1,2.00,FT,1,home
18-05-2023,Ancona,Leko,,2-2,2.35,FT,2,draw
18-05-2023,Audace,Foggia,,4-1,1.40,DC,1X,home
18-05-2023,Gubbio,Virtus Entella,,2-0,1.40,DC,X2,home
18-05-2023,Pro Sesto,Vicenza,,2-1,2.30,FT,1,home
18-05-2023,Virtus V.,Pescara,,2-2,2.50,FT,1,draw
18-05-2023,Leverkusen,Roma,,0-0,2.00,FT,1,draw
18-05-2023,Sevilla,Juventus,,1-1,3.00,FT,2,draw
18-05-2023,AZ Alkmaar,West Ham,,0-1,2.70,FT,1,away
18-05-2023,Fylkir,KR Reykjavik,,3-4,2.20,FT,2,away
18-05-2023,Sportivo T.,Sportivo Ameliano,,2-0,3.25,FT,X,home
18-05-2023,Arsenal Sarandi,Independiente,,2-1,2.30,FT,2,home
18-05-2023,Nacional A.,Resistencia Asuncion,,0-0,1.20,DC,1X,draw
18-05-2023,Alajuelense,Deportivo Saprissa,,3-0,3.20,FT,X,home
18-05-2023,Guadalajara,America,,0-1,2.40,FT,2,away
17-05-2023,AEL Limassol,Karmiotissa,,3-0,1.40,DC,1X,home
17-05-2023,Nea Salamis,Enosis P.,,4-2,2.15,FT,2,home
17-05-2023,Vojvodina,Cukaricki,,Abn,2.05,FT,1,abandoned
17-05-2023,Ankaragucu,Antalyaspor,,1-1,2.90,FT,2,draw
17-05-2023,Karagumruk,Demirspor,,2-3,1.95,FT,2,away
17-05-2023,NB Egypt,SC Ismaily,,2-0,2.90,FT,X,home
17-05-2023,Airdrie,Hamilton,,1-0,2.10,FT,1,home
17-05-2023,Middlesbrough,Coventry,,0-1,1.85,FT,1,away
17-05-2023,Santos,Bahia,,0-0,1.90,FT,1,draw
17-05-2023,Gremio,Cruzeiro,,1-1,1.30,DC,1X,draw
17-05-2023,Sport Recife,Sao Paulo,,0-2,2.95,FT,X,away
17-05-2023,Charlotte,Chicago Fire,,2-1,2.00,FT,1,home
17-05-2023,Orlando City,New York City,,1-1,3.20,FT,X,draw
17-05-2023,America MG,Internacional,,2-0,2.80,FT,2,home
17-05-2023,Athletico-PR,Botafogo RJ,,3-2,1.20,DC,1X,home
17-05-2023,Tigres Uanl,Monterrey,,1-1,3.20,FT,X,draw
16-05-2023,Sivasspor,Kasimpasa,,1-2,1.90,FT,1,away
16-05-2023,Goztepe,Rizespor,,3-3,2.10,FT,2,draw
16-05-2023,Genclerbirligi,Sakaryaspor,,2-1,1.25,DC,12,home
16-05-2023,Moss,Asane,,1-0,2.10,FT,1,home
16-05-2023,Bryne,Jerv,,0-0,2.10,FT,1,draw
16-05-2023,Fredrikstad,Kfum,,1-0,1.85,FT,1,home
16-05-2023,Mjondalen,Raufoss,,3-0,2.60,FT,2,home
16-05-2023,Smouha,Future,,1-1,1.30,DC,X2,draw
16-05-2023,Lillestrom,Sarpsborg 08,,1-2,1.85,FT,1,away
16-05-2023,Alanyaspor,Konyaspor,,0-3,2.20,FT,1,away
16-05-2023,Orebro,Orgryte,,0-0,2.00,FT,1,draw
16-05-2023,El Gaish,Pharco,,2-2,2.80,FT,X,draw
16-05-2023,Al-Hilal,Al-Ittihad FC,,2-2,3.40,FT,X,draw
16-05-2023,Anan Athletic,Clyde,,3-1,2.00,FT,1,home
16-05-2023,Luton,Sunderland,,2-0,1.25,DC,1X,home
16-05-2023,Inter,Milan,,1-0,2.15,FT,1,home
14-05-2023,Brentford,West Ham,,2-0,2.05,FT,1,home
14-05-2023,Fiorentina,Udinese,,2-0,1.80,DC,X2,home
14-05-2023,Penafiel,Tondela,,1-0,3.15,FT,X,home
14-05-2023,Brest,Auxerre,,1-0,2.10,FT,1,home
14-05-2023,Toulouse,Nantes,,0-0,3.30,FT,2,draw
14-05-2023,Stuttgart,Leverkusen,,1-1,2.50,FT,1,draw
14-05-2023,Brondby,Copenhagen,,1-3,2.10,FT,2,away
14-05-2023,Andorra,Tenerife,,1-0,2.30,FT,1,home
14-05-2023,Rio Ave,Guimaraes,,0-1,2.80,FT,2,away
14-05-2023,Monaco,Lille,,0-0,2.70,FT,1,draw
14-05-2023,Bologna,Roma,,0-0,2.40,FT,2,draw
14-05-2023,Valladolid,Sevilla,,0-3,2.20,FT,1,away
14-05-2023,Albacete,Alaves,,1-1,2.40,FT,1,draw
14-05-2023,Huesca,Ponferradina,,1-1,2.00,FT,1,draw
14-05-2023,St.Gilloise,Genk,,3-0,1.25,DC,12,home
14-05-2023,Bradford City,Carlisle,,1-0,1.30,DC,1X,home
13-05-2023,Aston Villa,Tottenham,,2-1,2.25,FT,1,home
13-05-2023,Crystal Palace,Bournemouth,,2-0,1.75,FT,1,home
13-05-2023,Southampton,Fulham,,0-2,2.50,FT,2,away
13-05-2023,Bolton,Barnsley,,1-1,2.40,FT,1,draw
13-05-2023,Osasuna,Almeria,,3-1,2.05,FT,1,home
13-05-2023,Gijon,Oviedo,,1-1,2.85,FT,X,draw
13-05-2023,Chaves,Ferreira,,2-0,3.30,FT,X,home
13-05-2023,Vizela,Famalicao,,0-0,2.95,FT,2,draw
13-05-2023,Strasbourg,Nice,,2-0,1.40,DC,1X,home
13-05-2023,Spezia,Milan,,2-0,1.90,FT,2,home
13-05-2023,Cercle Brugge,Gent,,0-4,1.30,DC,12,away
13-05-2023,Sunderland,Luton,,2-1,1.40,DC,1X,home
13-05-2023,Villarreal,Ath Bilbao,,5-1,2.10,FT,1,home
13-05-2023,Zaragoza,Cartagena,,2-0,2.40,FT,1,home
13-05-2023,Volendam,Sparta,,2-1,2.90,FT,1,home
13-05-2023,Malaga,Mirandes,,2-0,2.00,FT,1,home
12-05-2023,Magdeburg,Nurnberg,,2-2,2.15,FT,1,draw
12-05-2023,Sandhausen,Hansa,,1-2,1.50,DC,1X,away
12-05-2023,Odense,Aalborg,,1-1,2.45,FT,2,draw
12-05-2023,Odd Grenland,Lillestrom,,0-1,1.30,DC,12,away
12-05-2023,Ingolstadt,Duisburg,,2-0,2.20,FT,1,home
12-05-2023,Ajax II,AZ Alkmar II,,1-2,2.05,FT,1,away
12-05-2023,MVV,Telstar,,2-1,2.50,FT,1,home
12-05-2023,Oss,PSV II,,1-0,2.25,FT,2,home
12-05-2023,VVV Venlo,De Graafschap,,2-1,1.25,DC,12,home
12-05-2023,Koln,Hertha,,5-2,1.90,FT,1,home
12-05-2023,Queen’s Park,Partick,,0-4,3.50,FT,X,away
12-05-2023,Bohemians,Derry City,,0-1,3.00,FT,X,away
12-05-2023,Peterborough,Sheffield Wed,,4-0,3.15,FT,X,home
12-05-2023,Mallorca,Cadiz,,1-0,2.15,FT,1,home
12-05-2023,Burgos,Leganes,,0-3,2.80,FT,X,away
12-05-2023,Gil Vicente,Boavista,,3-1,2.25,FT,1,home
11-05-2023,Sonderjyske,Vejle Kolding,,1-1,2.35,FT,2,draw
11-05-2023,Roma,Leverkusen,,1-0,1.30,DC,1X,home
11-05-2023,Coritiba,Vasco da Gama,,1-1,3.10,FT,X,draw
11-05-2023,Botafogo,Corinthians,,3-0,2.05,FT,1,home
11-05-2023,Fortaleza CE,Sao Paulo,,0-0,1.90,FT,1,draw
11-05-2023,General Caballero,Guairena,,3-0,1.30,DC,1X,home
11-05-2023,Everton CD,Palestino,,2-2,1.95,FT,1,draw
11-05-2023,Atlas,Guadalajara,,1-0,3.05,FT,X,home
11-05-2023,Santa Fe,Atl. Nacional,,0-2,1.60,FT,1,away
11-05-2023,Herediano,Saprissa,,1-2,1.30,DC,X2,away
11-05-2023,Tokyo,Kawasaki Frontale,,2-1,2.30,FT,2,home
11-05-2023,Slaven,Lok. Zagreb,,0-0,3.15,FT,X,draw
11-05-2023,Magdeburg,Nurnberg,,2-2,2.15,FT,1,draw
11-05-2023,Sandhausen,Hansa,,1-2,2.80,FT,1,away
11-05-2023,Odd Grenland,Lillestrom,,0-1,2.40,FT,2,away
11-05-2023,Odense,Aalborg,,1-1,2.45,FT,2,draw
10-05-2023,Al Batin,Al Taee,,4-3,2.05,FT,2,home
10-05-2023,Orleans,Le Mans,,0-1,1.30,DC,1X,away
10-05-2023,Cliftonville,Coleraine,,2-1,2.45,FT,1,home
10-05-2023,Milan,Inter,,0-2,1.35,DC,X2,away
10-05-2023,Bragantino,America Mineiro,,2-2,1.90,FT,1,draw
10-05-2023,Santos,Bahia,,3-0,3.15,FT,X,home
10-05-2023,Ceara,Vitoria,,0-2,1.85,FT,1,away
10-05-2023,Cobresal,O’Higgins,,1-0,1.95,FT,1,home
10-05-2023,Coquimbo Unido,Universitad Chile,,2-1,1.40,DC,X2,home
10-05-2023,Cuiaba,Atletico Mineiro,,0-4,2.15,FT,2,away
10-05-2023,U. Magdalena,Chico,,0-0,2.95,FT,X,draw
10-05-2023,Cruzeiro,Fluminense,,0-2,2.50,FT,2,away
10-05-2023,Universitad Catolica,Huachipato,,1-2,1.80,FT,1,away
10-05-2023,Santos Laguna,Monterrey,,0-0,3.50,FT,X,draw
10-05-2023,Ancona Matelica,Lucchese,,1-1,2.00,FT,1,draw
10-05-2023,Picerno,Potenza,,0-1,3.05,FT,X,away
09-05-2023,AC Oulu,KuPS,,0-2,2.00,FT,2,away
09-05-2023,Jelgava,Metta/LU,,2-3,1.50,DC,1X,away
09-05-2023,Al Feiha,Al-Fateh,,3-0,2.35,FT,2,home
09-05-2023,Akritas Chloraka,AEL Limassol,,1-0,2.30,FT,2,home
09-05-2023,Mladost Lucani,Radnik Surdulica,,2-0,1.30,DC,12,home
09-05-2023,Napredak,Radnicki Nis,,1-2,1.70,FT,2,away
09-05-2023,Landskrona,Helsingborg,,2-1,1.35,DC,1X,home
09-05-2023,Airdrie,Falkirk,,6-2,2.35,FT,1,home
09-05-2023,Alloa,Hamilton,,1-0,3.20,FT,X,home
09-05-2023,Annan Athletic,Dumbarton,,6-0,2.00,FT,1,home
09-05-2023,Real Madrid,Manchester City,,1-1,2.20,FT,2,draw
09-05-2023,East Fife,Clyde,,0-1,3.30,FT,X,away
09-05-2023,Magallanes,Curico Unido,,1-2,1.85,FT,1,away
09-05-2023,Nublense,Copiapo,,1-0,1.95,FT,1,home
09-05-2023,Union Espanola,Union La Calera,,3-2,3.30,FT,X,home
09-05-2023,Charlotte FC,Orlando City,,1-0,3.20,FT,X,home
08-05-2023,Fulham,Leicester,,5-3,1.30,DC,12,home
08-05-2023,Birmingham,Sheffield Utd,,1-2,3.80,FT,1,away
08-05-2023,Huddersfield,Reading,,2-0,2.00,FT,1,home
08-05-2023,Middlesbrough,Coventry,,1-1,2.80,FT,2,draw
08-05-2023,Millwall,Blackburn,,3-4,1.25,DC,12,away
08-05-2023,Preston,Sunderland,,0-3,1.85,FT,2,away
08-05-2023,QPR,Bristol City,,0-2,2.75,FT,2,away
08-05-2023,Swansea,WBA,,3-2,1.30,DC,12,home
08-05-2023,Watford,Stoke,,2-0,2.35,FT,1,home
08-05-2023,Wigan,Rotherham,,0-0,2.90,FT,2,draw
08-05-2023,Empoli,Salernitana,,2-1,2.95,FT,X,home
08-05-2023,Brommapojkarna,Goteborg,,0-0,2.30,FT,2,draw
08-05-2023,Degerfors,Norrkoping,,0-2,2.40,FT,2,away
08-05-2023,Sassuolo,Bologna,,1-1,2.35,FT,1,draw
08-05-2023,Nottingham,Southampton,,4-3,2.10,FT,1,home
08-05-2023,Eibar,Las Palmas,,0-1,2.15,FT,1,away
07-05-2023,Torino,Monza,,1-1,2.00,FT,1,draw
07-05-2023,Academico Viseu,Penafiel,,0-0,2.00,FT,1,draw
07-05-2023,Ajaccio,Toulouse,,0-0,2.15,FT,2,draw
07-05-2023,Auxerre,Clermont,,1-1,2.35,FT,1,draw
07-05-2023,Lorient,Brest,,2-1,2.90,FT,2,home
07-05-2023,Nantes,Strasbourg,,0-2,2.50,FT,2,away
07-05-2023,Ponferradina,Malaga,,2-0,2.10,FT,2,home
07-05-2023,Maritimo,Rio Ave,,2-2,2.30,FT,1,draw
07-05-2023,Basel,Zurich,,0-2,1.30,DC,1X,away
07-05-2023,Fortuna S.,Vitesse,,2-0,2.20,FT,2,home
07-05-2023,Newcastle,Arsenal,,0-2,2.45,FT,1,away
07-05-2023,Oviedo,Zaragoza,,2-1,1.30,DC,1X,home
07-05-2023,Antwerp,Genk,,2-1,1.35,DC,1X,home
07-05-2023,Guimaraes,Vizela,,3-0,2.30,FT,1,home
07-05-2023,West Ham,Manchester Utd,,1-0,2.05,FT,2,home
07-05-2023,Lecce,Verona,,0-1,2.20,FT,1,away
06-05-2023,Bournemouth,Chelsea,,1-3,3.35,FT,1,away
06-05-2023,Wolverhampton,Aston Villa,,1-0,1.40,DC,X2,home
06-05-2023,Hibernian,St. Mirren,,2-1,1.95,FT,1,home
06-05-2023,Mirandes,Santander,,1-1,2.30,FT,1,draw
06-05-2023,Santa Clara,Gil Vicente,,3-2,2.50,FT,2,home
06-05-2023,Nice,Rennes,,2-1,2.80,FT,2,home
06-05-2023,Roma,Inter,,0-2,1.35,DC,12,away
06-05-2023,Club Brugge,St.Gilloise,,1-2,2.10,FT,1,away
06-05-2023,Leganes,Huesca,,2-1,2.10,FT,1,home
06-05-2023,Tenerife,Levante,,1-0,2.50,FT,2,home
06-05-2023,Boavista,Estoril,,1-0,2.05,FT,1,home
06-05-2023,Reims,Lille,,1-0,2.00,FT,2,home
06-05-2023,NEC,Heerenveen,,2-3,2.10,FT,1,away
06-05-2023,St. Gallen,Young Boys,,0-2,1.85,FT,2,away
06-05-2023,Cremonese,Spezia,,2-0,2.30,FT,1,home
06-05-2023,Lens,Marseille,,2-1,1.30,DC,12,home
05-05-2023,Ilves,AC Oulu,,1-2,1.30,DC,1X,away
05-05-2023,SJK,Inter Turku,,2-1,1.30,DC,12,home
05-05-2023,VPS,Mariehamn,,2-1,3.15,FT,X,home
05-05-2023,KuPS,Helsinki,,2-1,2.20,FT,2,home
05-05-2023,Hvidovre,Vejle Kolding,,0-1,1.35,DC,X2,away
05-05-2023,Bielefeld,Greuther Furth,,1-1,2.40,FT,1,draw
05-05-2023,Hamburger,Paderborn,,2-2,2.00,FT,1,draw
05-05-2023,Leixoes,Belenenses,,0-2,1.95,FT,1,away
05-05-2023,Yverdon,Lausanne,,1-0,2.20,FT,2,home
05-05-2023,RKC Waalwijk,FC Volendam,,4-1,1.80,FT,1,home
05-05-2023,Aarau,Wil,,0-0,1.90,FT,1,draw
05-05-2023,Perugia,Cagliari,,0-5,3.00,FT,X,away
05-05-2023,Inverness,Ayr Utd.,,1-2,2.45,FT,1,away
05-05-2023,Cork City,St. Patricks,,2-3,2.25,FT,2,away
05-05-2023,Alaves,Granada,,1-1,2.20,FT,1,draw
05-05-2023,Casa Pia,Portimonense,,1-1,2.10,FT,1,draw
04-05-2023,Aalborg,Silkeborg,,4-1,3.00,FT,2,home
04-05-2023,AEL Limassol,Nea Salamis,,3-3,1.30,DC,1X,draw
04-05-2023,Haras,El Gaish,,2-3,1.20,DC,X2,away
04-05-2023,Radnicki Nis,Vojvodina,,0-1,1.85,FT,2,away
04-05-2023,Goteborg,Degerfors,,6-0,1.85,FT,1,home
04-05-2023,Norrkoping,Hammarby TFF,,2-0,2.30,FT,2,home
04-05-2023,Varnamo,Brommapojkarna,,0-1,3.45,FT,2,away
04-05-2023,Girona,Mallorca,,2-1,2.10,FT,1,home
04-05-2023,Basaksehir,Ankaragucu,,1-0,1.95,FT,1,home
04-05-2023,Koper,Domzale,,2-3,2.00,FT,1,away
04-05-2023,Huddersfield,Sheffield Utd,,1-0,1.35,DC,X2,home
04-05-2023,Empoli,Bologna,,3-1,2.40,FT,2,home
04-05-2023,Brighton,Manchester Utd,,1-0,2.00,FT,1,home
04-05-2023,Racing Club,Flamengo,,1-1,3.30,FT,X,draw
04-05-2023,Patronato,Melgar,,4-1,2.10,FT,1,home
04-05-2023,Gimnasia LP,Goias,,0-2,3.00,FT,X,away
03-05-2023,Sampdoria,Torino,,0-2,1.90,FT,2,away
03-05-2023,Rosenborg,Brann,,0-2,3.45,FT,X,away
03-05-2023,Bryne,Fredrikstad,,0-0,3.40,FT,X,draw
03-05-2023,Hodd,Ranheim,,0-0,1.30,DC,12,draw
03-05-2023,Jerv,Mjondalen,,2-3,1.90,FT,1,away
03-05-2023,Kfum,Start,,2-2,2.40,FT,1,draw
03-05-2023,Raufoss,Asane,,0-0,1.90,FT,1,draw
03-05-2023,Hacken,Djurgarden,,4-1,1.75,FT,1,home
03-05-2023,Mjallby,AIK,,0-0,3.00,FT,X,draw
03-05-2023,Valencia,Villarreal,,1-1,1.30,DC,12,draw
03-05-2023,St.Gilloise,Antwerp,,0-2,2.25,FT,1,away
03-05-2023,Burton,Cambridge,,1-0,2.30,FT,2,home
03-05-2023,Stuttgart,Eintracht Frankfurt,,2-3,2.30,FT,1,away
03-05-2023,Monza,Roma,,1-1,2.15,FT,2,draw
03-05-2023,Brest,Nantes,,2-0,2.25,FT,1,home
03-05-2023,Getafe,Celta,,1-0,1.35,DC,1X,home
02-05-2023,Legia,Rakow,,0-0,3.20,FT,X,draw
02-05-2023,Abha,Al Adalh,,1-0,1.30,DC,1X,home
02-05-2023,Versailles,Red Star 93,,0-3,2.95,FT,X,away
02-05-2023,Helsingborg,GAIS,,2-1,2.30,FT,2,home
02-05-2023,UTA Arad,Hermannstadt,,1-0,1.20,DC,1X,home
02-05-2023,Supersport,Stellenbosch,,0-0,1.70,FT,1,draw
02-05-2023,Al Khaleej,Al Ettifaq,,2-1,2.30,FT,1,home
02-05-2023,Al Taee,Al Feiha,,2-1,1.30,DC,1X,home
02-05-2023,Shrewsbury,Bristol Rovers,,2-1,3.00,FT,2,home
02-05-2023,Freiburg,RB Leipzig,,1-5,2.10,FT,2,away
02-05-2023,Barnet,Boreham Wood,,1-2,3.15,FT,X,away
02-05-2023,Chelmsford City,St. Albans,,0-0,2.80,FT,2,draw
02-05-2023,Alfreton,Kidderminster,,0-1,2.00,FT,2,away
02-05-2023,Sociedad,Real Madrid,,2-0,2.60,FT,2,home
02-05-2023,Nublense,Aucas,,2-1,2.95,FT,2,home
02-05-2023,Fluminense,River Plate,,5-1,2.05,FT,1,home
01-05-2023,Ascoli,Pisa,,2-1,3.00,FT,X,home
01-05-2023,Bari,Cittadella,,1-1,2.20,FT,1,draw
01-05-2023,Benevento,Parma,,2-2,2.15,FT,2,draw
01-05-2023,Sudtirol,Genoa,,0-0,1.20,DC,X2,draw
01-05-2023,Goteborg,Norrkoping,,1-1,2.70,FT,2,draw
01-05-2023,Trelleborg,Sundsvall,,3-4,1.85,FT,1,away
01-05-2023,Venezia,Modena,,5-0,1.30,DC,1X,home
01-05-2023,Valerenga,Lillestrom,,3-4,1.30,DC,12,away
01-05-2023,Blackburn,Luton,,1-1,2.20,FT,1,draw
01-05-2023,Malaga,Huesca,,0-0,1.95,FT,1,draw
01-05-2023,Mallorca,Ath Bilbao,,1-1,2.25,FT,2,draw
01-05-2023,Istanbulspor,Giresunspor,,1-0,2.20,FT,1,home
01-05-2023,Sochaux,Dijon,,0-2,1.85,FT,1,away
01-05-2023,Leicester,Everton,,2-2,2.00,FT,1,draw
01-05-2023,Sevilla,Girona,,0-2,1.95,FT,1,away
01-05-2023,Burgos CF,Villarreal II,,1-0,2.25,FT,1,home
30-04-2023,Bournemouth,Leeds,,4-1,2.55,FT,2,home
30-04-2023,Cremonese,Verona,,1-1,2.40,FT,2,draw
30-04-2023,Clermont,Reims,,1-0,3.50,FT,X,home
30-04-2023,Spal,Perugia,,1-1,2.60,FT,1,draw
30-04-2023,Oviedo,Ponferradina,,3-2,1.85,FT,1,home
30-04-2023,Estoril,Santa Clara,,3-0,3.35,FT,2,home
30-04-2023,Wolfsburg,Mainz,,3-0,2.30,FT,1,home
30-04-2023,Ajax,PSV,,1-1,2.20,FT,1,draw
30-04-2023,Besiktas,Galatasaray,,3-1,2.60,FT,1,home
30-04-2023,Espanyol,Getafe,,1-0,3.00,FT,X,home
30-04-2023,Granada,Eibar,,1-1,1.25,DC,1X,draw
30-04-2023,Genk,Club Brugge,,3-1,2.80,FT,2,home
30-04-2023,Odd Grenland,Rosenborg,,0-0,3.30,FT,X,draw
30-04-2023,Rapid,Sturm,,0-2,1.30,DC,12,away
30-04-2023,Bologna,Juventus,,1-1,3.00,FT,X,draw
30-04-2023,Zaragoza,Las Palmas,,1-1,1.45,DC,X2,draw
29-04-2023,Bristol City,Burnley,,1-2,2.05,FT,2,away
29-04-2023,Hull,Swansea,,1-1,2.00,FT,2,draw
29-04-2023,Reading,Wigan,,1-1,1.35,DC,12,draw
29-04-2023,Sheffield Utd,Preston,,4-1,1.85,FT,1,home
29-04-2023,Stoke,QPR,,0-1,3.75,FT,2,away
29-04-2023,Charlton,Port Vale,,3-2,2.15,FT,1,home
29-04-2023,Levante,Alaves,,2-0,2.25,FT,1,home
29-04-2023,Maritimo,Guimaraes,,1-2,2.50,FT,1,away
29-04-2023,Roma,Milan,,1-1,2.70,FT,1,draw
29-04-2023,WBA,Norwich,,2-1,2.00,FT,1,home
29-04-2023,Schalke,Werder,,2-1,2.90,FT,2,home
29-04-2023,Albacete,Cartagena,,1-1,2.10,FT,1,draw
29-04-2023,Chaves,Casa Pia,,1-0,2.50,FT,1,home
29-04-2023,Torino,Atalanta,,1-2,1.40,DC,X2,away
29-04-2023,Tenerife,Leganes,,1-0,2.05,FT,1,home
29-04-2023,Nantes,Toulouse,,1-5,1.30,DC,12,away
28-04-2023,Greuther Furth,Heidenheim,,0-2,2.45,FT,2,away
28-04-2023,Lecce,Udinese,,1-0,1.35,DC,1X,home
28-04-2023,Mannheim,Hallescher,,4-1,1.30,DC,1X,home
28-04-2023,Alanyaspor,Umraniyespor,,1-0,2.05,FT,1,home
28-04-2023,Horsens,Odense,,2-2,3.45,FT,X,draw
28-04-2023,Oliveirense,Estrela Amadora,,1-2,2.30,FT,2,away
28-04-2023,Xamax,Thun,,1-1,1.95,FT,2,draw
28-04-2023,Hafnarfjordur,KR Reykjavik,,3-0,3.50,FT,X,home
28-04-2023,GAK,BW Linz,,0-3,3.60,FT,X,away
28-04-2023,Spezia,Monza,,0-2,1.45,DC,X2,away
28-04-2023,Dundalk,Drogheda,,3-2,1.90,FT,1,home
28-04-2023,Shelbourne,Cork City,,2-1,2.00,FT,1,home
28-04-2023,Blackpool,Millwall,,2-3,2.20,FT,2,away
28-04-2023,Osasuna,Real Sociedad,,0-2,2.30,FT,2,away
28-04-2023,Strasbourg,Olympique Lyon,,1-2,3.40,FT,X,away
28-04-2023,Rio Ave,Arouca,,1-0,2.35,FT,1,home
27-04-2023,Swallows,Maritzburg Utd,,1-0,1.30,DC,1X,home
27-04-2023,Univ. Cluj,UTA Arad,,1-0,2.00,FT,1,home
27-04-2023,Rijeka,Lok. Zagreb,,2-0,1.25,DC,1X,home
27-04-2023,Al Taee,Abha,,1-0,1.90,FT,1,home
27-04-2023,TSC Backa Topola,Cukaricki,,1-0,1.25,DC,1X,home
27-04-2023,Valencia,Valladolid,,2-1,1.75,FT,1,home
27-04-2023,Sion,Basel,,1-2,1.90,FT,2,away
27-04-2023,Al-Ittihad J.,Al-Shabab R.,,2-1,1.90,FT,1,home
27-04-2023,Southampton,Bournemouth,,0-1,2.25,FT,1,away
27-04-2023,Tottenham,Manchester Utd,,2-2,3.55,FT,X,draw
27-04-2023,Ath Bilbao,Sevilla,,0-1,1.75,FT,1,away
27-04-2023,Deportivo Pereira,Envigado,,0-0,1.85,FT,1,draw
27-04-2023,General Caballero,Tacuary,,1-0,2.10,FT,1,home
27-04-2023,Platense,Estudiantes,,1-2,2.40,FT,2,away
27-04-2023,Sarmiento,Godoy Cruz,,1-1,3.00,FT,X,draw
27-04-2023,Deportivo Cali,CPD Junior,,3-2,2.35,FT,1,home
26-04-2023,Brno,Budejovice,,1-1,1.90,FT,1,draw
26-04-2023,Hradec,Liberec,,1-2,2.20,FT,1,away
26-04-2023,Jablonec,Sigma O.,,2-2,1.40,DC,1X,draw
26-04-2023,Zlin,Bohemians 05,,4-1,2.25,FT,2,home
26-04-2023,Nordsjaelland,Copenhagen,,3-2,2.30,FT,2,home
26-04-2023,Aris,Olympiacos,,2-1,1.90,FT,2,home
26-04-2023,Sepsi,Cluj,,3-0,2.35,FT,1,home
26-04-2023,Omonia,Paphos,,3-1,1.40,DC,1X,home
26-04-2023,Hnk Gorica,Hajduk,,0-0,2.15,FT,2,draw
26-04-2023,Getafe,Almeria,,1-2,1.85,FT,1,away
26-04-2023,Lillestrom,Bodo/Glimt,,1-0,1.90,FT,2,home
26-04-2023,Servette,Zurich,,4-0,2.35,FT,1,home
26-04-2023,St. Gallen,Lugano,,1-2,1.90,FT,1,away
26-04-2023,West Ham,Liverpool,,1-2,1.90,FT,2,away
26-04-2023,Sheffield Utd,WBA,,2-0,2.05,FT,1,home
26-04-2023,Inter,Juventus,,1-0,1.25,DC,1X,home
25-04-2023,Cadiz,Osasuna,,0-1,2.30,FT,1,away
25-04-2023,Wolverhampton,Crystal Palace,,2-0,1.35,DC,12,home
25-04-2023,Lincoln,Burton,,0-1,1.25,DC,1X,away
25-04-2023,Barnsley,Ipswich,,0-3,2.00,FT,2,away
25-04-2023,Grimsby,Crewe,,2-0,1.85,FT,1,home
25-04-2023,Swindon,Stevenage,,0-1,2.05,FT,2,away
25-04-2023,Newport,Harrogate T.,,2-3,1.90,FT,1,away
25-04-2023,Wealdstone,Solihull,,3-0,2.50,FT,2,home
25-04-2023,Taunton,Weymouth,,1-3,2.45,FT,1,away
25-04-2023,Hungerford,Bath City,,1-2,2.60,FT,1,away
25-04-2023,Welling,Hampton & Richmond,,3-0,2.40,FT,2,home
25-04-2023,Cheshunt,Worthing,,0-2,1.95,FT,2,away
25-04-2023,Curzon,Fylde,,0-2,1.90,FT,2,away
25-04-2023,Leeds,Leicester,,1-1,1.30,DC,12,draw
25-04-2023,Blackburn,Burnley,,0-1,3.50,FT,1,away
25-04-2023,Betis,Sociedad,,0-0,2.50,FT,2,draw
24-04-2023,Haka,Honka,,1-1,2.25,FT,2,draw
24-04-2023,Verl,Dortmund II,,2-1,2.85,FT,2,home
24-04-2023,Benfica II,Trofense,,0-0,2.05,FT,1,draw
24-04-2023,Sp.Covilha,Mafra,,1-2,1.30,DC,X2,away
24-04-2023,Antalyaspor,Sivasspor,,1-2,2.20,FT,1,away
24-04-2023,Odense,Lyngby,,2-2,1.95,FT,1,draw
24-04-2023,Mjondalen,Fredrikstad,,0-1,1.45,DC,X2,away
24-04-2023,Brommapojkarna,Mjallby,,2-0,2.20,FT,2,home
24-04-2023,Orgryte,Jonkopings Sodra,,2-2,1.30,DC,1X,draw
24-04-2023,Ostersund,Skovde,,2-1,1.85,FT,1,home
24-04-2023,PSV II,MVV,,0-1,1.90,FT,1,away
24-04-2023,Utrecht II,Ajax II,,1-0,2.25,FT,2,home
24-04-2023,Atalanta,Roma,,3-1,3.10,FT,2,home
24-04-2023,Luton,Middlesbrough,,2-1,3.30,FT,X,home
24-04-2023,Huesca,Tenerife,,1-1,2.70,FT,X,draw
24-04-2023,Martigues,Dunkerque,,1-0,3.00,FT,X,home
23-04-2023,Bournemouth,West Ham,,0-4,2.60,FT,2,away
23-04-2023,Newcastle,Tottenham,,6-1,1.85,FT,1,home
23-04-2023,Monza,Fiorentina,,3-2,1.30,DC,X2,home
23-04-2023,Ajaccio,Brest,,0-0,2.45,FT,2,draw
23-04-2023,Lorient,Toulouse,,0-1,2.30,FT,1,away
23-04-2023,Barcelona,Atl. Madrid,,1-0,1.95,FT,1,home
23-04-2023,Montpellier,Rennes,,1-0,2.25,FT,2,home
23-04-2023,Leverkusen,RB Leipzig,,2-0,2.50,FT,2,home
23-04-2023,Mallorca,Getafe,,3-1,2.80,FT,X,home
23-04-2023,Mirandes,Burgos,,2-1,2.40,FT,1,home
23-04-2023,Santander,Granada,,1-0,2.15,FT,2,home
23-04-2023,Lillestrom,Molde,,2-1,2.05,FT,2,home
23-04-2023,B. Monchengladbach,Union Berlin,,0-1,2.40,FT,1,away
23-04-2023,Juventus,Napoli,,0-1,1.40,DC,X2,away
23-04-2023,Olympique Lyon,Olympique Marseille,,1-2,1.45,DC,1X,away
23-04-2023,Sevilla,Villarreal,,2-1,3.30,FT,X,home
22-04-2023,Brentford,Aston Villa,,1-1,2.80,FT,2,draw
22-04-2023,Crystal Palace,Everton,,0-0,2.05,FT,1,draw
22-04-2023,Leicester,Wolverhampton,,2-1,2.45,FT,1,home
22-04-2023,Birmingham,Blackpool,,0-1,2.10,FT,1,away
22-04-2023,Bristol City,Rotherham,,2-1,1.30,DC,1X,home
22-04-2023,Cardiff,Stoke,,1-1,2.40,FT,1,draw
22-04-2023,Hull,Watford,,1-0,2.65,FT,2,home
22-04-2023,Norwich,Swansea,,0-3,2.05,FT,1,away
22-04-2023,Wigan,Millwall,,2-1,2.00,FT,2,home
22-04-2023,Peterborough,Ipswich,,0-3,1.95,FT,2,away
22-04-2023,Port Vale,Bristol Rovers,,2-0,1.60,DC,X2,home
22-04-2023,Almeria,Ath Bilbao,,1-2,1.75,FT,2,away
22-04-2023,Preston,Blackburn,,1-1,1.40,DC,1X,draw
22-04-2023,Valladolid,Girona,,1-0,2.45,FT,1,home
22-04-2023,Sampdoria,Spezia,,1-1,2.50,FT,1,draw
22-04-2023,Lens,Monaco,,3-0,3.50,FT,X,home
21-04-2023,Wisla Plock,Jagiellonia,,2-4,3.40,FT,X,away
21-04-2023,Slaven,Osijek,,2-1,2.25,FT,2,home
21-04-2023,Darmstadt,Karlsruher,,2-1,1.75,FT,1,home
21-04-2023,Hamburger,St. Pauli,,4-3,2.00,FT,1,home
21-04-2023,Silkeborg,Aalborg,,2-2,1.25,DC,12,draw
21-04-2023,Volendam,Cambuur,,2-0,1.80,FT,1,home
21-04-2023,Augsburg,Stuttgart,,1-1,2.15,FT,2,draw
21-04-2023,Reggina,Brescia,,1-2,1.95,FT,1,away
21-04-2023,Warta Poznan,Legia,,1-0,3.10,FT,X,home
21-04-2023,Verona,Bologna,,2-1,3.00,FT,X,home
21-04-2023,Larne,Linfield,,1-1,3.00,FT,X,draw
21-04-2023,Drogheda,Bohemians D.,,0-2,2.00,FT,2,away
21-04-2023,Shelbourne,Dundalk,,1-1,3.00,FT,X,draw
21-04-2023,St. Patricks,Shamrock,,0-2,3.00,FT,X,away
21-04-2023,Espanyol,Cadiz,,0-0,1.25,DC,1X,draw
21-04-2023,Eibar,Zaragoza,,1-1,1.20,DC,1X,draw
19-04-2023,KuPS,Honka,,0-1,1.50,DC,X2,away
19-04-2023,Neman Grodno,Bate Barisov,,1-1,2.10,FT,2,draw
19-04-2023,Krasnodar,Krylya Sovetov,,2-2,2.00,FT,1,draw
19-04-2023,AEL Limassol,Enosis P.,,1-0,2.00,FT,1,home
19-04-2023,Go Head,RKC Waalwijk,,3-2,2.05,FT,1,home
19-04-2023,Basaksehir,Fenerbahce,,1-2,1.85,FT,2,away
19-04-2023,Konyaspor,Adana Demirspor,,1-2,2.40,FT,1,away
19-04-2023,Blackburn,Coventry,,1-1,1.40,DC,1X,draw
19-04-2023,QPR,Norwich,,1-1,2.15,FT,2,draw
19-04-2023,Swansea,Preston,,4-2,2.15,FT,1,home
19-04-2023,Watford,Cardiff,,1-3,1.90,FT,1,away
19-04-2023,Inter,Benfica,,3-3,2.10,FT,1,draw
19-04-2023,Bayern Munich,Manchester City,,1-1,2.40,FT,2,draw
19-04-2023,El Gaish,Future,,0-0,2.15,FT,2,draw
19-04-2023,NB Egypt,Haras,,1-0,1.80,FT,1,home
19-04-2023,Pharco,Ghazl El Mahallah,,3-1,1.20,DC,1X,home
18-04-2023,Blackpool,WBA,,0-2,1.95,FT,2,away
18-04-2023,Burton,Bolton,,1-1,1.30,DC,12,draw
18-04-2023,Cambridge Utd,Wycombe,,1-2,2.40,FT,1,away
18-04-2023,Exeter,Derby,,1-2,2.20,FT,2,away
18-04-2023,Forest Green,Fleetwood,,0-0,2.15,FT,2,draw
18-04-2023,Lincoln,Barnsley,,0-0,1.90,FT,2,draw
18-04-2023,Milton Keynes Dons,Charlton,,0-1,2.35,FT,1,away
18-04-2023,Oxford Utd,Portsmouth,,1-1,2.10,FT,1,draw
18-04-2023,Shrewsbury,Plymouth,,1-2,1.90,FT,2,away
18-04-2023,Hamilton,Inverness,,1-2,2.10,FT,2,away
18-04-2023,Carlisle,Stockport County,,2-2,2.50,FT,2,draw
18-04-2023,Crawley,Colchester,,0-0,1.50,DC,1X,draw
18-04-2023,Gillingham,Leyton Orient,,2-0,2.15,FT,2,home
18-04-2023,Grimsby,Barrow,,1-0,3.05,FT,X,home
18-04-2023,Harrogate,Walsall,,3-0,1.30,DC,1X,home
18-04-2023,Chelsea,Real Madrid,,0-2,2.50,FT,2,away
17-04-2023,Orleans,Martigues,,1-4,1.90,FT,1,away
17-04-2023,Viktoria Koln,Duisburg,,2-2,1.90,FT,1,draw
17-04-2023,Randers,Nordsjaelland,,1-1,1.30,DC,X2,draw
17-04-2023,Varbergs BoIS FC,Sirius,,1-1,1.40,DC,X2,draw
17-04-2023,Jonkoping Sodra,Gefle,,2-1,1.30,DC,1X,home
17-04-2023,Trelleborg,Orgryte,,2-0,3.30,FT,X,home
17-04-2023,Stal Mielec,Legnica,,1-1,2.20,FT,1,draw
17-04-2023,Boluspor,Rizespor,,0-2,1.95,FT,2,away
17-04-2023,Genclerbirligi,Altay,,0-0,1.70,FT,1,draw
17-04-2023,FCSB,Farul Constanta,,2-1,1.85,FT,1,home
17-04-2023,Ajax II,PSV II,,5-4,2.00,FT,1,home
17-04-2023,AZ Alkmar II,Utrecht II,,4-0,1.85,FT,1,home
17-04-2023,Fiorentina,Atalanta,,1-1,2.40,FT,1,draw
17-04-2023,Grenoble,St Etienne,,0-2,2.05,FT,2,away
17-04-2023,Vilafranquense,Estrela Amadora,,0-1,2.70,FT,2,away
17-04-2023,Platense,Colon,,0-0,3.15,FT,X,draw
16-04-2023,Auxerre,Nantes,,2-1,3.05,FT,X,home
16-04-2023,Brest,Nice,,1-0,2.35,FT,2,home
16-04-2023,Giresunspor,Sivasspor,,1-0,1.50,DC,X2,home
16-04-2023,Werder,Freiburg,,1-2,1.45,DC,X2,away
16-04-2023,Ternana,Pisa,,2-1,1.35,DC,1X,home
16-04-2023,Gijon,Alaves,,0-0,2.55,FT,2,draw
16-04-2023,Rio Ave,Casa Pia,,1-1,2.45,FT,1,draw
16-04-2023,Penafiel,Nacional,,3-0,1.90,FT,1,home
16-04-2023,Haugesund,Ham-Kam,,3-2,2.00,FT,1,home
16-04-2023,Sandefjord,Tromso,,0-0,2.35,FT,2,draw
16-04-2023,Stromsgodset,Aalesund,,1-0,3.40,FT,X,home
16-04-2023,Sassuolo,Juventus,,1-0,2.00,FT,2,home
16-04-2023,Malaga,Cartagena,,1-0,2.85,FT,2,home
16-04-2023,Wolfsburg,Leverkusen,,0-0,2.40,FT,2,draw
16-04-2023,Trabzonspor,Besiktas,,0-0,2.40,FT,2,draw
16-04-2023,Valencia,Sevilla,,0-2,2.20,FT,1,away
15-04-2023,Chelsea,Brighton,,1-2,2.65,FT,2,away
15-04-2023,Everton,Fulham,,1-3,2.05,FT,1,away
15-04-2023,Southampton,Crystal Palace,,0-2,2.65,FT,2,away
15-04-2023,Wolverhampton,Brentford,,2-0,2.50,FT,1,home
15-04-2023,Blackpool,Wigan,,1-0,2.30,FT,1,home
15-04-2023,Queens Park Rangers,Coventry,,0-3,1.30,DC,12,away
15-04-2023,Rotherham,Luton,,0-2,1.95,FT,2,away
15-04-2023,Stoke,West Brom,,1-2,1.30,DC,12,away
15-04-2023,Sunderland,Birmingham,,2-1,1.90,FT,1,home
15-04-2023,Watford,Bristol City,,2-0,1.95,FT,1,home
15-04-2023,Ath Bilbao,Sociedad,,2-0,1.30,DC,1X,home
15-04-2023,Estoril,Portimonense,,0-1,2.30,FT,1,away
15-04-2023,Rennes,Reims,,3-0,2.20,FT,1,home
15-04-2023,RKC Waalwijk,Groningen,,2-1,1.90,FT,1,home
15-04-2023,Blackburn,Hull,,0-0,1.85,FT,1,draw
15-04-2023,Sparta,Heerenveen,,4-0,2.30,FT,1,home
14-04-2023,Hannover,Heidenheim,,0-3,1.35,DC,X2,away
14-04-2023,Cremonese,Empoli,,1-0,3.30,FT,X,home
14-04-2023,Saarbrucken,Dynamo Dresden,,2-0,1.40,DC,1X,home
14-04-2023,Oliveirense,Farense,,1-2,3.20,FT,X,away
14-04-2023,Excelsior,Go Head,,2-1,2.20,FT,2,home
14-04-2023,NAC Breda,Willem II,,Abn,1.95,FT,2,abandoned
14-04-2023,Den Bosch,Helmond,,1-2,2.30,FT,2,away
14-04-2023,VVV Venlo,Eindhoven,,2-2,2.15,FT,1,draw
14-04-2023,Schalke,Hertha,,5-2,2.40,FT,1,home
14-04-2023,Modena,Parma,,1-1,3.00,FT,X,draw
14-04-2023,Ross County,Aberdeen,,0-1,2.05,FT,2,away
14-04-2023,Middlesbrough,Norwich,,5-1,1.25,DC,1X,home
14-04-2023,Rayo Vallecano,Osasuna,,2-1,3.10,FT,X,home
14-04-2023,Albacete,Eibar,,3-1,2.90,FT,X,home
14-04-2023,Toulouse,Olympique Lyon,,1-2,2.20,FT,2,away
14-04-2023,Famalicao,Guimaraes,,2-1,2.20,FT,1,home
13-04-2023,Vejle Kolding,Hvidovre,,0-0,1.90,FT,1,draw
13-04-2023,Feyenoord,Roma,,1-0,2.30,FT,1,home
13-04-2023,Gent,West Ham,,1-1,2.10,FT,2,draw
13-04-2023,Arsenal Sarandi,Godoy Cruz,,2-3,2.95,FT,1,away
13-04-2023,Altay,Altinordu,,1-2,2.20,FT,1,away
13-04-2023,Concord,Hungerford,,1-0,2.05,FT,2,home
13-04-2023,Anderlecht,AZ Alkmaar,,2-0,2.60,FT,2,home
13-04-2023,Basel,Nice,,2-2,1.25,DC,X2,draw
13-04-2023,Haras,Zamalek,,0-3,1.75,FT,2,away
13-04-2023,Al Moqawloon,Al Masry Club,,0-0,2.70,FT,X,draw
13-04-2023,SC Ismaily,Enppi,,3-1,1.30,DC,1X,home
13-04-2023,Colon,Talleres,,2-2,1.30,DC,X2,draw
13-04-2023,Envigado,Deportes Tolima,,2-1,3.00,FT,X,home
13-04-2023,Nautico,Cruzeiro,,1-0,2.00,FT,2,home
13-04-2023,Dep. Pasto,Bucaramanga,,1-0,1.90,FT,1,home
13-04-2023,Guarani Asuncion,Libertad,,0-0,1.95,FT,2,draw
12-04-2023,Slaven,Hajduk,,0-1,1.90,FT,2,away
12-04-2023,Radnik Surdulica,Napredak,,1-0,2.90,FT,X,home
12-04-2023,Sloboda,Indjija,,2-2,3.00,FT,X,draw
12-04-2023,Olympiacos,AEK,,2-1,2.30,FT,1,home
12-04-2023,Eastleigh,Gateshead,,2-5,2.40,FT,2,away
12-04-2023,Milan,Napoli,,1-0,1.45,DC,X2,home
12-04-2023,El Daklyeh,Ceramica Cleopatra,,0-0,2.90,FT,X,draw
12-04-2023,San Lorenzo,Boca Juniors,,1-0,1.40,DC,1X,home
12-04-2023,U. Magdalena,Deportivo Pereira,,0-3,1.40,DC,1X,away
12-04-2023,Belgrano,Huracan,,2-0,2.85,FT,X,home
12-04-2023,Coritiba,Sport Recife,,3-3,2.20,FT,1,draw
12-04-2023,CRB,Athletico-PR,,1-0,1.90,FT,2,home
12-04-2023,Estudiantes,Atl. Tucuman,,0-0,2.05,FT,1,draw
12-04-2023,Rosario Central,Independiente,,1-0,3.00,FT,X,home
12-04-2023,Ind. Medellin,Dep. Cali,,3-0,2.05,FT,1,home
12-04-2023,Atlas,Philadelphia,,2-2,3.40,FT,X,draw
11-04-2023,Omonia,Aris Limmasol,,0-3,1.95,FT,2,away
11-04-2023,Paphos,AEK Larnaca,,4-0,2.15,FT,1,home
11-04-2023,Cukaricki,Partizan,,0-0,3.10,FT,X,draw
11-04-2023,Barracas,Platense,,1-0,1.40,DC,X2,home
11-04-2023,Inverness,Arbroath,,2-0,3.00,FT,X,home
11-04-2023,Montrose,Falkirk,,1-2,1.95,FT,2,away
11-04-2023,Dumbarton,Stirling,,Postp,2.15,FT,2,postponed
11-04-2023,Elgin,Stenhousemuir,,1-1,2.10,FT,2,draw
11-04-2023,Cliftonville,Larne,,0-2,3.10,FT,X,away
11-04-2023,Benfica,Inter,,0-2,2.20,FT,1,away
11-04-2023,Volta Redonda,Bahia,,1-2,1.30,DC,X2,away
11-04-2023,Botafogo SP,Santos,,0-2,2.25,FT,2,away
11-04-2023,Atletico Huila,Millonarios,,1-1,3.00,FT,1,draw
11-04-2023,Banfield,Defensa y Justicia,,0-3,3.05,FT,X,away
11-04-2023,Cordoba Santiago,Lanus,,1-1,1.50,DC,1X,draw
11-04-2023,Instituto,Velez,,1-0,2.95,FT,X,home
10-04-2023,Birmingham,Stoke,,0-0,2.20,FT,1,draw
10-04-2023,Cardiff,Sunderland,,0-1,2.40,FT,1,away
10-04-2023,Coventry,Watford,,2-2,2.30,FT,1,draw
10-04-2023,Hull,Millwall,,1-0,3.10,FT,X,home
10-04-2023,Preston,Reading,,2-1,1.90,FT,1,home
10-04-2023,Wigan,Swansea,,0-2,3.00,FT,1,away
10-04-2023,Charlton,Burton,,3-2,1.90,FT,1,home
10-04-2023,Port Vale,Oxford Utd,,0-0,1.45,DC,1X,draw
10-04-2023,Aalesund,Valerenga,,0-1,1.35,DC,X2,away
10-04-2023,Ham-Kam,Sandefjord,,2-0,2.00,FT,1,home
10-04-2023,Sarpsborg 08,Bodo/Glimt,,0-2,1.95,FT,2,away
10-04-2023,Stabaek,Odd,,0-0,3.40,FT,X,draw
10-04-2023,Tromso,Molde,,1-0,1.85,FT,2,home
10-04-2023,Bristol City,Middlesbrough,,2-2,2.00,FT,2,draw
10-04-2023,Burnley,Sheffield Utd,,2-0,1.30,DC,1X,home
10-04-2023,Gil Vicente,Chaves,,0-0,2.00,FT,1,draw
09-04-2023,Leeds,Crystal Palace,,1-5,1.30,DC,1X,away
09-04-2023,Ajaccio,Auxerre,,0-3,2.80,FT,2,away
09-04-2023,Montpellier,Toulouse,,1-2,2.15,FT,1,away
09-04-2023,Troyes,Clermont,,0-2,1.50,DC,1X,away
09-04-2023,B. Monchengladbach,Wolfsburg,,2-0,2.80,FT,2,home
09-04-2023,Eibar,Levante,,1-1,1.30,DC,1X,draw
09-04-2023,Nantes,Monaco,,2-2,1.95,FT,2,draw
09-04-2023,Liverpool,Arsenal,,2-2,2.40,FT,2,draw
09-04-2023,Bochum,Stuttgart,,2-3,2.30,FT,2,away
09-04-2023,Almeria,Valencia,,2-1,2.45,FT,2,home
09-04-2023,Cartagena,Mirandes,,1-0,1.40,FT,1,home
09-04-2023,Ponferradina,Leganes,,0-1,2.80,FT,X,away
09-04-2023,Standard Liege,Genk,,2-0,2.60,FT,1,home
09-04-2023,St. Truiden,Oostende,,5-0,2.35,FT,1,home
09-04-2023,Hoffenheim,Schalke,,2-0,1.95,FT,1,home
09-04-2023,Rayo Vallecano,Atl. Madrid,,1-2,1.85,FT,2,away
08-04-2023,Brentford,Newcastle,,1-2,1.30,DC,X2,away
08-04-2023,Fulham,West Ham,,0-1,3.20,FT,X,away
08-04-2023,Leicester,Bournemouth,,0-1,1.95,FT,1,away
08-04-2023,Tottenham,Brighton,,2-1,2.50,FT,1,home
08-04-2023,Wolverhampton,Chelsea,,1-0,1.95,FT,2,home
08-04-2023,Espanyol,Ath Bilbao,,1-2,2.20,FT,2,away
08-04-2023,Zaragoza,Granada,,1-0,1.40,DC,X2,home
08-04-2023,Sampdoria,Cremonese,,2-3,2.30,FT,1,away
08-04-2023,Arouca,Maritimo,,1-0,2.25,FT,1,home
08-04-2023,Torino,Roma,,0-1,2.35,FT,2,away
08-04-2023,Verona,Sassuolo,,2-1,1.50,DC,X2,home
08-04-2023,Ibiza,Gijon,,1-3,2.85,FT,X,away
08-04-2023,Ferreira,Famalicao,,1-3,2.75,FT,1,away
08-04-2023,Portimonense,Rio Ave,,2-2,2.90,FT,2,draw
08-04-2023,Lazio,Juventus,,2-1,2.95,FT,X,home
08-04-2023,Santander,Albacete,,4-1,2.90,FT,X,home
07-04-2023,Blackburn,Norwich,,0-2,1.35,DC,12,away
07-04-2023,Blackpool,Cardiff,,1-3,2.65,FT,1,away
07-04-2023,QPR,Preston,,0-2,2.30,FT,1,away
07-04-2023,Reading,Birmingham,,1-1,1.35,DC,12,draw
07-04-2023,Swansea,Coventry,,0-0,2.25,FT,1,draw
07-04-2023,Accrington,Port Vale,,3-0,3.25,FT,1,home
07-04-2023,Bristol Rovers,Charlton,,1-0,2.60,FT,2,home
07-04-2023,Burton,Barnsley,,2-1,1.85,FT,2,home
07-04-2023,Cambridge Utd,Fleetwood,,2-1,2.20,FT,1,home
07-04-2023,Exeter,Bolton,,0-1,3.20,FT,X,away
07-04-2023,Lincoln,Cheltenham,,2-0,3.00,FT,X,home
07-04-2023,Milton Keynes Dons,Portsmouth,,1-1,2.60,FT,2,draw
07-04-2023,Oxford Utd,Sheffield Wed,,1-1,2.10,FT,2,draw
07-04-2023,Shrewsbury,Peterborough,,0-3,2.20,FT,2,away
07-04-2023,Sunderland,Hull,,4-4,1.95,FT,1,draw
07-04-2023,Middlesbrough,Burnley,,1-2,1.50,DC,1X,away
06-04-2023,Novi Pazar,Radnik,,1-0,1.20,DC,1X,home
06-04-2023,Paphos,Omonia,,1-1,3.25,FT,X,draw
06-04-2023,Slask,Piast Gliwice,,0-1,2.20,FT,2,away
06-04-2023,Chojniczanka,Termalica Nieciecza,,0-0,2.00,FT,2,draw
06-04-2023,Krasnodar,Rostov,,1-1,2.00,FT,1,draw
06-04-2023,Olimpija,Celje,,0-0,2.20,FT,1,draw
06-04-2023,Sturm Graz,LASK,,1-0,1.85,FT,1,home
06-04-2023,Gornik,Korona Kielce,,1-1,1.20,DC,1X,draw
06-04-2023,Siena,Gubbio,,2-2,2.80,FT,X,draw
06-04-2023,Vis Pesaro,Imolese,,1-0,2.50,FT,1,home
06-04-2023,Al Ittihad,Future,,0-1,2.30,FT,2,away
06-04-2023,Liverpool M.,Corinthians,,0-3,1.20,DC,X2,away
06-04-2023,Magallanes,Botafogo,,2-2,2.05,FT,2,draw
06-04-2023,Puerto Cabello,Deportes Tolima,,0-2,3.00,FT,X,away
06-04-2023,Tigre,Sao Paulo,,0-2,3.10,FT,X,away
06-04-2023,Melgar,Olimpia,,1-1,3.20,FT,X,draw
05-04-2023,KTP,AC Oulu,,0-2,1.45,DC,X2,away
05-04-2023,KuPS,Inter Turku,,1-2,1.25,DC,1X,away
05-04-2023,Mariehamn,Ilves,,1-1,1.40,DC,X2,draw
05-04-2023,SJK,Haka,,2-0,2.25,FT,1,home
05-04-2023,VPS,Lahti,,0-0,2.00,FT,1,draw
05-04-2023,Jablonec,Slovacko,,1-1,2.30,FT,2,draw
05-04-2023,Hermannstadt,Univ. Cluj,,1-2,2.80,FT,X,away
05-04-2023,Aris,Panathinaikos,,0-1,2.60,FT,2,away
05-04-2023,Feyenoord,Ajax,,1-2,2.15,FT,1,away
05-04-2023,Olympiacos,PAOK,,3-1,1.80,FT,1,home
05-04-2023,Perugia,Reggina,,1-3,2.15,FT,1,away
05-04-2023,Servette,Lugano,,2-2,3.00,FT,2,draw
05-04-2023,RB Leipzig,Dortmund,,2-0,2.25,FT,1,home
05-04-2023,West Ham,Newcastle,,1-5,2.15,FT,2,away
05-04-2023,Barcelona,Real Madrid,,0-4,2.20,FT,1,away
05-04-2023,Nantes,Olympique Lyon,,1-0,2.05,FT,2,home
04-04-2023,Eintracht Frankfurt,Union Berlin,,2-0,1.30,DC,1X,home
04-04-2023,UTA Arad,U Craiova 1948,,1-0,2.25,FT,1,home
04-04-2023,Maccabi Netanya,Hapoel Jerusalem,,0-2,1.95,FT,1,away
04-04-2023,Helsingborg,Oster,,0-1,2.25,FT,1,away
04-04-2023,Ankaragucu,Trabzonspor,,3-1,2.00,FT,2,home
04-04-2023,Maccabi T.A.,Maccabi Haifa,,1-1,2.05,FT,1,draw
04-04-2023,Basel,Young Boys,,2-4,1.25,DC,12,away
04-04-2023,Leeds,Nottingham,,2-1,1.75,FT,1,home
04-04-2023,Leicester,Aston Villa,,1-2,1.30,DC,12,away
04-04-2023,Chelsea,Liverpool,,0-0,2.30,FT,1,draw
04-04-2023,Juventus,Inter,,1-1,2.25,FT,1,draw
04-04-2023,Aswan,Smouha,,1-1,2.35,FT,2,draw
04-04-2023,El Daklyeh,Pharco,,0-0,2.65,FT,X,draw
04-04-2023,Audax Italiano,Newells Old Boys,,0-1,2.05,FT,2,away
04-04-2023,Goias,Santa Fe,,0-0,3.00,FT,X,draw
04-04-2023,The Strongest,River Plate,,3-1,2.00,FT,2,home
03-04-2023,Versailles,Chateauroux,,0-1,3.00,FT,X,away
03-04-2023,Empoli,Lecce,,1-0,3.00,FT,X,home
03-04-2023,Ingolstadt,Munich 1860,,1-3,2.50,FT,2,away
03-04-2023,Aarhus,Randers,,1-1,2.00,FT,1,draw
03-04-2023,Mjallby,Varberg,,2-2,1.90,FT,1,draw
03-04-2023,Jonkoping Sodra,Orebro,,0-0,1.50,DC,X2,draw
03-04-2023,Elfsborg,Hacken,,0-2,1.25,DC,12,away
03-04-2023,AZ Alkmar II,Graafschap,,0-1,1.95,FT,2,away
03-04-2023,PSV II,Roda,,5-1,3.30,FT,X,home
03-04-2023,Sassuolo,Torino,,1-1,2.40,FT,1,draw
03-04-2023,Guingamp,Bordeaux,,0-1,2.20,FT,2,away
03-04-2023,York,Barnet,,1-0,2.55,FT,2,home
03-04-2023,Everton,Tottenham,,1-1,1.30,DC,X2,draw
03-04-2023,Valencia,Rayo Vallecano,,1-1,2.20,FT,1,draw
03-04-2023,Albacete,Las Palmas,,1-2,2.95,FT,X,away
03-04-2023,Famalicao,Arouca,,0-1,1.95,FT,1,away
02-04-2023,Monza,Lazio,,0-2,2.05,FT,2,away
02-04-2023,Spezia,Salernitana,,1-1,3.30,FT,X,draw
02-04-2023,Brest,Toulouse,,3-1,2.85,FT,1,home
02-04-2023,Clermont,Ajaccio,,2-1,2.10,FT,1,home
02-04-2023,Nantes,Reims,,0-3,3.30,FT,X,away
02-04-2023,Koln,B. Monchengladbach,,0-0,2.20,FT,1,draw
02-04-2023,Modena,Cittadella,,0-0,1.30,DC,1X,draw
02-04-2023,Lugo,Ponferradina,,0-0,2.90,FT,X,draw
02-04-2023,Maritimo,Boavista,,4-2,1.40,DC,1X,home
02-04-2023,Fortuna S.,Groningen,,3-1,2.10,FT,1,home
02-04-2023,Newcastle,Manchester Utd,,2-0,3.40,FT,X,home
02-04-2023,Werder,Hoffenheim,,1-2,2.30,FT,1,away
02-04-2023,Villarreal,Sociedad,,2-0,2.40,FT,1,home
02-04-2023,Andorra FC,Malaga,,1-0,1.20,DC,1X,home
02-04-2023,Gijon,Granada,,1-0,2.30,FT,2,home
02-04-2023,Mirandes,Ibiza,,2-2,2.10,FT,1,draw
01-04-2023,Bournemouth,Fulham,,2-1,1.50,DC,X2,home
01-04-2023,Crystal Palace,Leicester,,2-1,3.20,FT,X,home
01-04-2023,Nottingham,Wolves,,1-1,1.50,DC,1X,draw
01-04-2023,Birmingham,Blackburn,,1-0,2.85,FT,2,home
01-04-2023,Bristol City,Reading,,1-1,1.75,FT,1,draw
01-04-2023,Cardiff,Swansea,,2-3,2.45,FT,1,away
01-04-2023,Coventry,Stoke,,0-4,1.40,DC,1X,away
01-04-2023,Hull,Rotherham,,0-0,3.35,FT,X,draw
01-04-2023,Norwich,Sheffield Utd,,0-1,3.30,FT,X,away
01-04-2023,WBA,Millwall,,0-0,1.85,FT,1,draw
01-04-2023,Wigan,QPR,,1-0,3.10,FT,X,home
01-04-2023,Auxerre,Troyes,,1-0,1.95,FT,1,home
01-04-2023,Cadiz,Sevilla,,0-2,3.10,FT,X,away
01-04-2023,Cambuur,FC Emmen,,1-2,2.35,FT,1,away
01-04-2023,Rennes,Lens,,0-1,3.30,FT,X,away
01-04-2023,RKC Waalwijk,Vitesse,,1-0,2.60,FT,2,home
31-03-2023,Slaven,Istra 1961,,2-0,3.20,FT,X,home
31-03-2023,Zaglebie,Warta Poznan,,0-0,3.00,FT,X,draw
31-03-2023,Nurnberg,Darmstadt,,0-1,2.10,FT,2,away
31-03-2023,Odense,Midtjylland,,1-3,1.35,DC,X2,away
31-03-2023,ADO Den Haag,Telstar,,3-1,2.00,FT,1,home
31-03-2023,MVV,Eindhoven,,3-2,2.80,FT,1,home
31-03-2023,Oss,Helmond,,2-2,2.50,FT,1,draw
31-03-2023,VVV Venlo,NAC Breda,,1-3,1.85,FT,1,away
31-03-2023,Piast Gliwice,Gornik Z.,,1-0,1.90,FT,1,home
31-03-2023,Arbroath,Ayr Utd.,,2-0,1.35,DC,X2,home
31-03-2023,Cork City,Drogheda,,1-1,2.05,FT,1,draw
31-03-2023,Dundalk,Shamrock Rovers,,0-4,2.00,FT,2,away
31-03-2023,Shelbourne,Derry City,,0-1,1.90,FT,2,away
31-03-2023,Bala Town,Connahs QN,,1-2,3.10,FT,X,away
31-03-2023,Mallorca,Osasuna,,0-0,1.25,DC,1X,draw
31-03-2023,Estoril,Gil Vicente,,1-0,2.55,FT,2,home
30-03-2023,Ceramica Cleopatra,Al Moqawloon,,0-0,2.70,FT,X,draw
30-03-2023,Enppi,NB Egypt,,2-1,2.85,FT,X,home
30-03-2023,Smouha,SC Ismaily,,1-3,2.55,FT,X,away
30-03-2023,Sydney W.,Adelaide,,2-3,2.00,FT,1,away
30-03-2023,Kashiwa R.,Urawa RD,,0-3,2.05,FT,2,away
30-03-2023,Zaglebie,Warta Poznan,,0-0,3.00,FT,X,draw
30-03-2023,Odense,Midtjylland,,1-3,1.35,DC,X2,away
30-03-2023,Schaffhausen,Wil,,4-1,1.25,DC,12,home
30-03-2023,ADO Den Haag,Telstar,,3-1,2.00,FT,1,home
30-03-2023,MVV,Eindhoven,,3-2,2.80,FT,1,home
30-03-2023,Oss,Helmond,,2-2,2.50,FT,1,draw
30-03-2023,VVV Venlo,NAC Breda,,1-3,1.85,FT,1,away
30-03-2023,Piast Gliwice,Gornik Z.,,1-0,1.90,FT,1,home
30-03-2023,Tranmere,Harrogate T.,,1-1,2.15,FT,1,draw
30-03-2023,Mallorca,Osasuna,,0-0,1.25,DC,1X,draw
30-03-2023,Estoril,Gil Vicente,,1-0,2.55,FT,2,home
29-03-2023,Dumbarton,Forfar Athletic,,0-1,3.30,FT,X,away
29-03-2023,Perez Zeledon,Puntarenas FC,,1-0,2.35,FT,1,home
29-03-2023,Deportes Tolima,Millonarios,,1-1,2.60,FT,2,draw
29-03-2023,Sporting San Jose,Alajuelense,,2-0,2.05,FT,2,home
29-03-2023,Queretaro,Cruz Azul,,2-2,1.35,DC,X2,draw
29-03-2023,Ceramica Cleopatra,Al Moqawloon,,0-0,2.70,FT,X,draw
29-03-2023,Smouha,El Ismaily,,1-3,2.55,FT,X,away
29-03-2023,Defensa y Justicia,Velez Sarsfield,,0-0,3.00,FT,X,draw
29-03-2023,Slaven Belupo,Istra 1961,,2-0,3.20,FT,X,home
29-03-2023,Zaglebie,Warta Poznan,,0-0,3.00,FT,X,draw
29-03-2023,Odense,Midtjylland,,1-3,1.35,DC,X2,away
29-03-2023,Piast Gliwice,Gornik Z.,,1-0,1.90,FT,1,home
29-03-2023,Cork City,Drogheda,,1-1,2.05,FT,1,draw
29-03-2023,Dundalk,Shamrock Rovers,,0-4,2.00,FT,2,away
29-03-2023,Mallorca,Osasuna,,0-0,1.25,DC,1X,draw
29-03-2023,Estoril,Gil Vicente,,1-0,2.55,FT,2,home
28-03-2023,Armenia,Cyprus,,2-2,2.00,FT,1,draw
28-03-2023,Macedonia U21,Slovakia U21,,0-1,2.40,FT,2,away
28-03-2023,Tanzania,Uganda,,0-1,1.20,DC,1X,away
28-03-2023,Liberia,South Africa,,1-2,2.00,FT,2,away
28-03-2023,Georgia,Norway,,1-1,2.10,FT,2,draw
28-03-2023,France U21,Spain U21,,0-0,3.30,FT,X,draw
28-03-2023,Nancy,Concarneau,,0-0,2.95,FT,X,draw
28-03-2023,Paris 13 Atl.,Red Star 93,,0-1,2.00,FT,2,away
28-03-2023,Uzbekistan,Venezuela,,1-1,2.05,FT,2,draw
28-03-2023,Exeter,Barnsley,,3-1,2.25,FT,2,home
28-03-2023,Wimbledon,Walsall,,2-0,3.00,FT,X,home
28-03-2023,Crawley,Grimsby,,1-1,1.45,DC,1X,draw
28-03-2023,Turkey,Croatia,,0-2,1.60,DC,1X,away
28-03-2023,Togo,Burkina Faso,,1-1,2.90,FT,X,draw
28-03-2023,Morocco,Peru,,0-0,1.95,FT,1,draw
28-03-2023,Libya,Tunisia,,0-1,1.65,FT,2,away
27-03-2023,Martigues,Le Mans,,3-1,3.00,FT,X,home
27-03-2023,Freiburg II,Saarbrucken,,1-1,2.35,FT,1,draw
27-03-2023,Pordenone,Pro Sesto,,1-0,1.70,FT,1,home
27-03-2023,Montenegro,Serbia,,0-2,1.75,FT,2,away
27-03-2023,Malaga,Leganes,,2-0,2.70,FT,1,home
27-03-2023,Cajamarca,Cusco,,0-0,1.30,DC,12,draw
27-03-2023,Montevideo City,Cerro Largo,,1-2,3.10,FT,X,away
27-03-2023,Chile,Paraguay,,3-2,1.90,FT,1,home
27-03-2023,Jaguares de Cordoba,Dep. Pasto,,0-1,1.25,DC,1X,away
27-03-2023,South Korea,Uruguay,,1-2,3.30,FT,X,away
27-03-2023,Georgia,Norway,,1-1,2.10,FT,2,draw
27-03-2023,Turkey,Croatia,,0-2,1.60,DC,1X,away
27-03-2023,Gateshead,Dag & Red,,3-0,1.90,FT,1,home
27-03-2023,Wealdstone,Oldham,,2-2,2.50,FT,2,draw
27-03-2023,Dorking Wanderers,Southend,,1-0,1.90,FT,2,home
27-03-2023,Maidstone,Bromley,,2-3,1.90,FT,2,away
26-03-2023,Ponferradina,Mirandes,,0-0,2.00,FT,1,draw
26-03-2023,Zaragoza,Albacete,,1-1,2.10,FT,1,draw
26-03-2023,Raith,Hamilton,,0-1,2.15,FT,1,away
26-03-2023,Piacenza,Novara,,1-1,2.30,FT,2,draw
26-03-2023,Sangiuliano City,Pro Vercelli,,1-0,2.35,FT,1,home
26-03-2023,Virtus Verona,Pergolettese,,1-0,2.20,FT,1,home
26-03-2023,Virtus Francavilla,Monopoli,,2-0,2.95,FT,X,home
26-03-2023,Dep. Municipal,Union Comercio,,2-0,1.30,DC,1X,home
26-03-2023,Villarreal II,Huesca,,0-0,1.30,DC,1X,draw
26-03-2023,Northern Ireland,Finland,,0-1,3.00,FT,X,away
26-03-2023,Slovakia,B&H,,2-0,3.10,FT,X,home
26-03-2023,U. Magdalena,CPD Junior,,2-2,2.10,FT,2,draw
26-03-2023,ADT Tarma,Melgar,,0-0,2.25,FT,2,draw
26-03-2023,Sport Boys,Alianza Atl.,,0-1,2.50,FT,2,away
26-03-2023,Dep. Cali,America De Cali,,1-1,2.50,FT,2,draw
26-03-2023,Santa Fe,Millionarios,,1-2,1.40,DC,1X,away
25-03-2023,Charlton,Wycombe,,1-1,2.70,FT,2,draw
25-03-2023,Fleetwood,Lincoln,,2-1,2.30,FT,1,home
25-03-2023,Peterborough,Derby,,2-0,2.55,FT,1,home
25-03-2023,Portsmouth,Port Vale,,2-2,2.00,FT,1,draw
25-03-2023,Barrow,AFC Wimbledon,,2-1,2.00,FT,1,home
25-03-2023,Colchester,Tranmere,,1-1,2.40,FT,1,draw
25-03-2023,Crawley,Rochdale,,2-0,2.15,FT,1,home
25-03-2023,Aldershot,Gateshead,,2-3,3.30,FT,X,away
25-03-2023,Doncaster,Northampton,,0-2,2.05,FT,2,away
25-03-2023,Gillingham,Carlisle,,1-0,1.35,DC,X2,home
25-03-2023,Grimsby,Walsall,,1-1,1.30,DC,1X,draw
25-03-2023,Mansfield,Sutton,,0-0,3.30,FT,X,draw
25-03-2023,Stevenage,Salford,,1-3,2.00,FT,1,away
25-03-2023,Swindon,Stockport County,,0-1,3.25,FT,X,away
25-03-2023,Santander,Levante,,0-1,1.30,DC,X2,away
25-03-2023,Alaves,Tenerife,,1-0,1.90,FT,1,home
24-03-2023,Bulgaria,Montenegro,,0-1,1.40,DC,1X,away
24-03-2023,Avranches,Le Puy,,3-1,2.15,FT,1,home
24-03-2023,Cholet,Versailles,,1-1,2.40,FT,1,draw
24-03-2023,Paris 13 Atl.,Bourg Peronnas,,1-0,2.90,FT,X,home
24-03-2023,Red Star 93,Orleans,,2-1,1.35,DC,1X,home
24-03-2023,Sedan,Dunkerque,,1-3,2.85,FT,2,away
24-03-2023,Villefranche,Concarneau,,1-1,2.20,FT,2,draw
24-03-2023,Uzbekistan,Bolivia,,1-0,2.10,FT,1,home
24-03-2023,Hallescher,Duisburg,,2-2,2.10,FT,1,draw
24-03-2023,Saudi Arabia,Venezuela,,1-2,2.35,FT,1,away
24-03-2023,France,Netherlands,,4-0,1.85,FT,1,home
24-03-2023,Czech Republic,Poland,,3-1,3.20,FT,X,home
24-03-2023,Moldova,Faroe Islands,,1-1,3.00,FT,X,draw
24-03-2023,Sweden,Belgium,,0-3,1.30,DC,X2,away
24-03-2023,Bray,Wexford,,3-2,3.40,FT,X,home
24-03-2023,Finn Harps,Cobh Ramblers,,2-2,2.25,FT,1,draw
23-03-2023,Italy,England,,1-2,1.40,DC,X2,away
23-03-2023,B&H,Iceland,,3-0,1.80,FT,1,home
23-03-2023,F.Guyana,Dominican Republic,,1-1,1.85,FT,1,draw
23-03-2023,CD Equidad,Chico,,2-2,1.35,DC,1X,draw
23-03-2023,America De Cali,CPD Junior,,2-0,2.15,FT,1,home
23-03-2023,Australia,Ecuador,,3-1,2.70,FT,1,home
23-03-2023,Japan,Uruguay,,1-1,2.70,FT,1,draw
23-03-2023,South Korea,Colombia,,2-2,3.00,FT,1,draw
23-03-2023,Bulgaria,Montenegro,,0-1,1.40,DC,1X,away
23-03-2023,Denizlispor,Boluspor,,1-2,3.00,FT,1,away
23-03-2023,Avranches,Le Puy,,3-1,2.15,FT,1,home
23-03-2023,Cholet,Versailles,,1-1,2.40,FT,1,draw
23-03-2023,Paris 13 Atl.,Bourg Peronnas,,1-0,2.90,FT,X,home
23-03-2023,Sedan,Dunkerque,,1-3,2.85,FT,2,away
23-03-2023,Villefranche,Concarneau,,1-1,2.20,FT,2,draw
23-03-2023,Hallescher,Duisburg,,2-2,2.10,FT,1,draw
22-03-2023,Benin,Rwanda,,1-1,1.70,FT,1,draw
22-03-2023,Mansfield,Grimsby,,0-0,1.85,FT,1,draw
22-03-2023,Iran,Russia,,1-1,2.20,FT,1,draw
22-03-2023,Kazakhstan,Slovenia,,1-2,1.90,FT,2,away
22-03-2023,Italy,England,,1-2,1.40,DC,X2,away
22-03-2023,B&H,Iceland,,3-0,1.80,FT,1,home
22-03-2023,F.Guyana,Dominican Republic,,1-1,1.85,FT,1,draw
22-03-2023,CD Equidad,Chico,,2-2,1.35,DC,1X,draw
22-03-2023,America De Cali,CPD Junior,,2-0,2.15,FT,1,home
22-03-2023,Australia,Ecuador,,3-1,2.70,FT,1,home
22-03-2023,Japan,Uruguay,,1-1,2.70,FT,1,draw
22-03-2023,South Korea,Colombia,,2-2,3.00,FT,1,draw
22-03-2023,D.R. Congo,Mauritania,,3-1,1.45,FT,1,home
22-03-2023,Bulgaria,Montenegro,,0-1,1.40,DC,1X,away
22-03-2023,France,Netherlands,,4-0,1.85,FT,1,home
22-03-2023,Czech Republic,Poland,,3-1,3.20,FT,X,home
21-03-2023,Accrington,Plymouth,,0-2,1.85,FT,2,away
21-03-2023,Crawley,Doncaster,,1-1,2.40,FT,1,draw
21-03-2023,Bradford,Carlisle,,0-0,1.50,DC,X2,draw
21-03-2023,Dundee,Ayr Utd.,,3-1,1.25,DC,12,home
21-03-2023,Albion,Stranraer,,0-1,2.25,FT,1,away
21-03-2023,Chippenham,Weymouth,,3-2,2.35,FT,1,home
21-03-2023,Welling Utd.,Taunton Town,,0-1,3.20,FT,X,away
21-03-2023,King’s Lynn,Fylde,,0-1,3.30,FT,X,away
21-03-2023,Banbury Utd.,Curzon,,0-0,2.90,FT,2,draw
21-03-2023,Farsley Celtic,Darlington,,3-1,3.30,FT,X,home
21-03-2023,Spennymoor,Leamington,,1-0,1.85,FT,1,home
21-03-2023,Potters Bar,Bognor Regis,,0-2,1.25,DC,12,away
21-03-2023,Metropolitan,Supermarine,,1-0,3.55,FT,X,home
21-03-2023,Salisbury,Hayes & Yeading,,0-2,2.25,FT,2,away
21-03-2023,Gainsborough,Marine,,1-0,2.10,FT,1,home
21-03-2023,Barnsley,Sheffield Wed,,4-2,3.10,FT,X,home
20-03-2023,Sakaryaspor,Bodrumspor,,2-1,3.20,FT,X,home
20-03-2023,Ingolstadt,Dynamo Dresden,,2-3,2.00,FT,2,away
20-03-2023,Fortaleza,Llaneros,,1-1,2.00,FT,1,draw
20-03-2023,Ancona,Cesena,,0-1,1.25,DC,X2,away
20-03-2023,Mirandes,Eibar,,2-3,1.30,DC,X2,away
20-03-2023,Le Mans,Versailles,,0-0,3.00,FT,X,draw
20-03-2023,Barranquilla,Patriotas,,1-2,2.00,FT,2,away
20-03-2023,Newells Old Boys,San Lorenzo,,1-0,2.80,FT,X,home
20-03-2023,Cerro,Fenix,,2-0,2.35,FT,2,home
20-03-2023,Bucaramanga,Deportes Tolima,,1-1,1.40,DC,1X,draw
20-03-2023,Tacuary,Resistencia Asuncian,,2-0,3.20,FT,X,home
20-03-2023,San Marcos,Cd San Luis,,1-0,2.25,FT,1,home
20-03-2023,Lanus,Argentinos Jrs,,0-0,2.90,FT,X,draw
20-03-2023,Agua Santa,Bragantino,,1-1,2.00,FT,2,draw
20-03-2023,Atletico Huila,Once Caldas,,2-1,3.00,FT,X,home
20-03-2023,Barito Putera,Persis Solo,,2-3,2.15,FT,1,away
19-03-2023,Ternana,Bari,,1-0,1.45,DC,X2,home
19-03-2023,Osasuna,Villarreal,,0-3,3.15,FT,X,away
19-03-2023,Huesca,Zaragoza,,1-1,2.95,FT,2,draw
19-03-2023,Casa Pia,Maritimo,,2-0,1.25,DC,1X,home
19-03-2023,Austria Vienna,Rapid,,2-0,2.50,FT,1,home
19-03-2023,Ried,Wolfsberger,,0-0,3.40,FT,X,draw
19-03-2023,Lazio,Roma,,1-0,3.00,FT,X,home
19-03-2023,Getafe,Sevilla,,2-0,1.45,DC,1X,home
19-03-2023,Lugo,Santander,,1-1,2.80,FT,X,draw
19-03-2023,Villarreal II,Cartagena,,5-2,3.00,FT,X,home
19-03-2023,Braga,Porto,,0-0,3.40,FT,X,draw
19-03-2023,Mainz,Freiburg,,1-1,2.15,FT,1,draw
19-03-2023,Twente,AZ Alkmaar,,2-1,2.20,FT,1,home
19-03-2023,Inter,Juventus,,0-1,1.95,FT,1,away
19-03-2023,Barcelona,Real Madrid,,2-1,2.15,FT,1,home
19-03-2023,Boavista,Famalicao,,1-2,3.10,FT,X,away
18-03-2023,Brentford,Leicester,,1-1,1.95,FT,1,draw
18-03-2023,Wolverhampton,Leeds,,2-4,1.30,DC,1X,away
18-03-2023,Blackpool,Coventry,,1-4,2.20,FT,2,away
18-03-2023,QPR,Birmingham,,0-1,3.00,FT,2,away
18-03-2023,Reading,Hull,,1-1,3.10,FT,X,draw
18-03-2023,Rotherham,Cardiff,,Abn,2.55,FT,2,abandoned
18-03-2023,Stoke,Norwich,,0-0,2.85,FT,2,draw
18-03-2023,Sunderland,Luton,,1-1,2.65,FT,2,draw
18-03-2023,Reggina,Cagliari,,0-4,3.00,FT,X,away
18-03-2023,Rayo Vallecano,Girona,,2-2,2.05,FT,1,draw
18-03-2023,Albacete,Granada,,1-2,2.95,FT,X,away
18-03-2023,Leganes,Oviedo,,0-1,2.10,FT,1,away
18-03-2023,Salernitana,Bologna,,2-2,1.30,DC,X2,draw
18-03-2023,Espanyol,Celta Vigo,,1-3,1.40,DC,X2,away
18-03-2023,Tenerife,Las Palmas,,4-1,2.75,FT,X,home
18-03-2023,Udinese,AC Milan,,3-1,2.15,FT,2,home
17-03-2023,Apoel Nicosia,Paphos,,0-0,1.25,DC,1X,draw
17-03-2023,Gornik,Wisla Plock,,3-2,1.95,FT,1,home
17-03-2023,Cork City,Shelbourne,,0-2,2.90,FT,X,away
17-03-2023,Bielefeld,Nurnberg,,2-2,2.10,FT,1,draw
17-03-2023,Heidenheim,Karlsruher,,5-2,2.20,FT,1,home
17-03-2023,Swallows,Golden Arrows,,0-1,1.40,DC,X2,away
17-03-2023,Petrolul,UTA Arad,,1-0,1.40,DC,X2,home
17-03-2023,Volendam,Fortuna Sittard,,2-1,2.40,FT,1,home
17-03-2023,Wil,Aarau,,0-3,1.85,FT,1,away
17-03-2023,B. Monchengladbach,Werder,,2-2,1.85,FT,1,draw
17-03-2023,Palermo,Modena,,5-2,3.10,FT,X,home
17-03-2023,Radomiak,Legia,,0-2,2.20,FT,2,away
17-03-2023,Cercle Brugge,Genk,,1-1,2.40,FT,2,draw
17-03-2023,Valladolid,Ath Bilbao,,1-3,1.90,FT,2,away
17-03-2023,Malaga,Levante,,0-0,2.00,FT,2,draw
17-03-2023,Santa Clara,Rio Ave,,0-2,2.95,FT,X,away
16-03-2023,Mura,Koper,,1-2,1.30,DC,1X,away
16-03-2023,Katokopia,Karmiotissa,,2-0,1.95,FT,1,home
16-03-2023,Fenerbahce,Sevilla,,1-0,2.25,FT,1,home
16-03-2023,Freiburg,Juventus,,0-2,1.35,DC,12,away
16-03-2023,Betis,Manchester Utd,,0-1,2.00,FT,2,away
16-03-2023,Djurgarden,Lech Poznan,,0-3,3.25,FT,X,away
16-03-2023,Slovan Bratislava,Basel,,2-2,2.50,FT,1,draw
16-03-2023,Sepsi,U Craiova 1948,,4-0,1.90,FT,1,home
16-03-2023,Drogheda,Dundalk,,0-1,1.35,DC,X2,away
16-03-2023,St.Gilloise,Union Berlin,,3-0,2.25,FT,2,home
16-03-2023,Ferencvaros,Leverkusen,,0-2,2.00,FT,2,away
16-03-2023,Sociedad,Roma,,0-0,3.20,FT,X,draw
16-03-2023,AZ Alkmaar,Lazio,,2-1,2.75,FT,1,home
16-03-2023,Cerro Porteno,Fortaleza CE,,2-1,3.10,FT,X,home
16-03-2023,Sporting Cristal,Huracan,,1-0,2.30,FT,2,home
16-03-2023,Cancun,Mineros Z.,,3-2,2.15,FT,1,home
15-03-2023,Basaksehir,Gent,,1-4,3.20,FT,2,away
15-03-2023,Leko,FeralpiSalo,,0-0,2.85,FT,X,draw
15-03-2023,Mantova,Arzignano,,0-1,2.50,FT,1,away
15-03-2023,Pro Patria,Novara,,1-1,2.60,FT,2,draw
15-03-2023,Sangiuliano,AlbinoLeffe,,2-0,2.40,FT,1,home
15-03-2023,Trento,Pergolettese,,0-1,2.20,FT,1,away
15-03-2023,Mannheim,Ingolstadt,,3-2,1.70,FT,1,home
15-03-2023,Spartak Subotica,Napredak,,0-1,3.20,FT,X,away
15-03-2023,Southampton,Brentford,,0-2,1.40,DC,X2,away
15-03-2023,Cardiff,WBA,,1-1,2.25,FT,2,draw
15-03-2023,Sunderland,Sheffield Utd,,1-2,2.25,FT,2,away
15-03-2023,Real Madrid,Liverpool,,1-0,1.25,DC,12,home
15-03-2023,Foggia,Monopoli,,1-0,2.00,FT,1,home
15-03-2023,Virtus Francavilla,Juve Stabia,,3-1,2.30,FT,1,home
15-03-2023,Fortaleza,U. Magdalena,,2-1,2.60,FT,1,home
15-03-2023,Tigres,Envigado,,1-1,1.30,DC,12,draw
14-03-2023,Paris,Amiens,,3-0,2.10,FT,1,home
14-03-2023,Munich 1860,Elversberg,,1-1,2.00,FT,2,draw
14-03-2023,Blackpool,QPR,,6-1,3.20,FT,X,home
14-03-2023,Millwall,Swansea,,2-1,1.90,FT,1,home
14-03-2023,Rotherham,Preston,,1-2,3.00,FT,X,away
14-03-2023,Watford,Birmingham,,3-0,1.80,FT,1,home
14-03-2023,Wigan,Coventry,,1-1,1.35,DC,12,draw
14-03-2023,Accrington,Portsmouth,,1-3,3.30,FT,X,away
14-03-2023,Morecambe,Charlton,,1-4,3.10,FT,1,away
14-03-2023,Burton,Peterborough,,2-5,3.40,FT,X,away
14-03-2023,Bristol Rovers,Wycombe,,0-2,2.40,FT,2,away
14-03-2023,Newport,Wimbledon,,1-1,1.25,DC,1X,draw
14-03-2023,Northampton,Mansfield,,1-0,3.10,FT,2,home
14-03-2023,Walsall,Swindon,,0-0,3.15,FT,X,draw
14-03-2023,Sutton,Grimsby,,0-1,1.95,FT,1,away
14-03-2023,Porto,Inter,,0-0,1.50,DC,1X,draw
13-03-2023,Chindia T.,Voluntari,,1-1,2.25,FT,1,draw
13-03-2023,Istanbulspor,Sivasspor,,3-0,2.30,FT,2,home
13-03-2023,Randers,Aarhus,,1-2,3.05,FT,X,away
13-03-2023,Hammarby TFF,AIK,,2-1,2.00,FT,1,home
13-03-2023,Almere,VVV Venlo,,1-3,1.80,FT,1,away
13-03-2023,NAC Breda,Ajax II,,2-6,1.85,FT,1,away
13-03-2023,De Graafschap,Zwolle,,0-1,2.00,FT,2,away
13-03-2023,Eindhoven,ADO Den Haag,,1-1,2.10,FT,1,draw
13-03-2023,Utrecht II,PSV II,,0-1,2.40,FT,1,away
13-03-2023,Roda,AZ Alkmar II,,2-0,1.80,FT,1,home
13-03-2023,Crotone,Catanzaro,,1-1,2.35,FT,2,draw
13-03-2023,Falkirk,Ayr,,2-1,2.35,FT,1,home
13-03-2023,Metz,Le Havre,,1-1,1.30,DC,1X,draw
13-03-2023,Girona,Atl. Madrid,,0-1,2.05,FT,2,away
13-03-2023,Santander,Huesca,,1-1,1.30,DC,1X,draw
13-03-2023,Famalicao,Casa Pia,,1-0,1.30,DC,1X,home
12-03-2023,West Ham,Aston Villa,,1-1,3.30,FT,2,draw
12-03-2023,Verona,Monza,,1-1,3.10,FT,X,draw
12-03-2023,Ajaccio,Montpellier,,0-1,2.50,FT,2,away
12-03-2023,Angers,Toulouse,,0-2,2.00,FT,2,away
12-03-2023,Nantes,Nice,,2-2,2.45,FT,2,draw
12-03-2023,Freiburg,Hoffenheim,,2-1,1.95,FT,1,home
12-03-2023,Gijon,Mirandes,,3-4,1.75,FT,1,away
12-03-2023,Cosenza,Spal,,1-0,1.40,DC,1X,home
12-03-2023,Rio Ave,Gil Vicente,,2-1,3.10,FT,X,home
12-03-2023,Start,Tromso,,1-1,3.00,FT,1,draw
12-03-2023,Werder,Leverkusen,,2-3,2.15,FT,2,away
12-03-2023,Villarreal,Betis,,1-1,1.90,FT,1,draw
12-03-2023,Cartagena,Andorra,,0-3,1.35,DC,1X,away
12-03-2023,Wolfsburg,Union Berlin,,1-1,2.25,FT,1,draw
12-03-2023,Viking,Rosenborg,,2-0,2.60,FT,2,home
12-03-2023,Ath.Bilbao,Barcelona,,0-1,1.30,DC,X2,away
11-03-2023,Everton,Brentford,,1-0,1.35,DC,12,home
11-03-2023,Leeds,Brighton,,2-2,2.00,FT,2,draw
11-03-2023,Leicester,Chelsea,,1-3,2.00,FT,2,away
11-03-2023,Birmingham,Rotherham,,2-0,2.00,FT,1,home
11-03-2023,Coventry,Hull,,1-1,2.00,FT,1,draw
11-03-2023,Preston,Cardiff,,2-0,1.45,DC,X2,home
11-03-2023,QPR,Watford,,1-0,1.35,DC,X2,home
11-03-2023,Reading,Millwall,,0-1,2.10,FT,2,away
11-03-2023,Sheffield Utd,Luton,,0-1,2.00,FT,1,away
11-03-2023,Swansea,Middlesbrough,,1-3,2.15,FT,2,away
11-03-2023,Elche,Valladolid,,1-1,2.65,FT,1,draw
11-03-2023,Auxerre,Rennes,,0-0,1.95,FT,2,draw
11-03-2023,Celta Vigo,Vallecano,,3-0,3.10,FT,X,home
11-03-2023,Lugano,Zurich,,2-0,2.60,FT,2,home
11-03-2023,Bologna,Lazio,,0-0,2.40,FT,2,draw
11-03-2023,Valencia,Osasuna,,1-0,2.10,FT,1,home
10-03-2023,Odense,Aalborg,,2-1,2.20,FT,1,home
10-03-2023,Go Head,RKC Waalwijk,,Postp,2.10,FT,1,postponed
10-03-2023,Dordrecht,De Graafschap,,0-4,1.75,FT,2,away
10-03-2023,Helmond,PSV II,,3-0,1.40,DC,1X,home
10-03-2023,Roda,Telstar,,1-2,2.00,FT,1,away
10-03-2023,Oss,ADO Den Haag,,2-3,3.30,FT,1,away
10-03-2023,Willem II,Zwolle,,2-3,2.60,FT,2,away
10-03-2023,Cagliari,Ascoli,,4-1,1.25,DC,1X,home
10-03-2023,Crewe,Salford,,4-3,1.90,FT,2,home
10-03-2023,Inverness,Kilmarnock,,2-1,2.05,FT,2,home
10-03-2023,Charleroi,Leuven,,0-1,2.05,FT,1,away
10-03-2023,UCD,Drogheda,,0-1,1.95,FT,2,away
10-03-2023,Stoke,Blackburn,,3-2,2.00,FT,1,home
10-03-2023,Cadiz,Getafe,,2-2,2.85,FT,X,draw
10-03-2023,Oviedo,Tenerife,,0-0,2.70,FT,X,draw
10-03-2023,Lille,Olympique Lyon,,3-3,1.25,DC,1X,draw
09-03-2023,Sporting,Arsenal,,2-2,2.10,FT,2,draw
09-03-2023,Roma,Sociedad,,2-0,2.15,FT,1,home
09-03-2023,Anderlecht,Villarreal,,1-1,2.00,FT,2,draw
09-03-2023,Shakhtar,Feyenoord,,1-1,2.30,FT,2,draw
09-03-2023,Lech Poznan,Djurgarden,,2-0,1.25,DC,1X,home
09-03-2023,Gent,Basaksehir,,1-1,2.00,FT,1,draw
09-03-2023,Motagua,Pachuca,,0-0,1.85,FT,2,draw
09-03-2023,Alajuelense,Los Angeles,,0-3,1.40,DC,X2,away
09-03-2023,Giresunspor,Karagumruk,,2-2,2.40,FT,1,draw
09-03-2023,Odense,Aalborg,,2-1,2.20,FT,1,home
09-03-2023,Go Head,RKC Waalwijk,,Postp,2.10,FT,1,postponed
09-03-2023,Cagliari,Ascoli,,4-1,2.05,FT,1,home
09-03-2023,Stoke,Blackburn,,3-2,2.00,FT,1,home
09-03-2023,Cadiz,Getafe,,2-2,2.85,FT,X,draw
09-03-2023,Oviedo,Tenerife,,0-0,2.70,FT,X,draw
09-03-2023,Lille,Olympique Lyon,,3-3,1.25,DC,1X,draw
08-03-2023,Leiknir,IBV,,0-2,1.20,DC,12,away
08-03-2023,Sonderjyske,Silkeborg,,0-2,2.00,FT,2,away
08-03-2023,Livingston,Dundee Utd,,1-1,3.20,FT,X,draw
08-03-2023,Tottenham,Milan,,0-0,1.90,FT,1,draw
08-03-2023,Bayern Munich,PSG,,2-0,1.90,FT,1,home
08-03-2023,Defensor Sporting,Danubio,,0-0,3.10,FT,X,draw
08-03-2023,Guabira,Oriente Petrolero,,0-1,2.35,FT,2,away
08-03-2023,Magallanes,Ind. Medellin,,1-1,2.30,FT,1,draw
08-03-2023,Aguilas,Santa Fe,,1-2,1.30,DC,1X,away
08-03-2023,Estudiantes Merida,Dep. Tachira,,1-1,2.20,FT,2,draw
08-03-2023,Millonarios,Atletico-MG,,1-1,1.40,DC,X2,draw
08-03-2023,Sporting,Arsenal,,2-2,2.10,FT,2,draw
08-03-2023,Roma,Sociedad,,2-0,2.15,FT,1,home
08-03-2023,Sheriff Tiraspol,Nice,,0-1,1.85,FT,2,away
08-03-2023,Anderlecht,Villarreal,,1-1,2.00,FT,2,draw
08-03-2023,Shakhtar,Feyenoord,,1-1,2.30,FT,2,draw
07-03-2023,Huddersfield,Bristol City,,0-0,2.45,FT,2,draw
07-03-2023,Barnsley,Portsmouth,,3-1,2.05,FT,1,home
07-03-2023,Cheltenham,Lincoln,,0-0,1.40,DC,X2,draw
07-03-2023,Cambridge Utd,Morecambe,,1-1,2.00,FT,1,draw
07-03-2023,Doncaster,Harrogate,,0-2,1.95,FT,1,away
07-03-2023,Grimsby,Newport,,1-1,2.10,FT,1,draw
07-03-2023,Walsall,Bradford City,,0-0,1.45,DC,X2,draw
07-03-2023,Morton,Ayr,,1-3,3.10,FT,X,away
07-03-2023,Dunfermline,Falkirk,,2-0,1.35,DC,1X,home
07-03-2023,Dumbarton,Stirling,,Postp,2.50,FT,2,postponed
07-03-2023,Bromley,York City,,0-3,1.95,FT,1,away
07-03-2023,Dorking Wanderers,Barnet,,2-1,1.95,FT,2,home
07-03-2023,Gateshead,Halifax,,0-0,2.05,FT,1,draw
07-03-2023,Reading,Sheffield Utd,,0-1,1.80,FT,2,away
07-03-2023,Plymouth,Derby,,2-1,3.40,FT,X,home
07-03-2023,Chelsea,Dortmund,,2-0,1.90,FT,1,home
06-03-2023,Voluntari,FC Arges,,0-0,2.00,FT,1,draw
06-03-2023,Kasimpasa,Antalyaspor,,3-1,2.10,FT,1,home
06-03-2023,Martigues,Red Star 93,,0-2,3.00,FT,X,away
06-03-2023,Mannheim,Elversberg,,2-1,1.35,DC,X2,home
06-03-2023,Aalborg,Midtjylland,,0-0,1.95,FT,2,draw
06-03-2023,Sepsi,Cluj,,2-2,1.35,DC,1X,draw
06-03-2023,ADO Den Haag,Heracles,,0-3,2.25,FT,2,away
06-03-2023,PSV II,NAC Breda,,1-2,2.55,FT,2,away
06-03-2023,Utrecht II,Roda,,1-3,2.25,FT,2,away
06-03-2023,Pro Vercelli,Vicenza,,1-4,2.10,FT,2,away
06-03-2023,Torino,Bologna,,1-0,3.30,FT,2,home
06-03-2023,Caen,Sochaux,,0-0,3.05,FT,X,draw
06-03-2023,Brentford,Fulham,,3-2,2.00,FT,1,home
06-03-2023,Osasuna,Celta Vigo,,0-0,1.45,DC,1X,draw
06-03-2023,Villarreal II,Alaves,,1-0,2.10,FT,2,home
06-03-2023,Casa Pia,Ferreira,,2-1,2.00,FT,1,home
05-03-2023,Nottingham,Everton,,2-2,2.70,FT,1,draw
05-03-2023,Sampdoria,Salernitana,,0-0,1.35,DC,1X,draw
05-03-2023,Strasbourg,Brest,,0-1,2.00,FT,1,away
05-03-2023,Albacete,Gijon,,2-1,1.20,DC,1X,home
05-03-2023,Rapid,Salzburg,,2-4,1.75,FT,2,away
05-03-2023,Liverpool,Manchester Utd,,7-0,3.60,FT,X,home
05-03-2023,Wolfsburg,Eintracht Frankfurt,,2-2,2.45,FT,1,draw
05-03-2023,Rayo Vallecano,Ath Bilbao,,0-0,3.05,FT,X,draw
05-03-2023,Lugo,Zaragoza,,0-0,1.30,DC,X2,draw
05-03-2023,Malaga,R.Santander,,0-1,2.95,FT,X,away
05-03-2023,Gent,Anderlecht,,1-0,3.40,FT,X,home
05-03-2023,Santa Clara,Guimaraes,,1-3,2.50,FT,2,away
05-03-2023,Cambuur,Go Ahead,,4-1,2.45,FT,2,home
05-03-2023,Roma,Juventus,,1-0,3.10,FT,X,home
05-03-2023,Rennes,Olympique Marseille,,0-1,2.40,FT,2,away
05-03-2023,Ponferradina,Cartagena,,0-3,2.95,FT,X,away
04-03-2023,Aston Villa,Crystal Palace,,1-0,2.05,FT,1,home
04-03-2023,Brighton,West Ham,,4-0,1.80,FT,1,home
04-03-2023,Wolverhampton,Tottenham,,1-0,2.30,FT,2,home
04-03-2023,Huddersfield,Coventry,,0-4,1.30,DC,12,away
04-03-2023,Luton,Swansea,,1-0,2.00,FT,1,home
04-03-2023,Millwall,Norwich,,2-3,1.50,DC,X2,away
04-03-2023,Rotherham,QPR,,3-1,2.80,FT,1,home
04-03-2023,Sunderland,Stoke,,1-5,3.20,FT,2,away
04-03-2023,Watford,Preston,,0-0,1.80,FT,1,draw
04-03-2023,Wigan,Birmingham,,1-1,2.30,FT,1,draw
04-03-2023,Almeria,Villarreal,,0-2,2.05,FT,2,away
04-03-2023,Estoril,Vizela,,0-3,2.70,FT,1,away
04-03-2023,Lens,Lille,,1-1,2.30,FT,1,draw
04-03-2023,Southampton,Leicester,,1-0,2.60,FT,2,home
04-03-2023,Luzern,Basel,,0-1,2.60,FT,2,away
04-03-2023,Fiorentina,Milan,,2-1,1.40,DC,X2,home
03-03-2023,Alanyaspor,Basaksehir,,1-0,1.40,DC,X2,home
03-03-2023,Magdeburg,Kaiserslautern,,2-0,3.45,FT,X,home
03-03-2023,Paderborn,St. Pauli,,1-2,3.45,FT,X,away
03-03-2023,Yverdon,Wil,,1-1,2.40,FT,1,draw
03-03-2023,Vitesse,AZ Alkmaar,,0-1,2.05,FT,2,away
03-03-2023,Dordrecht,Almere City,,0-1,1.85,FT,2,away
03-03-2023,Telstar,Eindhoven,,0-1,2.90,FT,2,away
03-03-2023,Boavista,Arouca,,0-0,1.30,DC,1X,draw
03-03-2023,Xamax,Aarau,,0-0,2.50,FT,1,draw
03-03-2023,Dortmund,RB Leipzig,,2-1,2.25,FT,1,home
03-03-2023,Drogheda,Sligo Rovers,,1-0,1.30,DC,X2,home
03-03-2023,Dundalk,St. Patricks,,5-0,3.10,FT,X,home
03-03-2023,Shelbourne,Bohemians,,1-0,3.00,FT,X,home
03-03-2023,Hull,WBA,,2-0,2.30,FT,2,home
03-03-2023,Andorra,Las Palmas,,0-0,2.85,FT,X,draw
03-03-2023,Shamrock Rovers,Derry City,,1-2,2.80,FT,2,away
02-03-2023,Nea Salamis,AEL Limassol,,1-1,3.00,FT,X,draw
02-03-2023,Aalborg,Viborg,,2-0,2.25,FT,2,home
02-03-2023,Debrecen,Puskas,,1-3,3.40,FT,X,away
02-03-2023,Antwerp,St.Gilloise,,1-0,2.50,FT,1,home
02-03-2023,Real Madrid,Barcelona,,0-1,2.30,FT,1,away
02-03-2023,Universitad Chile,Union La Calera,,1-1,1.30,DC,1X,draw
02-03-2023,Adelaide,Melbourne City,,4-2,1.90,FT,2,home
02-03-2023,Yokohama F. Marinos,Sanfrecce Hiroshima,,1-1,1.85,FT,1,draw
02-03-2023,Istra 1961,Rijeka,,0-2,1.35,DC,X2,away
02-03-2023,Magdeburg,Kaiserslautern,,2-0,3.45,FT,X,home
02-03-2023,Paderborn,St. Pauli,,1-2,3.45,FT,X,away
02-03-2023,Boavista,Arouca,,0-0,1.30,DC,1X,draw
02-03-2023,Vitesse,AZ Alkmaar,,0-1,2.05,FT,2,away
02-03-2023,Telstar,Eindhoven,,0-1,2.90,FT,2,away
02-03-2023,Dortmund,RB Leipzig,,2-1,2.25,FT,1,home
02-03-2023,Hull,WBA,,2-0,2.30,FT,2,home
01-03-2023,Pharco,Al Moqawloon,,2-1,2.25,FT,2,home
01-03-2023,Budejovice,Brno,,2-1,2.05,FT,1,home
01-03-2023,Liberec,Sparta Prague,,2-2,2.10,FT,2,draw
01-03-2023,Osijek,Hajduk,,1-2,3.10,FT,X,away
01-03-2023,Nantes,Lens,,2-1,1.80,FT,2,home
01-03-2023,Botosani,Rapid Buc.,,1-2,1.25,DC,X2,away
01-03-2023,St. Gallen,Basel,,1-1,2.20,FT,1,draw
01-03-2023,Sion,Lugano,,0-3,2.45,FT,2,away
01-03-2023,Bari,Venezia,,1-0,2.05,FT,1,home
01-03-2023,Benevento,Sudtirol,,0-2,2.15,FT,1,away
01-03-2023,Cagliari,Genoa,,0-0,3.05,FT,X,draw
01-03-2023,Cittadella,Brescia,,0-0,1.25,DC,1X,draw
01-03-2023,Modena,Ascoli,,0-1,2.05,FT,1,away
01-03-2023,Perugia,Como,,0-0,1.30,DC,1X,draw
01-03-2023,Spal,Frosinone,,0-2,2.00,FT,2,away
01-03-2023,Osasuna,Ath Bilbao,,1-0,2.40,FT,2,home
28-02-2023,Chindia T.,U Craiova 1948,,0-0,1.40,DC,X2,draw
28-02-2023,Krasnodar,CSKA,,1-0,2.20,FT,2,home
28-02-2023,Farul Constanta,Sepsi,,2-0,2.00,FT,1,home
28-02-2023,Cosenza,Reggina,,2-1,1.90,FT,2,home
28-02-2023,Palermo,Ternana,,0-0,2.00,FT,1,draw
28-02-2023,Parma,Pisa,,0-1,2.10,FT,1,away
28-02-2023,Preston,Coventry,,0-0,2.60,FT,2,draw
28-02-2023,Lincoln City,Milton Keynes Dons,,1-1,2.20,FT,1,draw
28-02-2023,Portsmouth,Bolton,,3-1,3.30,FT,X,home
28-02-2023,Fulham,Leeds,,2-0,2.10,FT,1,home
28-02-2023,Gillingham,Bradford City,,0-2,1.45,DC,1X,away
28-02-2023,Harrogate,Northampton,,1-1,2.15,FT,2,draw
28-02-2023,Wimbledon,Stevenage,,2-3,2.10,FT,2,away
28-02-2023,Barrow,Salford,,1-1,2.90,FT,2,draw
28-02-2023,Mechelen,Zulte-Waregem,,1-0,2.00,FT,1,home
28-02-2023,Luton,Millwall,,2-2,1.60,DC,X2,draw
27-02-2023,El Gaish,Al Ittihad,,3-4,1.35,DC,X2,away
27-02-2023,Verona,Fiorentina,,0-3,1.35,DC,X2,away
27-02-2023,Midtjylland,Brondby,,0-1,2.05,FT,1,away
27-02-2023,Zaglebie,Legnica,,2-1,2.05,FT,1,home
27-02-2023,PSV II,AZ Alkamr II,,3-3,2.10,FT,1,draw
27-02-2023,FeralpiSalo,Pordenone,,1-1,2.85,FT,X,draw
27-02-2023,Amiens,Bordeaux,,1-2,3.20,FT,X,away
27-02-2023,Versailles,Concarneau,,0-1,3.10,FT,X,away
27-02-2023,Barracas,Gimnasia L.P.,,1-0,3.00,FT,X,home
27-02-2023,Guimaraes,Braga,,2-1,1.95,FT,2,home
27-02-2023,Santo Andre,Mirassol,,0-1,1.35,DC,X2,away
27-02-2023,Chico,Deportivo Pasto,,1-1,3.00,FT,X,draw
27-02-2023,Delfin,Orense SC,,1-1,2.10,FT,1,draw
27-02-2023,Cordoba Santiago,Argentinos Juniors,,1-0,1.90,FT,2,home
27-02-2023,Perez Zeledon,Herediano,,2-3,2.15,FT,2,away
27-02-2023,Leon,Monterrey,,1-1,2.45,FT,2,draw
26-02-2023,Salernitana,Monza,,3-0,2.20,FT,2,home
26-02-2023,Ajaccio,Troyes,,2-1,2.20,FT,1,home
26-02-2023,Clermont,Strasbourg,,1-1,3.10,FT,X,draw
26-02-2023,Nantes,Rennes,,0-1,3.30,FT,X,away
26-02-2023,Reims,Toulouse,,3-0,2.10,FT,1,home
26-02-2023,Freiburg,Leverkusen,,1-1,2.20,FT,1,draw
26-02-2023,Rangers,Celtic,,1-2,2.15,FT,2,away
26-02-2023,Zaragoza,Burgos CF,,0-0,1.20,DC,1X,draw
26-02-2023,Rio Ave,Chaves,,1-0,2.15,FT,1,home
26-02-2023,Monaco,Nice,,0-3,2.00,FT,1,away
26-02-2023,Manchester Utd,Newcastle,,2-0,1.30,DC,1X,home
26-02-2023,Ferreira,Boavista,,1-3,3.10,FT,X,away
26-02-2023,Milan,Atalanta,,2-0,2.15,FT,1,home
26-02-2023,Olympique Marseille,PSG,,0-3,1.55,DC,1X,away
26-02-2023,Sevilla,Osasuna,,2-3,1.85,FT,1,away
26-02-2023,Oviedo,Albacete,,1-1,2.70,FT,X,draw
25-02-2023,Everton,Aston Villa,,0-2,3.00,FT,2,away
25-02-2023,Leeds,Southampton,,1-0,3.70,FT,2,home
25-02-2023,Birmingham,Luton,,0-1,1.50,DC,1X,away
25-02-2023,Bristol City,Hull,,1-0,1.35,DC,1X,home
25-02-2023,Preston,Wigan,,2-1,3.20,FT,2,home
25-02-2023,QPR,Blackburn,,1-3,2.25,FT,1,away
25-02-2023,Reading,Blackpool,,3-1,2.10,FT,1,home
25-02-2023,Stoke,Millwall,,0-1,1.50,DC,X2,away
25-02-2023,WBA,Middlesbrough,,2-0,2.35,FT,1,home
25-02-2023,Cadiz,Rayo Vallecano,,1-0,3.00,FT,X,home
25-02-2023,Schalke,Stuttgart,,2-1,3.30,FT,X,home
25-02-2023,Lecce,Sassuolo,,0-1,3.20,FT,X,away
25-02-2023,Valencia,Sociedad,,1-0,2.40,FT,2,home
25-02-2023,Montpellier,Lens,,1-1,1.85,FT,2,draw
25-02-2023,Gijon,Tenerife,,1-0,2.80,FT,X,home
25-02-2023,Mirandes,Leganes,,0-0,2.90,FT,X,draw
24-02-2023,Hallescher,Munich 1860,,0-0,2.25,FT,2,draw
24-02-2023,Trofense,Penafiel,,1-2,2.95,FT,X,away
24-02-2023,UTA Arad,Farul Constanta,,0-1,1.35,DC,X2,away
24-02-2023,Sparta,Utrecht,,0-3,2.60,FT,2,away
24-02-2023,Eindhoven,De Graafschap,,0-4,1.40,DC,1X,away
24-02-2023,Helmond,Utrecht II,,2-0,1.35,DC,1X,home
24-02-2023,Roda,Almere,,0-2,2.50,FT,2,away
24-02-2023,Wil,Lausanne,,1-2,2.35,FT,1,away
24-02-2023,Mainz,B. Monchengladbach,,4-0,2.15,FT,1,home
24-02-2023,Frosinone,Parma,,3-4,2.05,FT,1,away
24-02-2023,Pisa,Perugia,,2-1,3.05,FT,X,home
24-02-2023,Zulte-Waregem,Kortrijk,,3-3,2.20,FT,1,draw
24-02-2023,Bohemians D.,Dundalk,,2-1,3.10,FT,X,home
24-02-2023,Fulham,Wolverhampton,,1-1,2.50,FT,1,draw
24-02-2023,Elche,Betis,,2-3,2.00,FT,2,away
24-02-2023,Famalicao,Portimonense,,1-0,1.85,FT,1,home
23-02-2023,Domzale,Maribor,,1-1,1.80,FT,2,draw
23-02-2023,Monaco,Leverkusen,,2-3,2.20,FT,1,away
23-02-2023,PSV,Sevilla,,2-0,2.10,FT,1,home
23-02-2023,Cluj,Lazio,,0-0,1.95,FT,2,draw
23-02-2023,Dnipro-1,AEK Larnaca,,0-0,1.30,DC,1X,draw
23-02-2023,Partizan,Sheriff Tiraspol,,1-3,1.95,FT,1,away
23-02-2023,Anderlecht,Ludogorets,,2-1,1.90,FT,1,home
23-02-2023,Fram,Vikingur,,0-3,2.00,FT,2,away
23-02-2023,Manchester Utd,Barcelona,,2-1,2.30,FT,1,home
23-02-2023,Union Berlin,Ajax,,3-1,2.25,FT,1,home
23-02-2023,Gent,Qarabag,,1-0,1.90,FT,1,home
23-02-2023,Basel,Trabzonspor,,2-0,2.30,FT,1,home
23-02-2023,Lech Poznan,Bodo/Glimt,,1-0,2.10,FT,1,home
23-02-2023,Guadalupe FC,Perez Zeledon,,1-1,1.30,DC,1X,draw
23-02-2023,Universidad Catolica,Millonarios,,0-0,1.30,DC,1X,draw
23-02-2023,Santos Laguna,Toluca,,0-5,1.90,FT,1,away
22-02-2023,Lokomotiv Moscow,Spartak Moscow,,0-1,1.25,DC,X2,away
22-02-2023,EL Nacional,Ind. Medellin,,2-2,2.20,FT,1,draw
22-02-2023,Ituano,Sao Bernardo,,0-2,1.35,DC,X2,away
22-02-2023,Boston River,Huracan,,0-0,1.85,FT,2,draw
22-02-2023,Cruz Azul,Atlas,,1-0,2.00,FT,1,home
22-02-2023,Krylya Sovetov,Dynamo Moscow,,2-1,1.40,DC,X2,home
22-02-2023,Bengaluru,Goa,,3-1,2.40,FT,1,home
22-02-2023,CSKA,Krasnodar,,3-0,1.80,FT,1,home
22-02-2023,Domzale,Maribor,,1-1,1.80,FT,2,draw
22-02-2023,Monaco,Leverkusen,,2-3,2.20,FT,1,away
22-02-2023,PSV,Sevilla,,2-0,2.10,FT,1,home
22-02-2023,Cluj,Lazio,,0-0,1.95,FT,2,draw
22-02-2023,Partizan,Sheriff Tiraspol,,1-3,1.95,FT,1,away
22-02-2023,Anderlecht,Ludogorets,,2-1,1.90,FT,1,home
22-02-2023,Manchester Utd,Barcelona,,2-1,2.30,FT,1,home
22-02-2023,Union Berlin,Ajax,,3-1,2.25,FT,1,home
21-02-2023,Blackburn,Blackpool,,1-0,1.95,FT,1,home
21-02-2023,Millwall,Burnley,,1-1,1.35,DC,X2,draw
21-02-2023,Rotherham,Sunderland,,2-1,2.15,FT,2,home
21-02-2023,Swansea,Stoke,,1-3,3.20,FT,X,away
21-02-2023,Fleetwood,Cambridge Utd,,1-0,2.05,FT,1,home
21-02-2023,Morecambe,Port Vale,,1-0,2.15,FT,2,home
21-02-2023,Hartlepool,Newport,,0-1,3.20,FT,X,away
21-02-2023,Hamilton,Inverness,,2-1,3.20,FT,X,home
21-02-2023,Albion,Elgin,,3-0,2.10,FT,1,home
21-02-2023,Barnet,Altrincham,,2-4,1.30,DC,1X,away
21-02-2023,Dag & Red,Aldershot,,2-1,2.10,FT,1,home
21-02-2023,Dorking Wanderers,Torquay,,3-2,2.60,FT,2,home
21-02-2023,Gateshead,Oldham,,2-1,2.15,FT,1,home
21-02-2023,Halifax,Solihull,,1-1,2.50,FT,2,draw
21-02-2023,Liverpool,Real Madrid,,2-5,1.40,DC,1X,away
21-02-2023,Eintracht Frankfurt,Napoli,,0-2,2.15,FT,2,away
20-02-2023,Botosani,Sepsi,,1-1,1.95,FT,2,draw
20-02-2023,Anorthosis,Paphos,,2-1,2.15,FT,2,home
20-02-2023,OFI,Aris,,0-3,3.00,FT,X,away
20-02-2023,Oldenburg,Hallescher,,0-1,2.40,FT,2,away
20-02-2023,Viborg,Midtjylland,,0-4,1.35,DC,1X,away
20-02-2023,U Craiova 1948,Voluntari,,2-1,1.85,FT,1,home
20-02-2023,Radomiak,Jagiellonia,,0-0,3.30,FT,X,draw
20-02-2023,Maccabi T.A.,Hapoel B.S.,,1-0,1.85,FT,1,home
20-02-2023,Utrecht II,NAC Breda,,4-1,2.45,FT,2,home
20-02-2023,Cesena,Reggiana,,1-2,3.00,FT,X,away
20-02-2023,Nimes,St Etienne,,1-2,1.25,DC,X2,away
20-02-2023,Watford,WBA,,3-2,3.20,FT,X,home
20-02-2023,Getafe,Valencia,,1-0,2.90,FT,X,home
20-02-2023,Malaga,Zaragoza,,3-0,2.85,FT,X,home
20-02-2023,Sarmiento,San Lorenzo,,0-1,1.35,DC,X2,away
20-02-2023,Atletico Tucuman,Velez,,1-1,3.00,FT,X,draw
19-02-2023,Lorient,Ajaccio,,3-0,2.05,FT,1,home
19-02-2023,Troyes,Montpellier,,0-1,3.30,FT,X,away
19-02-2023,Silkeborg,FC Copenhagen,,0-3,1.35,DC,X2,away
19-02-2023,Modena,Genoa,,2-2,1.30,DC,X2,draw
19-02-2023,Rayo Vallecano,Sevilla,,1-1,3.10,FT,X,draw
19-02-2023,Andorra FC,Gijon,,1-0,1.25,DC,1X,home
19-02-2023,Santa Clara,Famalicao,,1-3,3.00,FT,X,away
19-02-2023,Grasshoppers,Zurich,,1-2,1.85,FT,2,away
19-02-2023,Atl. Madrid,Ath Bilbao,,1-0,2.05,FT,1,home
19-02-2023,Burgos,Albacete,,1-1,2.75,FT,X,draw
19-02-2023,Kortrijk,Anderlecht,,2-2,1.95,FT,2,draw
19-02-2023,St. Truiden,Westerlo,,0-1,2.65,FT,1,away
19-02-2023,Excelsior,NEC,,0-3,3.10,FT,1,away
19-02-2023,Toulouse,Olympique Marseille,,2-3,1.90,FT,2,away
19-02-2023,Villarreal II,Racing Santander,,2-1,3.00,FT,X,home
19-02-2023,Casa Pia,Guimaraes,,0-0,3.15,FT,X,draw
18-02-2023,Brentford,Crystal Palace,,1-1,1.85,FT,1,draw
18-02-2023,Everton,Leeds,,1-0,2.40,FT,1,home
18-02-2023,Blackburn,Swansea,,1-0,2.65,FT,1,home
18-02-2023,Blackpool,Stoke,,1-0,1.40,DC,X2,home
18-02-2023,Huddersfield,Birmingham,,2-1,1.45,DC,1X,home
18-02-2023,Hull,Preston,,0-0,2.10,FT,1,draw
18-02-2023,Luton,Burnley,,0-1,2.20,FT,2,away
18-02-2023,Rotherham,Coventry,,0-2,3.30,FT,X,away
18-02-2023,Sunderland,Bristol City,,1-1,2.00,FT,1,draw
18-02-2023,Wigan,Norwich,,0-0,2.00,FT,2,draw
18-02-2023,Bari,Cagliari,,1-1,3.10,FT,X,draw
18-02-2023,Nice,Reims,,0-0,1.30,DC,1X,draw
18-02-2023,Monza,Milan,,0-1,2.10,FT,2,away
18-02-2023,Newcastle,Liverpool,,0-2,2.50,FT,1,away
18-02-2023,Mallorca,Villarreal,,4-2,2.45,FT,2,home
18-02-2023,Estoril,Ferreira,,1-3,2.10,FT,1,away
16-02-2023,Olympiakos N.,Anorthosis,,2-1,1.85,FT,2,home
16-02-2023,Shakhtar,Rennes,,2-1,1.30,DC,X2,home
16-02-2023,Ajax,Union Berlin,,0-0,2.00,FT,1,draw
16-02-2023,Salzburg,Roma,,1-0,3.25,FT,X,home
16-02-2023,Qarabag,Gent,,1-0,2.10,FT,1,home
16-02-2023,Trabzonspor,Basel,,1-0,1.80,FT,1,home
16-02-2023,Braga,Fiorentina,,0-4,2.40,FT,1,away
16-02-2023,Leverkusen,Monaco,,2-3,2.10,FT,1,away
16-02-2023,Sevilla,PSV,,3-0,2.25,FT,1,home
16-02-2023,AEK Larnaca,Dnipro-1,,1-0,2.05,FT,1,home
16-02-2023,Sheriff Tiraspol,Partizan,,0-1,1.45,DC,X2,away
16-02-2023,Ludogorets,Anderlecht,,1-0,2.25,FT,1,home
16-02-2023,Mirassol,Ituano,,1-0,2.05,FT,1,home
16-02-2023,Santo Andre,Santos,,1-1,1.30,DC,X2,draw
16-02-2023,Vasco da Gama,Botafogo,,2-0,3.00,FT,X,home
16-02-2023,Zamora,Boston River,,0-1,3.25,FT,2,away
15-02-2023,Al Sahel,Al Tadamon,,1-0,2.80,FT,2,home
15-02-2023,Omonia,Apoel Nicosia,,1-2,1.45,DC,X2,away
15-02-2023,Winterthur,Servette,,1-2,2.35,FT,2,away
15-02-2023,Agua Santa,Bragantino,,1-0,2.05,FT,2,home
15-02-2023,Siena,Sassari,,2-2,2.25,FT,1,draw
15-02-2023,Arsenal,Manchester City,,1-3,3.50,FT,X,away
15-02-2023,Bristol City,Wigan,,1-1,1.25,DC,1X,draw
15-02-2023,Preston,Luton,,1-1,2.60,FT,2,draw
15-02-2023,Stoke,Huddersfield,,3-0,1.85,FT,1,home
15-02-2023,Motherwell,St. Mirren,,2-1,2.90,FT,2,home
15-02-2023,Sheffield Utd,Middlesbrough,,1-3,1.25,DC,1X,away
15-02-2023,Club Brugge,Benfica,,0-2,1.90,FT,2,away
15-02-2023,Dortmund,Chelsea,,1-0,2.45,FT,1,home
15-02-2023,Guarani,Sao Bernardo FC,,1-5,2.20,FT,1,away
15-02-2023,Portuguesa,Ferroviaria,,1-1,2.10,FT,1,draw
15-02-2023,Guadalajara,Tijuana,,2-1,1.85,FT,1,home
14-02-2023,Birmingham,Cardiff,,0-2,3.20,FT,X,away
14-02-2023,Coventry,Millwall,,1-0,1.50,DC,X2,home
14-02-2023,QPR,Sunderland,,0-3,2.95,FT,2,away
14-02-2023,Accrington,Wycombe,,0-2,2.05,FT,2,away
14-02-2023,Cambridge Utd,Cheltenham,,1-2,3.15,FT,X,away
14-02-2023,Exeter,Shrewsbury,,0-0,3.20,FT,2,draw
14-02-2023,Fleetwood,Peterborough,,1-0,2.10,FT,2,home
14-02-2023,Forest Green,Charlton,,0-1,2.30,FT,2,away
14-02-2023,Oxford Utd,Plymouth,,1-3,1.45,DC,X2,away
14-02-2023,Port Vale,Barnsley,,1-3,2.25,FT,2,away
14-02-2023,Bradford City,Tranmere,,2-0,2.35,FT,1,home
14-02-2023,Carlisle,Mansfield,,0-4,1.30,DC,1X,away
14-02-2023,Colchester,Walsall,,0-0,2.60,FT,1,draw
14-02-2023,Reading,Rotherham,,2-1,1.95,FT,1,home
14-02-2023,Milan,Tottenham,,1-0,2.50,FT,1,home
14-02-2023,PSG,Bayern Munich,,0-1,2.50,FT,2,away
13-02-2023,Lamia,OFI,,1-4,1.30,DC,X2,away
13-02-2023,Verona,Salernitana,,1-0,1.80,FT,1,home
13-02-2023,Nancy,Concarneau,,Abn,2.70,FT,1,abandoned
13-02-2023,Viktoria Koln,RW Essen,,1-0,3.30,FT,X,home
13-02-2023,Belenenses,Penafiel,,2-2,3.05,FT,X,draw
13-02-2023,Mafra,Nacional,,3-3,1.25,DC,1X,draw
13-02-2023,Petrolul,Hermannstadt,,2-0,2.85,FT,X,home
13-02-2023,Warta Poznan,Legnica,,1-1,1.90,FT,1,draw
13-02-2023,PSV II,ADO Den Haag,,1-2,2.50,FT,1,away
13-02-2023,Utrecht II,Telstar,,0-1,2.55,FT,2,away
13-02-2023,Rio Ave,Estoril,,2-0,1.30,DC,1X,home
13-02-2023,Metz,Caen,,0-0,2.15,FT,1,draw
13-02-2023,Espanyol,Sociedad,,2-3,2.20,FT,2,away
13-02-2023,Santander,Leganes,,2-1,2.80,FT,X,home
13-02-2023,Barracas,Union de Santa Fe,,1-1,3.00,FT,X,draw
13-02-2023,Boavista,Casa Pia,,0-0,3.00,FT,X,draw
12-02-2023,Leeds,Manchester Utd,,0-2,1.90,FT,2,away
12-02-2023,Bologna,Monza,,0-1,1.30,DC,1X,away
12-02-2023,Montpellier,Brest,,3-0,2.35,FT,1,home
12-02-2023,Hertha Berlin,B. Monchengladbach,,4-1,2.40,FT,2,home
12-02-2023,Celta Vigo,Atl. Madrid,,0-1,2.20,FT,2,away
12-02-2023,Oviedo,Burgos,,0-1,1.20,DC,1X,away
12-02-2023,Famalicao,Gil Vicente,,0-1,2.20,FT,1,away
12-02-2023,Austria Vienna,Austria Kl.,,3-1,1.85,FT,1,home
12-02-2023,Nantes,Lorient,,1-0,1.25,DC,1X,home
12-02-2023,Koln,Eintracht Frankfurt,,3-0,2.50,FT,2,home
12-02-2023,Valladolid,Osasuna,,0-0,2.75,FT,1,draw
12-02-2023,Gijon,Huesca,,1-1,1.90,FT,1,draw
12-02-2023,Sporting,Porto,,1-2,2.70,FT,1,away
12-02-2023,Zulte Waregem,Oostende,,1-1,2.00,FT,1,draw
12-02-2023,Olympique Lyon,Lens,,2-1,3.45,FT,X,home
12-02-2023,Ibiza,Ponferradina,,1-1,2.20,FT,1,draw
11-02-2023,Crystal Palace,Brighton,,1-1,2.00,FT,2,draw
11-02-2023,Fulham,Nott.Forest,,2-0,1.90,FT,1,home
11-02-2023,Leicester,Tottenham,,4-1,2.10,FT,2,home
11-02-2023,Southampton,Wolverhampton,,1-2,1.40,DC,X2,away
11-02-2023,Blackpool,Rotherham,,0-0,2.10,FT,1,draw
11-02-2023,Bristol City,Norwich,,1-0,2.40,FT,2,home
11-02-2023,Cardiff,Middlesbrough,,1-3,2.10,FT,2,away
11-02-2023,Coventry,Luton,,1-1,2.20,FT,1,draw
11-02-2023,QPR,Millwall,,1-2,1.45,DC,X2,away
11-02-2023,Sheffield Utd,Swansea,,3-0,1.85,FT,1,home
11-02-2023,Stoke,Hull,,0-0,2.05,FT,1,draw
11-02-2023,Sunderland,Reading,,1-0,1.90,FT,1,home
11-02-2023,Watford,Blackburn,,1-1,1.90,FT,1,draw
11-02-2023,Wigan,Huddersfield,,1-0,2.20,FT,1,home
11-02-2023,Lecce,Roma,,1-1,2.00,FT,2,draw
11-02-2023,Lazio,Atalanta,,0-2,1.40,DC,1X,away
10-02-2023,Bielefeld,Hansa,,0-1,2.20,FT,1,away
10-02-2023,Karlsruher,Greuther Furth,,2-1,2.70,FT,2,home
10-02-2023,Omonia,Aris Limmasol,,1-2,1.35,DC,1X,away
10-02-2023,Xamax,Lausanne,,2-3,1.30,DC,X2,away
10-02-2023,Leuven,Cercle Brugge,,0-0,2.40,FT,1,draw
10-02-2023,NAC Breda,De Graafschap,,2-0,2.70,FT,1,home
10-02-2023,Eindhoven,Almere,,0-1,2.30,FT,1,away
10-02-2023,Helmond,Roda,,1-0,2.15,FT,2,home
10-02-2023,Schalke,Wolfsburg,,0-0,1.95,FT,2,draw
10-02-2023,Sturm,Rapid,,1-0,1.85,FT,1,home
10-02-2023,Club Brugge,St.Gilloise,,1-1,2.30,FT,1,draw
10-02-2023,Eupen,Mechelen,,2-1,2.70,FT,1,home
10-02-2023,Derry City,Shamrock,,2-0,2.75,FT,2,home
10-02-2023,Birmingham,WBA,,2-0,2.00,FT,2,home
10-02-2023,Cadiz,Girona,,2-0,2.50,FT,2,home
10-02-2023,Granada,Tenerife,,2-0,1.25,DC,1X,home
09-02-2023,Al Ittihad,Aswan,,2-0,1.20,DC,1X,home
09-02-2023,Nea Salamis,Anorthosis,,0-1,2.60,FT,1,away
09-02-2023,Twente,Ajax,,0-1,1.95,FT,2,away
09-02-2023,Estoril,Boavista,,2-1,3.05,FT,X,home
09-02-2023,Puskas,Ujpest,,0-0,2.00,FT,1,draw
09-02-2023,AEK,Olympiacos,,3-0,1.25,DC,1X,home
09-02-2023,ADO Den Haag,Go Ahead Eagles,,1-0,1.30,DC,X2,home
09-02-2023,Lorient,Lens,,1-1,1.95,FT,2,draw
09-02-2023,Braga,Benfica,,1-1,1.95,FT,2,draw
09-02-2023,Santo Andre,Agua Santa,,0-2,2.25,FT,1,away
09-02-2023,Audax Italiano,Union Espanola,,1-1,1.85,FT,1,draw
09-02-2023,Queretaro,Leon,,0-3,2.40,FT,2,away
09-02-2023,Atlas,Monterrey,,0-2,2.20,FT,2,away
09-02-2023,Bielefeld,Hansa,,0-1,2.20,FT,1,away
09-02-2023,Karlsruher,Greuther Furth,,2-1,2.70,FT,2,home
09-02-2023,Birmingham,WBA,,2-0,2.00,FT,2,home
08-02-2023,Nurnberg,Fortuna Dusseldorf,,1-1,1.30,DC,12,draw
08-02-2023,Municipal Grecia,Guadalupe FC,,3-4,3.20,FT,X,away
08-02-2023,Angers,Nantes,,1-1,1.50,DC,X2,draw
08-02-2023,Olympique Lyon,Lille,,2-2,3.45,FT,X,draw
08-02-2023,Paris,Annecy,,1-1,2.00,FT,1,draw
08-02-2023,Toulouse,Reims,,3-1,3.30,FT,X,home
08-02-2023,Gyor,Debrecen,,1-1,1.30,DC,X2,draw
08-02-2023,Winterthur,Servette,,Postp,3.10,FT,1,postponed
08-02-2023,Sunderland,Fulham,,2-3,1.75,FT,2,away
08-02-2023,Dundee,Raith,,2-2,1.80,FT,1,draw
08-02-2023,Olympique Marseille,PSG,,2-1,3.10,FT,1,home
08-02-2023,Guanacasteca,Sporting San Jose,,3-1,2.20,FT,2,home
08-02-2023,Bragantino,Sao Paulo,,2-1,2.65,FT,1,home
08-02-2023,Botafogo SP,Ituano,,2-3,2.50,FT,1,away
08-02-2023,Guarani,Portuguesa,,2-1,1.85,FT,1,home
08-02-2023,Puntarenas,Cartagines,,2-0,3.30,FT,X,home
07-02-2023,Future,NB Egypt,,3-0,1.20,DC,1X,home
07-02-2023,Vasas,Honved,,2-0,3.20,FT,X,home
07-02-2023,Blackpool,Huddersfield,,2-2,1.35,DC,12,draw
07-02-2023,Port Vale,Accrington,,1-1,1.20,DC,1X,draw
07-02-2023,Crewe,Leyton Orient,,0-2,1.85,FT,2,away
07-02-2023,Doncaster,Tranmere,,2-0,2.80,FT,1,home
07-02-2023,Burnley,Ipswich,,2-1,1.80,FT,1,home
07-02-2023,Grimsby,Luton,,3-0,1.85,FT,2,home
07-02-2023,Fleetwood,Sheffield Wed,,1-0,1.90,FT,2,home
07-02-2023,Chesterfield,Woking,,1-3,2.00,FT,1,away
07-02-2023,Oldham,Dag & Red,,4-2,2.15,FT,1,home
07-02-2023,Halifax,Barnet,,1-3,2.60,FT,2,away
07-02-2023,York,Solihull,,2-3,3.00,FT,1,away
07-02-2023,Bath,Hampton & Richmond,,1-1,2.00,FT,1,draw
07-02-2023,Cheshunt,Welling Utd.,,1-1,3.30,FT,X,draw
07-02-2023,Taunton Town,Dulwich Hamlet,,1-1,2.25,FT,1,draw
06-02-2023,Botosani,Petrolul,,5-0,2.00,FT,1,home
06-02-2023,Giresunspor,Kayserispor,,Postp,2.75,FT,2,postponed
06-02-2023,Verona,Lazio,,1-1,2.00,FT,2,draw
06-02-2023,Farul Constanta,CS Universitatea,,2-1,1.40,DC,1X,home
06-02-2023,Korona Kielce,Cracovia K.,,2-1,2.15,FT,2,home
06-02-2023,Portuguesa RJ,Volta Redonda,,3-1,1.30,DC,X2,home
06-02-2023,Portimonense,Ferreira,,1-0,3.30,FT,2,home
06-02-2023,Avellino,Crotone,,3-1,2.80,FT,X,home
06-02-2023,Amiens,Metz,,0-2,3.10,FT,X,away
06-02-2023,Blackburn,Wigan,,0-0,2.00,FT,1,draw
06-02-2023,Burgos,Las Palmas,,0-0,1.25,DC,X2,draw
06-02-2023,Le Mans,Concarneau,,3-2,3.05,FT,X,home
06-02-2023,Gimnasia L.P.,Defensa y Justicia,,0-2,2.25,FT,1,away
06-02-2023,Aguilas,Deportes Tolima,,4-2,3.00,FT,X,home
06-02-2023,Defensor Sporting,Fenix,,1-3,3.20,FT,X,away
06-02-2023,O’Higgins,Huachipato,,0-1,1.95,FT,1,away
05-02-2023,Nottingham,Leeds,,1-0,2.60,FT,1,home
05-02-2023,Torino,Udinese,,1-0,3.15,FT,X,home
05-02-2023,Ajaccio,Nantes,,0-2,2.70,FT,2,away
05-02-2023,Auxerre,Reims,,0-0,2.10,FT,2,draw
05-02-2023,Stuttgart,Werder,,0-2,2.05,FT,1,away
05-02-2023,Palermo,Reggina,,2-1,1.45,DC,1X,home
05-02-2023,Parma,Genoa,,2-0,2.50,FT,2,home
05-02-2023,Girona,Valencia,,1-0,2.20,FT,1,home
05-02-2023,Andorra FC,Zaragoza,,0-1,2.15,FT,1,away
05-02-2023,Chaves,Maritimo,,2-1,1.30,DC,1X,home
05-02-2023,Fiorentina,Bologna,,1-2,1.85,FT,1,away
05-02-2023,Cartagena,Levante,,1-2,2.10,FT,2,away
05-02-2023,Ponferradina,Santander,,1-1,2.90,FT,X,draw
05-02-2023,Inter,Milan,,1-0,2.00,FT,1,home
05-02-2023,Lugo,Ibiza,,0-0,1.35,DC,1X,draw
05-02-2023,Gil Vicente,Arouca,,1-1,2.25,FT,1,draw
04-02-2023,Aston Villa,Leicester,,2-4,2.00,FT,1,away
04-02-2023,Brentford,Southampton,,3-0,1.85,FT,1,home
04-02-2023,Wolverhampton,Liverpool,,3-0,1.85,FT,2,home
04-02-2023,Huddersfield,QPR,,1-1,1.55,DC,1X,draw
04-02-2023,Hull,Cardiff,,1-0,2.15,FT,1,home
04-02-2023,Luton,Stoke,,1-0,3.20,FT,2,home
04-02-2023,Millwall,Sunderland,,1-1,2.05,FT,1,draw
04-02-2023,Preston,Bristol City,,1-2,1.35,DC,1X,away
04-02-2023,Reading,Watford,,2-2,1.40,DC,X2,draw
04-02-2023,Swansea,Birmingham,,3-4,1.85,FT,1,away
04-02-2023,Leganes,Gijon,,1-0,2.15,FT,1,home
04-02-2023,Tenerife,Albacete,,1-0,2.10,FT,1,home
04-02-2023,Sassuolo,Atalanta,,1-0,1.95,FT,2,home
04-02-2023,Betis,Celta Vigo,,3-4,2.20,FT,1,away
04-02-2023,Alaves,Eibar,,2-0,2.35,FT,1,home
04-02-2023,Rennes,Lille,,1-3,2.30,FT,1,away
03-02-2023,Wolfsberger,Rapid,,1-1,2.20,FT,2,draw
03-02-2023,Paderborn,Fortuna Dusseldorf,,4-1,2.20,FT,1,home
03-02-2023,Sandhausen,Darmstadt,,0-4,1.95,FT,2,away
03-02-2023,Fortuna S.,Sparta,,0-0,2.50,FT,2,draw
03-02-2023,ADO Den Haag,NAC Breda,,2-1,1.95,FT,1,home
03-02-2023,Dordrecht,Eindhoven,,4-0,1.95,FT,2,home
03-02-2023,Oss,Den Bosch,,3-0,1.25,DC,12,home
03-02-2023,AZ Alkmar II,VVV Venlo,,4-3,1.25,DC,12,home
03-02-2023,Modena,Cagliari,,2-0,3.15,FT,X,home
03-02-2023,Queen’s Park,Ayr Utd.,,2-0,1.95,FT,1,home
03-02-2023,Oostende,Anderlecht,,0-2,1.95,FT,2,away
03-02-2023,Caen,Bastia,,3-1,3.10,FT,X,home
03-02-2023,Dijon,Niort,,0-1,1.85,FT,1,away
03-02-2023,Le Havre,Paris,,0-0,1.90,FT,1,draw
03-02-2023,Nimes,Grenoble,,0-2,1.35,DC,1X,away
03-02-2023,Malaga,Oviedo,,0-1,2.80,FT,X,away
02-02-2023,Demirspor,Fenerbahce,,1-1,2.05,FT,2,draw
02-02-2023,Anorthosis,Omonia,,4-1,1.40,DC,X2,home
02-02-2023,Madureira,Portuguesa RJ,,1-1,1.35,DC,X2,draw
02-02-2023,Zulte-Waregem,Mechelen,,1-2,2.60,FT,1,away
02-02-2023,Juventus,Lazio,,1-0,1.30,DC,1X,home
02-02-2023,Atl. San Luis,Puebla,,2-0,3.30,FT,X,home
02-02-2023,Melbourne Victory,Wellington,,3-1,2.10,FT,1,home
02-02-2023,Wolfsberger,Rapid,,1-1,2.20,FT,2,draw
02-02-2023,Paderborn,Fortuna Dusseldorf,,4-1,2.20,FT,1,home
02-02-2023,Sandhausen,Darmstadt,,0-4,1.95,FT,2,away
02-02-2023,Fortuna S.,Sparta,,0-0,2.50,FT,2,draw
02-02-2023,ADO Den Haag,NAC Breda,,2-1,1.95,FT,1,home
02-02-2023,Dordrecht,Eindhoven,,4-0,1.95,FT,2,home
02-02-2023,Modena,Cagliari,,2-0,3.15,FT,X,home
02-02-2023,Oostende,Anderlecht,,0-2,1.95,FT,2,away
02-02-2023,Malaga,Oviedo,,0-1,2.80,FT,X,away
01-02-2023,Fiorentina,Torino,,2-1,2.00,FT,1,home
01-02-2023,Leko,AlbinoLeffe,,2-1,1.35,DC,1X,home
01-02-2023,Pro Sesto,Mantova,,1-0,1.30,DC,1X,home
01-02-2023,Pro Vercelli,Pro Patria,,0-2,3.00,FT,X,away
01-02-2023,Vicenza,Novara,,1-2,1.95,FT,1,away
01-02-2023,Virtus V.,Triestina,,0-0,2.35,FT,1,draw
01-02-2023,Angers,Ajaccio,,1-2,2.25,FT,1,away
01-02-2023,Reims,Lorient,,4-2,1.85,FT,1,home
01-02-2023,RKC Waalwijk,Go Ahead Eagles,,3-1,2.25,FT,1,home
01-02-2023,Grasshoppers,Basel,,3-5,2.10,FT,2,away
01-02-2023,Oxford Utd,Barnsley,,1-2,2.65,FT,2,away
01-02-2023,Aberdeen,St. Mirren,,1-3,2.00,FT,1,away
01-02-2023,Kilmarnock,Dundee Utd,,1-0,2.95,FT,2,home
01-02-2023,Motherwell,St Johnstone,,0-2,2.05,FT,1,away
01-02-2023,St.Gilloise,Antwerp,,1-0,2.00,FT,1,home
01-02-2023,Sporting,Braga,,5-0,1.25,DC,1X,home
31-01-2023,Paderborn,Stuttgart,,1-2,2.25,FT,2,away
31-01-2023,Karagumruk,Besiktas,,1-1,1.90,FT,2,draw
31-01-2023,Thun,Luzern,,2-2,1.85,FT,2,draw
31-01-2023,Ferreira,Gil Vicente,,2-1,1.35,DC,X2,home
31-01-2023,Luton,Cardiff,,1-0,1.90,FT,1,home
31-01-2023,Carlisle,Barrow,,5-1,2.10,FT,1,home
31-01-2023,Salford,Walsall,,1-0,2.30,FT,1,home
31-01-2023,Birmingham,Blackburn,,0-0,2.35,FT,1,draw
31-01-2023,Ross County,Hibernian,,1-1,2.00,FT,2,draw
31-01-2023,Union Berlin,Wolfsburg,,2-1,2.25,FT,1,home
31-01-2023,Annecy,Caen,,2-0,1.30,DC,X2,home
31-01-2023,Bastia,St Etienne,,2-0,3.00,FT,X,home
31-01-2023,Grenoble,Quevilly,,1-0,2.85,FT,X,home
31-01-2023,Guingamp,Nimes,,1-2,2.10,FT,1,away
31-01-2023,Laval,Dijon,,1-0,1.40,DC,1X,home
31-01-2023,Inter,Atalanta,,1-0,2.00,FT,1,home
30-01-2023,Lamia,Ionikos Nikeas,,0-2,2.00,FT,1,away
30-01-2023,Munich 1860,Dynamo Dresden,,1-2,1.40,DC,1X,away
30-01-2023,Belenenses,Trofense,,1-1,1.25,DC,1X,draw
30-01-2023,Voluntari,Cluj,,0-1,1.85,FT,2,away
30-01-2023,Cracovia K.,Gornik,,2-0,1.35,DC,1X,home
30-01-2023,Roda,Zwolle,,1-2,1.85,FT,2,away
30-01-2023,PSV II,Willem II,,3-2,1.90,FT,2,home
30-01-2023,Utrecht II,De Graafschap,,1-1,2.10,FT,2,draw
30-01-2023,Zaragoza,Ponferradina,,0-0,1.80,FT,1,draw
30-01-2023,Barracas,Godoy Cruz,,0-1,2.70,FT,1,away
30-01-2023,Guimaraes,Chaves,,2-1,2.00,FT,1,home
30-01-2023,Banfield,Union de Santa Fe,,0-0,2.30,FT,1,draw
30-01-2023,Alianza Petrolera,Deportivo Pasto,,Postp,2.35,FT,1,postponed
30-01-2023,Once Caldas,Deportivo Tolima,,1-1,2.30,FT,1,draw
30-01-2023,Alanyaspor,Sivasspor,,0-3,2.00,FT,1,away
30-01-2023,Karagumruk,Besiktas,,1-1,1.85,FT,2,draw
29-01-2023,Auxerre,Montpellier,,0-2,3.40,FT,X,away
29-01-2023,Brest,Angers,,4-0,2.10,FT,1,home
29-01-2023,Clermont,Nantes,,0-0,1.55,DC,X2,draw
29-01-2023,Strasbourg,Toulouse,,1-2,3.40,FT,X,away
29-01-2023,Schalke,Koln,,0-0,1.95,FT,2,draw
29-01-2023,Osasuna,Atl. Madrid,,0-1,3.20,FT,X,away
29-01-2023,Casa Pia,Santa Clara,,2-1,1.25,DC,1X,home
29-01-2023,Vizela,Rio Ave,,3-1,1.90,FT,1,home
29-01-2023,Cambuur,Fortuna Sittard,,1-2,2.50,FT,1,away
29-01-2023,Leverkusen,Dortmund,,0-2,2.65,FT,2,away
29-01-2023,Lazio,Fiorentina,,1-1,2.10,FT,1,draw
29-01-2023,Celta,Ath Bilbao,,1-0,3.00,FT,X,home
29-01-2023,Gijon,Malaga,,0-0,1.20,DC,1X,draw
29-01-2023,Boavista,Portimonense,,4-2,2.15,FT,1,home
29-01-2023,Ibiza,Cartagena,,2-2,2.95,FT,2,draw
29-01-2023,Famalicao,Estoril,,1-0,2.10,FT,1,home
28-01-2023,Coventry,Huddersfield,,2-0,1.80,FT,1,home
28-01-2023,Hull,QPR,,3-0,2.50,FT,1,home
28-01-2023,Middlesbrough,Watford,,2-0,1.95,FT,1,home
28-01-2023,Ipswich,Burnley,,0-0,3.10,FT,1,draw
28-01-2023,Bristol City,WBA,,3-0,2.20,FT,2,home
28-01-2023,Madagascar,Mozambique,,3-1,2.70,FT,X,home
28-01-2023,Lugano,Grasshoppers,,1-1,1.85,FT,1,draw
28-01-2023,Kortrijk,Oostende,,2-2,1.25,DC,12,draw
28-01-2023,Eibar,Leganes,,0-0,1.20,DC,1X,draw
28-01-2023,Oviedo,Villarreal II,,0-1,1.95,FT,1,away
28-01-2023,Niger,Ghana,,2-0,2.00,FT,2,home
28-01-2023,Basel,Luzern,,2-3,2.00,FT,1,away
28-01-2023,Sporting,Porto,,0-2,2.20,FT,2,away
28-01-2023,Charleroi,St.Gilloise,,0-1,2.00,FT,2,away
28-01-2023,Getafe,Betis,,0-1,1.35,DC,X2,away
28-01-2023,Olympique Marseille,Monaco,,1-1,2.10,FT,1,draw
27-01-2023,Legnica,Radomiak,,0-0,3.00,FT,2,draw
27-01-2023,Goztepe,Bandirmaspor,,3-1,3.20,FT,X,home
27-01-2023,Karlsruher,Paderborn,,0-1,2.50,FT,2,away
27-01-2023,Bologna,Spezia,,2-0,1.90,FT,1,home
27-01-2023,Stellenbosch,Cape Town City,,3-2,2.35,FT,2,home
27-01-2023,NAC Breda,AZ Alkmar II,,5-1,2.05,FT,1,home
27-01-2023,Den Bosch,MVV,,3-3,1.25,DC,12,draw
27-01-2023,Eindhoven,Heracles,,1-0,2.20,FT,2,home
27-01-2023,Helmond,Ajax II,,1-1,2.30,FT,2,draw
27-01-2023,Telstar,Almere,,0-1,2.60,FT,1,away
27-01-2023,VVV Venlo,ADO Den Haag,,0-0,1.25,DC,12,draw
27-01-2023,Vaduz,Wil,,2-2,2.60,FT,2,draw
27-01-2023,Lecce,Salernitana,,1-2,1.20,DC,1X,away
27-01-2023,Almeria,Espanyol,,3-1,3.15,FT,X,home
27-01-2023,Santander,Tenerife,,1-1,2.75,FT,X,draw
27-01-2023,Lorient,Rennes,,2-1,1.90,FT,2,home
26-01-2023,Hassania A.,FUS Rabat,,0-1,1.25,DC,X2,away
26-01-2023,Chabab Mohammedia,Berkane,,0-1,1.30,DC,X2,away
26-01-2023,Panathinaikos,PAOK,,1-1,1.35,DC,1X,draw
26-01-2023,Groningen,Cambuur,,0-1,2.20,FT,1,away
26-01-2023,Sao Bento,Internacional Limeira,,1-0,2.30,FT,1,home
26-01-2023,Valencia,Ath Bilbao,,1-3,3.05,FT,X,away
26-01-2023,Union Touarga,Olympic H.,,0-0,2.15,FT,1,draw
26-01-2023,Real Madrid,Atl. Madrid,,1-1,1.90,FT,1,draw
26-01-2023,Chico,Alianza Petrolera,,2-0,1.90,FT,1,home
26-01-2023,Mirassol,Sao Bernardo FC,,4-1,1.85,FT,1,home
26-01-2023,Deportes Tolima,America De Cali,,2-1,2.00,FT,1,home
26-01-2023,Atlas,Santos Laguna,,2-2,2.75,FT,2,draw
26-01-2023,Newcastle Jets,Brisbane Roar,,4-0,2.50,FT,2,home
26-01-2023,Aswan,El Gaish,,2-2,2.80,FT,X,draw
26-01-2023,Algeria,Ivory Coast,,1-0,1.85,FT,1,home
26-01-2023,Bologna,Spezia,,2-0,1.90,FT,1,home
25-01-2023,Moghreb Tetouan,Mouloudia Oujda,,1-2,1.25,DC,1X,away
25-01-2023,Olympique de Safi,Jeunesse Sportive Soualem,,1-1,2.60,FT,X,draw
25-01-2023,Mainz,Dortmund,,1-2,2.30,FT,2,away
25-01-2023,Golden Arrows,Marumo Gallants,,3-2,2.70,FT,X,home
25-01-2023,Aris,Olympiacos,,0-1,2.20,FT,2,away
25-01-2023,Go Head,AZ Alkmaar,,1-4,1.95,FT,2,away
25-01-2023,Vitesse,Twente,,2-2,2.05,FT,2,draw
25-01-2023,Audax RJ,Nova Iguacu,,1-1,2.40,FT,1,draw
25-01-2023,Fortuna Sittard,Heerenveen,,2-0,1.40,DC,X2,home
25-01-2023,Augsburg,B. Monchengladbach,,1-0,2.30,FT,2,home
25-01-2023,Freiburg,Eintracht Frankfurt,,1-1,1.50,DC,X2,draw
25-01-2023,Werder Bremen,Union Berlin,,1-2,2.60,FT,2,away
25-01-2023,U. Magdalena,Huila,,2-1,1.80,FT,1,home
25-01-2023,Osasuna,Sevilla,,1-1,3.05,FT,X,draw
25-01-2023,Volta Redonda,Resende,,5-1,2.00,FT,1,home
25-01-2023,Aguilas,Junior,,1-1,2.95,FT,X,draw
24-01-2023,Mauritania,Mali,,1-0,2.25,FT,2,home
24-01-2023,Galaxy,Mamelodi,,1-2,1.75,FT,2,away
24-01-2023,Niger,Cameroon,,1-0,1.75,FT,2,home
24-01-2023,Hertha,Wolfsburg,,0-5,2.35,FT,2,away
24-01-2023,Hoffenheim,Stuttgart,,2-2,2.10,FT,1,draw
24-01-2023,Burton,Peterborough,,Postp,2.10,FT,2,postponed
24-01-2023,Exeter,Barnsley,,Postp,2.50,FT,2,postponed
24-01-2023,Fleetwood,Portsmouth,,0-2,1.35,DC,X2,away
24-01-2023,Milton Keynes Dons,Shrewsbury,,0-1,1.55,DC,X2,away
24-01-2023,Port Vale,Derby,,1-2,2.00,FT,2,away
24-01-2023,Wycombe,Oxford,,2-0,3.00,FT,2,home
24-01-2023,Lazio,Milan,,4-0,3.30,FT,X,home
24-01-2023,Colchester,Salford City,,1-1,1.40,DC,X2,draw
24-01-2023,Aris,Olympiacos,,0-1,2.20,FT,2,away
24-01-2023,Go Head,AZ Alkmaar,,1-4,1.95,FT,2,away
24-01-2023,Vitesse,Twente,,2-2,2.05,FT,2,draw
23-01-2023,Chindia T.,FC Arges,,1-1,2.05,FT,1,draw
23-01-2023,Aris Limmasol,Apollon Lim.,,3-1,3.05,FT,X,home
23-01-2023,Konyaspor,Ankaragucu,,0-1,1.30,DC,12,away
23-01-2023,Sedan,Le Mans,,2-0,2.40,FT,2,home
23-01-2023,Bologna,Cremonese,,1-1,1.90,FT,1,draw
23-01-2023,Duisburg,Mannheim,,1-3,2.45,FT,2,away
23-01-2023,Torreense,Feirense,,4-2,1.40,DC,X2,home
23-01-2023,Farul Constanta,Cluj,,0-3,2.95,FT,X,away
23-01-2023,Maccabi T.A.,Maccabi Haifa,,3-0,1.35,DC,1X,home
23-01-2023,PSV II,VVV Venlo,,1-2,2.70,FT,2,away
23-01-2023,Ajax II,Roda,,1-2,2.20,FT,2,away
23-01-2023,Sudan,Madagascar,,0-3,2.85,FT,X,away
23-01-2023,Monopoli,Juve Stabia,,1-0,2.80,FT,X,home
23-01-2023,Fulham,Tottenham,,0-1,2.10,FT,2,away
23-01-2023,Andorra FC,Albacete,,0-1,2.00,FT,1,away
23-01-2023,Boavista,Chaves,,1-1,2.20,FT,1,draw
22-01-2023,Leeds,Brentford,,0-0,1.30,DC,12,draw
22-01-2023,Hibernian,Hearts,,0-3,2.35,FT,2,away
22-01-2023,Monza,Sassuolo,,1-1,2.25,FT,1,draw
22-01-2023,Brescia,Frosinone,,1-3,1.30,DC,X2,away
22-01-2023,Elche,Osasuna,,1-1,2.15,FT,2,draw
22-01-2023,Cartagena,Tenerife,,0-1,2.80,FT,X,away
22-01-2023,Gijon,Zaragoza,,1-0,1.25,DC,1X,home
22-01-2023,Maritimo,Estoril,,1-0,2.35,FT,1,home
22-01-2023,Monchengladbach,Leverkusen,,2-3,2.40,FT,2,away
22-01-2023,Huesca,Oviedo,,1-1,2.75,FT,X,draw
22-01-2023,Niort,Auxerre,,0-4,2.00,FT,2,away
22-01-2023,Casa Pia,Gil Vicente,,1-3,2.15,FT,X,away
22-01-2023,Juventus,Atalanta,,3-3,2.10,FT,1,draw
22-01-2023,Ath Bilbao,Real Madrid,,2-3,2.40,FT,2,away
22-01-2023,Lugo,Villarreal II,,1-2,2.90,FT,X,away
22-01-2023,Famalicao,Rio Ave,,0-0,2.10,FT,1,draw
21-01-2023,Bournemouth,Nottingham,,1-1,1.35,DC,12,draw
21-01-2023,Leicester,Brighton,,2-2,2.05,FT,2,draw
21-01-2023,Southampton,Aston Villa,,0-1,2.50,FT,2,away
21-01-2023,Birmingham,Preston,,1-2,2.35,FT,1,away
21-01-2023,Blackpool,Huddersfield,,Postp,1.30,DC,12,postponed
21-01-2023,Bristol City,Blackburn,,1-1,2.15,FT,1,draw
21-01-2023,Cardiff,Millwall,,0-1,3.00,FT,X,away
21-01-2023,QPR,Swansea,,1-1,3.20,FT,X,draw
21-01-2023,Stoke,Reading,,4-0,1.85,FT,1,home
21-01-2023,Wigan,Luton,,0-2,2.50,FT,2,away
21-01-2023,Espanyol,Betis,,1-0,3.15,FT,X,home
21-01-2023,Ponferradina,Eibar,,0-1,2.15,FT,2,away
21-01-2023,Crystal Palace,Newcastle,,0-0,1.85,FT,2,draw
21-01-2023,Koln,Werder,,7-1,2.20,FT,1,home
21-01-2023,Fiorentina,Torino,,0-1,2.10,FT,1,away
21-01-2023,Alaves,Santander,,3-0,1.20,DC,1X,home
20-01-2023,Boca Juniors,Racing Club,,1-2,1.40,DC,1X,away
20-01-2023,Angola,Mauritania,,0-0,1.30,DC,1X,draw
20-01-2023,Sochaux,Caen,,1-2,2.35,FT,1,away
20-01-2023,Panetolikos,PAS Giannina,,1-1,3.00,FT,X,draw
20-01-2023,Excelsior,Volendam,,2-0,2.25,FT,1,home
20-01-2023,Arouca,Portimonense,,4-0,2.25,FT,1,home
20-01-2023,Congo,Niger,,0-0,1.35,DC,1X,draw
20-01-2023,Almere,De Graafschap,,2-2,2.35,FT,1,draw
20-01-2023,Den Bosch,PSV II,,1-0,2.20,FT,2,home
20-01-2023,Oss,NAC Breda,,1-2,2.30,FT,2,away
20-01-2023,Club Brugge II,Lommel,,2-1,2.50,FT,2,home
20-01-2023,Palermo,Bari,,2-1,2.65,FT,X,home
20-01-2023,Leipzig,Bayern Munich,,1-1,1.80,FT,2,draw
20-01-2023,Burnley,WBA,,2-1,2.05,FT,1,home
20-01-2023,Mallorca,Celta Vigo,,1-0,2.95,FT,X,home
20-01-2023,Olympique Marseille,Rennes,,1-0,3.40,FT,X,home
19-01-2023,Lazio,Bologna,,1-0,1.90,FT,1,home
19-01-2023,Ghana,Sudan,,3-1,2.25,FT,1,home
19-01-2023,St. Truiden,Club Brugge,,1-1,2.05,FT,2,draw
19-01-2023,Villarreal,Real Madrid,,2-3,2.25,FT,2,away
19-01-2023,Adelaide,Macarthur,,1-0,1.90,FT,1,home
19-01-2023,Angola,Mauritania,,0-0,1.30,DC,1X,draw
19-01-2023,Boca Juniors,Racing Club,,1-2,1.40,DC,1X,away
19-01-2023,Sochaux,Caen,,1-2,2.35,FT,1,away
19-01-2023,Excelsior,Volendam,,2-0,2.25,FT,1,home
19-01-2023,Arouca,Portimonense,,4-0,2.25,FT,1,home
19-01-2023,Congo,Niger,,0-0,1.35,DC,1X,draw
19-01-2023,Almere,De Graafschap,,2-2,2.35,FT,1,draw
19-01-2023,Palermo,Bari,,1-0,2.65,FT,X,home
19-01-2023,Burnley,WBA,,2-1,2.05,FT,1,home
19-01-2023,Mallorca,Celta Vigo,,1-0,2.95,FT,X,home
19-01-2023,Olympique Marseille,Rennes,,1-0,3.40,FT,X,home
18-01-2023,El Gaish,SC Ismaily,,1-1,2.75,FT,X,draw
18-01-2023,FAR Rabat,Maghreb Fez,,2-1,1.95,FT,1,home
18-01-2023,D.R. Congo,Ivory Coast,,0-0,1.25,DC,X2,draw
18-01-2023,Enppi,Future FC,,2-3,2.00,FT,2,away
18-01-2023,Hassania A.,Salmi,,1-1,2.20,FT,1,draw
18-01-2023,Cercle Brugge,St.Gilloise,,1-1,2.05,FT,2,draw
18-01-2023,Gijon,Valencia,,0-4,1.25,DC,X2,away
18-01-2023,Bangu,Resende,,1-0,2.55,FT,2,home
18-01-2023,PAOK,Panathinaikos,,2-0,2.00,FT,1,home
18-01-2023,Milan,Inter,,0-3,2.75,FT,1,away
18-01-2023,Senegal,Uganda,,0-1,2.20,FT,1,away
18-01-2023,Livingston,Dundee Utd,,Postp,2.80,FT,2,postponed
18-01-2023,Hearts,Aberdeen,,5-0,2.10,FT,1,home
18-01-2023,Betis,Osasuna,,1-1,1.25,DC,1X,draw
18-01-2023,Sao Bernardo,Bragantino,,1-1,2.00,FT,2,draw
18-01-2023,Guarani,Santos,,2-0,2.30,FT,2,home
17-01-2023,Mozambique,Libya,,3-2,1.85,FT,2,home
17-01-2023,Alanyaspor,Galatasaray,,1-2,1.85,FT,2,away
17-01-2023,Forest Green,Birmingham,,1-2,2.00,FT,2,away
17-01-2023,Accrington,Boreham Wood,,Postp,2.20,FT,1,postponed
17-01-2023,Swansea,Bristol City,,1-1,2.00,FT,1,draw
17-01-2023,Wigan,Luton,,1-2,2.45,FT,2,away
17-01-2023,Wolverhampton,Liverpool,,0-1,2.00,FT,2,away
17-01-2023,Standard,Mechelen,,2-0,1.90,FT,1,home
17-01-2023,Westerlo,Genk,,2-3,1.95,FT,2,away
17-01-2023,Alaves,Sevilla,,0-1,1.95,FT,2,away
17-01-2023,Cercle Brugge,St.Gilloise,,1-1,2.05,FT,2,draw
17-01-2023,Gijon,Valencia,,0-4,1.25,DC,X2,away
17-01-2023,Milan,Inter,,0-3,1.30,DC,12,away
17-01-2023,Livingston,Dundee Utd,,Postp,2.80,FT,2,postponed
17-01-2023,Hearts,Aberdeen,,5-0,2.10,FT,1,home
17-01-2023,Betis,Osasuna,,1-1,1.25,DC,1X,draw
16-01-2023,Mali,Angola,,3-3,2.25,FT,1,draw
16-01-2023,Katokopia,Nea Salamis,,Postp,3.00,FT,X,postponed
16-01-2023,Ionikos Nikeas,Volos NPS,,0-1,3.15,FT,X,away
16-01-2023,Ingolstadt,Erzgebirge Aue,,1-2,2.00,FT,1,away
16-01-2023,PSV II,VVV Venlo,,Postp,2.85,FT,2,postponed
16-01-2023,Utrecht II,Dordrecht,,0-1,1.75,FT,1,away
16-01-2023,Estoril,Casa Pia,,2-0,1.40,DC,X2,home
16-01-2023,Cameroon,Congo,,1-0,2.15,FT,1,home
16-01-2023,Crotone,Pescara,,1-0,2.00,FT,1,home
16-01-2023,Empoli,Sampdoria,,1-0,1.30,DC,1X,home
16-01-2023,Niort,St Etienne,,0-1,2.05,FT,2,away
16-01-2023,Port Vale,Peterborough,,0-2,2.75,FT,1,away
16-01-2023,Cadiz,Elche,,1-1,1.95,FT,1,draw
16-01-2023,Albacete,Leganes,,1-0,2.85,FT,X,home
16-01-2023,Bourg Peronnas,Concarneau,,3-2,2.90,FT,X,home
16-01-2023,Gil Vicente,Guimaraes,,2-1,1.35,DC,1X,home
15-01-2023,Udinese,Bologna,,1-2,1.95,FT,1,away
15-01-2023,Montpellier,Nantes,,0-3,2.70,FT,2,away
15-01-2023,Reims,Nice,,0-0,1.40,DC,1X,draw
15-01-2023,Toulouse,Brest,,1-1,2.00,FT,1,draw
15-01-2023,Cosenza,Benevento,,1-1,2.15,FT,2,draw
15-01-2023,Ternana,Ascoli,,1-0,3.20,FT,X,home
15-01-2023,Burgos,Andorra FC,,2-1,2.80,FT,X,home
15-01-2023,Mirandes,Lugo,,2-0,2.00,FT,1,home
15-01-2023,Chaves,Arouca,,1-1,3.30,FT,X,draw
15-01-2023,Emmen,Cambuur,,0-0,2.10,FT,1,draw
15-01-2023,Tottenham,Arsenal,,0-2,2.15,FT,2,away
15-01-2023,St.Gilloise,Antwerp,,2-0,1.95,FT,1,home
15-01-2023,Oliveirense,Belenenses,,2-1,3.25,FT,X,home
15-01-2023,Real Madrid,Barcelona,,1-3,1.30,DC,12,away
15-01-2023,Roma,Fiorentina,,2-0,2.00,FT,1,home
15-01-2023,Charleroi,Cercle Brugge,,2-1,1.30,DC,12,home
14-01-2023,Brighton,Liverpool,,3-0,2.10,FT,2,home
14-01-2023,Everton,Southampton,,1-2,2.25,FT,1,away
14-01-2023,Nott.Forest,Leicester,,2-0,2.70,FT,1,home
14-01-2023,Wolverhampton,West Ham,,1-0,1.45,DC,1X,home
14-01-2023,Bristol City,Birmingham,,4-2,3.20,FT,X,home
14-01-2023,Cardiff,Wigan,,1-1,1.95,FT,1,draw
14-01-2023,Hull,Huddersfield,,1-1,1.95,FT,1,draw
14-01-2023,Luton,WBA,,2-3,2.40,FT,2,away
14-01-2023,Middlesbrough,Millwall,,1-0,1.25,DC,1X,home
14-01-2023,Preston,Norwich,,0-4,2.40,FT,2,away
14-01-2023,Reading,QPR,,2-2,2.65,FT,2,draw
14-01-2023,Sunderland,Swansea,,1-3,2.50,FT,1,away
14-01-2023,Watford,Blackpool,,2-0,1.85,FT,1,home
14-01-2023,Girona,Sevilla,,2-1,1.40,DC,1X,home
14-01-2023,Osasuna,Mallorca,,1-0,3.10,FT,X,home
14-01-2023,Sociedad,Ath Bilbao,,3-1,2.45,FT,1,home
13-01-2023,Zwickau,Oldenburg,,0-1,2.00,FT,1,away
13-01-2023,Helmond,NAC Breda,,2-2,2.65,FT,1,draw
13-01-2023,Telstar,Jong Alkmar II,,1-0,1.30,DC,1X,home
13-01-2023,Napoli,Juventus,,5-1,1.25,DC,1X,home
13-01-2023,Westerlo,Leuven,,1-2,2.00,FT,1,away
13-01-2023,Annecy,Paris,,2-0,3.00,FT,X,home
13-01-2023,Bastia,Pau,,1-0,1.25,DC,1X,home
13-01-2023,Dijon,Valenciennes,,2-1,2.00,FT,1,home
13-01-2023,Guingamp,Grenoble,,2-4,3.05,FT,X,away
13-01-2023,Laval,Rodez,,3-1,3.10,FT,X,home
13-01-2023,Metz,Quevilly,,2-0,1.95,FT,1,home
13-01-2023,Bordeaux,Amiens,,1-1,1.95,FT,1,draw
13-01-2023,Aston Villa,Leeds,,2-1,2.00,FT,1,home
13-01-2023,Celta Vigo,Villarreal,,1-1,2.65,FT,2,draw
13-01-2023,Oviedo,Alaves,,1-0,2.70,FT,X,home
13-01-2023,Portimonense,Santa Clara,,0-0,2.05,FT,1,draw
12-01-2023,Ghazl El Mahallah,Enppi,,1-0,2.60,FT,X,home
12-01-2023,Saudi Arabia,Oman,,1-2,1.35,DC,X2,away
12-01-2023,Finland,Estonia,,0-1,1.25,DC,1X,away
12-01-2023,Heracles,Go Head,,0-1,2.25,FT,1,away
12-01-2023,St.Gilloise,Gent,,4-0,2.15,FT,1,home
12-01-2023,Fulham,Chelsea,,2-1,2.20,FT,2,home
12-01-2023,Atlas,Mazatlan,,2-1,1.80,FT,1,home
12-01-2023,Macarthur,CC Mariners,,1-2,2.10,FT,2,away
12-01-2023,Kayserispor,Sivasspor,,4-1,1.35,DC,1X,home
12-01-2023,Zwickau,Oldenburg,,0-1,2.00,FT,1,away
12-01-2023,Napoli,Juventus,,5-1,1.95,FT,1,home
12-01-2023,Westerlo,Leuven,,1-2,2.00,FT,1,away
12-01-2023,Aston Villa,Leeds,,2-1,2.00,FT,1,home
12-01-2023,Celta Vigo,Villarreal,,1-1,2.65,FT,2,draw
12-01-2023,Oviedo,Alaves,,1-0,2.70,FT,X,home
12-01-2023,Portimonense,Santa Clara,,0-0,2.05,FT,1,draw
11-01-2023,AEL Limassol,Apollon Lim.,,0-0,3.10,FT,X,draw
11-01-2023,Future,Pyramids,,1-1,3.00,FT,X,draw
11-01-2023,Al Ittihad,Zamalek,,0-0,2.10,FT,2,draw
11-01-2023,Kortrijk,Mechelen,,0-1,2.60,FT,1,away
11-01-2023,Ajaccio,Reims,,0-1,1.35,DC,X2,away
11-01-2023,Auxerre,Toulouse,,0-5,2.70,FT,1,away
11-01-2023,Brest,Lille,,0-0,1.95,FT,2,draw
11-01-2023,Clermont,Rennes,,2-1,1.90,FT,2,home
11-01-2023,Nantes,Olympique Lyon,,0-0,1.65,DC,1X,draw
11-01-2023,Almere,NEC,,0-4,2.15,FT,2,away
11-01-2023,VVV Venlo,Emmen,,2-3,2.90,FT,1,away
11-01-2023,Zulte Waregem,St. Truiden,,2-0,1.25,DC,12,home
11-01-2023,Nottingham,Wolverhampton,,1-1,2.60,FT,1,draw
11-01-2023,Genk,Antwerp,,0-3,2.00,FT,1,away
11-01-2023,Lorient,Monaco,,2-2,2.00,FT,2,draw
11-01-2023,Strasbourg,Lens,,2-2,2.00,FT,2,draw
10-01-2023,Leixoes,Famalicao,,1-1,2.15,FT,2,draw
10-01-2023,NAC Breda,Eindhoven,,1-1,2.30,FT,1,draw
10-01-2023,Lincoln,Accrington,,2-2,2.10,FT,1,draw
10-01-2023,Amiens,Guingamp,,1-1,3.05,FT,X,draw
10-01-2023,Le Havre,Sochaux,,1-0,1.25,DC,1X,home
10-01-2023,Nimes,Metz,,1-4,3.10,FT,X,away
10-01-2023,Paris,Dijon,,2-1,1.25,DC,1X,home
10-01-2023,Pau,Grenoble,,0-0,2.90,FT,X,draw
10-01-2023,Quevilly,Bastia,,1-1,1.35,DC,1X,draw
10-01-2023,Rodez,Niort,,1-1,2.95,FT,X,draw
10-01-2023,St Etienne,Laval,,1-0,1.70,FT,1,home
10-01-2023,Valenciennes,Annecy,,2-2,3.00,FT,X,draw
10-01-2023,Caen,Bordeaux,,2-2,2.95,FT,X,draw
10-01-2023,Bolton,Portsmouth,,1-0,2.10,FT,1,home
10-01-2023,Bristol Rovers,Plymouth,,0-2,2.50,FT,1,away
10-01-2023,Cheltenham,Salford,,3-1,3.30,FT,X,home
09-01-2023,Basaksehir,Demirspor,,2-1,1.30,DC,12,home
09-01-2023,Panetolikos,OFI,,0-4,1.35,DC,1X,away
09-01-2023,Alanyaspor,Trabzonspor,,5-0,1.30,DC,12,home
09-01-2023,Istanbulspor,Gaziantep,,1-1,2.35,FT,2,draw
09-01-2023,Verona,Cremonese,,2-0,2.15,FT,1,home
09-01-2023,Ancona Metalica,Pontedera,,3-0,1.90,FT,1,home
09-01-2023,Bologna,Atalanta,,1-2,2.05,FT,2,away
09-01-2023,Huesca,Albacete,,1-1,2.80,FT,X,draw
09-01-2023,Tondela,Penafiel,,0-1,3.00,FT,X,away
09-01-2023,Perth Glory,Brisbane Roar,,2-1,2.40,FT,2,home
09-01-2023,Leixoes,Famalicao,,1-1,2.15,FT,2,draw
09-01-2023,NAC Breda,Eindhoven FC,,1-1,2.30,FT,1,draw
09-01-2023,Lincoln,Accrington,,2-2,2.10,FT,1,draw
09-01-2023,Bolton,Portsmouth,,1-0,2.10,FT,1,home
09-01-2023,Bristol Rovers,Plymouth,,0-2,2.50,FT,1,away
09-01-2023,Cheltenham,Salford,,3-1,3.30,FT,X,home
08-01-2023,Norwich,Blackburn,,0-1,1.85,FT,1,away
08-01-2023,Cardiff,Leeds,,2-2,1.85,FT,2,draw
08-01-2023,Spezia,Lecce,,0-0,3.05,FT,X,draw
08-01-2023,Zulte Waregem,Mechelen,,2-0,2.20,FT,2,home
08-01-2023,Paphos,Apollon Lim.,,2-2,2.00,FT,1,draw
08-01-2023,Rayo Vallecano,Betis,,1-2,1.35,DC,1X,away
08-01-2023,Ferreira,Chaves,,1-1,2.50,FT,2,draw
08-01-2023,Excelsior,Groningen,,1-0,2.40,FT,2,home
08-01-2023,Fenerbahce,Galatasaray,,0-3,2.35,FT,1,away
08-01-2023,Maccabi Bnei Raina,Hapoel I.K.S.,,0-1,1.40,DC,X2,away
08-01-2023,Anderlecht,St.Gilloise,,1-3,1.30,DC,12,away
08-01-2023,AEK,Panathinaikos,,1-0,1.95,FT,1,home
08-01-2023,Pumas Unam,Juarez,,2-1,1.95,FT,1,home
08-01-2023,Milan,Roma,,2-2,1.85,FT,1,draw
08-01-2023,Atl. Madrid,Barcelona,,0-1,2.20,FT,2,away
08-01-2023,Boavista,Gil Vicente,,1-0,3.20,FT,X,home
07-01-2023,Cambridge Utd,Bristol Rovers,,1-2,2.25,FT,2,away
07-01-2023,Charlton,Lincoln,,2-1,1.90,FT,1,home
07-01-2023,Bolton,Plymouth,,0-0,2.10,FT,1,draw
07-01-2023,Morecambe,Cheltenham,,2-1,2.50,FT,1,home
07-01-2023,Bournemouth,Burnley,,2-4,2.40,FT,1,away
07-01-2023,Millwall,Sheffield Utd,,0-2,1.50,DC,1X,away
07-01-2023,Shrewsbury,Sunderland,,1-2,2.00,FT,2,away
07-01-2023,Villarreal,Real Madrid,,2-1,2.05,FT,2,home
07-01-2023,Andorra FC,Oviedo,,3-1,2.05,FT,1,home
07-01-2023,Brentford,West Ham,,0-1,2.45,FT,1,away
07-01-2023,Grimsby,Burton,,1-0,2.60,FT,2,home
07-01-2023,Luton,Wigan,,1-1,1.25,DC,12,draw
07-01-2023,Mallorca,Valladolid,,1-0,1.95,FT,1,home
07-01-2023,Malaga,Tenerife,,1-1,1.40,DC,1X,draw
07-01-2023,Antwerp,Gent,,2-0,2.40,FT,1,home
07-01-2023,Espanyol,Girona,,2-2,2.25,FT,1,draw
06-01-2023,Ponferradina,Villarreal II,,2-1,3.15,FT,X,home
06-01-2023,Grenoble,Nimes,,1-0,3.00,FT,X,home
06-01-2023,Nea Salamina,Enosis P.,,2-0,2.15,FT,1,home
06-01-2023,Elche,Celta,,0-1,1.25,DC,X2,away
06-01-2023,Gijon,Levante,,1-1,2.95,FT,X,draw
06-01-2023,Cholet,Red Star 93,,1-4,3.30,FT,X,away
06-01-2023,NAC Breda,PSV II,,2-1,2.00,FT,1,home
06-01-2023,Den Bosch,Utrecht II,,1-4,3.20,FT,2,away
06-01-2023,Dordrecht,ADO Den Haag,,0-1,2.25,FT,2,away
06-01-2023,Ajax II,Eindhoven,,1-1,2.10,FT,1,draw
06-01-2023,MVV,De Graafschap,,2-2,2.00,FT,2,draw
06-01-2023,Oss,Telstar,,2-1,2.10,FT,2,home
06-01-2023,Willem II,Roda,,1-0,2.05,FT,1,home
06-01-2023,Raith,Dundee,,1-1,2.10,FT,2,draw
06-01-2023,Standard,St. Truiden,,1-1,1.30,DC,12,draw
06-01-2023,Famalicao,Vizela,,2-1,1.35,DC,1X,home
05-01-2023,Hapoel Afula,Hapoel K.S.,,3-0,2.30,FT,1,home
05-01-2023,Leixoes,Moreirense,,0-1,2.35,FT,2,away
05-01-2023,Ponferradina,Villarreal II,,2-1,3.15,FT,X,home
05-01-2023,Grenoble,Nimes,,1-0,3.00,FT,X,home
05-01-2023,Paris,Valenciennes,,3-1,1.85,FT,1,home
05-01-2023,Elche,Celta,,0-1,1.25,DC,X2,away
05-01-2023,Gijon,Levante,,1-1,2.95,FT,X,draw
05-01-2023,Den Bosch,Utrecht II,,1-4,3.20,FT,2,away
05-01-2023,Dordrecht,ADO Den Haag,,0-1,2.25,FT,2,away
05-01-2023,Ajax II,Eindhoven,,1-1,2.10,FT,1,draw
05-01-2023,MVV,De Graafschap,,2-2,2.00,FT,2,draw
05-01-2023,Oss,Telstar,,2-1,2.10,FT,2,home
05-01-2023,Willem II,Roda,,1-0,2.05,FT,1,home
05-01-2023,Standard,St. Truiden,,1-1,1.30,DC,12,draw
05-01-2023,Raith,Dundee,,1-1,2.10,FT,2,draw
05-01-2023,Famalicao,Vizela,,2-1,1.35,DC,1X,home
04-01-2023,Lecce,Lazio,,2-1,2.10,FT,2,home
04-01-2023,Panetolikos,Atromitos,,2-0,3.10,FT,X,home
04-01-2023,Konyaspor,Sivasspor,,2-2,1.90,FT,1,draw
04-01-2023,AEK Larnaca,Paphos,,1-0,3.00,FT,X,home
04-01-2023,PAOK,Aris,,1-0,1.90,FT,1,home
04-01-2023,Southampton,Nottingham,,0-1,2.00,FT,1,away
04-01-2023,Leeds,West Ham,,2-2,2.50,FT,1,draw
04-01-2023,Inter,Napoli,,1-0,1.30,DC,12,home
04-01-2023,Aston Villa,Wolverhampton,,1-1,1.95,FT,1,draw
04-01-2023,Crystal Palace,Tottenham,,0-4,2.20,FT,2,away
04-01-2023,Alaves,Valladolid,,1-0,2.35,FT,2,home
04-01-2023,Al Rayyan,Al Sailiya,,2-0,1.30,DC,1X,home
04-01-2023,Gaziantep,Basaksehir,,1-1,2.10,FT,2,draw
04-01-2023,Salmi,FAR Rabat,,1-1,1.20,DC,X2,draw
04-01-2023,Hapoel Afula,Hapoel K.S.,,3-0,2.30,FT,1,home
04-01-2023,Leixoes,Moreirense,,0-1,2.35,FT,2,away
03-01-2023,Espanyol,Celta,,1-1,3.15,FT,X,draw
03-01-2023,Everton,Brighton,,1-4,1.30,DC,12,away
03-01-2023,Leicester,Fulham,,0-1,2.30,FT,1,away
03-01-2023,Gijon,Rayo Vallecano,,2-0,1.40,DC,X2,home
03-01-2023,Levante,Getafe,,3-2,2.40,FT,1,home
03-01-2023,Kasimpasa,Alanyaspor,,4-1,2.80,FT,2,home
03-01-2023,Kayserispor,Karagumruk,,2-4,1.90,FT,1,away
03-01-2023,Lecce,Lazio,,2-1,2.10,FT,2,home
03-01-2023,Panetolikos,Atromitos,,2-0,3.10,FT,X,home
03-01-2023,Konyaspor,Sivasspor,,2-2,1.90,FT,1,draw
03-01-2023,Southampton,Nottingham,,0-1,2.00,FT,1,away
03-01-2023,Leeds,West Ham,,2-2,2.50,FT,1,draw
03-01-2023,Inter,Napoli,,1-0,1.30,DC,12,home
03-01-2023,Aston Villa,Wolverhampton,,1-1,1.95,FT,1,draw
03-01-2023,Crystal Palace,Tottenham,,0-4,2.20,FT,2,away
03-01-2023,Alaves,Valladolid,,1-0,2.35,FT,2,home
02-01-2023,Birmingham,Middlesbrough,,1-3,2.45,FT,2,away
02-01-2023,Norwich,Watford,,0-1,2.00,FT,1,away
02-01-2023,Stoke,Preston,,0-1,2.25,FT,1,away
02-01-2023,Swansea,Burnley,,1-2,2.20,FT,2,away
02-01-2023,Wigan,Hull,,1-4,1.55,DC,X2,away
02-01-2023,Barnsley,Bolton,,0-3,2.05,FT,1,away
02-01-2023,Northampton,Leyton Orient,,1-0,3.10,FT,X,home
02-01-2023,Hearts,Hibernian,,3-0,1.25,DC,12,home
02-01-2023,Kilmarnock,St. Mirren,,0-0,2.70,FT,1,draw
02-01-2023,Livingston,Motherwell,,1-1,2.50,FT,2,draw
02-01-2023,St Johnstone,Dundee Utd,,0-1,2.20,FT,1,away
02-01-2023,Hamilton,Raith,,0-1,1.40,DC,X2,away
02-01-2023,Inverness,Cove Rangers,,6-1,2.60,FT,2,home
02-01-2023,Morton,Ayr,,Postp,2.95,FT,2,postponed
02-01-2023,Queen’s Park,Partick Thistle,,2-0,2.50,FT,2,home
02-01-2023,QPR,Sheffield Utd,,1-1,2.25,FT,2,draw
01-01-2023,Blackpool,Sunderland,,1-1,2.50,FT,2,draw
01-01-2023,Coventry,Bristol City,,1-1,2.00,FT,1,draw
01-01-2023,Huddersfield,Luton,,1-2,1.30,DC,12,away
01-01-2023,Bristol Rovers,Cheltenham,,2-1,1.85,FT,1,home
01-01-2023,Forest Green,Port Vale,,1-3,2.15,FT,2,away
01-01-2023,Morecambe,Burton,,5-0,2.40,FT,2,home
01-01-2023,Oxford Utd,Exeter,,0-1,2.00,FT,1,away
01-01-2023,Peterborough,Wycombe,,0-3,1.90,FT,1,away
01-01-2023,Portsmouth,Charlton,,1-3,1.95,FT,1,away
01-01-2023,Shrewsbury,Fleetwood,,0-3,3.20,FT,X,away
01-01-2023,Bradford City,Salford,,3-2,1.30,DC,12,home
01-01-2023,Colchester,Swindon,,1-0,2.30,FT,2,home
01-01-2023,Crewe,Tranmere,,1-0,3.10,FT,X,home
01-01-2023,Doncaster,Carlisle,,2-1,2.70,FT,2,home
01-01-2023,Walsall,Mansfield,,2-1,2.60,FT,1,home
01-01-2023,Lens,PSG,,3-1,1.30,DC,X2,home
31-12-2022,Bournemouth,Crystal Palace,,0-2,2.90,FT,1,away
31-12-2022,Fulham,Southampton,,2-1,2.00,FT,1,home
31-12-2022,Sociedad,Osasuna,,2-0,1.90,FT,1,home
31-12-2022,Villarreal,Valencia,,2-1,1.25,DC,1X,home
31-12-2022,Hapoel T.A.,Maccabi Netanya,,1-1,3.20,FT,X,draw
31-12-2022,Bnei Sakhnin,Hapoel Haifa,,1-2,3.10,FT,X,away
31-12-2022,MS Ashdod,Hapoel Jerusalem,,1-1,1.40,DC,X2,draw
31-12-2022,Brighton,Arsenal,,2-4,2.10,FT,2,away
31-12-2022,Newcastle Jets,Sydney FC,,0-2,2.00,FT,2,away
31-12-2022,Sydney W.,Macarthur FC,,4-0,1.85,FT,1,home
31-12-2022,Blackburn,Cardiff,,1-0,1.30,DC,12,home
31-12-2022,Angers,Lorient,,1-2,2.45,FT,2,away
31-12-2022,Nantes,Auxerre,,1-0,1.95,FT,1,home
31-12-2022,Blackpool,Sunderland,,1-1,2.50,FT,2,draw
31-12-2022,Coventry,Bristol City,,1-1,2.00,FT,1,draw
31-12-2022,Huddersfield,Luton,,1-2,2.40,FT,2,away
30-12-2022,St Etienne,Caen,,1-1,2.35,FT,1,draw
30-12-2022,Cadiz,Almeria,,1-1,2.45,FT,1,draw
30-12-2022,Celta,Sevilla,,1-1,2.15,FT,1,draw
30-12-2022,Vizela,Guimaraes,,3-0,1.35,DC,1X,home
30-12-2022,Trofense,Torreense,,0-1,2.50,FT,2,away
30-12-2022,West Ham,Brentford,,0-2,2.00,FT,1,away
30-12-2022,Birmingham,Hull,,0-1,2.00,FT,1,away
30-12-2022,Swansea,Watford,,4-0,2.10,FT,1,home
30-12-2022,Stoke,Burnley,,0-1,1.30,DC,X2,away
30-12-2022,Lincoln,Bolton,,1-1,2.20,FT,2,draw
30-12-2022,Newport,Leyton,,0-0,2.30,FT,2,draw
30-12-2022,Annecy,Nimes,,0-0,2.30,FT,1,draw
30-12-2022,Bastia,Valenciennes,,1-0,3.00,FT,X,home
30-12-2022,Grenoble,Metz,,0-1,2.50,FT,2,away
30-12-2022,Niort,Pau,,2-1,3.00,FT,X,home
30-12-2022,Paris,Le Havre,,0-0,1.35,DC,X2,draw
29-12-2022,Blackburn,Middlesbrough,,1-2,2.60,FT,2,away
29-12-2022,Coventry,Cardiff,,0-0,2.00,FT,1,draw
29-12-2022,Huddersfield,Rotherham,,2-0,2.20,FT,1,home
29-12-2022,Millwall,Bristol City,,0-0,1.95,FT,1,draw
29-12-2022,Wigan,Sunderland,,1-4,2.50,FT,2,away
29-12-2022,Bristol Rovers,Exeter,,3-4,2.30,FT,1,away
29-12-2022,Forest Green,Burton,,1-2,1.30,DC,12,away
29-12-2022,Morecambe,Accrington,,2-0,2.25,FT,2,home
29-12-2022,Oxford Utd,Charlton,,3-1,1.95,FT,1,home
29-12-2022,Plymouth,Wycombe,,1-0,2.10,FT,1,home
29-12-2022,Portsmouth,Ipswich,,2-2,2.00,FT,2,draw
29-12-2022,Shrewsbury,Cheltenham,,0-1,2.00,FT,1,away
29-12-2022,Barrow,Tranmere,,1-2,1.30,DC,1X,away
29-12-2022,Colchester,AFC Wimbledon,,1-2,1.45,DC,X2,away
29-12-2022,Grimsby,Salford,,1-4,2.10,FT,1,away
29-12-2022,Nice,Lens,,0-0,3.00,FT,X,draw
28-12-2022,Levadiakos,Ionikos Nikeas,,1-0,3.00,FT,X,home
28-12-2022,Pharco,Future FC,,2-3,1.20,DC,X2,away
28-12-2022,Porto II,Farense,,4-0,3.10,FT,X,home
28-12-2022,Karagumruk,Trabzon,,4-1,1.95,FT,2,home
28-12-2022,Portimonense,Casa Pia,,1-2,1.35,DC,1X,away
28-12-2022,Dundee Utd,Ross County,,3-0,1.95,FT,1,home
28-12-2022,Kilmarnock,Aberdeen,,2-1,2.30,FT,2,home
28-12-2022,Livingston,St. Mirren,,1-1,2.40,FT,1,draw
28-12-2022,St Johnstone,Hearts,,2-3,2.30,FT,2,away
28-12-2022,Brest,Olympique Lyon,,2-4,1.25,DC,12,away
28-12-2022,QPR,Luton,,0-3,2.10,FT,1,away
28-12-2022,Blackburn,Middlesbrough,,1-2,2.60,FT,2,away
28-12-2022,Coventry,Cardiff,,0-0,2.00,FT,1,draw
28-12-2022,Huddersfield,Rotherham,,2-0,2.20,FT,1,home
28-12-2022,Millwall,Bristol City,,0-0,1.95,FT,1,draw
28-12-2022,Wigan,Sunderland,,1-4,2.50,FT,2,away
27-12-2022,Bolton,Derby,,0-0,1.30,DC,12,draw
27-12-2022,Reading,Swansea,,2-1,1.30,DC,12,home
27-12-2022,Westerlo,Antwerp,,3-3,2.35,FT,2,draw
27-12-2022,Ajaccio,Angers,,1-0,2.00,FT,1,home
27-12-2022,Troyes,Nantes,,0-0,3.50,FT,X,draw
27-12-2022,Alanyaspor,Kayserispor,,3-1,2.05,FT,1,home
27-12-2022,Istanbulspor,Kasimpasa,,2-1,2.35,FT,2,home
27-12-2022,Levadiakos,Ionikos Nikeas,,1-0,3.00,FT,X,home
27-12-2022,Karagumruk,Trabzon,,4-1,1.95,FT,2,home
27-12-2022,Porto II,Farense,,4-0,3.10,FT,X,home
27-12-2022,Portimonense,Casa Pia,,1-2,3.10,FT,X,away
27-12-2022,Dundee Utd,Ross County,,3-0,1.95,FT,1,home
27-12-2022,Kilmarnock,Aberdeen,,2-1,2.30,FT,2,home
27-12-2022,Livingston,St. Mirren,,1-1,2.40,FT,1,draw
27-12-2022,St Johnstone,Hearts,,2-3,2.30,FT,2,away
27-12-2022,Brest,Olympique Lyon,,2-4,1.25,DC,12,away
26-12-2022,Crystal Palace,Fulham,,0-3,2.05,FT,1,away
26-12-2022,Everton,Wolverhampton,,1-2,1.35,DC,1X,away
26-12-2022,Leicester,Newcastle,,0-3,3.20,FT,2,away
26-12-2022,Southampton,Brighton,,1-3,2.10,FT,2,away
26-12-2022,Bristol City,WBA,,0-2,2.30,FT,2,away
26-12-2022,Hull,Blackpool,,1-1,2.10,FT,1,draw
26-12-2022,Preston,Huddersfield,,1-2,1.85,FT,1,away
26-12-2022,Rotherham,Stoke,,2-2,2.25,FT,2,draw
26-12-2022,Accrington,Barnsley,,1-1,2.15,FT,2,draw
26-12-2022,Burton,Lincoln,,3-0,1.30,DC,12,home
26-12-2022,Cambridge Utd,Shrewsbury,,2-1,1.45,DC,X2,home
26-12-2022,Cardiff,QPR,,0-0,2.95,FT,2,draw
26-12-2022,Bari,Genoa,,1-2,2.40,FT,2,away
26-12-2022,Luton,Norwich,,2-1,3.25,FT,X,home
26-12-2022,Charleroi,Anderlecht,,0-1,2.25,FT,2,away
26-12-2022,Bastia,Caen,,1-0,3.00,FT,X,home
25-12-2022,Khor Fakkan,Al Ittihad K.,,2-1,2.60,FT,2,home
25-12-2022,Bnei Sakhnin,Hapoel T.A.,,1-1,2.40,FT,2,draw
25-12-2022,Western United,Melbourne Victory,,1-0,2.15,FT,2,home
25-12-2022,Watford,Millwall,,0-2,2.05,FT,1,away
25-12-2022,Brentford,Tottenham,,2-2,1.25,DC,X2,draw
25-12-2022,Sunderland,Blackburn,,2-1,1.35,DC,1X,home
25-12-2022,Crystal Palace,Fulham,,0-3,2.05,FT,1,away
25-12-2022,Everton,Wolverhampton,,1-2,1.35,DC,1X,away
25-12-2022,Leicester,Newcastle,,0-3,3.20,FT,2,away
25-12-2022,Southampton,Brighton,,1-3,2.10,FT,2,away
25-12-2022,Bristol City,WBA,,0-2,2.30,FT,2,away
25-12-2022,Hull,Blackpool,,1-1,2.10,FT,1,draw
25-12-2022,Preston,Huddersfield,,1-2,1.85,FT,1,away
25-12-2022,Rotherham,Stoke,,2-2,2.25,FT,2,draw
25-12-2022,Cardiff,QPR,,0-0,2.95,FT,2,draw
25-12-2022,Aston Villa,Liverpool,,1-3,1.75,FT,2,away
24-12-2022,Dundee Utd,Hearts,,2-2,2.20,FT,2,draw
24-12-2022,Hibernian,Livingston,,4-0,1.85,FT,1,home
24-12-2022,Ghazl El Mahallah,Pharco,,0-0,1.25,DC,1X,draw
24-12-2022,Haras,NB Egypt,,2-1,1.25,DC,X2,home
24-12-2022,Kabylie,Belouizdad,,1-2,2.90,FT,1,away
24-12-2022,Hapoel Jerusalem,Hapoel I.K.S.,,1-1,2.00,FT,1,draw
24-12-2022,Trabzon,Fenerbahce,,2-0,2.45,FT,2,home
24-12-2022,Pendikspor,Manisa BB,,0-0,2.00,FT,1,draw
24-12-2022,Hapoel Haifa,Maccabi Bnei Raina,,0-0,2.00,FT,1,draw
24-12-2022,Sektzia,MS Ashdod,,2-0,1.30,DC,X2,home
24-12-2022,Setif,Saoura,,0-0,1.90,FT,1,draw
24-12-2022,Boluspor,Erzurum,,3-1,1.95,FT,1,home
24-12-2022,Keciorengucu,Eyupspor,,2-1,3.10,FT,X,home
24-12-2022,SC Ismaily,El Masry Club,,0-1,2.95,FT,2,away
24-12-2022,Gaziantep,Besiktas,,1-1,1.85,FT,2,draw
24-12-2022,Genclerbirligi,Bandirmaspor,,2-5,1.80,FT,2,away
23-12-2022,Al Ittihad,Ceramica Cleopatra,,1-0,1.25,DC,1X,home
23-12-2022,Fermana,Fiorenzuola,,4-2,2.85,FT,X,home
23-12-2022,Lucchese,Reggiana,,0-1,1.30,DC,X2,away
23-12-2022,Rimini,San Donato,,1-2,2.65,FT,2,away
23-12-2022,Siena,Ancona Matelica,,0-0,3.00,FT,X,draw
23-12-2022,Pontedera,Olbia,,5-4,1.90,FT,1,home
23-12-2022,Avellino,Pescara,,1-0,2.90,FT,X,home
23-12-2022,Antalya,Ankaragucu,,0-2,2.10,FT,1,away
23-12-2022,RFC Seraing,Eupen,,0-1,2.70,FT,1,away
23-12-2022,Vilafranquense,Mafra,,3-3,3.00,FT,X,draw
23-12-2022,Mechelen,Cercle Brugge,,1-1,2.55,FT,1,draw
23-12-2022,Latina,Foggia,,1-5,2.40,FT,2,away
23-12-2022,Taranto,Monopoli,,0-0,2.95,FT,X,draw
23-12-2022,Virtus Francavilla,Turris,,3-1,1.40,DC,1X,home
23-12-2022,Rio Ave,Maritimo,,1-1,2.00,FT,1,draw
23-12-2022,Feirense,Tondela,,1-1,3.05,FT,X,draw
22-12-2022,OFI,Atromitos,,0-1,2.25,FT,1,away
22-12-2022,Aris Limassol,APOEL Nicosia,,1-1,3.05,FT,X,draw
22-12-2022,Omonia,Apollon Lim.,,2-0,1.35,DC,1X,home
22-12-2022,Eldense,Burgos,,1-0,3.00,FT,X,home
22-12-2022,Linares,Santander,,1-0,2.30,FT,2,home
22-12-2022,Cardiff M.,Newtown,,2-1,1.95,FT,1,home
22-12-2022,Manchester City,Liverpool,,3-2,1.90,FT,1,home
22-12-2022,Gimnastic,Malaga,,2-1,3.05,FT,X,home
22-12-2022,La Nucia,Las Palmas,,0-0,2.00,FT,2,draw
22-12-2022,Oviedo,Granada,,1-0,2.85,FT,X,home
22-12-2022,Brisbane Roar,Sydney W.,,1-1,3.30,FT,X,draw
22-12-2022,Arzignano,Pro Patria,,0-0,2.00,FT,1,draw
22-12-2022,FeralpiSalo,AlbinoLeffe,,1-0,2.00,FT,1,home
22-12-2022,Leko,Virtus V.,,0-0,1.25,DC,1X,draw
22-12-2022,Mantova,Sangiuliano,,2-1,2.90,FT,X,home
22-12-2022,Padova,Pro Vercelli,,1-0,1.25,DC,1X,home
21-12-2022,Asteras Tripolis,Volos NPS,,0-0,1.30,DC,1X,draw
21-12-2022,Katokopia,Enosis P.,,0-3,2.05,FT,1,away
21-12-2022,Levante,Andorra FC,,2-1,1.85,FT,1,home
21-12-2022,Merida D.,Alaves,,0-1,2.10,FT,2,away
21-12-2022,Numancia,Gijon,,0-3,2.10,FT,2,away
21-12-2022,Deinze,Zulte Waregem,,1-2,2.35,FT,2,away
21-12-2022,Coventry,WBA,,1-0,2.40,FT,2,home
21-12-2022,Blackburn,Nottingham,,1-4,2.30,FT,2,away
21-12-2022,Ceuta,Ibiza,,3-2,2.00,FT,2,home
21-12-2022,Pontevedra,Tenerife,,2-1,1.30,DC,X2,home
21-12-2022,UD Logrones,Albacete,,0-0,1.35,DC,X2,draw
21-12-2022,Manchester City,Liverpool,,3-2,1.90,FT,1,home
21-12-2022,Gimnastic,Malaga,,2-1,3.05,FT,X,home
21-12-2022,La Nucia,Las Palmas,,0-0,2.00,FT,2,draw
21-12-2022,Oviedo,Granada,,1-0,2.85,FT,X,home
21-12-2022,Moreirense,Arouca,,1-2,3.10,FT,X,away
20-12-2022,El Geish,NB Egypt,,1-0,2.75,FT,X,home
20-12-2022,Al Salmiya,Al Arabi Mans,,1-1,1.35,DC,X2,draw
20-12-2022,Oran,Kabylie,,2-1,2.55,FT,X,home
20-12-2022,Intercity,Mirandes,,2-0,2.35,FT,2,home
20-12-2022,Cliftonville,Glentoran,,1-0,2.25,FT,2,home
20-12-2022,Antwerp,Standard,,4-0,1.85,FT,1,home
20-12-2022,Lions G.,Manchester 62,,3-2,1.25,DC,12,home
20-12-2022,Alcorcon,Cartagena,,1-1,3.00,FT,X,draw
20-12-2022,Academico V.,Boavista,,2-1,3.10,FT,X,home
20-12-2022,Levante,Andorra FC,,2-1,1.85,FT,1,home
20-12-2022,Merida D.,Alaves,,0-1,2.10,FT,2,away
20-12-2022,Numancia,Gijon,,0-3,2.10,FT,2,away
20-12-2022,Coventry,WBA,,1-0,2.40,FT,2,home
20-12-2022,Blackburn,Nottingham,,1-4,2.30,FT,2,away
20-12-2022,Ceuta,Ibiza,,3-2,2.00,FT,2,home
20-12-2022,Pontevedra,Tenerife,,2-1,1.30,DC,X2,home
19-12-2022,Hapoel I.K.S.,Sektzia,,3-3,1.25,DC,1X,draw
19-12-2022,Perugia,Venezia,,2-1,3.00,FT,X,home
19-12-2022,Audace,Juve Stabia,,4-2,2.05,FT,1,home
19-12-2022,Wigan,Sheffield Utd,,1-2,2.00,FT,2,away
19-12-2022,Leganes,Zaragoza,,2-1,2.85,FT,X,home
19-12-2022,Antwerp,Standard,,4-0,1.85,FT,1,home
19-12-2022,Alcorcon,Cartagena,,1-1,3.00,FT,X,draw
19-12-2022,CC Mariners,Newcastle Jets,,3-0,1.80,FT,1,home
19-12-2022,Levante,Andorra FC,,2-1,1.85,FT,1,home
19-12-2022,Merida AD,Alaves,,0-1,2.10,FT,2,away
19-12-2022,Numancia,Gijon,,0-3,2.10,FT,2,away
19-12-2022,Coventry,WBA,,1-0,2.40,FT,2,home
19-12-2022,Blackburn,Nottingham,,1-4,2.30,FT,2,away
19-12-2022,Ceuta,Ibiza,,3-2,2.00,FT,2,home
19-12-2022,Pontevedra,Tenerife,,2-1,1.30,DC,X2,home
19-12-2022,UD Logrones,Albacete,,0-0,1.35,DC,X2,draw
18-12-2022,Argentina,France,,2-2,2.70,FT,1,draw
18-12-2022,Cultural Leonesa,San Sebastian,,4-1,1.95,FT,1,home
18-12-2022,Alcoyano,Gimnastic,,1-1,2.50,FT,1,draw
18-12-2022,Palermo,Cagliari,,2-1,1.35,DC,X2,home
18-12-2022,Burgos,Huesca,,1-1,2.85,FT,X,draw
18-12-2022,Levante,Eibar,,0-0,2.05,FT,1,draw
18-12-2022,Cornella,Numancia,,1-0,2.80,FT,X,home
18-12-2022,UTA Arad,Rapid Buc.,,1-1,1.35,DC,X2,draw
18-12-2022,Andria Bat.,Latina,,0-3,2.15,FT,1,away
18-12-2022,Genoa,Frosinone,,1-0,2.00,FT,1,home
18-12-2022,Malaga,Alaves,,1-0,1.35,DC,X2,home
18-12-2022,Al Wasl,Al Ahli,,1-2,2.20,FT,2,away
18-12-2022,Perugia,Venezia,,2-1,3.00,FT,X,home
18-12-2022,Audace,Juve Stabia,,4-2,2.05,FT,1,home
18-12-2022,Wigan,Sheffield Utd,,1-2,2.00,FT,2,away
18-12-2022,Leganes,Zaragoza,,2-1,2.85,FT,X,home
17-12-2022,Bristol City,Stoke,,1-2,2.50,FT,1,away
17-12-2022,Burnley,Middlesbrough,,3-1,2.10,FT,1,home
17-12-2022,Cardiff,Blackpool,,1-1,2.10,DC,1X,draw
17-12-2022,Coventry,Swansea,,3-3,2.40,FT,1,draw
17-12-2022,Huddersfield,Watford,,0-2,1.30,DC,12,away
17-12-2022,Hull,Sunderland,,1-1,2.50,FT,1,draw
17-12-2022,Preston,QPR,,0-1,2.30,FT,1,away
17-12-2022,Croatia,Morocco,,2-1,2.30,FT,1,home
17-12-2022,Lugo,Granada,,1-0,2.05,FT,2,home
17-12-2022,Mirandes,Ponferradina,,2-1,2.05,FT,1,home
17-12-2022,Pisa,Brescia,,3-0,2.20,FT,1,home
17-12-2022,Cartagena,Santander,,0-3,2.05,FT,1,away
17-12-2022,Villarreal II,Las Palmas,,0-1,3.00,FT,X,away
17-12-2022,Estrela Amadora,Penafiel,,1-1,3.10,FT,X,draw
17-12-2022,Reggina,Bari,,0-0,1.25,DC,1X,draw
17-12-2022,Oviedo,Gijon,,1-0,2.80,FT,1,home
16-12-2022,Voluntari,Constanta,,1-1,3.00,FT,X,draw
16-12-2022,Santa Clara,Arouca,,1-2,3.00,FT,2,away
16-12-2022,Feirense,Leixoes,,2-1,3.10,FT,X,home
16-12-2022,NAC Breda,Almere City,,0-1,2.35,FT,2,away
16-12-2022,De Graafschap,Willem II,,0-3,2.50,FT,2,away
16-12-2022,Eindhoven FC,Venlo,,0-2,1.25,DC,12,away
16-12-2022,Helmond,Den Bosch,,1-0,2.30,FT,1,home
16-12-2022,Utrecht II,AZ Alkmar II,,Postp,2.15,FT,2,postponed
16-12-2022,Roda,Zwolle,,Postp,2.35,FT,2,postponed
16-12-2022,Birmingham,Reading,,3-2,2.10,FT,1,home
16-12-2022,Tenerife,Andorra,,1-1,1.25,DC,1X,draw
16-12-2022,Cholet,Red Star 93,,Postp,1.80,FT,2,postponed
16-12-2022,Dunkerque,Bourg Peronnas,,Postp,3.10,FT,X,postponed
16-12-2022,Le Mans,Orleans,,2-0,1.20,DC,1X,home
16-12-2022,Nancy,Martigues,,Postp,3.10,FT,X,postponed
16-12-2022,Chaves,Mafra,,1-2,1.90,FT,1,away
15-12-2022,FCSB,Cluj,,0-1,3.00,FT,X,away
15-12-2022,PSV II,Ajax II,,2-2,2.05,FT,1,draw
15-12-2022,Academico V.,Tondela,,4-1,1.35,DC,1X,home
15-12-2022,Estoril,Famalicao,,0-1,1.50,DC,X2,away
15-12-2022,Voluntari,Constanta,,1-1,3.00,FT,X,draw
15-12-2022,Santa Clara,Arouca,,1-2,3.00,FT,2,away
15-12-2022,Feirense,Leixoes,,2-1,3.10,FT,X,home
15-12-2022,NAC Breda,Almere City,,0-1,2.35,FT,2,away
15-12-2022,De Graafschap,Willem II,,0-3,2.50,FT,2,away
15-12-2022,Eindhoven FC,Venlo,,0-2,1.25,DC,12,away
15-12-2022,Helmond,Den Bosch,,1-0,2.30,FT,1,home
15-12-2022,Utrecht II,AZ Alkmar II,,Postp,2.15,FT,2,postponed
15-12-2022,Roda,Zwolle,,Postp,2.35,FT,2,postponed
15-12-2022,Birmingham,Reading,,3-2,2.10,FT,1,home
15-12-2022,Tenerife,Andorra,,1-1,2.10,FT,1,draw
15-12-2022,Chaves,Mafra,,1-2,1.90,FT,1,away
14-12-2022,Lamia,Kallithea,,1-1,1.80,FT,1,draw
14-12-2022,Portimonense,Gil Vicente,,0-3,2.10,FT,1,away
14-12-2022,Sp.Covilha,Nacional,,1-2,2.40,FT,2,away
14-12-2022,Aswan,Ceramica Cleopatra,,2-3,3.10,FT,X,away
14-12-2022,Al Ittihad,Pharco,,1-0,2.70,FT,X,home
14-12-2022,El Daklyeh,Smouha,,0-0,2.00,FT,2,draw
14-12-2022,Al Moqawloon,Enppi,,3-2,2.70,FT,X,home
14-12-2022,FCSB,Cluj,,0-1,3.00,FT,X,away
14-12-2022,PSV II,Ajax II,,2-2,2.05,FT,1,draw
14-12-2022,Academico V.,Tondela,,4-1,1.35,DC,1X,home
14-12-2022,Estoril,Famalicao,,0-1,1.50,DC,X2,away
14-12-2022,Newcastle Jets,Brisbane Roar,,0-1,1.40,DC,1X,away
14-12-2022,Haras,Al Masry Club,,0-0,2.10,FT,2,draw
14-12-2022,NB Egypt,Zamalek,,0-1,1.90,FT,2,away
14-12-2022,AEK Larnaca,Omonia,,2-1,2.00,FT,1,home
14-12-2022,Feirense,Leixoes,,2-1,3.10,FT,X,home
13-12-2022,Burton,Accrington,,2-4,2.00,FT,1,away
13-12-2022,Portsmouth,Stevenage,,3-0,2.00,FT,1,home
13-12-2022,Argentina,Croatia,,3-0,1.85,FT,1,home
13-12-2022,Bristol Rovers,Milton Keyney Dons,,4-1,2.00,FT,1,home
13-12-2022,Aldershot,Boreham Wood,,Postp,2.20,FT,2,postponed
13-12-2022,Oxford City,Chippenham,,5-3,1.70,FT,1,home
13-12-2022,Worthing,Weymouth,,1-3,1.25,DC,12,away
13-12-2022,Dorking Wanderers,Maidstone Utd,,3-2,1.30,DC,1X,home
13-12-2022,York,Solihull,,Postp,1.30,DC,X2,postponed
13-12-2022,Hungerford,St. Albans,,Postp,2.30,FT,2,postponed
13-12-2022,Taunton Town,Farnborough,,Postp,2.55,FT,2,postponed
13-12-2022,Boston Utd,Banbury,,0-1,2.20,FT,1,away
13-12-2022,Rio Ave,Farense,,2-1,2.05,FT,1,home
13-12-2022,Guangzhou City,Shanghai Shenhua,,1-1,2.60,FT,2,draw
13-12-2022,Apollon Paralimniou,Agios,,2-2,3.00,FT,X,draw
13-12-2022,Ghazl El Mahallah,El Gaish,,3-2,2.75,FT,X,home
12-12-2022,U Craiova 1948,FC Arges,,1-0,2.10,FT,1,home
12-12-2022,Mura,Domzale,,0-1,1.30,DC,1X,away
12-12-2022,AZ Alkmar II,PSV II,,2-3,1.25,DC,12,away
12-12-2022,Brescia,Parma,,0-2,3.00,FT,X,away
12-12-2022,Foggia,Catanzaro,,0-0,2.15,FT,2,draw
12-12-2022,Sunderland,WBA,,1-2,1.35,DC,X2,away
12-12-2022,Alaves,Levante,,0-2,2.95,FT,X,away
12-12-2022,Martigues,Concarneau,,2-0,3.05,FT,X,home
12-12-2022,Boavista,Guimaraes,,0-0,2.55,FT,2,draw
12-12-2022,Argentina,Croatia,,3-0,1.85,FT,1,home
12-12-2022,Burton,Accrington,,2-4,2.00,FT,1,away
12-12-2022,Portsmouth,Stevenage,,3-0,2.00,FT,1,home
12-12-2022,Bristol Rovers,Milton Keynes Dons,,4-1,2.00,FT,1,home
12-12-2022,Salford City,Port Vale,,Postp,2.35,FT,2,postponed
12-12-2022,Barnet,Yeovil,,Postp,1.95,FT,1,postponed
12-12-2022,Rio Ave,Farense,,2-1,2.05,FT,1,home
11-12-2022,Ascoli,Genoa,,0-0,2.05,FT,2,draw
11-12-2022,Benevento,Cittadella,,1-0,2.90,FT,X,home
11-12-2022,Como,Reggina,,0-1,2.25,FT,2,away
11-12-2022,Spal,Palermo,,1-1,1.35,DC,1X,draw
11-12-2022,Sudtirol,Ternana,,0-0,3.00,FT,X,draw
11-12-2022,Oldham,Torquay,,3-2,3.00,FT,2,home
11-12-2022,Gijon,Cartagena,,0-0,2.05,FT,1,draw
11-12-2022,Ponferradina,Lugo,,1-0,2.15,FT,1,home
11-12-2022,Recanatese,Virtus Entella,,1-2,1.95,FT,2,away
11-12-2022,Monopoli,Pescara,,1-2,2.05,FT,2,away
11-12-2022,Bari,Modena,,4-1,1.20,DC,1X,home
11-12-2022,Granada,Burgos,,1-0,1.65,FT,1,home
11-12-2022,Frosinone,Pisa,,0-0,1.80,FT,1,draw
11-12-2022,Trento,AlbinoLeffe,,0-1,2.35,FT,2,away
11-12-2022,Lommel,Deinze,,1-0,2.70,FT,2,home
11-12-2022,Santander,Mirandes,,1-2,1.25,DC,1X,away
10-12-2022,Blackpool,Birmingham,,0-0,2.55,FT,2,draw
10-12-2022,Millwall,Wigan,,1-1,1.90,FT,1,draw
10-12-2022,Stoke,Cardiff,,2-2,2.10,FT,1,draw
10-12-2022,Swansea,Norwich,,0-1,1.40,DC,1X,away
10-12-2022,Middlesbrough,Luton,,2-1,1.85,FT,1,home
10-12-2022,Bristol Rovers,Port Vale,,1-0,3.25,FT,X,home
10-12-2022,Cambridge Utd,Plymouth,,0-0,3.10,FT,1,draw
10-12-2022,Exeter,Sheffield Wed,,1-1,1.95,FT,2,draw
10-12-2022,Lincoln,Wycombe,,0-0,3.20,FT,X,draw
10-12-2022,Milton Keynes Dons,Fleetwood,,1-2,2.15,FT,1,away
10-12-2022,Grimsby,Tranmere,,2-1,3.20,FT,2,home
10-12-2022,Oxford Utd,Barnsley,,Postp,3.20,FT,X,postponed
10-12-2022,Andorra,Leganes,,1-1,1.25,DC,1X,draw
10-12-2022,Villarreal II,Tenerife,,2-2,1.45,DC,1X,draw
10-12-2022,England,France,,1-2,2.40,FT,2,away
10-12-2022,Zaragoza,Huesca,,3-0,1.95,FT,1,home
09-12-2022,Paphos,Apoel Nicosia,,1-2,2.95,FT,X,away
09-12-2022,Flensburg,Hannover II,,Postp,2.60,FT,2,postponed
09-12-2022,Avranches,Nancy,,1-0,2.80,FT,2,home
09-12-2022,Bourg Peronnas,Orleans,,1-1,1.30,DC,1X,draw
09-12-2022,Le Puy,Dunkerque,,0-1,2.20,FT,2,away
09-12-2022,Red Star 93,Versailles,,0-0,1.20,DC,1X,draw
09-12-2022,Sedan,Cholet,,2-1,3.00,FT,X,home
09-12-2022,Briochin,Le Mans,,1-1,1.30,DC,X2,draw
09-12-2022,Villefranche,Chateauroux,,1-1,3.05,FT,X,draw
09-12-2022,Netherlands,Argentina,,2-2,2.20,FT,2,draw
09-12-2022,Paris 13 Atl.,Bastia Borgo,,4-0,1.65,FT,1,home
09-12-2022,Genk II,Club Brugge II,,1-2,2.60,FT,2,away
09-12-2022,Crawley Town,Hartlepool,,0-2,2.00,FT,1,away
09-12-2022,Alloa,Queen of South,,2-4,2.15,FT,1,away
09-12-2022,Arbroath,Dunfermline,,1-5,3.20,FT,X,away
09-12-2022,Coleraine,Crusaders,,2-0,3.25,FT,X,home
08-12-2022,Cittadella,Bari,,0-3,2.95,FT,X,away
08-12-2022,Cosenza,Brescia,,1-1,1.30,DC,X2,draw
08-12-2022,Modena,Venezia,,2-2,3.15,FT,2,draw
08-12-2022,Perugia,Spal,,0-0,1.25,DC,1X,draw
08-12-2022,Reggina,Frosinone,,0-3,2.90,FT,X,away
08-12-2022,Cornella,Murcia,,0-0,2.00,FT,2,draw
08-12-2022,Lugo,Gijon,,0-1,2.40,FT,2,away
08-12-2022,Feirense,Santa Clara,,4-3,3.00,FT,X,home
08-12-2022,Pisa,Ascoli,,2-0,1.25,DC,1X,home
08-12-2022,Ibiza,Santander,,1-0,2.65,FT,1,home
08-12-2022,Botosani,FCSB,,0-2,1.85,FT,1,away
08-12-2022,Dacia Mioveni,UTA Arad,,0-3,1.90,FT,2,away
08-12-2022,Otelul Galati,Gloria Buzau,,0-2,3.00,FT,X,away
08-12-2022,Gillingham,Dag & Red,,3-2,2.85,FT,2,home
08-12-2022,Palermo,Como,,0-0,3.20,FT,X,draw
08-12-2022,Malaga,Granada,,1-1,2.30,FT,2,draw
07-12-2022,Hermannstadt,Chindia T.,,4-1,1.80,FT,1,home
07-12-2022,Domzale,Celje,,2-1,2.20,FT,2,home
07-12-2022,Huesca,Andorra FC,,1-0,1.35,DC,1X,home
07-12-2022,Farul Constanta,Cluj,,0-0,1.40,DC,X2,draw
07-12-2022,Univ. Cluj,Rapid Buc.,,0-0,2.30,FT,2,draw
07-12-2022,Amorebieta,Calahorra,,1-0,2.00,FT,1,home
07-12-2022,Farense,Maritimo,,2-0,2.30,FT,1,home
07-12-2022,Ternana,Cagliari,,1-0,3.10,FT,X,home
07-12-2022,Stockport,Charlton,,3-1,2.05,FT,1,home
07-12-2022,Kidderminster,Chester,,0-2,3.40,FT,2,away
07-12-2022,Harrow Borough,Hartley,,1-0,2.15,FT,1,home
07-12-2022,Tenerife,Alaves,,2-1,1.50,DC,X2,home
07-12-2022,Algeciras,Real Linense,,1-0,3.60,FT,2,home
07-12-2022,Talavera,Celta II,,1-0,2.20,FT,2,home
07-12-2022,Cultural Leonesa,San Fernando,,2-0,1.85,FT,1,home
07-12-2022,Barcelona II,Eldense,,1-0,2.50,FT,2,home
06-12-2022,Leganes,Mirandes,,2-2,1.20,DC,1X,draw
06-12-2022,Oviedo,Las Palmas,,0-0,2.90,FT,X,draw
06-12-2022,Portugal,Switzerland,,6-1,1.95,FT,1,home
06-12-2022,Halifax,Dorking Wanderers,,3-1,2.00,FT,1,home
06-12-2022,Braintree,Oxford City,,0-0,2.15,FT,2,draw
06-12-2022,Dulwich Hamlet,Chelmsford City,,2-1,2.80,FT,1,home
06-12-2022,Hamel,Bath City,,1-0,2.80,FT,2,home
06-12-2022,Slough Town,Concord,,0-0,1.95,FT,1,draw
06-12-2022,Welling Utd.,Farnborough,,1-2,2.65,FT,2,away
06-12-2022,Worthing,Ebbsfleet,,0-6,1.85,FT,2,away
06-12-2022,Albacete,Zaragoza,,0-0,3.00,FT,2,draw
06-12-2022,Huesca,Andorra FC,,1-0,1.35,DC,1X,home
06-12-2022,Farense,Maritimo,,2-0,2.30,FT,1,home
06-12-2022,Ternana,Cagliari,,1-0,3.10,FT,X,home
06-12-2022,Stockport,Charlton,,3-1,2.05,FT,1,home
06-12-2022,Tenerife,Alaves,,2-1,1.50,DC,X2,home
05-12-2022,Japan,Croatia,,1-1,1.35,DC,12,draw
05-12-2022,Rizespor,Pendikspor,,1-1,1.35,DC,1X,draw
05-12-2022,Ponferradina,Burgos,,1-2,2.95,FT,X,away
05-12-2022,Mafra,Vizela,,1-1,1.35,DC,X2,draw
05-12-2022,Majadahonda,Real Madrid II,,1-2,2.10,FT,2,away
05-12-2022,Gorica,Bravo,,0-0,2.15,FT,2,draw
05-12-2022,Fuenlabrada,Merida D.,,0-1,2.10,FT,1,away
05-12-2022,Unionistas,Alcorcon,,2-1,2.35,FT,2,home
05-12-2022,Oviedo,Las Palmas,,0-0,2.90,FT,X,draw
05-12-2022,Badajoz,La Coruna,,1-0,2.15,FT,2,home
05-12-2022,B.Spartans,Southport,,Postp,3.20,FT,X,postponed
05-12-2022,Curzon,Darlington,,0-2,2.50,FT,2,away
05-12-2022,Farsley Celtic,King’s Lynn,,2-0,1.70,FT,2,home
05-12-2022,Hereford,Chorley,,1-1,2.55,FT,2,draw
05-12-2022,Kettering,Gloucester City,,0-1,2.80,FT,1,away
05-12-2022,Albacete,Zaragoza,,0-0,3.00,FT,2,draw
04-12-2022,Anorthosis,Aris Limmasol,,0-2,1.35,DC,X2,away
04-12-2022,Pontevedra,Ferrol,,0-2,2.90,FT,X,away
04-12-2022,Coruxo,Guijuelo,,0-1,1.25,DC,1X,away
04-12-2022,Audace,Crotone,,0-1,2.55,FT,2,away
04-12-2022,Giugliano Calcio 1928,Foggia,,3-2,2.50,FT,1,home
04-12-2022,Andria Bat.,Juve Stabia,,0-1,2.80,FT,X,away
04-12-2022,Monopoli,Potenza,,1-2,2.05,FT,1,away
04-12-2022,Turris,Avellino,,1-3,3.00,FT,X,away
04-12-2022,Benevento,Palermo,,0-1,1.95,FT,1,away
04-12-2022,Arouca,Leixoes,,1-1,1.85,FT,1,draw
04-12-2022,FC Arges,Rapid Buc.,,1-1,1.90,FT,2,draw
04-12-2022,Apollon Lim.,AEL Limassol,,Postp,1.20,DC,1X,postponed
04-12-2022,Celta II,Algeciras,,2-2,2.00,FT,1,draw
04-12-2022,Gimnastic,Sabadell,,0-1,2.20,FT,1,away
04-12-2022,Murcia,Alcoyano,,1-0,2.00,FT,1,home
04-12-2022,Deinze,Waas.Beveren,,1-4,1.85,FT,2,away
03-12-2022,Accrington,Oxford Utd,,1-1,2.25,FT,2,draw
03-12-2022,Crawley,Swindon,,2-0,1.95,FT,2,home
03-12-2022,Mansfield,Colchester,,2-1,1.80,FT,1,home
03-12-2022,Northampton,Tranmere,,0-0,2.25,FT,1,draw
03-12-2022,Rochdale,Harrogate,,1-4,3.30,FT,X,away
03-12-2022,Arbroath,Morton,,1-1,1.45,DC,X2,draw
03-12-2022,Ayr,Raith,,2-0,1.25,DC,1X,home
03-12-2022,Cove Rangers,Partick Thistle,,1-1,2.30,FT,2,draw
03-12-2022,Inverness,Dundee FC,,0-1,2.05,FT,2,away
03-12-2022,Clyde,FC Edinburgh,,0-2,2.75,FT,1,away
03-12-2022,Falkirk,Airdrie,,1-1,3.40,FT,X,draw
03-12-2022,Montrose,Alloa,,0-0,3.10,FT,2,draw
03-12-2022,Netherlands,USA,,3-1,1.95,FT,1,home
03-12-2022,Gijon,Las Palmas,,0-1,1.40,DC,1X,away
03-12-2022,Mirandes,Albacete,,4-2,2.50,FT,1,home
03-12-2022,Villarreal II,Leganes,,0-0,2.90,FT,X,draw
02-12-2022,Petrolul,Univ. Cluj,,2-0,1.35,DC,1X,home
02-12-2022,Cholet,Villefranche,,0-0,1.50,DC,1X,draw
02-12-2022,Dunkerque,Martigues,,0-1,1.30,DC,1X,away
02-12-2022,Le Mans,Bourg Peronnas,,1-1,2.20,FT,1,draw
02-12-2022,Serbia,Switzerland,,2-3,2.55,FT,1,away
02-12-2022,Anderlecht II,Genk II,,2-0,2.10,FT,1,home
02-12-2022,Morecambe,Exeter,,1-1,3.50,FT,1,draw
02-12-2022,Peterborough,Barnsley,,1-2,2.10,FT,1,away
02-12-2022,Plymouth,Port Vale,,0-2,2.05,FT,1,away
02-12-2022,Crewe,Newport,,1-2,2.50,FT,2,away
02-12-2022,Doncaster,Walsall,,0-2,2.65,FT,2,away
02-12-2022,Stevenage,Barrow,,5-0,1.90,FT,1,home
02-12-2022,Caernarfon,Newtown,,2-3,2.30,FT,2,away
02-12-2022,Haverfordwest,Penybont,,2-1,2.55,FT,2,home
02-12-2022,Pontypridd Town,Cardiff M.,,0-1,2.20,FT,2,away
02-12-2022,Granada,Alaves,,3-1,3.05,FT,X,home
01-12-2022,Croatia,Belgium,,0-0,2.45,FT,2,draw
01-12-2022,Canada,Morocco,,1-2,2.10,FT,2,away
01-12-2022,Arzignano,Pro Vercelli,,1-1,2.20,FT,2,draw
01-12-2022,Maritimo,Rio Ave,,0-1,3.15,FT,X,away
01-12-2022,Olimpija,Celje,,0-0,1.30,DC,1X,draw
01-12-2022,Trento,Vicenza,,0-1,2.05,FT,2,away
01-12-2022,UTA Arad,Sepsi,,1-4,1.25,DC,X2,away
01-12-2022,Petrolul,Univ. Cluj,,2-0,1.35,DC,1X,home
01-12-2022,Serbia,Switzerland,,2-3,2.55,FT,1,away
01-12-2022,Morecambe,Exeter,,1-1,3.50,FT,1,draw
01-12-2022,Peterborough,Barnsley,,1-2,2.10,FT,1,away
01-12-2022,Plymouth,Port Vale,,0-2,2.05,FT,1,away
01-12-2022,Crewe,Newport,,1-2,2.50,FT,2,away
01-12-2022,Doncaster,Walsall,,0-2,2.65,FT,2,away
01-12-2022,Stevenage,Barrow,,5-0,1.90,FT,1,home
01-12-2022,Granada,Alaves,,3-1,3.05,FT,X,home
30-11-2022,Leko,Renate,,1-0,3.00,FT,X,home
30-11-2022,Mantova,AlbinoLeffe,,0-1,2.80,FT,X,away
30-11-2022,Pergolettese,Novara,,1-0,2.65,FT,2,home
30-11-2022,Piacenza,Triestina,,2-0,2.65,FT,1,home
30-11-2022,Virtus Verona,Pro Sesto,,0-1,2.95,FT,X,away
30-11-2022,Latina,Monopoli,,0-0,2.90,FT,X,draw
30-11-2022,Taranto,Crotone,,2-2,1.80,FT,2,draw
30-11-2022,Hermannstadt,Cluj,,2-3,1.90,FT,2,away
30-11-2022,Koper,Mura,,0-0,3.30,FT,X,draw
30-11-2022,Sangiuliano,Padova,,1-0,2.95,FT,X,home
30-11-2022,Radcliffe Borough,South Shields,,1-2,2.30,FT,2,away
30-11-2022,Avellino,Juve Stabia,,0-0,1.30,DC,1X,draw
30-11-2022,Potenza,Audace,,0-0,2.95,FT,X,draw
30-11-2022,Turris,Fidelis Andria,,0-0,1.35,DC,1X,draw
30-11-2022,Viterbese,Gelbison,,0-0,2.85,FT,X,draw
30-11-2022,Tenerife,Oviedo,,0-1,1.20,DC,1X,away
29-11-2022,Ecuador,Senegal,,1-2,1.35,DC,1X,away
29-11-2022,Pontedera,Virtus Entella,,2-1,2.85,FT,X,home
29-11-2022,Iran,USA,,0-1,1.95,FT,2,away
29-11-2022,Lucchese,Cesena,,1-0,2.60,FT,2,home
29-11-2022,Recanatese,Reggiana,,0-1,2.60,FT,2,away
29-11-2022,Rimini,Imolese,,3-1,1.35,DC,1X,home
29-11-2022,San Donato,Montevarchi,,3-1,2.90,FT,X,home
29-11-2022,Siena,Fermana,,2-3,1.25,DC,1X,away
29-11-2022,Vis Pesaro,Gubbio,,0-4,2.10,FT,2,away
29-11-2022,Leko,Renate,,1-0,3.00,FT,X,home
29-11-2022,Mantova,AlbinoLeffe,,0-1,2.80,FT,X,away
29-11-2022,Pergolettese,Novara,,1-0,2.65,FT,2,home
29-11-2022,Piacenza,Triestina,,2-0,2.65,FT,1,home
29-11-2022,Virtus Verona,Pro Sesto,,0-1,2.95,FT,X,away
29-11-2022,Sangiuliano,Padova,,1-0,2.95,FT,X,home
29-11-2022,Tenerife,Oviedo,,0-1,2.10,FT,1,away
28-11-2022,Altinordu,Manisa BB,,1-3,3.30,FT,1,away
28-11-2022,Aris Limmasol,Paphos,,2-2,3.05,FT,X,draw
28-11-2022,Portugal,Uruguay,,2-0,2.00,FT,1,home
28-11-2022,Arzignano,Vicenza,,0-1,1.30,DC,X2,away
28-11-2022,Ibiza,Andorra FC,,0-1,1.35,DC,X2,away
28-11-2022,Chateauroux,Le Mans,,0-3,2.10,FT,1,away
28-11-2022,Ecuador,Senegal,,1-2,1.35,DC,1X,away
28-11-2022,Iran,USA,,0-1,1.95,FT,2,away
28-11-2022,Alessandria,Olbia,,1-1,2.20,FT,1,draw
28-11-2022,Carrarese,Ancona Matelica,,2-0,2.90,FT,X,home
28-11-2022,Lucchese,Cesena,,1-0,2.60,FT,2,home
28-11-2022,Recanatese,Reggiana,,0-1,2.60,FT,2,away
28-11-2022,San Donato,Montevarchi,,3-1,2.90,FT,X,home
28-11-2022,Sassari,Fiorenzuola,,0-1,2.85,FT,X,away
28-11-2022,Pontedera,Virtus Entella,,2-1,2.85,FT,X,home
28-11-2022,Vis Pesaro,Gubbio,,0-4,2.10,FT,2,away
27-11-2022,Leganes,Granada CF,,1-0,2.50,FT,1,home
27-11-2022,Apoel Nicosia,Omonia,,4-0,2.00,FT,1,home
27-11-2022,Lugo,Levante,,1-1,2.20,FT,2,draw
27-11-2022,Lokomotiv Moscow,Nizhny Novgorod,,3-1,1.95,FT,1,home
27-11-2022,Croatia,Canada,,4-1,2.25,FT,1,home
27-11-2022,Fuenlabrada,La Coruna,,0-3,3.00,FT,X,away
27-11-2022,Zamora S.,Coruxo,,1-0,2.10,FT,1,home
27-11-2022,AlbinoLeffe,Pro Patria,,0-1,2.90,FT,X,away
27-11-2022,Padova,Renate,,0-1,1.30,DC,1X,away
27-11-2022,Juve Stabia,Potenza,,0-0,1.95,FT,1,draw
27-11-2022,Monopoli,Virtus Francavilla,,1-0,1.80,FT,1,home
27-11-2022,Palermo,Venezia,,0-1,2.30,FT,1,away
27-11-2022,Cartagena,Eibar,,2-1,2.50,FT,1,home
27-11-2022,AEL Limassol,Anorthosis,,0-1,1.35,DC,X2,away
27-11-2022,Spain,Germany,,1-1,1.45,DC,1X,draw
27-11-2022,Pereira,Santa Fe,,5-1,2.05,FT,1,home
26-11-2022,Wimbledon,Chesterfield,,0-2,2.45,FT,1,away
26-11-2022,Cambridge Utd,Grimsby,,1-2,3.10,FT,2,away
26-11-2022,Charlton,Stockport County,,2-2,3.30,FT,2,draw
26-11-2022,Hartlepool,Harrogate,,3-1,2.45,FT,2,home
26-11-2022,Oxford Utd,Exeter,,4-1,2.00,FT,1,home
26-11-2022,Portsmouth,Milton Keynes Dons,,3-2,1.75,FT,1,home
26-11-2022,Shrewsbury,Peterborough,,3-1,1.30,DC,12,home
26-11-2022,Walsall,Carlisle,,2-1,3.00,FT,2,home
26-11-2022,Albion,Stirling Un.,,0-0,2.10,FT,1,draw
26-11-2022,Malaga,Ponferradina,,1-0,1.30,DC,1X,home
26-11-2022,Dag & Red,Gillingham,,1-1,2.55,FT,1,draw
26-11-2022,Pisa,Ternana,,3-1,1.30,DC,1X,home
26-11-2022,Albacete,Santander,,2-1,3.40,FT,2,home
26-11-2022,Oviedo,Mirandes,,1-0,2.10,FT,1,home
26-11-2022,Clyde,Dumbarton,,1-3,2.45,FT,2,away
26-11-2022,Las Palmas,Tenerife,,3-1,1.85,FT,1,home
25-11-2022,Arsenal Tula,Baltika,,0-5,3.00,FT,X,away
25-11-2022,Akritas Chloraka,Enosis P.,,2-1,3.00,FT,X,home
25-11-2022,Avranches,Dunkerque,,3-4,3.15,FT,X,away
25-11-2022,Le Puy,Bourg Peronnas,,0-2,1.25,DC,X2,away
25-11-2022,Martigues,Orleans,,2-2,3.20,FT,X,draw
25-11-2022,Paris 13 Atl.,Concarneau,,1-1,1.95,FT,2,draw
25-11-2022,Red Star 93,Nancy,,1-0,3.20,FT,X,home
25-11-2022,Briochin,Cholet,,1-2,2.15,FT,1,away
25-11-2022,Villefranche,Versailles,,0-2,2.30,FT,1,away
25-11-2022,Yverdon,Xamax,,3-1,1.90,FT,1,home
25-11-2022,Club Brugge II,Dender,,4-1,2.15,FT,1,home
25-11-2022,Genk II,RWD Molenbeek,,2-0,1.85,FT,2,home
25-11-2022,Schaffhausen,Bellinzona,,1-0,2.00,FT,1,home
25-11-2022,Huesca,Gijon,,0-0,1.35,DC,1X,draw
25-11-2022,Changchun,Cangzhou Mighty Lions,,0-2,1.70,DC,X2,away
25-11-2022,Dalian Professional,Meizhou Hakka,,2-1,2.70,FT,1,home
24-11-2022,Tondela,Torreense,,1-1,1.25,DC,1X,draw
24-11-2022,Wales,Iran,,0-2,2.15,FT,1,away
24-11-2022,Avranches,Dunkerque,,3-4,3.15,FT,X,away
24-11-2022,Le Puy,Bourg Peronnas,,0-2,1.25,DC,X2,away
24-11-2022,Martigues,Orleans,,2-2,3.20,FT,X,draw
24-11-2022,Paris 13 Atl.,Concarneau,,1-1,1.95,FT,2,draw
24-11-2022,Red Star 93,Nancy,,1-0,3.20,FT,X,home
24-11-2022,Briochin,Cholet,,1-2,2.15,FT,1,away
24-11-2022,Villefranche,Versailles,,0-2,2.30,FT,1,away
24-11-2022,Yverdon,Xamax,,3-1,1.90,FT,1,home
24-11-2022,Club Brugge II,Dender,,4-1,2.15,FT,1,home
24-11-2022,Genk II,RWD Molenbeek,,2-0,1.85,FT,2,home
24-11-2022,Schaffhausen,Bellinzona,,1-0,2.00,FT,1,home
24-11-2022,Huesca,Gijon,,0-0,1.35,DC,1X,draw
24-11-2022,Oliveirense,Feirense,,0-0,3.10,FT,X,draw
24-11-2022,King’s Lynn,Stevenage,,0-3,1.95,FT,2,away
23-11-2022,Krylya Sovetov,Spartak Moscow,,2-1,2.10,FT,2,home
23-11-2022,Pharco,SC Ismaily,,1-1,2.70,FT,X,draw
23-11-2022,Krasnodar,Lokomotiv Moscow,,1-0,2.10,FT,1,home
23-11-2022,Colchester,Bristol Rovers,,1-2,2.20,FT,2,away
23-11-2022,Port Vale,Barnsley,,2-1,2.45,FT,2,home
23-11-2022,Leixoes,Santa Clara,,2-1,1.35,DC,X2,home
23-11-2022,CPD Junior,Santa Fe,,2-3,1.80,FT,1,away
23-11-2022,Deportivo Pereira,Millonarios,,2-1,3.25,FT,1,home
23-11-2022,Tondela,Torreense,,1-1,1.25,DC,1X,draw
23-11-2022,Wales,Iran,,0-2,2.15,FT,1,away
23-11-2022,Yverdon,Xamax,,3-1,1.90,FT,1,home
23-11-2022,Avranches,Dunkerque,,3-4,3.15,FT,X,away
23-11-2022,Chateauroux,Le Mans,,0-3,2.05,FT,1,away
23-11-2022,Briochin,Cholet,,1-2,2.15,FT,1,away
23-11-2022,Schaffhausen,Bellinzona,,1-0,2.00,FT,1,home
23-11-2022,Huesca,Gijon,,0-0,1.35,DC,1X,draw
22-11-2022,Mexico,Poland,,0-0,1.40,DC,12,draw
22-11-2022,Torpedo Moscow,Sochi,,1-1,1.85,FT,2,draw
22-11-2022,Burton,Tranmere,,1-1,1.30,DC,1X,draw
22-11-2022,Forest Green,Cheltenham,,1-1,2.15,FT,1,draw
22-11-2022,Lincoln,Morecambe,,1-1,1.95,FT,1,draw
22-11-2022,Milton Keynes Dons,Newport,,3-1,1.85,FT,1,home
22-11-2022,Plymouth,Charlton,,3-2,2.60,FT,2,home
22-11-2022,Grimsby,Accrington,,0-1,2.30,FT,1,away
22-11-2022,Salford,Bradford City,,1-0,2.30,FT,1,home
22-11-2022,Crawley,Gillingham,,0-0,1.35,DC,1X,draw
22-11-2022,Wimbledon,Sutton United,,1-0,2.25,FT,1,home
22-11-2022,Halifax,Dorking Wanderers,,Postp,1.95,FT,1,postponed
22-11-2022,Hemel,Eastbourne,,1-2,2.60,FT,2,away
22-11-2022,Taunton Town,Dulwich Hamlet,,Postp,2.40,FT,1,postponed
22-11-2022,Oxford City,Dartford,,1-1,3.30,FT,X,draw
22-11-2022,Vizela,Chaves,,2-2,3.20,FT,X,draw
21-11-2022,Altay,Genclerbirligi,,1-0,2.25,FT,1,home
21-11-2022,USA,Wales,,1-1,2.40,FT,1,draw
21-11-2022,Turris,Pescara,,2-3,2.00,FT,2,away
21-11-2022,Mirandes,Cartagena,,2-1,3.00,FT,X,home
21-11-2022,Ural,CSKA,,0-0,1.30,DC,X2,draw
21-11-2022,Khimki,Nizhny Novgorod,,1-1,2.45,FT,2,draw
21-11-2022,Mexico,Poland,,0-0,2.85,FT,2,draw
21-11-2022,Torpedo Moscow,Sochi,,1-1,1.85,FT,2,draw
21-11-2022,Crawley,Gillingham,,0-0,1.35,DC,1X,draw
21-11-2022,Worthing,Tonbridge,,3-2,1.85,FT,1,home
21-11-2022,Farsley Celtic,Chester,,0-2,2.20,FT,2,away
21-11-2022,Hemel,Eastbourne,,1-2,2.60,FT,2,away
21-11-2022,Taunton Town,Dulwich Hamlet,,Postp,2.40,FT,1,postponed
21-11-2022,Oxford City,Dartford,,1-1,3.30,FT,X,draw
21-11-2022,Vizela,Chaves,,2-2,3.20,FT,X,draw
21-11-2022,Deportivo Pasto,America De Cali,,1-0,1.40,DC,1X,home
20-11-2022,Deinze,Lierse Kempenzonen,,2-1,2.10,FT,1,home
20-11-2022,Sakaryaspor,Bandirmaspor,,4-2,3.20,FT,X,home
20-11-2022,Qatar,Ecuador,,0-2,2.40,FT,2,away
20-11-2022,Imolese,Montevarchi,,0-2,1.35,DC,1X,away
20-11-2022,Lucchese,Gubbio,,0-2,2.90,FT,X,away
20-11-2022,Recanatese,Rimini,,0-1,3.00,FT,X,away
20-11-2022,Vis Pesaro,Fermana,,1-1,1.35,DC,X2,draw
20-11-2022,Virtus Francavilla,Taranto,,3-0,1.30,DC,1X,home
20-11-2022,Eibar,Alaves,,0-0,2.00,FT,1,draw
20-11-2022,Santander,Burgos,,0-1,2.35,FT,1,away
20-11-2022,Sp.Covilha,Gil Vicente,,2-2,1.63,FT,2,draw
20-11-2022,Dender,Anderlecht II,,2-1,2.30,FT,2,home
20-11-2022,Hungary,Greece,,2-1,2.25,FT,1,home
20-11-2022,Austria,Italy,,2-0,2.25,FT,2,home
20-11-2022,Levante,Las Palmas,,1-1,2.25,FT,1,draw
20-11-2022,Ferreira,Casa Pia,,1-1,2.15,FT,2,draw
19-11-2022,Bristol Rovers,Peterborough,,1-0,2.20,FT,2,home
19-11-2022,Burton,Plymouth,,2-2,2.80,FT,1,draw
19-11-2022,Cambridge,Accrington,,0-1,2.35,FT,1,away
19-11-2022,Cheltenham,Wycombe,,1-0,2.10,FT,2,home
19-11-2022,Fleetwood,Bolton,,1-2,3.30,FT,X,away
19-11-2022,Port Vale,Charlton,,1-0,1.55,DC,X2,home
19-11-2022,Turkey,Czech Republic,,2-1,2.15,FT,1,home
19-11-2022,Gibraltar,Andorra,,1-0,2.45,FT,2,home
19-11-2022,Gijon,Leganes,,2-2,2.20,FT,1,draw
19-11-2022,Tenerife,Huesca,,2-0,1.25,DC,1X,home
19-11-2022,Tondela,Estoril,,0-0,1.30,DC,X2,draw
19-11-2022,MVV,Almere,,1-0,3.50,FT,X,home
19-11-2022,Sweden,Algeria,,2-0,2.00,FT,1,home
19-11-2022,NAC Breda,Zwolle,,0-2,1.90,FT,2,away
19-11-2022,Zaragoza,Malaga,,1-1,2.05,FT,1,draw
19-11-2022,Vilafranquense,Guimaraes,,0-0,1.95,FT,2,draw
18-11-2022,Malatyaspor,Pendikspor,,0-3,2.00,FT,2,away
18-11-2022,Eindhoven,Telstar,,3-0,2.00,FT,1,home
18-11-2022,Xamax,Wil,,1-1,2.30,FT,1,draw
18-11-2022,Lommel,Genk II,,2-1,1.95,FT,1,home
18-11-2022,Virton,Standard II,,0-2,2.00,FT,1,away
18-11-2022,Bellinzona,Thun,,1-3,2.10,FT,2,away
18-11-2022,Lechia Gdansk,Gornik,,2-1,2.65,FT,2,home
18-11-2022,Portsmouth,Derby,,0-0,2.90,FT,2,draw
18-11-2022,Helmond,De Graafschap,,0-2,1.95,FT,2,away
18-11-2022,Granada,Albacete,,4-0,1.25,DC,1X,home
18-11-2022,Belenenses,Boavista,,2-3,1.90,FT,2,away
18-11-2022,Exeter,Ipswich,,0-2,1.75,FT,2,away
18-11-2022,Ponferradina,Oviedo,,1-1,2.50,FT,1,draw
18-11-2022,Den Bosch,VVV Venlo,,0-2,1.25,DC,12,away
18-11-2022,Gijon,Leganes,,2-2,2.20,FT,1,draw
18-11-2022,Tenerife,Huesca,,2-0,1.25,DC,1X,home
17-11-2022,Teplice,Brno,,2-2,2.40,FT,1,draw
17-11-2022,Romania,Slovenia,,1-2,1.35,DC,1X,away
17-11-2022,Montenegro,Slovakia,,2-2,1.60,DC,X2,draw
17-11-2022,Macedonia,Finland,,1-1,1.95,FT,1,draw
17-11-2022,R.Ireland,Norway,,1-2,2.80,FT,2,away
17-11-2022,AZ Alkmar II,Ajax II,,1-1,2.60,FT,1,draw
17-11-2022,Penafiel,Moreirense,,1-2,2.30,FT,2,away
17-11-2022,Zorya,Oleksandriya,,4-1,1.30,DC,1X,home
17-11-2022,Malatyaspor,Pendikspor,,0-3,2.00,FT,2,away
17-11-2022,Eindhoven,Telstar,,3-0,2.00,FT,1,home
17-11-2022,Xamax,Wil,,1-1,2.30,FT,1,draw
17-11-2022,Lommel,Genk II,,2-1,1.95,FT,1,home
17-11-2022,Bellinzona,Thun,,1-3,2.10,FT,2,away
17-11-2022,Lechia Gdansk,Gornik,,2-1,2.65,FT,2,home
17-11-2022,Portsmouth,Derby,,0-0,2.90,FT,2,draw
17-11-2022,Belenenses,Boavista,,2-3,1.90,FT,2,away
