date,home_team,away_team,league,score,odds,bet_type,pick,result
17-01-2022,Al Ahli Doha,Al Wakra,,1-3,1.25,DC,X2,away
17-01-2022,Bologna,Napoli,,0-2,1.25,DC,X2,away
17-01-2022,Mannheim,Dortmund II,,1-3,2.10,FT,1,away
17-01-2022,Academica,Rio Ave,,Postp,1.60,FT,2,postponed
17-01-2022,Hapoel B.S.,Maccabi Haifa,,1-2,1.25,DC,X2,away
17-01-2022,Paris,Le Havre,,2-2,1.30,DC,1X,draw
17-01-2022,Laval,Annecy,,1-0,1.35,DC,1X,home
17-01-2022,Cliftonville,Glentoran,,1-2,1.50,DC,1X,away
17-01-2022,Portimonense,Guimaraes,,1-1,2.70,FT,2,draw
17-01-2022,Munich 1860,Karlsruher,,0-1,2.25,FT,2,away
17-01-2022,RKC Waalwijk,ADO Den Haag,,2-2,2.80,FT,2,draw
17-01-2022,Burnley,Watford,,Postp,2.20,FT,1,postponed
17-01-2022,Bochum,Mainz,,3-1,2.20,FT,2,home
17-01-2022,Preston,Sheffield Utd,,2-2,2.50,FT,2,draw
17-01-2022,Heerenveen,Go Head,,0-1,1.85,FT,1,away
17-01-2022,Cadiz,Espanyol,,2-2,2.35,FT,2,draw
16-01-2022,Eupen,Cercle Brugge,,0-2,1.90,FT,2,away
16-01-2022,Monza,Perugia,,2-2,1.25,DC,1X,draw
16-01-2022,Spal,Benevento,,1-1,1.35,DC,X2,draw
16-01-2022,Hatayspor,Galatasaray,,4-2,3.00,FT,1,home
16-01-2022,Bursaspor,Erzurum,,0-0,2.55,FT,1,draw
16-01-2022,Troyes,Olympique Lyon,,0-1,1.75,FT,2,away
16-01-2022,Bielefeld,Greuther Furth,,2-2,1.95,FT,1,draw
16-01-2022,Apollon Lim.,Omonia,,2-0,2.10,FT,1,home
16-01-2022,Hapoel E.H.,MS Ashdod,,2-1,3.00,FT,X,home
16-01-2022,PAS Giannina,Atromitos,,1-1,2.00,DC,1X,draw
16-01-2022,Panathinaikos,Olympiacos,,0-0,1.30,DC,X2,draw
16-01-2022,Toluca,Santos Laguna,,3-1,1.45,DC,X2,home
16-01-2022,Hapoel I.K.S.,Beitar J.,,2-2,2.20,FT,1,draw
16-01-2022,Famalicao,Ferreira,,0-0,2.00,FT,1,draw
16-01-2022,Atalanta,Inter,,0-0,2.30,FT,2,draw
16-01-2022,Olympique Marseille,Lille,,1-1,1.35,DC,1X,draw
15-01-2022,Portsmouth,Milton Keynes Dons,,1-2,1.35,DC,1X,away
15-01-2022,Newcastle,Watford,,1-1,2.00,FT,1,draw
15-01-2022,Norwich,Everton,,2-1,2.05,FT,2,home
15-01-2022,Wolverhampton,Southampton,,3-1,1.30,DC,1X,home
15-01-2022,Derby,Sheffield Utd,,2-0,2.15,FT,2,home
15-01-2022,Huddersfield,Swansea,,1-1,1.40,DC,1X,draw
15-01-2022,Millwall,Nottingham,,0-1,3.10,FT,X,away
15-01-2022,Peterborough,Coventry,,1-4,2.10,FT,1,away
15-01-2022,Preston,Birmingham,,1-1,1.90,FT,1,draw
15-01-2022,QPR,WBA,,1-0,2.10,FT,2,home
15-01-2022,Accrington,Sunderland,,1-1,1.90,FT,2,draw
15-01-2022,Bolton,Ipswich,,2-0,2.20,FT,2,home
15-01-2022,Cheltenham,Charlton,,1-1,2.35,FT,2,draw
15-01-2022,Crewe,Shrewsbury,,0-0,1.30,DC,12,draw
15-01-2022,Gillingham,Burton,,1-3,1.25,DC,X2,away
15-01-2022,Aston Villa,Manchester Utd,,2-2,1.30,DC,12,draw
14-01-2022,Malawi,Zimbabwe,,2-1,1.30,DC,X2,home
14-01-2022,Malatyaspor,Goztepe,,1-2,1.30,DC,12,away
14-01-2022,Dynamo Dresden,Hamburger,,1-1,1.85,FT,2,draw
14-01-2022,Hansa,Hannover,,0-1,2.70,FT,2,away
14-01-2022,Chambly,Stade Briochin,,1-1,3.10,FT,X,draw
14-01-2022,Zwolle,Willem II,,2-0,2.10,FT,2,home
14-01-2022,Almere City,Roda,,0-4,2.10,FT,2,away
14-01-2022,Breda,FC Volendam,,0-0,1.70,DC,1X,draw
14-01-2022,Nottingham U23,Norwich U23,,3-2,2.70,FT,1,home
14-01-2022,Excelsior,De Graafschap,,0-0,2.30,FT,1,draw
14-01-2022,VVV Venlo,PSV II,,1-4,2.80,FT,2,away
14-01-2022,Gabon,Ghana,,1-1,1.20,DC,X2,draw
14-01-2022,Ternana,Ascoli,,2-4,1.90,FT,1,away
14-01-2022,Partick Thistle,Kilmarnock,,1-1,1.40,DC,X2,draw
14-01-2022,Brighton,Crystal Palace,,1-1,1.25,DC,1X,draw
14-01-2022,Nice,Nantes,,2-1,1.70,FT,1,home
13-01-2022,Napoli,Fiorentina,,2-2,1.85,FT,1,draw
13-01-2022,Hapoel E.H.,Bnei Sakhnin,,3-0,1.45,DC,1X,home
13-01-2022,Atl. Madrid,Ath Bilbao,,1-2,1.25,DC,1X,away
13-01-2022,Cape Verde,Burkina Faso,,0-1,1.25,DC,X2,away
13-01-2022,Benevento,Monza,,3-1,1.30,DC,1X,home
13-01-2022,Liverpool,Arsenal,,0-0,1.85,FT,1,draw
13-01-2022,Malawi,Zimbabwe,,2-1,1.30,DC,X2,home
13-01-2022,Malatyaspor,Goztepe,,1-2,1.30,DC,12,away
13-01-2022,Dynamo Dresden,Hamburger,,1-1,1.85,FT,2,draw
13-01-2022,Hansa,Hannover,,0-1,2.70,FT,2,away
13-01-2022,Zwolle,Willem II,,2-0,2.10,FT,2,home
13-01-2022,Gabon,Ghana,,1-1,2.00,FT,2,draw
13-01-2022,Almere City,Roda,,0-4,2.10,FT,2,away
13-01-2022,Dordrecht,AZ Alkmar II,,2-0,2.20,FT,2,home
13-01-2022,Excelsior,De Graafschap,,0-0,2.30,FT,1,draw
13-01-2022,VVV Venlo,PSV II,,1-4,2.80,FT,2,away
12-01-2022,Apollon S.,OFI,,0-3,1.40,DC,X2,away
12-01-2022,Varzim,Farense,,Postp,2.15,FT,2,postponed
12-01-2022,Al Ahli Doha,Umm-Salal,,2-1,3.30,FT,X,home
12-01-2022,Mauritania,Gambia,,0-1,1.35,DC,12,away
12-01-2022,Maccabi Netanya,Hapoel B.S.,,1-1,1.25,DC,X2,draw
12-01-2022,Rio Ave,Tondela,,0-0,2.10,FT,1,draw
12-01-2022,Barcelona,Real Madrid,,2-2,1.95,FT,2,draw
12-01-2022,Crewe,Charlton,,2-1,2.05,FT,2,home
12-01-2022,Tottenham,Chelsea,,0-1,1.30,DC,12,away
12-01-2022,Santos Laguna,Tigres Uanl,,1-1,1.25,DC,1X,draw
12-01-2022,Al Feiha,Al Fateh,,0-0,1.30,DC,1X,draw
12-01-2022,Al Sailiya,Al Arabi Doha,,0-1,2.10,FT,2,away
12-01-2022,Atl. Madrid,Ath Bilbao,,1-2,1.95,FT,1,away
12-01-2022,Cape Verde,Burkina Faso,,0-1,2.20,FT,2,away
12-01-2022,Benevento,Monza,,3-1,2.05,FT,1,home
12-01-2022,Liverpool,Arsenal,,0-0,2.10,FT,1,draw
11-01-2022,Nigeria,Egypt,,1-0,2.85,FT,X,home
11-01-2022,Kuwait SC,Al Arabi Mans,,0-1,1.25,DC,1X,away
11-01-2022,Sudan,Guinea Bissau,,0-0,1.30,DC,X2,draw
11-01-2022,Cambridge Utd,Portsmouth,,2-1,2.00,FT,2,home
11-01-2022,Mansfield,Swindon,,3-2,2.35,FT,1,home
11-01-2022,Southampton,Brentford,,4-1,1.25,DC,1X,home
11-01-2022,Milton Keynes Dons,Wimbledon,,1-0,1.80,FT,1,home
11-01-2022,Salford,Tranmere,,1-1,1.60,DC,X2,draw
11-01-2022,Cagliari,Bologna,,2-1,3.40,FT,X,home
11-01-2022,Southend,Yeovil,,2-1,3.15,FT,X,home
11-01-2022,Bolton,Wycombe,,0-2,2.60,FT,2,away
11-01-2022,Tunisia,Mali,,0-1,1.45,DC,X2,away
11-01-2022,Varzim,Farense,,Postp,2.15,FT,2,postponed
11-01-2022,Al Ahli Doha,Umm-Salal,,2-1,3.30,FT,X,home
11-01-2022,Mauritania,Gambia,,0-1,1.35,DC,12,away
11-01-2022,Barcelona,Real Madrid,,2-2,1.95,FT,2,draw
10-01-2022,Katokopia,Paphos,,Postp,1.30,DC,X2,postponed
10-01-2022,Torino,Fiorentina,,4-0,1.30,DC,12,home
10-01-2022,Benfica II,Porto II,,1-2,1.25,DC,12,away
10-01-2022,Morocco,Ghana,,1-0,1.25,DC,1X,home
10-01-2022,Hapoel P.T.,Hapoel Afula,,2-0,2.30,FT,1,home
10-01-2022,Maccabi Bnei Raina,Kfar Kasem,,0-2,2.75,FT,X,away
10-01-2022,Ironi Ramat,Sektzia,,4-4,3.00,FT,X,draw
10-01-2022,Nacional,Feirense,,2-1,1.85,FT,1,home
10-01-2022,Bnei Sakhnin,Hapoel Jerusalem,,2-1,1.90,FT,1,home
10-01-2022,Comoros,Gabon,,0-1,1.50,DC,1X,away
10-01-2022,PSV II,Almere City,,5-1,1.25,DC,12,home
10-01-2022,Espanyol,Elche,,1-2,1.80,FT,1,away
10-01-2022,Oviedo,Eibar,,1-1,3.00,FT,X,draw
10-01-2022,Gil Vicente,Guimaraes,,3-2,3.25,FT,X,home
10-01-2022,Pumas Unam,Toluca,,5-0,1.85,FT,1,home
10-01-2022,Nigeria,Egypt,,1-0,2.85,FT,X,home
09-01-2022,Lugo,Mirandes,,2-1,1.30,DC,1X,home
09-01-2022,Portimonense,Maritimo,,1-2,1.30,DC,1X,away
09-01-2022,Rizespor,Besiktas,,2-2,1.30,DC,12,draw
09-01-2022,Nantes,Monaco,,0-0,2.15,FT,2,draw
09-01-2022,Bochum,Wolfsburg,,1-0,1.30,DC,12,home
09-01-2022,Malaga,Gijon,,2-2,1.30,DC,1X,draw
09-01-2022,Roma,Juventus,,3-4,2.20,FT,2,away
09-01-2022,Genoa,Spezia,,0-1,2.05,FT,1,away
09-01-2022,Alaves,Ath Bilbao,,0-0,2.00,FT,2,draw
09-01-2022,Beitar J.,MS Ashdod,,0-2,3.10,FT,X,away
09-01-2022,Ethiopia,Cape Verde,,0-1,1.20,DC,X2,away
09-01-2022,Ponferradina,Zaragoza,,0-0,2.20,FT,1,draw
09-01-2022,Olympique Lyon,PSG,,1-1,1.90,FT,2,draw
09-01-2022,Villarreal,Atl. Madrid,,2-2,2.70,FT,1,draw
09-01-2022,Las Palmas,Almeria,,1-1,2.20,FT,1,draw
09-01-2022,Belenenses,Arouca,,2-1,2.70,FT,1,home
08-01-2022,Doncaster,Fleetwood,,0-1,1.30,DC,12,away
08-01-2022,Gillingham,Ipswich,,0-4,1.85,FT,2,away
08-01-2022,Accrington,Milton Keynes Dons,,1-1,1.30,DC,12,draw
08-01-2022,Cheltenham,Burton,,1-1,1.30,DC,12,draw
08-01-2022,Lincoln,Oxford Utd,,2-0,2.05,FT,2,home
08-01-2022,Carlisle,Bradford City,,2-0,1.40,DC,1X,home
08-01-2022,Colchester,Rochdale,,Postp,1.35,DC,X2,postponed
08-01-2022,Stevenage,Walsall,,3-1,1.40,DC,X2,home
08-01-2022,Boreham Wood,Wimbledon,,2-0,3.20,FT,1,home
08-01-2022,WBA,Brighton,,1-1,2.15,FT,2,draw
08-01-2022,Wigan,Blackburn,,3-2,3.20,FT,X,home
08-01-2022,Birmingham,Plymouth,,0-0,3.60,FT,2,draw
08-01-2022,Hull,Everton,,2-2,1.90,FT,2,draw
08-01-2022,Swansea,Southampton,,1-1,2.00,FT,2,draw
08-01-2022,Eintracht Frankfurt,Dortmund,,2-3,1.95,FT,2,away
08-01-2022,Lens,Rennes,,1-0,3.40,FT,X,home
07-01-2022,Oran,ASO Chlef,,1-0,1.25,DC,1X,home
07-01-2022,Annecy,Bourg Peronnas,,2-0,1.35,DC,1X,home
07-01-2022,Avranches,Le Mans,,Postp,1.35,DC,12,postponed
07-01-2022,Bastia-Borgo,Chateauroux,,2-0,1.95,FT,2,home
07-01-2022,Chambly,Concarneau,,0-2,2.15,FT,2,away
07-01-2022,Red Star 93,Laval,,1-2,1.30,DC,12,away
07-01-2022,Briochin,Boulogne,,1-0,2.00,FT,1,home
07-01-2022,Exeter,Portsmouth,,2-3,1.25,DC,X2,away
07-01-2022,Edinburgh City,Elgin City,,2-2,3.10,FT,X,draw
07-01-2022,Amorebieta,Tenerife,,1-1,3.00,FT,X,draw
07-01-2022,Juarez,Necaxa,,2-1,3.00,FT,X,home
07-01-2022,Puebla,Club America,,1-1,1.35,DC,X2,draw
07-01-2022,Gazisehir Gaziantep,Karagumruk,,3-1,2.10,FT,1,home
07-01-2022,Wycombe,Sunderland,,3-3,3.30,FT,X,draw
07-01-2022,Millwall,Crystal Palace,,1-2,2.05,FT,2,away
07-01-2022,Levante,Mallorca,,2-0,2.10,FT,1,home
06-01-2022,Fuenlabrada,Cadiz,,0-1,1.35,DC,12,away
06-01-2022,Girona,Osasuna,,1-0,3.00,FT,X,home
06-01-2022,Gijon,Villarreal,,2-1,2.05,FT,2,home
06-01-2022,Zaragoza,Sevilla,,0-2,1.90,FT,2,away
06-01-2022,Milan,Roma,,3-1,1.25,DC,12,home
06-01-2022,Almeria,Elche,,1-2,1.30,DC,1X,away
06-01-2022,Juventus,Napoli,,1-1,1.95,FT,1,draw
06-01-2022,Atletico San Luis,Pachuca,,0-2,3.10,FT,X,away
06-01-2022,Annecy,Bourg Peronnas,,2-0,1.35,DC,1X,home
06-01-2022,Avranches,Le Mans,,Postp,1.35,DC,12,postponed
06-01-2022,Bastia-Borgo,Chateauroux,,2-0,1.95,FT,2,home
06-01-2022,Chambly,Concarneau,,0-2,2.15,FT,2,away
06-01-2022,Cholet,Creteil,,Postp,2.15,FT,1,postponed
06-01-2022,Red Star 93,Laval,,1-2,1.30,DC,12,away
06-01-2022,Briochin,Boulogne,,1-0,2.00,FT,1,home
06-01-2022,Helmond,Dordrecht,,1-2,1.70,FT,1,away
05-01-2022,Cartagena,Valencia,,1-2,2.15,FT,2,away
05-01-2022,Eibar,Mallorca,,1-2,1.40,DC,1X,away
05-01-2022,Leganes,Real Sociedad,,2-3,1.90,FT,2,away
05-01-2022,Paphos,Omonia,,1-1,1.65,DC,1X,draw
05-01-2022,Besiktas,Antalyaspor,,1-1,1.80,FT,1,draw
05-01-2022,Mirandes,Rayo Vallecano,,0-1,1.30,DC,12,away
05-01-2022,Valladolid,Betis,,0-3,1.30,DC,12,away
05-01-2022,Chelsea,Tottenham,,2-0,2.00,FT,1,home
05-01-2022,Sampdoria,Cagliari,,1-2,1.20,DC,1X,away
05-01-2022,Spezia,Verona,,1-2,3.30,FT,X,away
05-01-2022,Fuenlabrada,Cadiz CF,,0-1,2.70,FT,2,away
05-01-2022,Girona,Osasuna,,1-0,2.70,FT,1,home
05-01-2022,Gijon,Villarreal,,2-1,2.05,FT,2,home
05-01-2022,Milan,Roma,,3-1,1.25,DC,12,home
05-01-2022,Almeria,Elche,,1-2,2.50,FT,1,away
05-01-2022,Juventus,Napoli,,1-1,1.95,FT,1,draw
04-01-2022,Asteras Tripolis,OFI,,1-0,1.85,FT,1,home
04-01-2022,Hartlepool,Bolton,,1-0,2.30,FT,2,home
04-01-2022,Charlton,Milton Keynes Dons,,1-0,2.25,FT,1,home
04-01-2022,Sutton,Colchester,,2-1,1.75,FT,1,home
04-01-2022,Cliftonville,Crusaders,,0-2,2.20,FT,1,away
04-01-2022,Ponferradina,Espanyol,,1-1,1.30,DC,X2,draw
04-01-2022,Lens,Lille,,2-2,2.00,FT,1,draw
04-01-2022,Cartagena,Valencia,,1-2,2.15,FT,2,away
04-01-2022,Eibar,Mallorca,,1-2,1.40,DC,1X,away
04-01-2022,Leganes,Sociedad,,2-3,1.90,FT,2,away
04-01-2022,Atromitos,Volos NPS,,Postp,2.20,FT,1,postponed
04-01-2022,Besiktas,Antalyaspor,,1-1,1.80,FT,1,draw
04-01-2022,Mirandes,Rayo Vallecano,,0-1,1.30,DC,12,away
04-01-2022,Valladolid,Betis,,0-3,1.30,DC,12,away
04-01-2022,Panathinaikos,Aris,,2-0,1.30,DC,1X,home
04-01-2022,Chelsea,Tottenham,,2-0,1.25,DC,1X,home
03-01-2022,Reading,Derby,,2-2,1.35,DC,12,draw
03-01-2022,Stoke,Preston,,1-2,1.30,DC,1X,away
03-01-2022,Cambridge,Portsmouth,,0-0,1.95,FT,2,draw
03-01-2022,Ethnikos Achnas,Katokopia,,0-1,1.25,DC,1X,away
03-01-2022,Grimsby,Halifax,,1-1,1.30,DC,12,draw
03-01-2022,Hungerford,Hampton&R.,,3-0,2.50,FT,1,home
03-01-2022,Al Ahli Doha,Qatar Doha,,1-0,2.00,FT,2,home
03-01-2022,Agudat Sport Ashdod,Hapoel P.T.,,1-0,2.30,FT,1,home
03-01-2022,Vilafranquense,Casa Pia,,0-2,1.25,DC,X2,away
03-01-2022,Osasuna,Ath Bilbao,,1-3,1.35,DC,X2,away
03-01-2022,Alcorcon,Malaga,,0-1,2.90,FT,X,away
03-01-2022,Cadiz,Sevilla,,0-1,1.80,FT,2,away
03-01-2022,Tondela,Moreirense,,2-1,2.50,FT,1,home
03-01-2022,Guangzhou City,Hebei CFFC,,2-1,1.90,FT,1,home
03-01-2022,Shenzhen,Guoan Beijing,,0-1,2.00,FT,1,away
03-01-2022,Hapoel K.S.,Hapoel R.G.,,0-1,3.00,FT,X,away
02-01-2022,Morecambe,Doncaster,,4-3,2.00,FT,1,home
02-01-2022,Shrewsbury,Sheffield Wed,,1-0,1.30,DC,12,home
02-01-2022,Arbroath,Inverness,,0-0,1.45,DC,X2,draw
02-01-2022,Queen of South,Hamilton,,0-3,2.50,FT,2,away
02-01-2022,Bastia,Clermont,,2-0,2.10,FT,2,home
02-01-2022,Bergerac,Creteil,,0-0,1.45,DC,1X,draw
02-01-2022,Montpellier,Strasbourg,,1-0,2.40,FT,1,home
02-01-2022,Elche,Granada CF,,0-0,2.50,FT,1,draw
02-01-2022,Chelsea,Liverpool,,2-2,1.30,DC,12,draw
02-01-2022,Huesca,Girona,,0-1,3.00,FT,X,away
02-01-2022,Mirandes,Zaragoza,,2-0,2.15,FT,2,home
02-01-2022,Alaves,Sociedad,,1-1,2.25,FT,2,draw
02-01-2022,Vizela,Belenenses,,2-0,2.05,FT,1,home
02-01-2022,Mallorca,Barcelona,,0-1,2.10,FT,2,away
02-01-2022,Fuenlabrada,UD Ibiza,,1-2,1.25,DC,1X,away
02-01-2022,Tenerife,Las Palmas,,0-1,1.25,DC,1X,away
01-01-2022,Blackpool,Hull,,1-0,2.05,FT,1,home
01-01-2022,Charlton,Wycombe,,0-1,3.30,FT,X,away
01-01-2022,Barrow,Bradford City,,1-2,3.00,FT,X,away
01-01-2022,Crawley,Colchester,,3-1,1.25,DC,1X,home
01-01-2022,Hartlepool,Oldham,,0-0,2.10,FT,1,draw
01-01-2022,Leyton Orient,Bristol Rovers,,Postp,1.90,FT,1,postponed
01-01-2022,Scunthorpe,Carlisle,,0-1,2.60,FT,2,away
01-01-2022,Sutton,Exeter,,2-1,1.45,DC,1X,home
01-01-2022,Swindon,Northampton,,5-2,3.20,FT,X,home
01-01-2022,Walsall,Newport,,3-3,3.05,FT,X,draw
01-01-2022,Glenavon,Cliftonville,,0-2,2.35,FT,2,away
01-01-2022,Hapoel I.K.S.,Hapoel Haifa,,2-2,1.30,DC,12,draw
01-01-2022,Hapoel Jerusalem,Hapoel E.H.,,1-1,1.50,DC,1X,draw
01-01-2022,Crystal Palace,West Ham,,2-3,3.40,FT,X,away
01-01-2022,Glentoran,Larne,,2-3,1.30,DC,1X,away
01-01-2022,Maccabi Netanya,Beitar J.,,0-0,1.30,DC,1X,draw
31-12-2021,Burgos,Amorebieta,,2-2,3.00,FT,X,draw
31-12-2021,Al Wahda,Al Jazira,,1-1,1.25,DC,12,draw
31-12-2021,Guangzhou E.,Changchun,,2-0,2.20,FT,1,home
31-12-2021,Shandong,Shanghai Port,,2-2,1.30,DC,12,draw
31-12-2021,Guoan Beijing,Guangzhou City,,1-1,2.15,FT,1,draw
31-12-2021,Hebei CFFC,Shenzhen,,0-1,1.25,DC,12,away
31-12-2021,Sheffield Utd,Middlesbrough,,Postp,2.10,FT,1,postponed
31-12-2021,Hapoel T.A.,Maccabi Petah Tikva,,2-1,2.05,FT,1,home
31-12-2021,Blackpool,Hull,,1-0,2.05,FT,1,home
31-12-2021,Harrogate,Port Vale,,Postp,2.60,FT,2,postponed
31-12-2021,Charlton,Wycombe,,0-1,3.30,FT,X,away
31-12-2021,Hapoel I.K.S.,Hapoel Haifa,,2-2,1.30,DC,12,draw
31-12-2021,Hapoel Jerusalem,Hapoel E.H.,,1-1,1.50,DC,1X,draw
31-12-2021,Crystal Palace,West Ham,,2-3,3.40,FT,X,away
31-12-2021,Maccabi Netanya,Beitar J.,,0-0,1.30,DC,1X,draw
31-12-2021,Bristol City,Millwall,,3-2,3.10,FT,X,home
30-12-2021,Al Arabi Doha,Umm Salal,,0-2,1.20,DC,1X,away
30-12-2021,Bani Yas,Al Ahli,,4-1,1.30,DC,X2,home
30-12-2021,Ferreira,Santa Clara,,2-1,1.35,DC,12,home
30-12-2021,Olympic H.,FAR Rabat,,2-1,1.30,DC,X2,home
30-12-2021,Bristol City,QPR,,1-2,2.40,FT,2,away
30-12-2021,Nottingham,Huddersfield,,0-1,2.00,FT,1,away
30-12-2021,Sunderland,Sheffield Wed,,5-0,2.05,FT,1,home
30-12-2021,Al Batin,Al Ittihad,,2-3,2.00,FT,2,away
30-12-2021,Al Hazem,Al Taee,,0-1,2.10,FT,1,away
30-12-2021,Oviedo,Ponferradina,,2-0,2.90,FT,X,home
30-12-2021,Hapoel Raanana,Ironi Ramat,,2-1,1.30,DC,1X,home
30-12-2021,Al Ettifaq,Al Feiha,,1-1,1.20,DC,1X,draw
30-12-2021,Burgos,Amorebieta,,2-2,2.15,FT,1,draw
30-12-2021,Al Faisaly,Al Hilal,,2-3,1.75,FT,2,away
30-12-2021,Al Wahda,Al Jazira,,1-1,2.25,FT,1,draw
30-12-2021,Rio Ave,Covilha,,Postp,1.95,FT,1,postponed
29-12-2021,Berkane,Berrechid,,4-1,1.65,FT,1,home
29-12-2021,Al-Gharafa,Al Sailiya,,3-0,1.90,FT,1,home
29-12-2021,Academico V.,Nacional,,1-4,2.30,FT,2,away
29-12-2021,Famalicao,Belenenses,,Postp,1.95,FT,1,postponed
29-12-2021,Hapoel P.T.,Hapoel K.S.,,1-1,2.70,FT,X,draw
29-12-2021,Salmi,Olympic Safi,,2-1,2.80,FT,X,home
29-12-2021,Blackpool,Middlesbrough,,1-2,2.05,FT,2,away
29-12-2021,Coventry,Millwall,,0-1,1.80,FT,1,away
29-12-2021,Ipswich,Wycombe,,1-0,1.35,DC,1X,home
29-12-2021,Morecambe,Crewe,,1-2,1.30,DC,12,away
29-12-2021,Shrewsbury,Accrington,,0-0,1.30,DC,12,draw
29-12-2021,Dunfermline,Inverness,,Postp,1.30,DC,X2,postponed
29-12-2021,Airdrie,Queen’s Park,,1-0,1.45,DC,1X,home
29-12-2021,Barrow,Oldham,,0-0,1.30,DC,12,draw
29-12-2021,Guangxi Baoyun,Xinjiang Tianshan,,0-0,2.20,FT,1,draw
29-12-2021,Beijing IT,Qingdao Q.,,1-1,2.30,FT,1,draw
28-12-2021,Southampton,Tottenham,,1-1,1.30,DC,X2,draw
28-12-2021,Watford,West Ham,,1-4,2.10,FT,2,away
28-12-2021,Chlef,Kabylie,,1-1,2.75,FT,X,draw
28-12-2021,Mouloudia O.,Chabab Mohammedia,,1-1,2.80,FT,X,draw
28-12-2021,Altrincham,Wrexham,,0-2,1.90,FT,2,away
28-12-2021,Eastleigh,Torquay,,2-1,2.00,FT,1,home
28-12-2021,Solihull,Stockport,,0-1,2.00,FT,2,away
28-12-2021,Chesterfield,FC Halifax,,1-1,1.90,FT,1,draw
28-12-2021,Concord,Chelmsford,,1-3,2.35,FT,2,away
28-12-2021,Tondela,Gil Vicente,,0-3,2.20,FT,2,away
28-12-2021,Ittihad Tanger,Hassania A.,,1-0,2.50,FT,1,home
28-12-2021,Feirense,Benfica II,,2-1,1.35,DC,1X,home
28-12-2021,Maritimo,Vizela,,2-0,1.50,DC,1X,home
28-12-2021,FUS Rabat,Wydad Casablanca,,3-2,1.20,DC,X2,home
28-12-2021,Academica,Trofense,,1-1,1.50,DC,X2,draw
28-12-2021,Moreirense,Estoril,,1-0,1.40,DC,X2,home
27-12-2021,Ballymena,Coleraine,,2-1,1.25,DC,12,home
27-12-2021,Cliftonville,Crusaders,,Postp,1.35,DC,1X,postponed
27-12-2021,Linfield,Glentoran,,1-1,1.30,DC,1X,draw
27-12-2021,Warrenpoint,Dungannon,,Postp,1.25,DC,12,postponed
27-12-2021,Kayserispor,Sivasspor,,3-0,3.15,FT,X,home
27-12-2021,Konyaspor,Besiktas,,1-0,1.50,DC,1X,home
27-12-2021,QPR,Bournemouth,,0-1,3.40,FT,X,away
27-12-2021,Charleroi,Leuven,,0-3,2.00,FT,1,away
27-12-2021,St. Truiden,Eupen,,2-0,2.10,FT,1,home
27-12-2021,Estrela,Chaves,,1-3,3.10,FT,X,away
27-12-2021,Southampton,Tottenham,,1-1,1.30,DC,X2,draw
27-12-2021,Watford,West Ham,,1-4,2.10,FT,2,away
27-12-2021,Southend,Barnet,,Postp,2.10,FT,1,postponed
27-12-2021,Tondela,Gil Vicente,,0-3,2.20,FT,2,away
27-12-2021,Feirense,Benfica B,,2-1,3.20,FT,X,home
27-12-2021,El Gaish,El Gouna,,Postp,2.80,FT,X,postponed
26-12-2021,Huddersfield,Blackpool,,3-2,2.20,FT,1,home
26-12-2021,Hull,Blackburn,,Postp,2.30,FT,2,postponed
26-12-2021,Middlesbrough,Nottingham,,2-0,1.25,DC,1X,home
26-12-2021,Cheltenham,Plymouth,,0-2,1.30,DC,12,away
26-12-2021,Fleetwood,Shrewsbury,,0-3,1.30,DC,12,away
26-12-2021,Lincoln,MK Dons,,2-3,1.30,DC,12,away
26-12-2021,Mansfield,Hartlepool,,3-2,1.90,FT,1,home
26-12-2021,Oldham,Scunthorpe,,1-3,2.10,FT,1,away
26-12-2021,Tranmere,Barrow,,2-0,2.10,FT,1,home
26-12-2021,Dundee Utd,Hibernian,,1-3,2.10,FT,2,away
26-12-2021,Motherwell,Livingston,,2-1,1.30,DC,1X,home
26-12-2021,Ayr,Raith,,2-0,2.20,FT,2,home
26-12-2021,Dunfermline,Arbroath,,0-3,2.45,FT,2,away
26-12-2021,Hamilton,Kilmarnock,,2-3,2.20,FT,2,away
26-12-2021,Airdrie,Alloa,,3-1,2.05,FT,1,home
26-12-2021,Albion Rovers,Stranraer,,3-2,1.40,DC,X2,home
25-12-2021,Hassania A.,Salmi,,0-0,2.10,FT,1,draw
25-12-2021,Al Gharafa Doha,Al Arabi Doha,,0-0,2.30,FT,1,draw
25-12-2021,Hapoel T.A.,Hapoel I.K.S.,,2-0,2.00,FT,1,home
25-12-2021,Smouha,El Gaish,,1-0,1.25,DC,1X,home
25-12-2021,Al Ain,Al Nasr,,3-1,1.25,DC,1X,home
25-12-2021,Al Urooba,Emirates,,4-2,1.25,DC,1X,home
25-12-2021,Al-Fahaheel,Al Tadamon,,3-1,1.40,DC,1X,home
25-12-2021,Trabzonspor,Basaksehir,,0-0,3.40,FT,X,draw
25-12-2021,Menemenspor,Bursaspor,,0-0,2.40,FT,1,draw
25-12-2021,Hapoel Nazaret,Maccabi Netanya,,0-1,2.30,FT,2,away
25-12-2021,Rapide Oued Zem,FUS Rabat,,0-2,2.65,FT,X,away
25-12-2021,Maghreb Fes,Ittihad Tanger,,2-1,1.30,DC,1X,home
25-12-2021,Newcastle Jets,Sydney W.,,Postp,1.40,DC,1X,postponed
25-12-2021,Rizespor,Gaziantep,,0-1,2.65,FT,1,away
25-12-2021,Alanyaspor,Karagumruk,,1-1,3.20,FT,2,draw
25-12-2021,Goztepe,Demirspor,,1-1,2.80,FT,2,draw
24-12-2021,Setif,Constantine,,1-0,1.20,DC,1X,home
24-12-2021,Adanaspor,Kocaelispor,,2-0,2.40,FT,1,home
24-12-2021,Chabab Mohammedia,Berkane,,1-1,1.35,DC,1X,draw
24-12-2021,Al Masry Club,Al Ittihad,,0-1,2.20,FT,1,away
24-12-2021,Kasimpasa,Altay,,2-0,1.30,DC,12,home
24-12-2021,Indonesia,Singapore,,2-2,2.10,FT,1,draw
24-12-2021,Dhamk,Al Batin,,1-1,1.20,DC,1X,draw
24-12-2021,Giresunspor,Hatayspor,,0-1,2.05,FT,1,away
24-12-2021,Hapoel Haifa,MS Ashdod,,2-1,1.30,DC,1X,home
24-12-2021,Ajman,Al Wasl,,0-0,2.10,FT,2,draw
24-12-2021,Hassania A.,Salmi,,0-0,2.10,FT,1,draw
24-12-2021,Al Gharafa Doha,Al Arabi Doha,,0-0,2.30,FT,1,draw
24-12-2021,Hapoel T.A.,Hapoel I.K.S.,,2-0,2.00,FT,1,home
24-12-2021,Al Ain,Al Nasr,,3-1,1.25,DC,1X,home
24-12-2021,Trabzonspor,Basaksehir,,0-0,3.40,FT,X,draw
24-12-2021,Hapoel Nazaret,Maccabi Netanya,,0-1,2.30,FT,2,away
23-12-2021,Rio Ave,Belenenses,,1-1,1.30,DC,1X,draw
23-12-2021,Sparta,RKC Waalwijk,,1-1,1.80,FT,1,draw
23-12-2021,Porto,Benfica,,3-0,1.30,DC,1X,home
23-12-2021,Agudat Sport Ashdod,Ironi Ramat,,2-2,1.25,DC,1X,draw
23-12-2021,Hapoel K.S.,Hapoel Akko,,0-0,1.25,DC,1X,draw
23-12-2021,Bnei Yehuda Tel-Aviv,Hapoel P.T.,,2-1,1.25,DC,1X,home
23-12-2021,Ceramica Cleopatra,Al Moqawloon,,2-2,2.10,FT,1,draw
23-12-2021,Al Ahli Doha,Al Sailiya,,1-0,2.40,FT,1,home
23-12-2021,Altinordu,Boluspor,,2-1,3.40,FT,1,home
23-12-2021,Biskra,Belouizdad,,0-1,1.35,DC,X2,away
23-12-2021,Hussein,MC Alger,,1-4,3.10,FT,X,away
23-12-2021,BK Olympic,Paradou,,0-1,2.20,FT,1,away
23-12-2021,Setif,Constantine,,1-0,2.00,FT,1,home
23-12-2021,Adanaspor,Kocaelispor,,2-0,2.40,FT,1,home
23-12-2021,Chabab Mohammedia,Berkane,,1-1,2.85,FT,X,draw
23-12-2021,Al Masry Club,Al Ittihad,,0-1,2.25,FT,1,away
22-12-2021,Karagumruk,Fenerbahce,,1-1,2.00,FT,1,draw
22-12-2021,Gaziantep,Alanyaspor,,2-1,2.30,FT,1,home
22-12-2021,Verona,Fiorentina,,1-1,2.45,FT,2,draw
22-12-2021,Willem II,NEC,,0-1,2.80,FT,2,away
22-12-2021,Heracles,Cambuur,,1-1,2.00,FT,1,draw
22-12-2021,Tottenham,West Ham,,2-1,2.20,FT,1,home
22-12-2021,St Johnstone,Ross County,,1-2,3.00,FT,X,away
22-12-2021,Hibernian,Aberdeen,,1-0,1.45,DC,X2,home
22-12-2021,Bordeaux,Lille,,2-3,1.65,FT,2,away
22-12-2021,Clermont,Strasbourg,,Postp,1.40,DC,X2,postponed
22-12-2021,Monaco,Rennes,,2-1,2.20,FT,1,home
22-12-2021,Montpellier,Angers,,4-1,1.30,DC,1X,home
22-12-2021,Nice,Lens,,2-1,2.05,FT,1,home
22-12-2021,St Etienne,Nantes,,0-1,1.30,DC,12,away
22-12-2021,Troyes,Brest,,1-1,1.30,DC,12,draw
22-12-2021,Ath Bilbao,Real Madrid,,1-2,2.15,FT,2,away
21-12-2021,Demirspor,Galatasaray,,2-0,3.00,FT,1,home
21-12-2021,Altay,Trabzonspor,,1-2,1.25,DC,12,away
21-12-2021,Mantova,Legnago,,2-0,2.90,FT,X,home
21-12-2021,Trento,Piacenza,,1-0,3.00,FT,X,home
21-12-2021,Tondela,Estoril,,3-1,2.20,FT,2,home
21-12-2021,Stirling,Elgin City,,0-1,1.30,DC,12,away
21-12-2021,Auxerre,Le Havre,,2-3,1.25,DC,1X,away
21-12-2021,Nancy,Dijon,,0-3,2.80,FT,1,away
21-12-2021,Nimes,Toulouse,,1-2,1.85,FT,2,away
21-12-2021,Niort,Pau,,3-0,1.40,DC,1X,home
21-12-2021,Paris,Amiens,,1-0,1.20,DC,1X,home
21-12-2021,Quevilly,Caen,,2-2,3.10,FT,X,draw
21-12-2021,Rodez,Bastia,,0-0,2.95,FT,X,draw
21-12-2021,Sochaux,Valenciennes,,1-1,1.85,FT,1,draw
21-12-2021,Sevilla,Barcelona,,1-1,1.40,DC,1X,draw
21-12-2021,Famalicao,Portimonense,,1-1,1.90,FT,1,draw
20-12-2021,Universitatea,Dacia Mioveni,,0-0,2.80,FT,X,draw
20-12-2021,El Gouna,Enppi,,1-1,2.80,FT,X,draw
20-12-2021,Ghazl El Mahallah,NB Egypt,,1-1,1.30,DC,1X,draw
20-12-2021,AEK Larnaca,Paphos,,1-3,1.15,DC,1X,away
20-12-2021,Denizlispor,Umraniyespor,,0-1,1.80,FT,2,away
20-12-2021,Wurzburger,Munich 1860,,0-3,1.25,DC,X2,away
20-12-2021,Sp.Covilha,Varzim,,1-0,1.30,DC,1X,home
20-12-2021,Al Ittihad,Ceramica Cleopatra,,4-4,1.30,DC,1X,draw
20-12-2021,Lel Makkasa,El Sharkia Lel Dokhan,,0-0,1.95,FT,1,draw
20-12-2021,AZ Alkmar II,Den Bosch,,3-3,1.95,FT,1,draw
20-12-2021,Levante,Valencia,,3-4,1.40,DC,X2,away
20-12-2021,Trofense,Feirense,,0-1,2.30,FT,2,away
20-12-2021,Antalyaspor,Kasimpasa,,1-1,2.00,FT,1,draw
20-12-2021,Demirspor,Galatasaray,,2-0,3.00,FT,1,home
20-12-2021,Nancy,Dijon,,0-3,2.80,FT,1,away
20-12-2021,Niort,Pau FC,,3-0,2.50,FT,1,home
19-12-2021,Zaragoza,Tenerife,,0-2,2.90,FT,X,away
19-12-2021,Eupen,Charleroi,,0-4,2.30,FT,2,away
19-12-2021,Perugia,Ternana,,1-1,2.10,FT,1,draw
19-12-2021,Ath Bilbao,Betis,,3-2,1.65,DC,X2,home
19-12-2021,Sion,Lausanne,,2-0,1.40,DC,1X,home
19-12-2021,Fenerbahce,Besiktas,,2-2,2.20,FT,1,draw
19-12-2021,Koln,Stuttgart,,1-0,1.30,DC,1X,home
19-12-2021,Torino,Verona,,1-0,1.35,DC,1X,home
19-12-2021,Boavista,Moreirense,,1-0,1.40,DC,1X,home
19-12-2021,Cartagena,Mirandes,,3-0,2.10,FT,1,home
19-12-2021,Sociedad II,Valladolid,,0-2,2.10,FT,2,away
19-12-2021,Benevento,Monza,,Postp,2.00,FT,1,postponed
19-12-2021,Getafe,Osasuna,,1-0,1.30,DC,1X,home
19-12-2021,Genk,Antwerp,,1-1,1.90,FT,1,draw
19-12-2021,AC Milan,Napoli,,0-1,2.25,FT,1,away
19-12-2021,Leuven,Standard,,2-1,2.45,FT,1,home
18-12-2021,Blackburn,Birmingham,,4-0,1.95,FT,1,home
18-12-2021,Blackpool,Peterborough,,3-1,1.30,DC,12,home
18-12-2021,Bristol City,Huddersfield,,2-3,1.40,DC,1X,away
18-12-2021,Nottingham,Hull,,2-1,1.90,FT,1,home
18-12-2021,Dundee,Hearts,,0-1,1.90,FT,2,away
18-12-2021,Livingston,Ross County,,1-1,2.30,FT,1,draw
18-12-2021,Motherwell,St Johnstone,,2-0,1.35,DC,12,home
18-12-2021,Sociedad,Villarreal,,1-3,1.30,DC,1X,away
18-12-2021,Tondela,Ferreira,,0-1,1.35,DC,1X,away
18-12-2021,Bologna,Juventus,,0-2,1.90,FT,2,away
18-12-2021,Leeds,Arsenal,,1-4,1.90,FT,2,away
18-12-2021,Rotterdam,Vitesse,,2-2,2.20,FT,2,draw
18-12-2021,Heracles,Groningen,,4-2,2.20,DC,1X,home
18-12-2021,Cagliari,Udinese,,0-4,3.30,FT,X,away
18-12-2021,Zwolle,Twente,,1-3,2.20,FT,2,away
18-12-2021,Sevilla,Atl. Madrid,,2-1,3.00,FT,X,home
17-12-2021,Giresunspor,Altay,,3-1,2.00,FT,1,home
17-12-2021,Wisla Krakow,Lks Nieciecza,,3-0,1.95,FT,1,home
17-12-2021,Holstein Kiel,St. Pauli,,3-0,1.40,DC,X2,home
17-12-2021,Viktoria Koln,Viktoria Berlin,,1-4,2.10,FT,1,away
17-12-2021,Voluntari,UTA Arad,,2-1,2.80,FT,X,home
17-12-2021,ADO Den Haag,NAC Breda,,4-1,2.00,FT,1,home
17-12-2021,Telstar,PSV II,,0-0,1.25,DC,12,draw
17-12-2021,VVV Venlo,Oss,,2-3,1.40,DC,1X,away
17-12-2021,Almere,Volendam,,2-3,1.35,DC,X2,away
17-12-2021,Santa Clara,Vitoria Guimaraes,,1-0,1.35,DC,X2,home
17-12-2021,Thun,Schaffhausen,,2-2,1.35,DC,1X,draw
17-12-2021,Wisla Plock,Lechia Gdansk,,1-0,3.40,FT,X,home
17-12-2021,RFC Seraing,Kortrijk,,0-2,3.40,FT,X,away
17-12-2021,Larne,Linfield,,0-1,3.20,FT,X,away
17-12-2021,Celta Vigo,Espanyol,,3-1,3.30,FT,X,home
17-12-2021,Estoril,Famalicao,,2-2,2.35,FT,1,draw
16-12-2021,Adanaspor,Istanbulspor,,1-0,1.25,DC,12,home
16-12-2021,Cambuur,NEC,,1-2,2.00,FT,1,away
16-12-2021,Spezia,Lecce,,0-2,1.35,DC,1X,away
16-12-2021,Amorebieta,Almeria,,1-2,1.20,DC,X2,away
16-12-2021,Farul Constanta,Cluj,,0-2,1.25,DC,X2,away
16-12-2021,Lugo,Mirandes,,1-2,3.15,FT,X,away
16-12-2021,Leicester,Tottenham,,Postp,3.60,FT,X,postponed
16-12-2021,Sampdoria,Torino,,2-1,2.60,FT,2,home
16-12-2021,Valenciennes,Strasbourg,,0-1,1.90,FT,2,away
16-12-2021,Genk,Charleroi,,4-2,1.25,DC,12,home
16-12-2021,Western United,Adelaide United,,1-0,1.35,DC,1X,home
16-12-2021,Marumo Gallants,AmaZulu,,0-1,2.50,FT,2,away
16-12-2021,Giresunspor,Altay,,3-1,2.00,FT,1,home
16-12-2021,Wisla Krakow,Lks Nieciecza,,3-0,1.95,FT,1,home
16-12-2021,Holstein Kiel,St. Pauli,,3-0,3.60,FT,X,home
16-12-2021,Viktoria Koln,Viktoria Berlin,,1-4,2.10,FT,1,away
15-12-2021,Twente,Feyenoord,,1-1,1.55,FT,2,draw
15-12-2021,B. Monchengladbach,Eintracht Frankfurt,,2-3,3.50,FT,2,away
15-12-2021,Zwickau,Magdeburg,,1-1,2.05,FT,2,draw
15-12-2021,Cultural Leonesa,Leganes,,1-1,1.30,DC,X2,draw
15-12-2021,Excelsior,Groningen,,2-2,2.55,FT,2,draw
15-12-2021,Castellon,Cartagena,,1-2,1.30,DC,12,away
15-12-2021,Ponferradina,UD Ibiza,,1-1,1.25,DC,1X,draw
15-12-2021,Valladolid,Las Palmas,,3-1,1.25,DC,1X,home
15-12-2021,Brighton,Wolverhampton,,0-1,3.05,FT,X,away
15-12-2021,Burnley,Watford,,Postp,2.15,FT,1,postponed
15-12-2021,Crystal Palace,Southampton,,2-2,1.30,DC,1X,draw
15-12-2021,Union Berlin,Freiburg,,0-0,3.25,FT,X,draw
15-12-2021,Barrow,Ipswich,,2-0,2.00,FT,2,home
15-12-2021,Arsenal,West Ham,,2-0,2.15,FT,1,home
15-12-2021,Go Head,Roda,,2-0,2.20,FT,1,home
15-12-2021,Tenerife,Eibar,,1-2,1.30,DC,1X,away
14-12-2021,Swallows,Orlando Pirates,,1-1,1.25,DC,X2,draw
14-12-2021,Radomiak,Piast Gliwice,,2-2,1.25,DC,1X,draw
14-12-2021,San Sebastian,Fuenlabrada,,0-0,2.05,FT,2,draw
14-12-2021,Academico Viseu,Benfica II,,0-1,1.30,DC,X2,away
14-12-2021,Huesca,Girona,,0-1,3.10,FT,X,away
14-12-2021,Majadahonda,Malaga,,1-0,3.05,FT,X,home
14-12-2021,Zaragoza,Burgos,,2-0,1.90,FT,1,home
14-12-2021,Brentford,Manchester Utd,,Postp,1.90,FT,2,postponed
14-12-2021,Bielefeld,Bochum,,2-0,1.40,DC,1X,home
14-12-2021,Wolfsburg,Koln,,2-3,2.10,FT,1,away
14-12-2021,Norwich,Aston Villa,,0-2,1.30,DC,X2,away
14-12-2021,Eastleigh,Solihull,,0-0,3.15,FT,X,draw
14-12-2021,Oxford City,Dorking Wanderers,,2-4,2.45,FT,1,away
14-12-2021,NAC Breda,Utrecht,,3-2,1.60,FT,2,home
14-12-2021,Genoa,Salernitana,,1-0,2.05,FT,1,home
14-12-2021,Oostende,Kortrijk,,0-2,1.50,DC,X2,away
13-12-2021,Sivasspor,Galatasaray,,1-0,1.40,DC,X2,home
13-12-2021,Omonia,AEK Larnaca,,1-1,2.90,FT,X,draw
13-12-2021,Sochi,Spartak Moscow,,3-0,2.00,FT,1,home
13-12-2021,Warta Poznan,Slask Wroclaw,,2-1,1.35,DC,X2,home
13-12-2021,Gaziantep,Fenerbahce,,3-2,2.20,FT,2,home
13-12-2021,Wehen,Hallescher,,2-1,1.85,FT,1,home
13-12-2021,Estrela,Casa Pia,,1-0,1.30,DC,X2,home
13-12-2021,Din. Bucuresti,Chindia Targoviste,,1-0,2.90,FT,X,home
13-12-2021,Sedan,Red Star,,1-3,2.05,FT,2,away
13-12-2021,Redditch,Bromsgrove,,1-1,3.50,FT,X,draw
13-12-2021,Virtus Entella,Reggiana,,0-1,1.30,DC,X2,away
13-12-2021,Cadiz CF,Granada CF,,1-1,3.05,FT,X,draw
13-12-2021,Mirandes,Sociedad II,,2-0,2.10,FT,1,home
13-12-2021,Arouca,Vizela,,1-4,3.15,FT,X,away
13-12-2021,Clinceni,Voluntari,,0-0,1.25,DC,X2,draw
13-12-2021,Academico Viseu,Benfica II,,0-1,1.30,DC,X2,away
12-12-2021,Osasuna,Barcelona,,2-2,2.00,FT,2,draw
12-12-2021,Belenenses,Estoril,,0-1,1.85,FT,2,away
12-12-2021,Moreirense,Portimonense,,0-1,1.35,DC,1X,away
12-12-2021,Grasshoppers,Luzern,,1-1,2.00,FT,1,draw
12-12-2021,Servette,Basel,,2-2,2.20,FT,1,draw
12-12-2021,Austria Vienna,LASK,,2-3,1.30,DC,12,away
12-12-2021,Strasbourg,Marseille,,0-2,1.40,DC,1X,away
12-12-2021,Kristiansund,Valerenga,,2-1,1.25,DC,12,home
12-12-2021,Crystal Palace,Everton,,3-1,3.20,FT,X,home
12-12-2021,Eintracht Frankfurt,Bayer Leverkusen,,5-2,2.10,FT,2,home
12-12-2021,Sassuolo,Lazio,,2-1,1.45,DC,1X,home
12-12-2021,Midtjylland,Brondby,,1-2,1.90,FT,1,away
12-12-2021,Betis,Real Sociedad,,4-0,1.35,DC,1X,home
12-12-2021,Gent,Genk,,1-0,1.70,FT,1,home
12-12-2021,Odense,Randers FC,,1-2,2.60,FT,2,away
12-12-2021,Real Madrid,Atl. Madrid,,2-0,2.05,FT,1,home
11-12-2021,Birmingham,Cardiff,,2-2,1.45,DC,X2,draw
11-12-2021,Derby,Blackpool,,1-0,1.35,DC,12,home
11-12-2021,Hull,Bristol City,,2-2,2.05,FT,1,draw
11-12-2021,Peterborough,Millwall,,2-1,1.30,DC,X2,home
11-12-2021,Stoke,Middlesbrough,,0-0,1.35,DC,1X,draw
11-12-2021,Swansea,Nottingham,,1-4,2.15,FT,1,away
11-12-2021,Dundee Utd,Livingston,,0-1,1.30,DC,1X,away
11-12-2021,Ross County,Dundee FC,,3-2,2.05,FT,1,home
11-12-2021,Accrington,Bolton,,1-0,2.80,FT,1,home
11-12-2021,Crewe,Sheffield Wed,,0-2,1.80,FT,2,away
11-12-2021,Doncaster,Shrewsbury,,1-0,2.25,FT,2,home
11-12-2021,Sunderland,Plymouth,,2-1,1.85,FT,1,home
11-12-2021,Wigan,Ipswich,,1-1,2.05,FT,1,draw
11-12-2021,Alaves,Getafe,,1-1,2.90,FT,X,draw
11-12-2021,Udinese,AC Milan,,1-1,1.90,FT,2,draw
11-12-2021,Ath Bilbao,Sevilla,,0-1,1.50,DC,X2,away
10-12-2021,Altay,Hatayspor,,1-2,2.35,FT,1,away
10-12-2021,Paphos,AEL Limassol,,1-0,1.35,DC,1X,home
10-12-2021,Stal Mielec,Lks Nieciecza,,1-0,1.30,DC,1X,home
10-12-2021,Jahn Regensburg,Werder Bremen,,2-3,2.00,FT,2,away
10-12-2021,Schalke,Nurnberg,,4-1,1.35,DC,1X,home
10-12-2021,Inhulets,Desna,,2-1,1.35,DC,X2,home
10-12-2021,Chateauroux,Villefranche,,0-0,2.80,FT,X,draw
10-12-2021,Willem II,Cambuur,,1-3,2.20,FT,1,away
10-12-2021,Ternana,Benevento,,0-2,3.30,FT,X,away
10-12-2021,Xamax,Thun,,1-4,1.25,DC,12,away
10-12-2021,Genoa,Sampdoria,,1-3,2.30,FT,2,away
10-12-2021,Ayr,Hamilton,,1-1,2.70,FT,2,draw
10-12-2021,Brentford,Watford,,2-1,2.20,FT,1,home
10-12-2021,Mallorca,Celta Vigo,,0-0,3.00,FT,X,draw
10-12-2021,Gijon,Huesca,,1-1,2.15,FT,1,draw
10-12-2021,Nantes,Lens,,3-2,1.50,DC,1X,home
09-12-2021,Olympique Lyon,Rangers,,1-1,1.25,DC,1X,draw
09-12-2021,Sociedad,PSV,,3-0,1.85,FT,1,home
09-12-2021,Legia,Spartak Moscow,,0-1,1.30,DC,12,away
09-12-2021,Napoli,Leicester,,3-2,1.25,DC,12,home
09-12-2021,Antwerp,Olympiacos,,1-0,2.10,FT,2,home
09-12-2021,Fenerbahce,Eintracht Frankfurt,,1-1,1.40,DC,X2,draw
09-12-2021,AZ Alkmaar,Randers,,1-0,2.15,FT,1,home
09-12-2021,Cluj,Jablonec,,2-0,2.60,FT,1,home
09-12-2021,Braga,Crvena zvezda,,1-1,1.90,FT,1,draw
09-12-2021,Celtic,Betis,,3-2,2.80,FT,1,home
09-12-2021,West Ham,Dinamo Zagreb,,0-1,1.95,FT,1,away
09-12-2021,Union Berlin,Slavia Prague,,1-1,1.25,DC,1X,draw
09-12-2021,Omonia,Kairat Almaty,,0-0,2.00,FT,1,draw
09-12-2021,America Mineiro,Sao Paulo,,2-0,2.05,FT,1,home
09-12-2021,Bragantino,Internacional,,1-0,1.90,FT,1,home
09-12-2021,Fortaleza,Bahia,,2-1,1.30,DC,12,home
08-12-2021,Baroka,Swallows,,0-1,2.55,FT,X,away
08-12-2021,Sekhukhune,Marumo Gallants,,0-1,2.70,FT,X,away
08-12-2021,Stellenbosch,Supersport Utd,,0-1,2.75,FT,X,away
08-12-2021,AmaZulu,Orlando Pirates,,1-1,1.35,DC,X2,draw
08-12-2021,Celje,Olimpija,,1-1,2.60,FT,2,draw
08-12-2021,Rijeka,Osijek,,0-0,2.10,FT,1,draw
08-12-2021,Golden Arrows,Kaizer Chiefs,,Postp,2.05,FT,1,postponed
08-12-2021,Milton Keynes Dons,Plymouth,,1-1,2.15,FT,1,draw
08-12-2021,Barrow,Salford,,Postp,2.60,FT,2,postponed
08-12-2021,Hartlepool,Rochdale,,2-1,2.60,FT,2,home
08-12-2021,Livingston,Hibernian,,1-0,2.35,FT,2,home
08-12-2021,Salzburg,Sevilla,,1-0,1.35,DC,X2,home
08-12-2021,Wolfsburg,Lille,,1-3,1.35,DC,1X,away
08-12-2021,Olympique Lyon,Rangers,,1-1,1.25,DC,1X,draw
08-12-2021,Legia,Spartak Moscow,,0-1,1.30,DC,12,away
08-12-2021,Napoli,Leicester,,3-2,1.25,DC,12,home
07-12-2021,Accrington,AFC Wimbledon,,0-2,2.50,FT,1,away
07-12-2021,Charlton,Ipswich,,2-0,2.50,FT,1,home
07-12-2021,Cheltenham,Cambridge Utd,,0-5,1.85,FT,1,away
07-12-2021,Crewe,Lincoln,,2-0,1.35,DC,X2,home
07-12-2021,Fleetwood,Bolton,,3-0,2.20,FT,2,home
07-12-2021,Portsmouth,Sheffield Wed,,0-0,1.45,DC,X2,draw
07-12-2021,Bristol Rovers,Port Vale,,1-2,2.60,FT,1,away
07-12-2021,Exeter,Northampton,,1-2,1.30,DC,12,away
07-12-2021,Leyton Orient,Swindon,,4-1,2.20,FT,1,home
07-12-2021,Newport,Sutton,,3-2,2.20,FT,1,home
07-12-2021,Oldham,Tranmere,,0-1,2.70,FT,1,away
07-12-2021,Stevenage,Scunthorpe,,1-1,2.00,FT,1,draw
07-12-2021,Walsall,Crawley,,1-1,1.25,DC,1X,draw
07-12-2021,AC Milan,Liverpool,,1-2,2.00,FT,1,away
07-12-2021,FC Porto,Atl. Madrid,,1-3,1.30,DC,12,away
07-12-2021,Real Madrid,Inter,,2-0,1.30,DC,12,home
06-12-2021,Zaragoza,Eibar,,1-0,1.45,DC,X2,home
06-12-2021,Goztepe,Gazisehir Gaziantep,,2-1,3.00,FT,2,home
06-12-2021,Warta Poznan,Wisla Krakow,,1-1,2.55,FT,1,draw
06-12-2021,Cartagena,Tenerife,,1-1,1.40,DC,X2,draw
06-12-2021,Empoli,Udinese,,3-1,1.40,DC,1X,home
06-12-2021,Lamia,PAS Giannina,,0-1,1.35,DC,X2,away
06-12-2021,Mannheim,Wehen,,1-1,2.00,FT,1,draw
06-12-2021,Hapoel Haifa,Hapoel B.S.,,0-1,1.95,FT,2,away
06-12-2021,Botosani,CS Universitatea,,2-2,2.00,FT,2,draw
06-12-2021,Ajax II,Emmen,,1-0,2.50,FT,1,home
06-12-2021,AZ Alkmar II,Excelsior,,0-2,1.90,FT,2,away
06-12-2021,Cagliari,Torino,,1-1,3.30,FT,1,draw
06-12-2021,Everton,Arsenal,,2-1,2.10,FT,2,home
06-12-2021,Avellino,Bari,,1-1,2.50,FT,2,draw
06-12-2021,Getafe,Ath Bilbao,,0-0,1.30,DC,X2,draw
06-12-2021,Girona,Leganes,,3-0,1.30,DC,1X,home
05-12-2021,Livingston,Hearts,,0-1,2.00,FT,2,away
05-12-2021,Brescia,Monza,,0-2,1.30,DC,12,away
05-12-2021,Elche,Cadiz,,3-1,1.25,DC,1X,home
05-12-2021,Santa Clara,Arouca,,2-1,2.00,FT,1,home
05-12-2021,Kidderminster,Halifax,,2-0,2.70,FT,1,home
05-12-2021,Rapid,Austria Vienna,,1-1,1.25,DC,1X,draw
05-12-2021,Nice,Strasbourg,,0-3,1.25,DC,1X,away
05-12-2021,Aston Villa,Leicester,,2-1,2.40,FT,1,home
05-12-2021,Sampdoria,Lazio,,1-3,2.10,FT,2,away
05-12-2021,Lugo,Ibiza,,0-0,1.40,DC,1X,draw
05-12-2021,Sociedad II,Burgos,,0-1,2.25,FT,1,away
05-12-2021,Levante,Osasuna,,0-0,3.20,FT,X,draw
05-12-2021,Gil Vicente,Famalicao,,4-0,3.05,FT,X,home
05-12-2021,Alessandria,Cittadella,,0-1,1.40,DC,X2,away
05-12-2021,Las Palmas,Gijon,,1-0,1.90,FT,1,home
05-12-2021,Celta Vigo,Valencia,,1-2,2.10,FT,1,away
04-12-2021,Newcastle,Burnley,,1-0,1.35,DC,1X,home
04-12-2021,Southampton,Brighton,,1-1,1.35,DC,1X,draw
04-12-2021,Barnsley,Huddersfield,,1-1,1.30,DC,12,draw
04-12-2021,Blackburn,Preston,,1-0,2.20,FT,1,home
04-12-2021,Blackpool,Luton,,0-3,1.30,DC,12,away
04-12-2021,Bristol City,Derby,,1-0,2.40,FT,1,home
04-12-2021,Cardiff,Sheffield Utd,,2-3,1.30,DC,12,away
04-12-2021,Middlesbrough,Swansea,,1-0,2.00,FT,1,home
04-12-2021,Millwall,Birmingham,,3-1,2.15,FT,1,home
04-12-2021,Reading,Hull,,1-1,1.30,DC,12,draw
04-12-2021,Sunderland,Oxford Utd,,1-1,2.15,FT,1,draw
04-12-2021,Wimbledon,Cheltenham,,4-3,2.80,FT,2,home
04-12-2021,Carlisle,Shrewsbury,,1-2,2.15,FT,2,away
04-12-2021,Leyton Orient,Tranmere,,4-0,2.10,FT,1,home
04-12-2021,Walsall,Swindon,,1-2,2.50,FT,2,away
04-12-2021,Sociedad,Real Madrid,,0-2,2.15,FT,2,away
03-12-2021,Kasimpasa,Besiktas,,1-1,1.90,FT,2,draw
03-12-2021,Darmstadt,Fortuna Dusseldorf,,1-3,1.95,FT,1,away
03-12-2021,Fredericia,Horsens,,0-2,2.05,FT,2,away
03-12-2021,Union Berlin,RB Leipzig,,2-1,2.05,FT,2,home
03-12-2021,Aarau,Winterthur,,2-0,1.25,DC,12,home
03-12-2021,Yverdon,Schaffhausen,,2-1,1.25,DC,12,home
03-12-2021,Fulham,Bournemouth,,1-1,1.90,FT,1,draw
03-12-2021,Granada,Alaves,,2-1,1.40,DC,1X,home
03-12-2021,Huesca,Valladolid,,3-2,1.40,DC,1X,home
03-12-2021,Amiens,Dunkerque,,3-0,1.25,DC,1X,home
03-12-2021,Grenoble,Le Havre,,1-2,2.80,FT,X,away
03-12-2021,Guingamp,Dijon,,3-2,2.90,FT,2,home
03-12-2021,Paris,Bastia,,1-0,1.25,DC,1X,home
03-12-2021,Quevilly Rouen,Nancy,,2-1,2.90,FT,X,home
03-12-2021,Rodez,Nimes,,1-0,2.95,FT,X,home
03-12-2021,Sochaux,Pau,,2-1,2.00,FT,1,home
02-12-2021,Dalkurd,GAIS,,2-1,1.40,DC,1X,home
02-12-2021,Skovde,Akropolis,,3-0,1.45,DC,1X,home
02-12-2021,Widzew,Wisla Krakow,,1-3,2.45,FT,1,away
02-12-2021,Manchester Utd,Arsenal,,3-2,1.30,DC,12,home
02-12-2021,Bahia,Atletico-MG,,2-3,1.30,DC,12,away
02-12-2021,Gremio,Sao Paulo,,3-0,2.35,FT,1,home
02-12-2021,Pumas Unam,Atlas,,0-1,2.90,FT,X,away
02-12-2021,Wellington,Sydney W.,,0-2,2.70,FT,2,away
02-12-2021,Stal Mielec,Wisla Plock,,2-1,3.15,FT,X,home
02-12-2021,Kasimpasa,Besiktas,,1-1,1.90,FT,2,draw
02-12-2021,Darmstadt,Fortuna Dusseldorf,,1-3,1.95,FT,1,away
02-12-2021,Zwickau,Saarbrucken,,1-2,1.45,DC,1X,away
02-12-2021,Union Berlin,RB Leipzig,,2-1,1.90,FT,2,home
02-12-2021,Gornik,Slask,,3-1,1.30,DC,1X,home
02-12-2021,Granada,Alaves,,2-1,3.05,FT,X,home
02-12-2021,Huesca,Valladolid,,3-2,2.75,FT,1,home
01-12-2021,Parma,Brescia,,0-1,2.15,FT,1,away
01-12-2021,Bologna,AS Roma,,1-0,1.35,DC,X2,home
01-12-2021,Angers,Monaco,,1-3,1.35,DC,X2,away
01-12-2021,Brest,St Etienne,,1-0,2.05,FT,1,home
01-12-2021,Metz,Montpellier,,1-3,3.30,FT,X,away
01-12-2021,Troyes,Lorient,,2-0,1.35,DC,1X,home
01-12-2021,West Ham,Brighton,,1-1,2.00,FT,1,draw
01-12-2021,Wolverhamton,Burnley,,0-0,1.95,FT,1,draw
01-12-2021,Southampton,Leicester,,2-2,1.55,DC,X2,draw
01-12-2021,Cittadella,Como,,2-2,1.90,FT,1,draw
01-12-2021,Aberdeen,Livingston,,2-0,1.73,FT,1,home
01-12-2021,Dundee FC,St Johnstone,,1-0,1.35,DC,12,home
01-12-2021,St. Mirren,Ross County,,0-0,2.15,FT,1,draw
01-12-2021,Clermont,Lens,,2-2,1.40,DC,X2,draw
01-12-2021,Nantes,Marseille,,0-1,2.20,FT,2,away
01-12-2021,Rennes,Lille,,1-2,2.05,FT,1,away
30-11-2021,Cremonese,Frosinone,,1-1,3.00,FT,X,draw
30-11-2021,Pisa,Perugia,,1-1,1.30,DC,1X,draw
30-11-2021,Munich 1860,Mannheim,,1-3,1.35,DC,1X,away
30-11-2021,Carlisle,Lincoln,,1-1,2.10,FT,2,draw
30-11-2021,Leyton Orient,Milton Keynes Dons,,0-0,1.35,DC,X2,draw
30-11-2021,Newcastle,Norwich,,1-1,2.00,FT,1,draw
30-11-2021,Pordenone,Alessandria,,2-0,2.20,FT,1,home
30-11-2021,Reggina,Ascoli,,1-2,3.05,FT,X,away
30-11-2021,Spal,Lecce,,1-3,1.30,DC,X2,away
30-11-2021,Vicenza,Benevento,,2-3,1.30,DC,X2,away
30-11-2021,Exeter,Bradford City,,2-1,2.25,FT,1,home
30-11-2021,Hamilton,Kilmarnock,,2-3,1.80,FT,2,away
30-11-2021,Inverness,Raith,,0-0,2.05,FT,1,draw
30-11-2021,Motherwell,Dundee Utd,,1-0,1.45,DC,X2,home
30-11-2021,Accrington,Wigan,,1-1,2.25,FT,2,draw
30-11-2021,Leeds,Crystal Palace,,1-0,3.20,FT,X,home
29-11-2021,Ludogorets,CSKA Sofia,,2-0,1.25,DC,1X,home
29-11-2021,Medias,Farul Constanta,,1-1,1.20,DC,X2,draw
29-11-2021,Anorthosis,Apollon,,1-1,2.35,FT,2,draw
29-11-2021,Arsenal Tula,Lokomotiv Moscow,,3-1,2.20,FT,2,home
29-11-2021,Goztepe,Fenerbahce,,1-1,2.10,FT,2,draw
29-11-2021,Oleksandriya,Zorya,,0-1,2.30,FT,2,away
29-11-2021,Turkgucu,Zwickau,,2-2,3.20,FT,X,draw
29-11-2021,Elfsborg,AIK,,2-4,1.30,DC,12,away
29-11-2021,Sirius,Hacken,,3-0,3.50,FT,X,home
29-11-2021,Apoel Nicosia,Omonia,,Abn,3.00,FT,X,abandoned
29-11-2021,Estrela Amadora,Benfica II,,3-6,1.40,DC,1X,away
29-11-2021,Ternana,Crotone,,1-0,1.85,FT,1,home
29-11-2021,Cerro Largo,Montevideo City,,1-1,3.40,FT,X,draw
29-11-2021,Derby,QPR,,1-2,1.30,DC,12,away
29-11-2021,Eibar,Girona,,4-2,1.25,DC,1X,home
29-11-2021,Estoril,Santa Clara,,2-2,2.00,FT,1,draw
28-11-2021,Amorebieta,Zaragoza,,1-1,2.50,FT,2,draw
28-11-2021,Ibiza,Ponferradina,,0-1,1.30,DC,1X,away
28-11-2021,Zulte Waregem,Beerschot Wilrijk,,2-0,2.40,FT,2,home
28-11-2021,Brondby,Randers,,1-0,2.10,FT,1,home
28-11-2021,Espanyol,Sociedad,,1-0,2.20,FT,2,home
28-11-2021,Maritimo,Ferreira,,2-0,3.10,FT,X,home
28-11-2021,Lausanne,Servette,,0-3,2.80,FT,1,away
28-11-2021,Luzern,Basel,,1-3,1.45,DC,X2,away
28-11-2021,Kristiansund,Viking,,2-3,1.25,DC,12,away
28-11-2021,Rosenborg,Bodo/Glimt,,0-0,1.25,DC,12,draw
28-11-2021,RB Leipzig,Leverkusen,,1-3,1.85,FT,1,away
28-11-2021,Halmstad,Hammarby,,0-0,1.30,DC,12,draw
28-11-2021,Aalborg,Copenhagen,,1-3,2.30,FT,2,away
28-11-2021,Brann,Molde,,0-1,1.25,DC,12,away
28-11-2021,Vitesse,AZ Alkmaar,,0-0,3.00,FT,1,draw
28-11-2021,Como,Parma,,1-1,2.55,FT,2,draw
27-11-2021,Crystal Palace,Aston Villa,,1-2,1.65,DC,X2,away
27-11-2021,Norwich,Wolverhampton,,0-0,1.30,DC,X2,draw
27-11-2021,Birmingham,Blackpool,,1-0,2.20,FT,1,home
27-11-2021,Bournemouth,Coventry,,2-2,1.90,FT,1,draw
27-11-2021,Huddersfield,Middlesbrough,,1-2,1.30,DC,12,away
27-11-2021,Hull,Millwall,,2-1,1.45,DC,X2,home
27-11-2021,Luton,Cardiff,,1-2,1.90,FT,1,away
27-11-2021,Peterborough,Barnsley,,0-0,2.30,FT,1,draw
27-11-2021,Stoke,Blackburn,,0-1,2.15,FT,1,away
27-11-2021,Bolton,Cheltenham,,2-2,2.15,FT,1,draw
27-11-2021,Cambridge Utd,Sunderland,,1-2,2.05,FT,2,away
27-11-2021,Valencia,Rayo Vallecano,,1-1,2.00,FT,1,draw
27-11-2021,Juventus,Atalanta,,0-1,2.15,FT,1,away
27-11-2021,Brighton,Leeds,,0-0,1.30,DC,1X,draw
27-11-2021,Mallorca,Getafe,,0-0,1.60,DC,X2,draw
27-11-2021,Villarreal,Barcelona,,1-3,2.60,FT,2,away
26-11-2021,Crotone,L.R. Vicenza,,0-1,2.05,FT,1,away
26-11-2021,Demirspor,Kasimpasa,,0-0,1.85,FT,1,draw
26-11-2021,Fortuna Dusseldorf,Heidenheim,,0-1,2.20,FT,1,away
26-11-2021,Jahn Regensburg,Dynamo Dresden,,3-1,2.10,FT,1,home
26-11-2021,Duisburg,Mannheim,,1-3,1.30,DC,X2,away
26-11-2021,Aarhus,Silkeborg,,1-1,1.35,DC,1X,draw
26-11-2021,Dinamo Bucuresti,Universitatea,,0-0,2.95,FT,X,draw
26-11-2021,NEC,Cambuur,,2-3,1.35,DC,1X,away
26-11-2021,Stuttgart,Mainz,,2-1,1.30,DC,12,home
26-11-2021,Wisla Plock,Cracovia K.,,2-1,3.30,FT,X,home
26-11-2021,Xamax,Yverdon,,2-1,1.90,FT,1,home
26-11-2021,Colchester,Newport,,1-1,1.30,DC,X2,draw
26-11-2021,Cagliari,Salernitana,,1-1,1.80,FT,1,draw
26-11-2021,Alcorcon,Lugo,,1-1,1.30,DC,1X,draw
26-11-2021,Mirandes,Oviedo,,1-1,2.90,FT,X,draw
26-11-2021,Moreirense,Gil Vicente,,2-2,3.10,FT,X,draw
25-11-2021,Rapide Oued Zem,Mouloudia Oujda,,1-0,2.80,FT,X,home
25-11-2021,Setif,Belouizdad,,2-2,2.95,FT,X,draw
25-11-2021,Hassania A.,Olympique K.,,1-2,1.30,DC,1X,away
25-11-2021,Galatasaray,Olympique Marseille,,4-2,1.45,DC,X2,home
25-11-2021,Lokomotiv Moscow,Lazio,,0-3,1.80,FT,2,away
25-11-2021,Midtjylland,Braga,,3-2,1.50,DC,X2,home
25-11-2021,Dinamo Zagreb,Genk,,1-1,2.40,FT,1,draw
25-11-2021,Maccabi Haifa,Union Berlin,,0-1,2.25,FT,2,away
25-11-2021,Slavia Prague,Feyenoord,,2-2,2.90,FT,2,draw
25-11-2021,Slovan Bratislava,PAOK,,0-0,2.70,FT,1,draw
25-11-2021,Brondby,Olympique Lyon,,1-3,1.30,DC,12,away
25-11-2021,Monaco,Sociedad,,2-1,3.30,FT,X,home
25-11-2021,Olympiacos,Fenerbahce,,1-0,1.25,DC,12,home
25-11-2021,Maccabi Tel Aviv,LASK,,0-1,2.25,FT,1,away
25-11-2021,Randers,Cluj,,2-1,2.05,FT,1,home
25-11-2021,Arsenal Sarandi,Union de Santa Fe,,0-1,1.30,DC,12,away
24-11-2021,Marumo Gallants,Maritzburg Utd,,0-0,1.40,DC,1X,draw
24-11-2021,Kaizer Chiefs,AmaZulu,,1-1,2.00,FT,1,draw
24-11-2021,Stellenbosch,Orlando Pirates,,0-3,1.25,DC,X2,away
24-11-2021,Maghreb Fez,FAR Rabat,,0-0,2.70,FT,X,draw
24-11-2021,FUS Rabat,El Jadidi,,2-2,1.30,DC,1X,draw
24-11-2021,Barnsley,Swansea,,0-2,1.35,DC,X2,away
24-11-2021,Bristol City,Stoke,,1-0,2.15,FT,2,home
24-11-2021,Cardiff,Hull,,0-1,2.05,FT,1,away
24-11-2021,Millwall,Bournemouth,,1-1,2.15,FT,2,draw
24-11-2021,QPR,Huddersfield,,1-0,2.05,FT,2,home
24-11-2021,Ross County,Hibernian,,1-0,2.15,FT,2,home
24-11-2021,Club Brugge,RB Leipzig,,0-5,2.15,FT,2,away
24-11-2021,Liverpool,Porto,,2-0,1.95,FT,1,home
24-11-2021,Sporting,Dortmund,,3-1,1.30,DC,12,home
24-11-2021,Newells Old Boys,Cordoba Santiago,,1-0,2.45,FT,1,home
24-11-2021,Sarmiento,Banfield,,0-0,1.35,DC,X2,draw
23-11-2021,Villarreal,Manchester Utd,,0-2,1.30,DC,12,away
23-11-2021,Blackpool,WBA,,0-0,1.90,FT,2,draw
23-11-2021,Middlesbrough,Preston,,1-2,2.00,FT,1,away
23-11-2021,Nottingham,Luton,,0-0,2.30,FT,1,draw
23-11-2021,Burton,Accrington,,4-0,2.05,FT,1,home
23-11-2021,Cambridge Utd,Wigan,,2-2,1.80,FT,2,draw
23-11-2021,Gillingham,Cheltenham,,0-2,2.25,FT,2,away
23-11-2021,Ipswich,Rotherham,,0-2,1.35,DC,X2,away
23-11-2021,Lincoln,Portsmouth,,0-3,1.50,DC,1X,away
23-11-2021,Morecambe,Charlton,,2-2,1.30,DC,X2,draw
23-11-2021,Plymouth,Wycombe,,0-3,1.50,DC,X2,away
23-11-2021,Sheffield Wed,Milton Keynes Dons,,2-1,2.30,FT,1,home
23-11-2021,Shrewsbury,Sunderland,,1-1,2.10,FT,2,draw
23-11-2021,Reading,Sheffield Utd,,0-1,2.00,FT,2,away
23-11-2021,Lille,Salzburg,,1-0,1.40,DC,1X,home
23-11-2021,Malmo,Zenit,,1-1,1.90,FT,2,draw
22-11-2021,Kayserispor,Goztepe,,1-1,1.45,DC,1X,draw
22-11-2021,Sandecja,Widzew,,2-2,1.30,DC,12,draw
22-11-2021,Lamia,Panathinaikos,,1-3,1.20,DC,X2,away
22-11-2021,Veres,Metalist 1925,,2-0,1.30,DC,1X,home
22-11-2021,SV Meppen,Viktoria Koln,,4-0,2.05,FT,1,home
22-11-2021,Sociedad II,Girona,,1-2,2.90,FT,X,away
22-11-2021,Sonderjyske,Aalborg,,1-3,1.90,FT,2,away
22-11-2021,Norrkoping,Djurgarden,,1-1,2.15,FT,2,draw
22-11-2021,Cracovia,Rakow,,1-0,1.30,DC,X2,home
22-11-2021,Boston River,Plaza Colonia,,2-0,1.40,DC,X2,home
22-11-2021,Torino,Udinese,,2-1,2.10,FT,1,home
22-11-2021,Dijon,Auxerre,,3-1,2.70,FT,1,home
22-11-2021,Laval,Concarneau,,0-1,2.10,FT,1,away
22-11-2021,Rayo Vallecano,Mallorca,,3-1,1.90,FT,1,home
22-11-2021,Zaragoza,Leganes,,0-2,2.80,FT,X,away
22-11-2021,Legnago,Triestina,,0-2,2.40,FT,2,away
21-11-2021,Lugo,Eibar,,2-2,1.30,DC,X2,draw
21-11-2021,St. Truiden,Antwerp,,2-1,2.45,FT,2,home
21-11-2021,Monza,Como,,3-2,1.20,DC,1X,home
21-11-2021,Lugano,Luzern,,3-1,2.00,FT,1,home
21-11-2021,Servette,Grasshoppers,,3-2,1.25,DC,12,home
21-11-2021,Sturm Graz,LASK,,3-3,2.00,FT,1,draw
21-11-2021,Clermont,Nice,,1-2,1.35,DC,X2,away
21-11-2021,Galatasaray,Fenerbahce,,1-2,1.30,DC,12,away
21-11-2021,Mainz,Koln,,1-1,2.10,FT,1,draw
21-11-2021,Inter,Napoli,,3-2,1.35,DC,1X,home
21-11-2021,Huesca,Ibiza,,0-0,2.05,FT,1,draw
21-11-2021,Elche,Betis,,0-3,2.10,FT,2,away
21-11-2021,Cambuur,Utrecht,,2-1,1.80,FT,2,home
21-11-2021,Ponferradina,Gijon,,4-1,2.90,FT,X,home
21-11-2021,Pisa,Benevento,,1-0,2.70,FT,2,home
21-11-2021,Lyon,Marseille,,Abn,1.95,FT,1,abandoned
20-11-2021,Aston Villa,Brighton,,2-0,1.40,DC,1X,home
20-11-2021,Burnley,Crystal Palace,,3-3,1.40,DC,X2,draw
20-11-2021,Newcastle,Brentford,,3-3,2.60,FT,1,draw
20-11-2021,Norwich,Southampton,,2-1,1.30,DC,12,home
20-11-2021,Wolverhamton,West Ham,,1-0,1.40,DC,X2,home
20-11-2021,Bristol City,Blackburn,,1-1,1.35,DC,X2,draw
20-11-2021,Huddersfield,WBA,,1-0,2.05,FT,2,home
20-11-2021,Hull,Birmingham,,2-0,1.30,DC,12,home
20-11-2021,Middlesbrough,Millwall,,1-1,2.05,FT,1,draw
20-11-2021,Preston,Cardiff,,1-2,2.10,FT,1,away
20-11-2021,Reading,Nottingham,,1-1,2.35,FT,2,draw
20-11-2021,Swansea,Blackpool,,1-1,1.85,FT,1,draw
20-11-2021,Dundee Utd,Aberdeen,,1-0,2.35,FT,2,home
20-11-2021,Motherwell,Hearts,,2-0,2.00,FT,2,home
20-11-2021,Lazio,Juventus,,0-2,2.30,FT,2,away
20-11-2021,Fiorentina,AC Milan,,4-3,2.20,FT,2,home
19-11-2021,Casa Pia,Farense,,3-1,2.05,FT,1,home
19-11-2021,Ruzomberok,Trencin,,3-0,1.25,DC,12,home
19-11-2021,Hannover,Paderborn,,0-0,2.40,FT,2,draw
19-11-2021,Sandhausen,Nurnberg,,1-2,2.05,FT,2,away
19-11-2021,Verl,Saarbrucken,,2-4,2.35,FT,2,away
19-11-2021,Odense,Viborg,,2-3,1.25,DC,12,away
19-11-2021,Chindia T.,Rapid Bucuresti,,2-2,1.30,DC,X2,draw
19-11-2021,Penafiel,Portimonense,,0-3,2.90,FT,X,away
19-11-2021,QPR,Luton,,2-0,1.30,DC,1X,home
19-11-2021,Queen of South,Inverness,,1-2,1.25,DC,X2,away
19-11-2021,Bala,Flint,,3-1,1.90,FT,1,home
19-11-2021,Coleraine,Larne,,3-1,3.20,FT,X,home
19-11-2021,Levante,Ath Bilbao,,0-0,2.20,FT,2,draw
19-11-2021,Fuenlabrada,Mirandes,,1-1,3.10,FT,X,draw
19-11-2021,Monaco,Lille,,2-2,2.15,FT,1,draw
19-11-2021,Estudiantes L.P.,Huracan,,4-1,1.30,DC,1X,home
18-11-2021,El Sharkia Lel Dokhan,Future,,1-4,2.00,FT,2,away
18-11-2021,Al Ittihad,El Gouna,,1-0,1.25,DC,1X,home
18-11-2021,Ceramica Cleopatra,NB Egypt,,1-0,2.95,FT,X,home
18-11-2021,Union de Santa Fe,Defensa y Justicia,,2-3,3.05,FT,X,away
18-11-2021,Patronato,Lanus,,3-2,1.35,DC,X2,home
18-11-2021,Sport Recife,Bahia,,1-0,1.35,DC,12,home
18-11-2021,Sampaio Correa,Cruzeiro,,1-1,2.80,FT,X,draw
18-11-2021,El Gaish,Ghazl El Mahallah,,0-0,1.25,DC,1X,draw
18-11-2021,Casa Pia,Farense,,3-1,2.05,FT,1,home
18-11-2021,Hannover,Paderborn,,0-0,2.40,FT,2,draw
18-11-2021,Sandhausen,Nurnberg,,1-2,2.05,FT,2,away
18-11-2021,Verl,Saarbrucken,,2-4,2.35,FT,2,away
18-11-2021,QPR,Luton,,2-0,1.30,DC,1X,home
18-11-2021,Queen of South,Inverness,,1-2,1.25,DC,X2,away
18-11-2021,Levante,Ath Bilbao,,0-0,2.20,FT,2,draw
18-11-2021,Fuenlabrada,Mirandes,,1-1,3.10,FT,X,draw
17-11-2021,Stockport,Bolton,,3-3,2.00,FT,2,draw
17-11-2021,Cuiaba,Internacional,,1-0,1.45,DC,X2,home
17-11-2021,Fortaleza,Ceara,,0-4,1.30,DC,1X,away
17-11-2021,Juventude,Fluminense,,1-0,1.35,DC,12,home
17-11-2021,Palmeiras,Sao Paulo,,0-2,1.90,FT,1,away
17-11-2021,Pharco,Lel Makkasa,,2-0,2.05,FT,1,home
17-11-2021,El Sharkia Lel Dokhan,Future,,1-4,1.30,DC,X2,away
17-11-2021,Al Ittihad,El Gouna,,1-0,2.10,FT,1,home
17-11-2021,Ceramica Cleopatra,NB Egypt,,1-0,2.95,FT,X,home
17-11-2021,Union de Santa Fe,Defensa y Justicia,,2-3,2.75,FT,2,away
17-11-2021,Patronato,Lanus,,3-2,2.25,FT,2,home
17-11-2021,El Gaish,Ghazl El Mahallah,,0-0,1.25,DC,1X,draw
17-11-2021,Enppi,Smouha,,1-1,2.15,FT,2,draw
17-11-2021,Clinceni,Sepsi,,0-2,1.85,FT,2,away
17-11-2021,Ruzomberok,Trencin,,3-0,1.25,DC,12,home
17-11-2021,Casa Pia,Farense,,3-1,2.05,FT,1,home
16-11-2021,Liberia,Central African Republic,,3-1,2.80,FT,X,home
16-11-2021,Slovenia U21,Czech Republic U21,,1-1,2.35,FT,2,draw
16-11-2021,Kosovo U21,Albania U21,,2-1,1.30,DC,X2,home
16-11-2021,Bristol Rovers,Oxford Utd,,1-1,1.90,FT,2,draw
16-11-2021,R.Ireland U21,Sweden U21,,1-0,2.15,FT,2,home
16-11-2021,Cameroon,Ivory Coast,,1-0,1.30,DC,1X,home
16-11-2021,Altrincham,Gateshead,,2-3,2.00,FT,1,away
16-11-2021,Cambridge Utd,Northampton,,3-1,1.30,DC,12,home
16-11-2021,Cheltenham,Gillingham,,1-0,2.10,FT,1,home
16-11-2021,Exeter,Bradford City,,0-0,2.10,FT,1,draw
16-11-2021,Solihull Moors,Wigan,,1-1,1.90,FT,2,draw
16-11-2021,Stevenage,Milton Keynes Dons,,1-1,2.00,FT,2,draw
16-11-2021,Plymouth,Sheffield Wed,,3-0,1.30,DC,12,home
16-11-2021,Notts County,Rochdale,,1-2,1.30,DC,12,away
16-11-2021,Wales,Belgium,,1-1,1.35,DC,X2,draw
16-11-2021,Bolivia,Uruguay,,3-0,2.15,FT,2,home
15-11-2021,MVV,Den Bosch,,0-1,1.25,DC,12,away
15-11-2021,Brusque,CRB,,1-0,1.40,DC,X2,home
15-11-2021,Londrina,Ponte Preta,,2-1,1.40,DC,1X,home
15-11-2021,Progreso,Wanderers,,3-1,3.15,FT,X,home
15-11-2021,Scotland,Denmark,,2-0,2.25,FT,2,home
15-11-2021,Malaga,Tenerife,,1-0,1.40,DC,X2,home
15-11-2021,Bucaramanga,Deportes Tolima,,1-1,2.85,FT,X,draw
15-11-2021,Nautico,Sampaio Correa,,2-1,1.90,FT,1,home
15-11-2021,Vila Nova,Vasco da Gama,,2-2,2.90,FT,X,draw
15-11-2021,Remo,Goias,,0-1,1.30,DC,12,away
15-11-2021,Universitad Chile,O’Higgins,,0-0,3.00,FT,X,draw
15-11-2021,Lebanon,UAE,,0-1,2.95,FT,X,away
15-11-2021,Liberia,Central African Republic,,3-1,2.80,FT,X,home
15-11-2021,Wales,Belgium,,3-1,1.35,DC,X2,home
15-11-2021,Bolivia,Uruguay,,3-0,2.15,FT,2,home
15-11-2021,Venezuela,Peru,,1-2,2.40,FT,2,away
14-11-2021,Ibiza,Almeria,,0-1,1.35,DC,X2,away
14-11-2021,Burgos,Ponferradina,,1-0,1.40,DC,12,home
14-11-2021,Leganes,Oviedo,,0-0,1.25,DC,1X,draw
14-11-2021,Excelsior,Almere,,4-4,1.95,FT,1,draw
14-11-2021,Sao Paulo,Flamengo,,0-4,3.20,FT,X,away
14-11-2021,Estudiantes Merida,D.Tachira,,1-2,1.30,DC,12,away
14-11-2021,Luxembourg,R.Ireland,,0-3,2.15,FT,2,away
14-11-2021,Independiente Medellin,Atletico Nacional,,0-0,1.40,DC,1X,draw
14-11-2021,Fluminense,Palmeiras,,2-1,2.20,FT,2,home
14-11-2021,Monagas,Dep.La Guaira,,1-0,2.20,FT,1,home
14-11-2021,P.Colonia,Fenix,,1-1,1.95,FT,1,draw
14-11-2021,Chapecoense,Juventude,,0-2,1.35,DC,X2,away
14-11-2021,Vitoria,Cruzeiro,,3-0,2.85,FT,X,home
14-11-2021,Dep.Lara,Caracas,,0-0,2.40,FT,2,draw
14-11-2021,Atletico Huila,Deportivo Pereira,,0-2,1.90,FT,2,away
14-11-2021,River M.,Penarol,,1-1,2.00,FT,2,draw
13-11-2021,Accrington,Plymouth,,1-4,1.35,DC,X2,away
13-11-2021,Burton,Charlton,,0-1,2.60,FT,1,away
13-11-2021,Ipswich,Oxford Utd,,0-0,2.25,FT,1,draw
13-11-2021,Wycombe,Portsmouth,,0-1,1.30,DC,1X,away
13-11-2021,Bristol Rovers,Northampton,,2-1,2.50,FT,2,home
13-11-2021,Rochdale,Leyton Orient,,2-2,1.50,DC,X2,draw
13-11-2021,Scunthorpe,Salford,,1-1,2.00,FT,2,draw
13-11-2021,Stevenage,Mansfield,,1-2,1.30,DC,12,away
13-11-2021,Tranmere,Sutton,,0-1,2.60,FT,1,away
13-11-2021,Walsall,Harrogate,,1-3,1.30,DC,12,away
13-11-2021,Aldershot,Grimsby,,2-1,1.90,FT,2,home
13-11-2021,Notts County,Solihull,,2-0,3.40,FT,X,home
13-11-2021,Southend,Woking,,0-2,2.80,FT,2,away
13-11-2021,Mirandes,Huesca,,0-1,2.25,FT,2,away
13-11-2021,Stockport,Bromley,,1-1,1.90,FT,1,draw
13-11-2021,Las Palmas,Zaragoza,,2-3,1.20,DC,1X,away
12-11-2021,Gabon,Libya,,1-0,1.85,FT,1,home
12-11-2021,R.Ireland U21,Italy U21,,0-2,1.90,FT,2,away
12-11-2021,Angola,Egypt,,2-2,1.95,FT,2,draw
12-11-2021,Hartlepool,Newport,,1-2,2.50,FT,2,away
12-11-2021,Edinburgh City,Stranraer,,3-1,3.10,FT,2,home
12-11-2021,Bohemians,Shamrock Rovers,,3-1,3.10,FT,1,home
12-11-2021,Derry City,Sligo Rovers,,2-0,2.10,FT,1,home
12-11-2021,Oss,Helmond,,0-0,1.90,FT,1,draw
12-11-2021,Uruguay,Argentina,,0-1,1.25,DC,X2,away
12-11-2021,Honduras,Panama,,2-3,1.30,DC,1X,away
12-11-2021,USA,Mexico,,2-0,1.40,DC,1X,home
12-11-2021,El Salvador,Jamaica,,1-1,1.30,DC,1X,draw
12-11-2021,Ryukyu,JEF United,,2-2,1.30,DC,X2,draw
12-11-2021,B&H,Finland,,1-3,2.00,FT,1,away
12-11-2021,Accrington,Plymouth,,1-4,1.35,DC,X2,away
12-11-2021,Burton,Charlton,,0-1,2.60,FT,1,away
11-11-2021,China,Oman,,1-1,1.40,DC,1X,draw
11-11-2021,Congo,Namibia,,1-1,2.00,FT,1,draw
11-11-2021,Iraq,Syria,,1-1,1.25,DC,1X,draw
11-11-2021,Azerbaijan,Luxembourg,,1-3,1.35,DC,1X,away
11-11-2021,Armenia,North Macedonia,,0-5,1.40,DC,X2,away
11-11-2021,Slovakia,Slovenia,,2-2,1.25,DC,1X,draw
11-11-2021,Ponte Preta,Botafogo RJ,,0-0,2.40,FT,2,draw
11-11-2021,Sampaio Correa,Vila Nova FC,,3-0,2.85,FT,X,home
11-11-2021,Paraguay,Chile,,0-1,1.40,DC,1X,away
11-11-2021,Gabon,Libya,,1-0,1.85,FT,1,home
11-11-2021,R.Ireland U21,Italy U21,,0-2,1.90,FT,2,away
11-11-2021,Angola,Egypt,,2-2,1.95,FT,2,draw
11-11-2021,Bohemians,Shamrock Rovers,,3-1,3.10,FT,1,home
11-11-2021,Derry City,Sligo Rovers,,2-0,2.10,FT,1,home
11-11-2021,Hartlepool,Newport,,1-2,2.50,FT,2,away
11-11-2021,Oss,Helmond,,0-0,1.90,FT,1,draw
10-11-2021,Walsall,Forest Green,,0-2,1.45,DC,X2,away
10-11-2021,Exeter,Bristol Rovers,,5-3,1.25,DC,1X,home
10-11-2021,Athletico-PR,Ceara,,2-1,1.20,DC,1X,home
10-11-2021,Santos,Bragantino,,2-0,2.45,FT,1,home
10-11-2021,Juventude,Internacional,,2-1,1.30,DC,X2,home
10-11-2021,Fortaleza,Sao Paulo,,1-1,2.45,FT,1,draw
10-11-2021,Sport Recife,America Minerio,,2-3,3.00,FT,X,away
10-11-2021,Goias,Coritiba,,2-1,3.00,FT,X,home
10-11-2021,Macedonia U21,Ukraine U21,,1-1,1.30,DC,12,draw
10-11-2021,Tanzania,D.R. Congo,,0-3,2.95,FT,X,away
10-11-2021,China,Oman,,1-1,2.60,FT,1,draw
10-11-2021,Congo,Namibia,,1-1,2.00,FT,1,draw
10-11-2021,Iraq,Syria,,1-1,3.00,FT,X,draw
10-11-2021,Azerbaijan,Luxembourg,,1-3,3.00,FT,X,away
10-11-2021,Armenia,Macedonia,,0-5,2.50,FT,2,away
10-11-2021,Slovakia,Slovenia,,2-2,1.25,DC,1X,draw
09-11-2021,Leyton,Charlton,,1-0,1.40,DC,X2,home
09-11-2021,Stevenage,Cambridge Utd,,1-0,1.30,DC,12,home
09-11-2021,Morecambe,Carlisle,,0-2,2.05,FT,1,away
09-11-2021,Scunthorpe,Doncaster,,2-3,2.15,FT,1,away
09-11-2021,Wycombe,Burton,,0-5,1.90,FT,1,away
09-11-2021,Swindon,Newport,,1-0,3.20,FT,X,home
09-11-2021,Stenhousemuir,Albion Rovers,,3-1,2.20,FT,1,home
09-11-2021,Fleetwood,Accrington,,1-4,3.30,FT,X,away
09-11-2021,Sutton,Wimbledon,,1-0,1.25,DC,12,home
09-11-2021,Mansfield,Newcastle Utd U21,,6-3,2.05,FT,1,home
09-11-2021,Caernarfon,Connahs Q.,,0-1,1.20,DC,X2,away
09-11-2021,Haverfordwest,Barry,,1-1,1.35,DC,1X,draw
09-11-2021,Newtown,Bala,,3-3,1.25,DC,12,draw
09-11-2021,Hungerford,Hemel,,0-1,2.05,FT,1,away
09-11-2021,Brackley Town,Spennymoor,,2-0,1.85,FT,1,home
09-11-2021,Leamington,York,,2-0,3.15,FT,1,home
08-11-2021,Wurzburger,Braunschweig,,Postp,1.25,DC,X2,postponed
08-11-2021,Nacional,Chaves,,1-1,1.35,DC,1X,draw
08-11-2021,Helsingor,Fredericia,,4-1,1.25,DC,1X,home
08-11-2021,Clinceni,Rapid Bucuresti,,2-3,1.90,FT,2,away
08-11-2021,Boston River,Progreso,,0-0,3.30,FT,X,draw
08-11-2021,Dag & Red,Salford,,0-1,2.80,FT,1,away
08-11-2021,Newells Old Boys,Union de Santa Fe,,1-0,1.35,DC,X2,home
08-11-2021,Tenerife,Girona,,2-1,2.00,FT,1,home
08-11-2021,Academico Viseu,Feirense,,0-2,3.00,FT,X,away
08-11-2021,Wanderers,Cerro Largo,,1-2,1.35,DC,1X,away
08-11-2021,Huracan,Argentinos Jrs,,1-1,2.30,FT,1,draw
08-11-2021,Avai,CSA,,1-1,1.20,DC,1X,draw
08-11-2021,Guairena,Nacional Asuncion,,0-0,2.75,FT,2,draw
08-11-2021,Manta,Nueve de Octubre,,1-3,2.10,FT,2,away
08-11-2021,Aldosivi,Boca Juniors,,0-3,1.70,FT,2,away
08-11-2021,Deportivo Pasto,Aguilas,,0-2,3.00,FT,X,away
07-11-2021,Zaragoza,Gijon,,2-0,1.35,DC,1X,home
07-11-2021,Aarhus,Midtjylland,,3-0,1.90,FT,2,home
07-11-2021,Lausanne,Lugano,,0-2,1.40,DC,X2,away
07-11-2021,Vitesse,Utrecht,,2-1,2.25,FT,2,home
07-11-2021,Feyenoord,AZ Alkmaar,,1-0,1.25,DC,12,home
07-11-2021,Wolfsberger,Rapid Vienna,,4-1,2.30,FT,1,home
07-11-2021,Koln,Union Berlin,,2-2,2.10,FT,1,draw
07-11-2021,Brondby,Odense,,2-1,1.25,DC,1X,home
07-11-2021,Mallorca,Elche,,2-2,2.05,FT,1,draw
07-11-2021,Osasuna,Sociedad,,0-2,2.30,FT,2,away
07-11-2021,Antwerp,Anderlecht,,2-0,1.90,FT,2,home
07-11-2021,Lillestrom,Valerenga,,0-0,1.30,DC,1X,draw
07-11-2021,Greuther Furth,Eintracht Frankfurt,,1-2,1.90,FT,2,away
07-11-2021,Milan,Inter,,1-1,2.20,FT,2,draw
07-11-2021,Rennes,Olympique Lyon,,4-1,1.50,DC,1X,home
07-11-2021,Betis,Sevilla,,0-2,3.20,FT,X,away
06-11-2021,Crystal Palace,Wolverhampton,,2-0,1.35,DC,1X,home
06-11-2021,Barnsley,Hull,,0-2,2.20,FT,1,away
06-11-2021,Birmingham,Reading,,1-2,1.80,FT,1,away
06-11-2021,Blackburn,Sheffield Utd,,3-1,1.40,DC,X2,home
06-11-2021,Cardiff,Huddersfield,,2-1,1.35,DC,1X,home
06-11-2021,Luton,Stoke,,0-1,1.55,DC,X2,away
06-11-2021,Nottingham,Preston,,3-0,1.35,DC,12,home
06-11-2021,Bradford City,Exeter,,1-1,2.20,FT,1,draw
06-11-2021,Crawley,Tranmere,,0-1,2.70,FT,2,away
06-11-2021,Crewe,Swindon,,0-3,2.75,FT,2,away
06-11-2021,Celta Vigo,Barcelona,,3-3,2.15,FT,2,draw
06-11-2021,Lille,Angers,,1-1,1.80,FT,1,draw
06-11-2021,Blackpool,QPR,,1-1,2.40,FT,2,draw
06-11-2021,RB Leipzig,Dortmund,,2-1,1.95,FT,1,home
06-11-2021,Alaves,Levante,,2-1,1.35,DC,1X,home
06-11-2021,Zwolle,Cambuur,,1-2,2.10,FT,1,away
05-11-2021,Gazisehir Gaziantep,Kasimpasa,,2-0,1.30,DC,1X,home
05-11-2021,Rizespor,Alanyaspor,,2-0,1.35,DC,X2,home
05-11-2021,Holstein Kiel,Dynamo Dresden,,2-1,2.00,FT,1,home
05-11-2021,Nurnberg,Werder Bremen,,1-2,3.20,FT,X,away
05-11-2021,Viborg,Nordsjaelland,,2-2,1.25,DC,12,draw
05-11-2021,Twente,Heracles,,1-0,2.15,FT,1,home
05-11-2021,Mainz,B. Monchengladbach,,1-1,1.30,DC,12,draw
05-11-2021,Cosenza,Reggina,,0-1,3.00,FT,X,away
05-11-2021,Empoli,Genoa,,2-2,2.10,FT,1,draw
05-11-2021,Leuven,Oostende,,1-0,1.90,FT,1,home
05-11-2021,St. Patricks,Sligo Rovers,,0-3,1.30,DC,1X,away
05-11-2021,Waterford,Shamrock Rovers,,1-3,2.00,FT,2,away
05-11-2021,Bala,Connahs Q.,,0-4,2.35,FT,1,away
05-11-2021,Southampton,Aston Villa,,1-0,2.00,FT,1,home
05-11-2021,Huesca,Leganes,,0-2,2.50,FT,1,away
05-11-2021,Finn Harps,Derry City,,1-1,1.40,DC,X2,draw
04-11-2021,Brondby,Rangers,,1-1,1.90,FT,2,draw
04-11-2021,Monaco,PSV,,0-0,1.35,DC,1X,draw
04-11-2021,Olympiacos,Eintracht Frankfurt,,1-2,1.30,DC,12,away
04-11-2021,Genk,West Ham,,2-2,2.00,FT,2,draw
04-11-2021,Gent,Partizan,,1-1,1.30,DC,12,draw
04-11-2021,Zorya,CSKA Sofia,,2-0,2.05,FT,1,home
04-11-2021,Randers,Jablonec,,2-2,1.80,FT,1,draw
04-11-2021,Omonia,Basel,,1-1,2.00,FT,2,draw
04-11-2021,Farul Constanta,FCSB,,0-1,1.40,DC,X2,away
04-11-2021,Antwerp,Fenerbahce,,0-3,1.30,DC,12,away
04-11-2021,Olympique Marseille,Lazio,,2-2,2.25,FT,1,draw
04-11-2021,Crvena zvezda,Midtjylland,,0-1,1.85,FT,1,away
04-11-2021,Leverkusen,Betis,,4-0,1.30,DC,1X,home
04-11-2021,Ferencvaros,Celtic,,2-3,2.15,FT,2,away
04-11-2021,Union Berlin,Feyenoord,,1-2,3.00,FT,2,away
04-11-2021,PAOK,Copenhagen,,1-2,2.15,FT,1,away
03-11-2021,Suduva,Zalgiris,,2-2,1.30,DC,12,draw
03-11-2021,Legnica,Leczna Bogdanka,,2-2,2.35,FT,1,draw
03-11-2021,Milan,Porto,,1-1,2.00,FT,1,draw
03-11-2021,Mirandes,Lugo,,3-2,1.25,DC,1X,home
03-11-2021,Barnsley,Derby,,2-1,1.70,DC,X2,home
03-11-2021,Blackburn,Fulham,,0-7,1.90,FT,2,away
03-11-2021,Blackpool,Stoke,,0-1,1.30,DC,12,away
03-11-2021,Cardiff,QPR,,0-1,2.60,FT,2,away
03-11-2021,Bray,Galway,,0-0,3.20,FT,X,draw
03-11-2021,RB Leipzig,PSG,,2-2,2.35,FT,2,draw
03-11-2021,Dortmund,Ajax,,1-3,1.25,DC,12,away
03-11-2021,Eibar,Oviedo,,1-0,1.20,DC,1X,home
03-11-2021,New York,Atlanta Utd,,0-0,1.80,FT,1,draw
03-11-2021,Austin,Kansas City,,3-1,2.20,FT,2,home
03-11-2021,Salt Lake,Portland,,1-3,1.95,FT,1,away
03-11-2021,Cruz Azul,Leon,,0-1,2.10,FT,1,away
02-11-2021,Wolfsburg,Salzburg,,2-1,1.55,DC,X2,home
02-11-2021,Gijon,Almeria,,0-1,3.10,FT,X,away
02-11-2021,Ponferradina,Huesca,,1-1,2.65,FT,1,draw
02-11-2021,Birmingham,Bristol City,,3-0,1.95,FT,1,home
02-11-2021,Coventry,Swansea,,1-2,2.10,FT,1,away
02-11-2021,Luton,Middlesbrough,,3-1,1.30,DC,12,home
02-11-2021,Millwall,Reading,,1-0,1.90,FT,1,home
02-11-2021,Nottingham,Sheffield Utd,,1-1,2.40,FT,2,draw
02-11-2021,Peterborough,Huddersfield,,1-1,1.35,DC,X2,draw
02-11-2021,Sheffield Wed,Sunderland,,3-0,1.40,DC,1X,home
02-11-2021,Wycombe,Ipswich,,1-4,1.35,DC,1X,away
02-11-2021,Charlton,Rotherham,,1-1,2.00,FT,2,draw
02-11-2021,Crewe,Doncaster,,1-1,1.30,DC,12,draw
02-11-2021,Morecambe,Cambridge Utd,,0-2,3.30,FT,X,away
02-11-2021,Atalanta,Manchester Utd,,2-2,2.30,FT,2,draw
02-11-2021,Leganes,Cartagena,,1-1,1.90,FT,1,draw
01-11-2021,Pordenone,Cremonese,,2-2,1.30,DC,X2,draw
01-11-2021,Basaksehir,Demirspor,,2-1,1.30,DC,1X,home
01-11-2021,Giresunspor,Antalya,,1-2,2.10,FT,1,away
01-11-2021,Rayo Vallecano,Celta,,0-0,1.30,DC,12,draw
01-11-2021,Verl,Osnabruck,,1-2,1.95,FT,2,away
01-11-2021,Odense,Aarhus,,0-0,2.80,FT,2,draw
01-11-2021,Degerfors,Goteborg,,0-1,2.35,FT,2,away
01-11-2021,Halmstad,AIK,,1-0,2.40,FT,2,home
01-11-2021,Mjallby,Hammarby TFF,,2-0,1.40,DC,X2,home
01-11-2021,Helmond,Almere City,,1-2,1.95,FT,2,away
01-11-2021,Ajax II,Telstar,,3-0,1.85,FT,1,home
01-11-2021,PSV II,AZ Alkmar II,,2-0,2.00,FT,1,home
01-11-2021,Valenciennes,Auxerre,,1-2,2.30,FT,2,away
01-11-2021,Wolverhampton,Everton,,2-1,2.20,FT,1,home
01-11-2021,Levante,Granada,,0-3,1.25,DC,1X,away
01-11-2021,Moreirense,Ferreira,,1-1,1.35,DC,1X,draw
31-10-2021,Maritimo,Gil Vicente,,1-2,2.55,FT,2,away
31-10-2021,Lausanne,Luzern,,1-1,2.50,FT,2,draw
31-10-2021,Lugano,Servette,,2-1,2.65,FT,1,home
31-10-2021,Rapid,LASK,,3-2,1.95,FT,1,home
31-10-2021,Aston Villa,West Ham,,1-4,3.40,FT,X,away
31-10-2021,Viborg,Brondby,,0-1,1.45,DC,X2,away
31-10-2021,Stabaek,Haugesund,,2-1,2.10,FT,2,home
31-10-2021,Valladolid,Eibar,,2-0,1.30,DC,1X,home
31-10-2021,Getafe,Espanyol,,2-1,2.35,FT,1,home
31-10-2021,Belenenses,Santa Clara,,2-1,2.30,FT,2,home
31-10-2021,Sonderjyske,Silkeborg,,0-6,1.35,DC,X2,away
31-10-2021,Roma,Milan,,1-2,1.60,DC,X2,away
31-10-2021,Clermont,Olympique Marseille,,0-1,2.35,FT,2,away
31-10-2021,Sociedad,Ath Bilbao,,1-1,1.30,DC,1X,draw
31-10-2021,Gent,St.Gilloise,,0-2,1.25,DC,12,away
31-10-2021,Famalicao,Vizela,,1-1,2.00,FT,1,draw
30-10-2021,Burnley,Brentford,,3-1,1.45,DC,X2,home
30-10-2021,Watford,Southampton,,0-1,3.30,FT,X,away
30-10-2021,Bristol City,Barnsley,,2-1,1.35,DC,1X,home
30-10-2021,Derby,Blackburn,,1-2,1.45,DC,1X,away
30-10-2021,Huddersfield,Millwall,,1-0,2.90,FT,2,home
30-10-2021,Hull,Coventry,,0-1,3.20,FT,X,away
30-10-2021,Middlesbrough,Birmingham,,0-2,2.10,FT,1,away
30-10-2021,Preston,Luton,,2-0,1.30,DC,12,home
30-10-2021,Stoke,Cardiff,,3-3,1.95,FT,1,draw
30-10-2021,Metz,St Etienne,,1-1,2.60,FT,2,draw
30-10-2021,Verona,Juventus,,2-1,1.85,FT,2,home
30-10-2021,Tottenham,Manchester Utd,,0-3,1.30,DC,12,away
30-10-2021,Eintracht Frankfurt,RB Leipzig,,1-1,1.80,FT,2,draw
30-10-2021,Valencia,Villarreal,,2-0,3.00,FT,1,home
30-10-2021,Zurich,Basel,,3-3,1.25,DC,12,draw
30-10-2021,Torino,Sampdoria,,3-0,1.90,FT,1,home
29-10-2021,Heidenheim,Schalke,,1-0,2.50,FT,2,home
29-10-2021,Hobro,Esbjerg,,2-6,3.20,FT,X,away
29-10-2021,Lyngby,Helsingor,,0-0,1.40,DC,1X,draw
29-10-2021,Viktoria Koln,Magdeburg,,1-0,2.20,FT,2,home
29-10-2021,Botosani,Farul Constanta,,0-2,1.40,DC,1X,away
29-10-2021,Fehervar,Paks,,2-1,1.85,FT,1,home
29-10-2021,Den Bosch,Utrecht II,,2-1,2.60,FT,2,home
29-10-2021,Vaduz,Aarau,,2-1,1.40,DC,1X,home
29-10-2021,Xamax,Winterthur,,1-1,1.50,DC,X2,draw
29-10-2021,Derry City,Bohemians,,1-1,1.45,DC,1X,draw
29-10-2021,Sligo,Drogheda,,2-0,1.90,FT,1,home
29-10-2021,Oostende,Mechelen,,2-4,3.50,FT,X,away
29-10-2021,QPR,Nottingham,,1-1,2.10,FT,1,draw
29-10-2021,Sociedad II,Las Palmas,,0-1,1.40,DC,1X,away
29-10-2021,Arouca,Tondela,,2-0,2.25,FT,1,home
29-10-2021,La Serena,Huachipato,,2-2,1.95,FT,2,draw
28-10-2021,Alessandria,Frosinone,,1-1,1.30,DC,X2,draw
28-10-2021,Ascoli,Spal,,0-1,1.45,DC,1X,away
28-10-2021,Brescia,Lecce,,1-1,1.40,DC,1X,draw
28-10-2021,Brann,Viking,,0-2,1.25,DC,12,away
28-10-2021,Sedan,Laval,,0-1,2.75,FT,X,away
28-10-2021,Celta Vigo,Real Sociedad,,0-2,2.65,FT,2,away
28-10-2021,Goteborg,Djurgarden,,3-0,3.35,FT,X,home
28-10-2021,Creteil,Red Star,,1-0,2.05,FT,2,home
28-10-2021,Granada,Getafe,,1-1,2.85,FT,X,draw
28-10-2021,Sarpsborg 08,Valerenga,,2-1,3.30,FT,X,home
28-10-2021,Cittadella,Parma,,1-2,2.90,FT,2,away
28-10-2021,Cremonese,Pisa,,1-1,1.25,DC,1X,draw
28-10-2021,Crotone,Benevento,,0-2,2.40,FT,2,away
28-10-2021,Perugia,Reggina,,0-2,3.00,FT,X,away
28-10-2021,Westerlo,Antwerp,,2-1,1.55,DC,1X,home
28-10-2021,RKC Waalwijk,Willem II,,3-0,3.30,FT,X,home
27-10-2021,Bochum,Augsburg,,2-2,1.40,DC,1X,draw
27-10-2021,Dynamo Dresden,St. Pauli,,2-2,2.10,FT,2,draw
27-10-2021,Udinese,Verona,,1-1,1.40,DC,1X,draw
27-10-2021,Thun,Servette,,4-1,1.95,FT,2,home
27-10-2021,Burnley,Tottenham,,0-1,2.30,FT,2,away
27-10-2021,Leicester,Brighton,,2-2,1.25,DC,1X,draw
27-10-2021,Stoke,Brentford,,1-2,2.30,FT,2,away
27-10-2021,Dundee,Ross County,,0-5,2.10,FT,1,away
27-10-2021,Livingston,Dundee Utd,,1-1,3.00,FT,X,draw
27-10-2021,Motherwell,St. Mirren,,2-2,1.40,DC,1X,draw
27-10-2021,St Johnstone,Hearts,,1-1,2.30,FT,2,draw
27-10-2021,Hannover,Fortuna Dusseldorf,,3-0,1.30,DC,12,home
27-10-2021,Jahn Regensburg,Hansa Rostock,,2-2,2.00,FT,1,draw
27-10-2021,Stuttgart,Koln,,0-2,2.45,FT,1,away
27-10-2021,Lazio,Fiorentina,,1-0,1.95,FT,1,home
27-10-2021,Nice,Olympique Marseille,,1-1,1.40,DC,1X,draw
26-10-2021,Fredericia,Hvidovre,,1-2,1.25,DC,1X,away
26-10-2021,Horsens,Vejle Kolding,,1-1,1.25,DC,12,draw
26-10-2021,Spezia,Genoa,,1-1,1.30,DC,12,draw
26-10-2021,Venezia,Salernitana,,1-2,2.00,FT,1,away
26-10-2021,Alaves,Elche,,1-0,3.00,FT,X,home
26-10-2021,Morton,Partick,,0-0,3.30,DC,X2,draw
26-10-2021,Mechelen,St.Gilloise,,2-1,1.90,FT,2,home
26-10-2021,RWD Molenbeek,Zulte-Waregem,,1-2,1.25,DC,12,away
26-10-2021,Doncaster,Cambridge,,1-1,2.30,FT,1,draw
26-10-2021,Colchester,Sutton,,1-3,3.10,FT,X,away
26-10-2021,QPR,Sunderland,,0-0,1.95,FT,1,draw
26-10-2021,Ayr,Kilmarnock,,0-1,2.05,FT,2,away
26-10-2021,Dunfermline,Raith,,1-1,3.25,FT,X,draw
26-10-2021,Hamilton,Queen of South,,1-0,2.20,FT,1,home
26-10-2021,Nurnberg,Hamburger,,1-1,1.55,DC,1X,draw
26-10-2021,Espanyol,Ath Bilbao,,1-1,2.70,FT,2,draw
25-10-2021,Lokomotiv Moscow,Sochi,,2-1,3.25,FT,X,home
25-10-2021,Anorthosis,AEK Larnaca,,1-2,1.25,DC,1X,away
25-10-2021,Duisburg,Kaiserslautern,,1-1,1.25,DC,12,draw
25-10-2021,Besiktas,Galatasaray,,2-1,2.20,FT,1,home
25-10-2021,Aalborg,Viborg,,2-5,1.20,DC,1X,away
25-10-2021,Orebro,Degerfors,,1-2,2.35,FT,2,away
25-10-2021,Aldosivi,Arsenal Sarandi,,2-1,1.55,DC,X2,home
25-10-2021,Sarmiento,Newells Old Boys,,2-1,1.35,DC,1X,home
25-10-2021,Gil Vicente,Braga,,0-1,1.90,FT,2,away
25-10-2021,St. Patricks,Dundalk,,1-0,2.20,FT,1,home
25-10-2021,Red Star,Le Mans,,1-2,3.05,FT,X,away
25-10-2021,Getafe,Celta Vigo,,0-3,2.90,FT,X,away
25-10-2021,Girona,Zaragoza,,1-1,1.25,DC,1X,draw
25-10-2021,Atletico Tucuman,Patronato,,2-2,2.05,FT,1,draw
25-10-2021,Lanus,Talleres,,3-3,3.20,FT,X,draw
25-10-2021,Boavista,Belenenses,,0-0,2.00,FT,1,draw
24-10-2021,Nottingham,Fulham,,0-4,1.30,DC,12,away
24-10-2021,Randers FC,Aarhus,,1-0,1.30,DC,12,home
24-10-2021,Barcelona,Real Madrid,,1-2,2.45,FT,2,away
24-10-2021,Ferreira,Arouca,,0-0,1.95,FT,1,draw
24-10-2021,Manchester Utd,Liverpool,,0-5,1.40,DC,X2,away
24-10-2021,Stuttgart,Union Berlin,,1-1,2.80,FT,2,draw
24-10-2021,AIK,Norrkoping,,1-0,1.90,FT,1,home
24-10-2021,Roma,Napoli,,0-0,2.45,FT,2,draw
24-10-2021,Burgos,Huesca,,3-1,1.40,DC,X2,home
24-10-2021,Ponferradina,Oviedo,,1-2,2.60,FT,2,away
24-10-2021,Genk,Gent,,0-3,2.20,FT,1,away
24-10-2021,Odd Grenland,Brann,,3-3,2.80,FT,2,draw
24-10-2021,Bochum,Eintracht Frankfurt,,2-0,2.25,FT,2,home
24-10-2021,Inter,Juventus,,1-1,1.30,DC,1X,draw
24-10-2021,Leuven,St. Truiden,,4-1,1.30,DC,12,home
24-10-2021,Portimonense,Estoril,,0-2,3.00,FT,X,away
23-10-2021,Crystal Palace,Newcastle,,1-1,1.95,FT,1,draw
23-10-2021,Leeds,Wolverhampton,,1-1,2.80,FT,2,draw
23-10-2021,Southampton,Burnley,,2-2,1.25,DC,1X,draw
23-10-2021,Birmingham,Swansea,,2-1,1.55,DC,X2,home
23-10-2021,Blackburn,Reading,,2-0,1.80,FT,1,home
23-10-2021,Blackpool,Preston,,2-0,3.10,FT,X,home
23-10-2021,Millwall,Stoke,,2-1,1.40,DC,1X,home
23-10-2021,Peterborough,QPR,,2-1,2.05,FT,2,home
23-10-2021,Cadiz,Alaves,,0-2,1.35,DC,1X,away
23-10-2021,Nantes,Clermont,,2-1,1.30,DC,12,home
23-10-2021,Hertha,B. Monchengladbach,,1-0,2.00,FT,2,home
23-10-2021,Elche,Espanyol,,2-2,3.00,FT,X,draw
23-10-2021,Kortrijk,Oostende,,1-0,1.95,FT,1,home
23-10-2021,Bologna,Milan,,2-4,2.05,FT,2,away
23-10-2021,Eupen,St.Gilloise,,2-3,1.75,FT,2,away
23-10-2021,Athletic Bilbao,Villarreal,,2-1,1.40,DC,1X,home
22-10-2021,Erzgebirge Aue,Ingolstadt,,1-0,2.75,FT,2,home
22-10-2021,Paderborn,Hamburger,,1-2,2.50,FT,2,away
22-10-2021,Malatyaspor,Altay,,2-1,1.45,DC,X2,home
22-10-2021,Vejle Kolding,Nordsjaelland,,2-0,2.15,FT,2,home
22-10-2021,Dordrecht,Den Bosch,,3-3,1.25,DC,12,draw
22-10-2021,Eindhoven,Ajax II,,1-3,1.25,DC,12,away
22-10-2021,Utrecht II,Oss,,2-1,2.20,FT,1,home
22-10-2021,Telstar,Helmond,,2-2,1.90,FT,1,draw
22-10-2021,VVV Venlo,Graafschap,,1-2,1.90,FT,2,away
22-10-2021,Alessandria,Crotone,,1-0,1.35,DC,X2,home
22-10-2021,Aarau,Thun,,0-2,1.40,DC,1X,away
22-10-2021,RFC Seraing,Charleroi,,1-3,2.15,FT,2,away
22-10-2021,St. Patricks,Dundalk,,3-1,3.15,FT,X,home
22-10-2021,Arsenal,Aston Villa,,3-1,1.95,FT,1,home
22-10-2021,Eibar,Cartagena,,2-1,1.15,DC,1X,home
22-10-2021,St Etienne,Angers,,2-2,2.60,FT,2,draw
21-10-2021,Ludogorets,Braga,,0-1,2.10,FT,2,away
21-10-2021,Midtjylland,Crvena zvezda,,1-1,2.80,FT,2,draw
21-10-2021,Betis,Leverkusen,,1-1,1.55,DC,X2,draw
21-10-2021,Rapid,Dinamo Zagreb,,2-1,2.35,FT,2,home
21-10-2021,Feyenoord,Union Berlin,,3-1,1.25,DC,12,home
21-10-2021,Maccabi Haifa,Slavia Prague,,1-0,2.20,FT,2,home
21-10-2021,Copenhagen,PAOK,,1-2,1.90,FT,1,away
21-10-2021,GAIS,AFC Eskilstuna,,2-3,2.45,FT,1,away
21-10-2021,Sparta Prague,Olympique Lyon,,3-4,1.90,FT,2,away
21-10-2021,PSV,Monaco,,1-2,1.25,DC,12,away
21-10-2021,Eintracht Frankfurt,Olympiacos,,3-1,1.25,DC,1X,home
21-10-2021,Lokomotiv Moscow,Galatasaray,,0-1,1.45,DC,X2,away
21-10-2021,Partizan,Gent,,0-1,2.20,FT,1,away
21-10-2021,CSKA Sofia,Zorya,,0-1,1.95,FT,1,away
21-10-2021,Cluj,AZ Alkmaar,,0-1,1.20,DC,X2,away
21-10-2021,Jablonec,Randers,,2-2,3.15,FT,X,draw
20-10-2021,Sandnes,Asane,,3-2,1.85,FT,1,home
20-10-2021,Sogndal,Ham-Kam,,1-1,2.25,FT,2,draw
20-10-2021,Ull/Kisa,Jerv,,0-0,1.90,FT,2,draw
20-10-2021,Salzburg,Wolfsburg,,3-1,1.30,DC,1X,home
20-10-2021,Arsenal Sarandi,Gimnasia L.P.,,0-1,1.40,DC,12,away
20-10-2021,Ranheim,Aalesund,,3-3,1.90,FT,2,draw
20-10-2021,Huddersfield,Birmingham,,0-0,1.35,DC,1X,draw
20-10-2021,Hull,Peterborough,,1-2,2.05,FT,1,away
20-10-2021,Preston,Coventry,,2-1,1.40,DC,1X,home
20-10-2021,Swansea,WBA,,2-1,3.30,FT,X,home
20-10-2021,Reading,Blackpool,,2-3,2.20,FT,1,away
20-10-2021,Alcorcon,Leganes,,3-3,2.20,FT,2,draw
20-10-2021,Lugo,Las Palmas,,2-0,2.50,FT,2,home
20-10-2021,Young Boys,Villarreal,,1-4,1.30,DC,12,away
20-10-2021,Lille,Sevilla,,0-0,1.30,DC,X2,draw
20-10-2021,Zenit,Juventus,,0-1,2.20,FT,2,away
19-10-2021,Besiktas,Sporting,,1-4,1.35,DC,X2,away
19-10-2021,Cartagena,Gijon,,1-0,1.40,DC,X2,home
19-10-2021,Bristol City,Nottingham,,1-2,2.55,FT,2,away
19-10-2021,Derby,Luton,,2-2,2.45,FT,2,draw
19-10-2021,QPR,Blackburn,,1-0,1.30,DC,1X,home
19-10-2021,Stoke,Bournemouth,,0-1,2.55,FT,2,away
19-10-2021,Cambridge,Sheffield Wed,,1-1,1.25,DC,X2,draw
19-10-2021,Charlton,Accrington,,2-3,1.30,DC,1X,away
19-10-2021,Cheltenham,Morecambe,,3-1,2.00,FT,1,home
19-10-2021,Fleetwood,Burton,,0-1,2.35,FT,1,away
19-10-2021,Plymouth,Bolton,,3-0,2.25,FT,1,home
19-10-2021,Portsmouth,Ipswich,,0-4,3.10,FT,X,away
19-10-2021,Atl. Madrid,Liverpool,,2-3,2.25,FT,2,away
19-10-2021,Porto,Milan,,1-0,1.40,DC,1X,home
19-10-2021,Ajax,Dortmund,,4-0,2.20,FT,1,home
19-10-2021,Tenerife,Eibar,,0-1,2.90,FT,X,away
18-10-2021,Botosani,Chindia T.,,0-0,1.25,DC,1X,draw
18-10-2021,Katokopia,Aris Limmasol,,1-2,2.40,FT,2,away
18-10-2021,Celje,Bravo,,1-0,2.30,FT,1,home
18-10-2021,Stal Mielec,Zaglebie,,4-2,1.30,DC,12,home
18-10-2021,Lamia,Aris,,0-1,2.05,FT,2,away
18-10-2021,Alaves,Betis,,0-1,1.30,DC,12,away
18-10-2021,Aarhus,Aalborg,,1-0,3.20,FT,X,home
18-10-2021,Hacken,Norrkoping,,5-0,1.30,DC,12,home
18-10-2021,Orgryte,Trelleborgs,,2-2,2.25,FT,1,draw
18-10-2021,CSKA 1948,Beroe,,1-0,1.35,DC,1X,home
18-10-2021,Hapoel T.A,Beitar J.,,1-0,2.15,FT,1,home
18-10-2021,AZ Alkmar II,Ajax II,,1-1,2.20,FT,2,draw
18-10-2021,PSV II,Telstar,,2-3,2.10,FT,1,away
18-10-2021,Utrecht II,Roda,,1-2,1.70,FT,2,away
18-10-2021,Jagiellonia,Radomiak,,1-1,2.35,FT,1,draw
18-10-2021,Nimes,Ajaccio,,0-2,1.35,DC,1X,away
17-10-2021,Leganes,Valladolid,,0-2,2.95,FT,X,away
17-10-2021,Beerschot Wilrijk,Mechelen,,0-1,1.25,DC,12,away
17-10-2021,Parma,Monza,,0-0,1.30,DC,1X,draw
17-10-2021,Celta Vigo,Sevilla,,0-1,2.25,FT,2,away
17-10-2021,St. Gallen,Servette,,2-1,1.25,DC,12,home
17-10-2021,Montpellier,Lens,,1-0,2.25,FT,2,home
17-10-2021,Sandefjord,Odd Grenland,,0-0,2.20,FT,1,draw
17-10-2021,Stromsgodset,Viking,,0-1,2.40,FT,1,away
17-10-2021,Newcastle,Tottenham,,2-3,2.05,FT,2,away
17-10-2021,Augsburg,Bielefeld,,1-1,2.30,FT,1,draw
17-10-2021,Trabzonspor,Fenerbahce,,3-1,3.20,FT,X,home
17-10-2021,Burgos,Lugo,,1-1,1.30,DC,1X,draw
17-10-2021,Sociedad II,Oviedo,,1-1,1.35,DC,X2,draw
17-10-2021,Charleroi,Genk,,2-0,2.10,FT,2,home
17-10-2021,Cittadella,Spal,,0-0,3.10,FT,X,draw
17-10-2021,Ponferradina,Fuenlabrada,,0-0,1.35,DC,1X,draw
16-10-2021,Aston Villa,Wolverhamton,,2-3,1.35,DC,12,away
16-10-2021,Leicester,Manchester Utd,,4-2,2.10,FT,2,home
16-10-2021,Norwich,Brighton,,0-0,1.25,DC,X2,draw
16-10-2021,Southampton,Leeds,,1-0,1.40,DC,1X,home
16-10-2021,Blackburn,Coventry,,2-2,1.45,DC,1X,draw
16-10-2021,Millwall,Luton,,0-2,1.35,DC,1X,away
16-10-2021,Nottingham,Blackpool,,2-1,2.00,FT,1,home
16-10-2021,Reading,Barnsley,,1-0,2.30,FT,1,home
16-10-2021,Sheffield Utd,Stoke,,2-1,2.20,FT,1,home
16-10-2021,Clermont,Lille,,1-0,2.30,FT,2,home
16-10-2021,Lazio,Inter,,2-0,1.30,DC,X2,home
16-10-2021,Levante,Getafe,,1-1,3.20,FT,2,draw
16-10-2021,Oostende,Cercle Brugge,,2-1,2.45,FT,1,home
16-10-2021,Go Head,Heracles,,4-2,2.20,FT,2,home
16-10-2021,Fortuna Sittard,Cambuur,,1-0,2.55,FT,2,home
16-10-2021,Olympique Lyon,Monaco,,2-0,2.20,FT,1,home
15-10-2021,Hannover,Schalke,,0-1,2.50,FT,2,away
15-10-2021,Paderborn,Jahn Regensburg,,1-1,1.95,FT,1,draw
15-10-2021,Viktoria Berlin,Osnabruck,,1-2,2.60,FT,1,away
15-10-2021,Basaksehir,Besiktas,,3-2,2.25,FT,2,home
15-10-2021,Viborg,Silkeborg,,1-1,1.35,DC,1X,draw
15-10-2021,Medias,Dinamo Bucuresti,,2-1,1.30,DC,12,home
15-10-2021,MTK,Puskas,,0-1,2.25,FT,2,away
15-10-2021,Den Bosch,Almere,,1-0,1.80,FT,2,home
15-10-2021,Oss,Emmen,,1-2,2.00,FT,2,away
15-10-2021,Hoffenheim,Koln,,5-0,1.30,DC,1X,home
15-10-2021,Stade Lausanne Ouchy,Aarau,,0-2,2.10,FT,1,away
15-10-2021,Thun,Winterthur,,0-2,2.00,FT,1,away
15-10-2021,Xamax,Vaduz,,0-2,2.05,FT,1,away
15-10-2021,Derry City,St. Patricks,,1-0,1.30,DC,12,home
15-10-2021,Waterford,Finn Harps,,4-1,1.40,DC,1X,home
15-10-2021,Eibar,Almeria,,1-0,1.35,DC,1X,home
14-10-2021,Jonkopings Sodra,Sundsvall,,1-1,1.30,DC,12,draw
14-10-2021,Bolivia,Paraguay,,4-0,1.35,DC,1X,home
14-10-2021,Cuiaba,Sport Recife,,1-0,3.00,FT,X,home
14-10-2021,Queretaro,Tijuana,,1-1,1.40,DC,1X,draw
14-10-2021,Huachipato,Antofagasta,,0-1,1.25,DC,1X,away
14-10-2021,Hannover,Schalke,,0-1,2.50,FT,2,away
14-10-2021,Paderborn,Jahn Regensburg,,1-1,1.95,FT,1,draw
14-10-2021,Basaksehir,Besiktas,,3-2,2.25,FT,2,home
14-10-2021,Viborg,Silkeborg,,1-1,2.90,FT,2,draw
14-10-2021,Excelsior,VVV Venlo,,3-0,2.00,FT,1,home
14-10-2021,Oss,Emmen,,1-2,2.00,FT,2,away
14-10-2021,Stade Lausanne Ouchy,Aarau,,0-2,2.10,FT,1,away
14-10-2021,Thun,Winterthur,,0-2,2.00,FT,1,away
14-10-2021,Xamax,Vaduz,,0-2,2.05,FT,1,away
14-10-2021,Hoffenheim,Koln,,5-0,1.30,DC,1X,home
14-10-2021,Hamilton,Partick,,1-6,1.35,DC,X2,away
13-10-2021,Kingstonian,Worthing,,3-4,1.25,DC,12,away
13-10-2021,Municipal Grecia,Guanacasteca,,3-1,1.40,DC,1X,home
13-10-2021,Chapecoense,Athletico-PR,,1-1,1.30,DC,X2,draw
13-10-2021,Fortaleza,Gremio,,1-0,1.95,FT,1,home
13-10-2021,Corinthians,Fluminense,,1-0,1.20,DC,1X,home
13-10-2021,Honduras,Jamaica,,0-2,1.90,FT,1,away
13-10-2021,Internacional,America Minerio,,3-1,1.20,DC,1X,home
13-10-2021,Jonkopings Sodra,Sundsvall,,1-1,2.60,FT,2,draw
13-10-2021,Bolivia,Paraguay,,4-0,2.25,FT,1,home
13-10-2021,Cuiaba,Sport Recife,,1-0,3.00,FT,X,home
13-10-2021,Sao Paulo,Ceara,,1-1,1.20,DC,1X,draw
13-10-2021,Queretaro,Tijuana,,1-1,2.30,FT,1,draw
13-10-2021,Hannover,Schalke,,0-1,2.50,FT,2,away
13-10-2021,Paderborn,Jahn Regensburg,,1-1,1.95,FT,1,draw
13-10-2021,Basaksehir,Besiktas,,3-2,2.25,FT,2,home
13-10-2021,Viborg,Silkeborg,,1-1,2.90,FT,2,draw
12-10-2021,Armenia U21,North Macedonia U21,,1-2,2.05,FT,2,away
12-10-2021,Kazakhstan,Finland,,0-2,1.90,FT,2,away
12-10-2021,Bulgaria U21,Switzerland U21,,0-1,1.85,FT,2,away
12-10-2021,Montenegro U21,R.Ireland U21,,2-1,1.25,DC,X2,home
12-10-2021,Cyprus U21,Greece U21,,Postp,2.15,FT,2,postponed
12-10-2021,Congo,Togo,,1-2,1.25,DC,1X,away
12-10-2021,Syria,Lebanon,,2-3,1.90,FT,1,away
12-10-2021,UAE,Iraq,,2-2,1.95,FT,1,draw
12-10-2021,Plymouth,Swindon,,1-3,1.25,DC,12,away
12-10-2021,Kosovo,Georgia,,1-2,2.20,FT,1,away
12-10-2021,Sweden,Greece,,2-0,1.82,FT,1,home
12-10-2021,Bulgaria,Northern Ireland,,2-1,1.40,DC,X2,home
12-10-2021,Albania,Poland,,0-1,1.30,DC,12,away
12-10-2021,Portsmouth,Sutton,,0-2,2.00,FT,1,away
12-10-2021,Yeovil,Altrincham,,1-1,2.20,FT,1,draw
12-10-2021,Hungerford,Braintree,,2-0,1.25,DC,12,home
11-10-2021,Arsenal Sarandi,Godoy Cruz,,0-0,1.30,DC,X2,draw
11-10-2021,Bourg en Bresse,Sedan,,0-0,1.70,FT,1,draw
11-10-2021,Slovenia,Russia,,1-2,1.35,DC,12,away
11-10-2021,Virtus Entella,Pescara,,2-2,1.30,DC,1X,draw
11-10-2021,Zaragoza,Huesca,,0-0,1.30,DC,1X,draw
11-10-2021,O’Higgins,Santiago W.,,1-0,3.20,FT,X,home
11-10-2021,San Lorenzo,Colon,,1-2,2.85,FT,X,away
11-10-2021,Cuiaba,Sao Paulo,,0-0,2.15,FT,2,draw
11-10-2021,Patriotas,Santa Fe,,0-1,1.20,DC,X2,away
11-10-2021,Curico Unido,Nublense,,0-0,1.30,DC,1X,draw
11-10-2021,Bucaramanga,CPD Junior,,1-1,2.25,FT,2,draw
11-10-2021,Japan,Australia,,2-1,3.90,FT,2,home
11-10-2021,Iran,South Korea,,1-1,2.90,FT,X,draw
11-10-2021,Armenia U21,North Macedonia U21,,1-2,2.25,FT,2,away
11-10-2021,Syria,Lebanon,,2-3,2.00,FT,1,away
11-10-2021,UAE,Iraq,,2-2,2.05,FT,1,draw
10-10-2021,Cartagena,Ibiza,,5-1,1.35,DC,12,home
10-10-2021,Mafra,Casa Pia,,1-1,1.30,DC,X2,draw
10-10-2021,Dordrecht,Helmond,,0-1,2.20,FT,2,away
10-10-2021,Leixoes,Feirense,,2-0,1.45,DC,X2,home
10-10-2021,Alcorcon,Burgos,,1-0,1.30,DC,1X,home
10-10-2021,Almere,De Graafschap,,1-2,2.40,FT,2,away
10-10-2021,Chaves,Penafiel,,3-1,1.30,DC,1X,home
10-10-2021,Estrela Amadora,Academico V.,,4-0,2.20,FT,1,home
10-10-2021,Fuenlabrada,Leganes,,2-1,2.85,FT,X,home
10-10-2021,Santos,Gremio,,1-0,2.75,FT,2,home
10-10-2021,Minnesota,Colorado,,1-3,2.20,FT,1,away
10-10-2021,Bolivia,Peru,,1-0,1.30,DC,12,home
10-10-2021,Venezuela,Ecuador,,2-1,2.00,FT,2,home
10-10-2021,Colombia,Brazil,,0-0,2.05,FT,2,draw
10-10-2021,Jamaica,Canada,,0-0,2.05,FT,2,draw
10-10-2021,Chile,Paraguay,,2-0,2.05,FT,1,home
09-10-2021,Plymouth,Burton,,2-1,2.20,FT,1,home
09-10-2021,Sheffield Wed,Bolton,,1-0,1.30,DC,12,home
09-10-2021,Barrow,Leyton,,1-1,2.40,FT,1,draw
09-10-2021,Bristol Rovers,Carlisle,,3-0,2.50,FT,1,home
09-10-2021,Hartlepool,Northampton,,2-1,3.05,FT,X,home
09-10-2021,Newport,Bradford City,,0-0,2.65,FT,1,draw
09-10-2021,Stevenage,Exeter,,2-2,1.40,DC,X2,draw
09-10-2021,Sutton,Port Vale,,4-3,2.50,FT,1,home
09-10-2021,Walsall,Salford,,2-1,1.30,DC,12,home
09-10-2021,Lugo,Girona,,1-0,1.30,DC,12,home
09-10-2021,Mirandes,Eibar,,3-3,1.30,DC,X2,draw
09-10-2021,Togo,Congo,,1-1,2.60,FT,1,draw
09-10-2021,Azerbaijan,R.Ireland,,0-3,1.30,DC,X2,away
09-10-2021,Georgia,Greece,,0-2,2.25,FT,2,away
09-10-2021,Finland,Ukraine,,1-2,2.20,FT,2,away
09-10-2021,Oviedo,Gijon,,1-1,2.65,FT,1,draw
08-10-2021,Moldova U21,Wales U21,,1-0,1.85,FT,2,home
08-10-2021,Azerbaijan U21,Finland U21,,1-1,1.85,FT,2,draw
08-10-2021,Avranches,Red Star,,0-6,3.00,FT,X,away
08-10-2021,Creteil,Boulogne,,3-2,1.30,DC,X2,home
08-10-2021,Sete,Laval,,0-1,1.35,DC,X2,away
08-10-2021,Switzerland U21,Netherlands U21,,2-2,2.00,FT,2,draw
08-10-2021,Union de Santa Fe,Platense,,1-2,1.30,DC,1X,away
08-10-2021,Hungary U21,Poland U21,,2-2,2.20,FT,2,draw
08-10-2021,Tranmere,Colchester,,2-0,2.05,FT,1,home
08-10-2021,Dundalk,Shamrock,,1-0,1.30,DC,X2,home
08-10-2021,Cabinteely,Cobh Ramblers,,1-2,1.30,DC,1X,away
08-10-2021,Estonia,Belarus,,2-0,2.30,FT,1,home
08-10-2021,Turkey,Norway,,1-1,2.00,FT,1,draw
08-10-2021,Iceland,Armenia,,1-1,3.15,FT,2,draw
08-10-2021,Valladolid,Malaga,,1-1,1.80,FT,1,draw
08-10-2021,Cordoba Santiago,Huracan Ar.,,1-2,1.30,DC,1X,away
07-10-2021,Equatorial Guinea,Zambia,,2-0,1.30,DC,X2,home
07-10-2021,Rwanda,Uganda,,0-1,2.65,FT,X,away
07-10-2021,UAE,Iran,,0-1,2.10,FT,2,away
07-10-2021,Saudi Arabia,Japan,,1-0,1.30,DC,12,home
07-10-2021,Scotland U21,Denmark U21,,0-1,1.35,DC,X2,away
07-10-2021,Belgium,France,,2-3,3.20,FT,X,away
07-10-2021,Sao Paulo,Santos,,1-1,1.20,DC,1X,draw
07-10-2021,Uruguay,Colombia,,0-0,3.10,FT,X,draw
07-10-2021,Honduras,Costa Rica,,0-0,2.80,FT,X,draw
07-10-2021,Peru,Chile,,2-0,2.50,FT,1,home
07-10-2021,El Salvador,Panama,,1-0,1.30,DC,X2,home
07-10-2021,Moldova U21,Wales U21,,1-0,2.00,FT,2,home
07-10-2021,Switzerland U21,Netherlands U21,,2-2,1.25,DC,12,draw
07-10-2021,Hungary U21,Poland U21,,2-2,2.20,FT,2,draw
07-10-2021,Estonia,Belarus,,2-0,2.35,FT,1,home
07-10-2021,Turkey,Norway,,1-1,2.20,FT,1,draw
06-10-2021,Italy,Spain,,1-2,1.30,DC,1X,away
06-10-2021,Pelotas,Operario PR,,1-0,1.25,DC,X2,home
06-10-2021,Atletico GO,Athletico-PR,,0-2,1.40,DC,X2,away
06-10-2021,Ceara CE,Internacional,,0-0,1.40,DC,1X,draw
06-10-2021,Sport Recife,Juventude,,3-1,1.35,DC,1X,home
06-10-2021,Bragantino,Flamengo,,1-1,1.95,FT,2,draw
06-10-2021,America MG,Palmeiras,,2-1,3.05,FT,X,home
06-10-2021,Fluminense,Fortaleza CE,,0-2,1.30,DC,1X,away
06-10-2021,Equatorial Guinea,Zambia,,2-0,2.80,FT,X,home
06-10-2021,UAE,Iran,,0-1,2.10,FT,2,away
06-10-2021,China,Vietnam,,3-2,1.80,FT,1,home
06-10-2021,Saudi Arabia,Japan,,1-0,2.20,FT,2,home
06-10-2021,Belgium,France,,2-3,3.20,FT,X,away
06-10-2021,Uruguay,Colombia,,0-0,3.10,FT,X,draw
06-10-2021,Honduras,Costa Rica,,0-0,2.80,FT,X,draw
06-10-2021,Peru,Chile,,2-0,2.50,FT,1,home
05-10-2021,Salford,Tranmere,,0-2,1.30,DC,12,away
05-10-2021,Crewe,Wigan,,2-0,2.30,FT,2,home
05-10-2021,Mansfield,Sheffield Wed,,1-2,1.95,FT,2,away
05-10-2021,Gillingham,Ipswich,,0-2,1.30,DC,12,away
05-10-2021,Milton Keynes Dons,Wycombe,,2-1,2.10,FT,1,home
05-10-2021,Barrow,Fleetwood,,1-3,2.25,FT,2,away
05-10-2021,Altrincham,Grimsby,,2-3,2.25,FT,2,away
05-10-2021,Boreham Wood,Torquay,,2-0,1.30,DC,12,home
05-10-2021,Dover,Aldershot,,1-2,2.10,FT,2,away
05-10-2021,Halifax,Notts Co,,3-2,1.30,DC,12,home
05-10-2021,King’s Lynn,Barnet,,1-1,1.90,FT,1,draw
05-10-2021,Southend,Eastleigh,,1-0,2.45,FT,2,home
05-10-2021,Wealdstone,Solihull Moors,,0-0,1.90,FT,2,draw
05-10-2021,Woking,Dag & Red,,1-0,1.30,DC,X2,home
05-10-2021,Wrexham,Chesterfield,,1-1,1.30,DC,12,draw
05-10-2021,Yeovil,Maidenhead,,0-0,1.85,FT,1,draw
04-10-2021,Cobresal,Audax Italiano,,1-2,1.65,FT,1,away
04-10-2021,Esbjerg,HB Koge,,2-0,1.25,DC,1X,home
04-10-2021,Brage,Osters,,2-2,3.10,FT,X,draw
04-10-2021,Crusaders,Coleraine,,0-2,1.25,DC,12,away
04-10-2021,Juve Stabia,Palermo,,0-0,2.85,FT,X,draw
04-10-2021,Girona,Almeria,,1-2,1.40,DC,X2,away
04-10-2021,Annecy,Villefranche,,2-0,1.25,DC,1X,home
04-10-2021,Trofense,Nacional,,0-3,2.35,FT,2,away
04-10-2021,Defensa y Justicia,Talleres,,3-0,1.40,DC,X2,home
04-10-2021,Melipilla,Santiago W.,,1-1,2.55,FT,2,draw
04-10-2021,Colon,Banfield,,0-0,3.05,FT,X,draw
04-10-2021,Huachipato,Curico Unido,,1-4,3.20,FT,X,away
04-10-2021,Trelleborgs,Landskrona,,2-2,1.90,FT,1,draw
04-10-2021,Vasteras,GAIS,,3-0,1.25,DC,12,home
04-10-2021,Corinthians,Bahia,,3-1,1.80,FT,1,home
04-10-2021,Nagoya GE,Tokyo,,3-1,2.00,FT,1,home
03-10-2021,RFC Seraing,Zulte-Waregem,,5-1,2.00,FT,1,home
03-10-2021,Belenenses,Tondela,,0-2,2.35,FT,1,away
03-10-2021,Vitesse,Feyenoord,,2-1,2.00,FT,2,home
03-10-2021,Lille,Olympique Marseille,,2-0,3.30,FT,X,home
03-10-2021,Liverpool,Manchester City,,2-2,1.30,DC,12,draw
03-10-2021,Norrkoping,Hammarby,,3-1,2.20,FT,1,home
03-10-2021,Fiorentina,Napoli,,1-2,2.00,FT,2,away
03-10-2021,Randers,Brondby,,1-1,1.35,DC,1X,draw
03-10-2021,Mjondalen,Brann,,1-1,1.40,DC,X2,draw
03-10-2021,Tromso,Haugesund,,2-0,2.15,FT,1,home
03-10-2021,Getafe,Sociedad,,1-1,2.20,FT,2,draw
03-10-2021,Villarreal,Betis,,2-0,2.00,FT,1,home
03-10-2021,Antwerp,Gent,,1-0,1.25,DC,12,home
03-10-2021,Estoril,Gil Vicente,,2-2,1.30,DC,1X,draw
03-10-2021,Kristiansund,Rosenborg,,1-0,1.25,DC,12,home
03-10-2021,Atalanta,AC Milan,,2-3,2.05,FT,1,away
02-10-2021,Barnsley,Millwall,,0-1,3.00,FT,X,away
02-10-2021,Birmingham,Nottingham,,0-3,2.20,FT,1,away
02-10-2021,Blackpool,Blackburn,,2-1,1.40,DC,X2,home
02-10-2021,Derby,Swansea,,0-0,1.40,DC,1X,draw
02-10-2021,Hull,Middlesbrough,,2-0,2.50,FT,2,home
02-10-2021,Luton,Huddersfield,,0-0,2.10,FT,1,draw
02-10-2021,Peterborough,Bristol City,,2-3,1.50,DC,X2,away
02-10-2021,QPR,Preston,,3-2,2.05,FT,1,home
02-10-2021,Mallorca,Levante,,1-0,1.30,DC,1X,home
02-10-2021,Vizela,Santa Clara,,1-1,1.40,DC,1X,draw
02-10-2021,Montpellier,Strasbourg,,1-1,1.40,DC,1X,draw
02-10-2021,Brighton,Arsenal,,0-0,2.50,FT,2,draw
02-10-2021,Cadiz,Valencia,,0-0,2.35,FT,2,draw
02-10-2021,RKC Waalwijk,Go Head,,1-1,2.30,FT,1,draw
02-10-2021,Zwolle,Heerenveen,,0-1,2.40,FT,1,away
02-10-2021,Atletico Madrid,Barcelona,,2-0,1.90,FT,1,home
01-10-2021,Zaglebie,Jagiellonia,,0-1,1.35,DC,1X,away
01-10-2021,Antalyaspor,Demirspor,,1-2,1.50,DC,X2,away
01-10-2021,Karagumruk,Basaksehir,,3-1,1.30,DC,12,home
01-10-2021,Groningen,Twente,,1-1,1.50,DC,X2,draw
01-10-2021,Maritimo,Moreirense,,0-0,3.05,FT,X,draw
01-10-2021,Radomlje,Aluminij,,2-2,2.40,FT,2,draw
01-10-2021,Lecce,Monza,,3-0,3.20,FT,X,home
01-10-2021,Schaffhausen,Xamax,,4-0,2.10,FT,1,home
01-10-2021,Vaduz,Thun,,1-3,2.10,FT,1,away
01-10-2021,Piast Gliwice,Wisla Krakow,,1-0,1.30,DC,1X,home
01-10-2021,Stoke,WBA,,1-0,2.10,FT,2,home
01-10-2021,KV Mechelen,Standard,,3-1,2.30,FT,1,home
01-10-2021,Ponferradina,Valladolid,,2-2,2.25,FT,2,draw
01-10-2021,Lens,Reims,,2-0,1.80,FT,1,home
01-10-2021,Finn Harps,Dundalk,,2-2,2.95,FT,1,draw
01-10-2021,Famalicao,Guimaraes,,1-2,1.40,DC,X2,away
30-09-2021,Haka,HIFK,,2-0,1.45,DC,X2,home
30-09-2021,Sparta Prague,Rangers,,1-0,1.30,DC,12,home
30-09-2021,Sociedad,Monaco,,1-1,2.00,FT,1,draw
30-09-2021,Antwerp,Eintracht Frankfurt,,0-1,1.90,FT,2,away
30-09-2021,Fenerbahce,Olympiacos,,0-3,2.30,FT,1,away
30-09-2021,Alashkert,Helsinki,,2-4,1.30,DC,X2,away
30-09-2021,LASK,Maccabi Tel Aviv,,1-1,2.10,FT,1,draw
30-09-2021,CSKA Sofia,Bodo/Glimt,,0-0,1.30,DC,12,draw
30-09-2021,AFC Eskilstuna,Osters,,1-1,1.40,DC,1X,draw
30-09-2021,Braga,Midtjylland,,3-1,2.05,FT,1,home
30-09-2021,Ludogorets,Crvena zvezda,,0-1,1.30,DC,12,away
30-09-2021,Celtic,Leverkusen,,0-4,1.95,FT,2,away
30-09-2021,Genk,Dinamo Zagreb,,0-3,2.10,FT,1,away
30-09-2021,Feyenoord,Slavia Prague,,2-1,1.85,FT,1,home
30-09-2021,Vitesse,Rennes,,1-2,1.90,FT,2,away
30-09-2021,Omonia,Qarabag,,1-4,2.85,FT,X,away
29-09-2021,Jerv,Aalesund,,2-2,2.10,FT,2,draw
29-09-2021,Raufoss,Start,,1-3,1.25,DC,12,away
29-09-2021,Stabaek,Stromsgodset,,0-0,1.25,DC,12,draw
29-09-2021,Akropolis,Jonkopings,,1-1,2.95,FT,1,draw
29-09-2021,Falkenbergs,Landskrona,,2-1,2.15,FT,1,home
29-09-2021,GAIS,Orgryte,,2-1,3.10,FT,X,home
29-09-2021,Norrby,Helsingborg,,2-2,1.50,DC,X2,draw
29-09-2021,Sundsvall,Trelleborgs,,2-0,2.40,FT,1,home
29-09-2021,Raith,Dunfermline,,1-1,2.15,FT,1,draw
29-09-2021,Barnsley,Nottingham,,1-3,2.30,FT,1,away
29-09-2021,Derby,Reading,,1-0,2.30,FT,1,home
29-09-2021,Luton,Coventry,,5-0,3.15,FT,X,home
29-09-2021,Millwall,Bristol City,,1-0,1.25,DC,1X,home
29-09-2021,Benfica,Barcelona,,3-0,1.30,DC,12,home
29-09-2021,Salzburg,Lille,,2-1,1.95,FT,1,home
29-09-2021,Wolfsburg,Sevilla,,1-1,1.40,DC,X2,draw
28-09-2021,Cardiff,West Brom,,0-4,2.00,FT,2,away
28-09-2021,Huddersfield,Blackburn,,3-2,2.80,FT,2,home
28-09-2021,Hull,Blackpool,,1-1,2.25,FT,1,draw
28-09-2021,Middlesbrough,Sheffield Utd,,2-0,2.50,FT,2,home
28-09-2021,Preston,Stoke,,1-1,3.00,FT,X,draw
28-09-2021,QPR,Birmingham,,2-0,2.00,FT,1,home
28-09-2021,Burton,Portsmouth,,2-1,3.10,FT,X,home
28-09-2021,Cambridge Utd,Gillingham,,0-2,1.35,DC,1X,away
28-09-2021,Charlton,Bolton,,1-4,2.85,FT,2,away
28-09-2021,Morecambe,Lincoln,,2-0,1.30,DC,X2,home
28-09-2021,Shrewsbury,Wycombe,,1-2,3.20,FT,X,away
28-09-2021,Wigan,Sheffield Wed,,1-2,1.30,DC,1X,away
28-09-2021,Altrincham,King’s Lynn,,4-1,1.25,DC,1X,home
28-09-2021,Woking,Chesterfield,,3-1,1.25,DC,X2,home
28-09-2021,Paris SG,Manchester City,,2-0,1.40,DC,X2,home
28-09-2021,AC Milan,Atl. Madrid,,1-2,3.15,FT,X,away
27-09-2021,Ural,Arsenal Tula,,2-0,1.45,DC,1X,home
27-09-2021,Medias,Sepsi,,0-0,1.90,FT,2,draw
27-09-2021,Piast Gliwice,Cracovia K.,,2-4,2.20,FT,1,away
27-09-2021,Dragovoljac,Istra 1961,,0-1,2.00,FT,2,away
27-09-2021,Atromitos,Aris,,1-3,2.25,FT,2,away
27-09-2021,Apollon S.,Ionikos Nikeas,,0-0,1.35,DC,12,draw
27-09-2021,Chernomorets Odessa,Inhulets,,1-1,1.30,DC,12,draw
27-09-2021,Lokomotiv Sofia,Slavia Sofia,,1-0,1.30,DC,12,home
27-09-2021,Kasimpasa,Konyaspor,,2-2,1.45,DC,1X,draw
27-09-2021,Halmstad,Sirius,,1-1,2.05,FT,1,draw
27-09-2021,Goteborg,Kalmar,,0-2,1.30,DC,12,away
27-09-2021,Venezia,Torino,,1-1,2.10,FT,2,draw
27-09-2021,Dundalk,Bohemians D.,,2-1,2.70,FT,2,home
27-09-2021,Crystal Palace,Brighton,,1-1,2.50,FT,2,draw
27-09-2021,Fuenlabrada,Cartagena,,2-1,1.95,FT,1,home
27-09-2021,Boavista,Estoril,,1-1,3.00,FT,X,draw
26-09-2021,Parma,Pisa,,1-1,1.25,DC,1X,draw
26-09-2021,Basel,Zurich,,3-1,1.70,FT,1,home
26-09-2021,Clermont,Monaco,,1-3,2.00,FT,2,away
26-09-2021,Arsenal,Tottenham,,3-1,1.30,DC,1X,home
26-09-2021,Freiburg,Augsburg,,3-0,1.20,DC,1X,home
26-09-2021,Lazio,Roma,,3-2,1.30,DC,12,home
26-09-2021,Brondby,Aalborg,,2-1,1.40,DC,1X,home
26-09-2021,Brann,Kristiansund,,3-1,3.50,FT,X,home
26-09-2021,Haugesund,Odd Grenland,,1-3,1.75,FT,1,away
26-09-2021,Oviedo,Girona,,0-0,2.90,FT,X,draw
26-09-2021,Santa Clara,Braga,,1-1,1.25,DC,X2,draw
26-09-2021,Vejle Kolding,Silkeborg,,2-4,3.40,FT,X,away
26-09-2021,Ternana,Spal,,1-0,2.35,FT,1,home
26-09-2021,Lugo,Zaragoza,,1-1,2.35,FT,2,draw
26-09-2021,Charleroi,Mechelen,,0-2,2.00,FT,1,away
26-09-2021,Portimonense,Vizela,,0-0,2.20,FT,1,draw
25-09-2021,Leeds,West Ham,,1-2,1.40,DC,X2,away
25-09-2021,Watford,Newcastle,,1-1,2.30,FT,1,draw
25-09-2021,Birmingham,Preston,,0-0,2.05,FT,1,draw
25-09-2021,Blackburn,Cardiff,,5-1,1.35,DC,1X,home
25-09-2021,Blackpool,Barnsley,,1-0,2.50,FT,1,home
25-09-2021,Nottingham,Millwall,,1-1,1.35,DC,12,draw
25-09-2021,Swansea,Huddersfield,,1-0,1.35,DC,1X,home
25-09-2021,Valencia,Ath Bilbao,,1-1,2.90,FT,2,draw
25-09-2021,Beerschot Wirijk,Eupen,,0-3,1.25,DC,12,away
25-09-2021,Moreirense,Arouca,,2-1,1.30,DC,1X,home
25-09-2021,St Etienne,Nice,,0-3,2.25,FT,2,away
25-09-2021,Inter,Atalanta,,2-2,1.95,FT,1,draw
25-09-2021,Zulte-Waregem,Kortrijk,,2-2,2.20,FT,2,draw
25-09-2021,Strasbourg,Lille,,1-2,3.20,FT,X,away
25-09-2021,Genoa,Verona,,3-3,3.10,FT,X,draw
25-09-2021,Tondela,Famalicao,,3-2,2.20,FT,2,home
24-09-2021,Heidenheim,Darmstadt,,2-1,2.20,FT,1,home
24-09-2021,Rapid Bucuresti,Voluntari,,0-1,2.00,FT,1,away
24-09-2021,Orgryte,AFC Eskilstuna,,2-2,1.25,DC,1X,draw
24-09-2021,Sociedad II,Huesca,,0-2,1.30,DC,X2,away
24-09-2021,Wil,Schaffhausen,,2-0,2.15,FT,2,home
24-09-2021,Winterthur,Aarau,,0-0,1.25,DC,12,draw
24-09-2021,Dundalk,Sligo,,4-1,1.35,DC,1X,home
24-09-2021,St. Patricks,Shamrock,,0-1,1.30,DC,12,away
24-09-2021,Waterford,Drogheda,,1-0,2.55,FT,2,home
24-09-2021,Almeria,Tenerife,,3-1,1.20,DC,1X,home
24-09-2021,Dijon,Valenciennes,,0-1,1.80,FT,1,away
24-09-2021,Nancy,Amiens,,1-1,2.70,FT,2,draw
24-09-2021,Nimes,Le Havre,,0-1,2.05,FT,1,away
24-09-2021,Quevilly,Guingamp,,2-2,2.70,FT,2,draw
24-09-2021,Rodez,Grenoble,,1-1,2.05,FT,1,draw
24-09-2021,Sochaux,Auxerre,,0-0,3.05,FT,2,draw
23-09-2021,Horsens,Silkeborg,,3-2,1.35,DC,X2,home
23-09-2021,Torino,Lazio,,1-1,2.20,FT,2,draw
23-09-2021,Cambuur,Heracles,,2-1,2.10,FT,1,home
23-09-2021,Hammarby TFF,Goteborg,,3-0,1.95,FT,1,home
23-09-2021,Kalmar,AIK,,1-1,1.30,DC,X2,draw
23-09-2021,Mjallby,Halmstad,,0-0,2.40,FT,1,draw
23-09-2021,Varbergs,Hacken,,1-1,1.40,DC,X2,draw
23-09-2021,Granada,Sociedad,,2-3,1.25,DC,X2,away
23-09-2021,Osasuna,Betis,,1-3,1.35,DC,1X,away
23-09-2021,Lugano,Grasshoppers,,1-1,2.10,FT,1,draw
23-09-2021,Sion,Luzern,,1-1,2.20,FT,1,draw
23-09-2021,CS Universitatea,Cluj,,1-0,2.20,FT,1,home
23-09-2021,Dundee Utd,Hibernian,,1-3,2.20,FT,2,away
23-09-2021,Anderlecht,Gent,,1-1,1.30,DC,12,draw
23-09-2021,Twente,AZ Alkmaar,,3-1,3.50,FT,X,home
23-09-2021,Ferreira,Boavista,,1-2,3.10,FT,X,away
22-09-2021,Ternana,Parma,,3-1,1.35,DC,1X,home
22-09-2021,Salernitana,Verona,,2-2,2.15,FT,2,draw
22-09-2021,Nantes,Brest,,3-1,1.30,DC,12,home
22-09-2021,Rennes,Clermont,,6-0,2.10,FT,1,home
22-09-2021,Goztepe,Hatayspor,,0-2,1.30,DC,12,away
22-09-2021,Elfsborg,Malmo FF,,0-1,1.35,DC,X2,away
22-09-2021,Sirius,Norrkoping,,2-4,1.25,DC,12,away
22-09-2021,Groningen,Vitesse,,0-1,2.15,FT,1,away
22-09-2021,Rio Ave,Santa Clara,,2-2,3.10,FT,X,draw
22-09-2021,St. Gallen,Basel,,0-2,2.25,FT,2,away
22-09-2021,Wolverhampton,Tottenham,,2-2,3.15,FT,X,draw
22-09-2021,Dundee FC,St Johnstone,,0-2,2.70,FT,1,away
22-09-2021,Antwerp,Genk,,4-2,1.30,DC,X2,home
22-09-2021,Zwolle,Sparta Rotterdam,,1-1,2.70,FT,2,draw
22-09-2021,Angers,Olympique Marseille,,0-0,2.30,FT,2,draw
22-09-2021,Lens,Strasbourg,,0-1,2.05,FT,1,away
21-09-2021,Alessandria,Ascoli,,1-3,1.45,DC,X2,away
21-09-2021,Benevento,Cittadella,,4-1,1.30,DC,12,home
21-09-2021,Bologna,Genoa,,2-2,1.30,DC,12,draw
21-09-2021,Malatyaspor,Sivasspor,,0-1,1.40,DC,X2,away
21-09-2021,Zurich,Servette,,2-2,1.50,DC,X2,draw
21-09-2021,Crotone,Lecce,,0-3,3.20,FT,X,away
21-09-2021,Pordenone,Reggina,,1-1,3.00,FT,X,draw
21-09-2021,Crewe,Morecambe,,1-3,1.30,DC,1X,away
21-09-2021,Gillingham,Charlton,,1-1,2.45,FT,2,draw
21-09-2021,Fulham,Leeds,,0-0,2.30,FT,2,draw
21-09-2021,Sheffield Utd,Southampton,,2-2,3.20,FT,X,draw
21-09-2021,Watford,Stoke,,1-3,1.95,FT,1,away
21-09-2021,Wigan,Sunderland,,0-2,3.20,FT,X,away
21-09-2021,Fiorentina,Inter,,1-3,2.00,FT,2,away
21-09-2021,RKC Waalwijk,Willem II,,1-2,2.60,FT,2,away
21-09-2021,Levante,Celta Vigo,,0-2,3.30,FT,X,away
20-09-2021,Wehen,Dortmund II,,0-1,2.55,FT,2,away
20-09-2021,Silkeborg,Aarhus,,0-2,1.35,DC,1X,away
20-09-2021,PSV II,ADO Den Haag,,0-1,2.40,FT,2,away
20-09-2021,Burgos,Las Palmas,,0-0,1.35,DC,1X,draw
20-09-2021,Hk Kopavogur,Stjarnan,,1-0,1.72,FT,1,home
20-09-2021,Cuiaba,Fluminense,,2-2,1.30,DC,X2,draw
20-09-2021,La Equidad,Deportivo Pereira,,1-1,1.20,DC,1X,draw
20-09-2021,Suwon Bluewings,Gangwon FC,,3-2,2.90,FT,X,home
20-09-2021,Karagumruk,Antalyaspor,,0-0,2.10,FT,1,draw
20-09-2021,Rizespor,Altay,,1-2,2.35,FT,2,away
20-09-2021,Bologna,Genoa,,2-2,2.00,FT,1,draw
20-09-2021,Malatyaspor,Sivasspor,,0-1,1.40,DC,X2,away
20-09-2021,Zurich,Servette,,2-2,2.40,FT,2,draw
20-09-2021,Crewe,Morecambe,,1-3,2.40,FT,1,away
20-09-2021,Gillingham,Charlton,,1-1,2.45,FT,2,draw
20-09-2021,RKC Waalwijk,Willem II,,1-2,1.45,DC,X2,away
19-09-2021,Ponferradina,Malaga,,4-0,1.35,DC,1X,home
19-09-2021,Sonderjyske,Brondby,,1-0,1.25,DC,X2,home
19-09-2021,Sociedad,Sevilla,,0-0,1.40,DC,1X,draw
19-09-2021,Vizela,Ferreira,,1-1,3.20,FT,X,draw
19-09-2021,Basaksehir,Fenerbahce,,2-0,2.05,FT,2,home
19-09-2021,Copenhagen,Midtjylland,,0-1,1.95,FT,1,away
19-09-2021,Mjondalen,Sandefjord,,1-1,1.30,DC,12,draw
19-09-2021,Sarpsborg 08,Rosenborg,,1-3,1.40,DC,X2,away
19-09-2021,Valerenga,Molde,,1-1,2.30,FT,2,draw
19-09-2021,Viking,Bodo/Glimt,,1-3,3.75,FT,X,away
19-09-2021,Sochi,Dynamo Moscow,,0-1,2.65,FT,1,away
19-09-2021,Partizan,Crvena zvezda,,1-1,2.40,FT,1,draw
19-09-2021,Standard,Anderlecht,,0-1,1.85,FT,2,away
19-09-2021,Asteras Tripolis,PAOK,,0-1,1.30,DC,X2,away
19-09-2021,Juventus,Milan,,1-1,2.00,FT,1,draw
19-09-2021,Valencia,Real Madrid,,1-2,1.90,FT,2,away
18-09-2021,Burnley,Arsenal,,0-1,2.00,FT,2,away
18-09-2021,Norwich,Watford,,1-3,1.30,DC,1X,away
18-09-2021,Barnsley,Blackburn,,0-0,1.45,DC,1X,draw
18-09-2021,Cardiff,Bournemouth,,0-1,1.35,DC,X2,away
18-09-2021,Derby,Stoke,,2-1,1.35,DC,X2,home
18-09-2021,Luton,Swansea,,3-3,2.10,FT,1,draw
18-09-2021,Millwall,Coventry,,1-1,2.50,FT,1,draw
18-09-2021,Peterborough,Birmingham,,3-0,2.05,FT,2,home
18-09-2021,Famalicao,Maritimo,,0-0,2.00,FT,1,draw
18-09-2021,Lens,Lille,,1-0,2.75,FT,2,home
18-09-2021,Aston Villa,Everton,,3-0,1.40,DC,1X,home
18-09-2021,Elche,Levante,,1-1,3.10,FT,X,draw
18-09-2021,Belenenses,Gil Vicente,,1-1,2.10,FT,2,draw
18-09-2021,Alaves,Osasuna,,0-2,3.05,FT,X,away
18-09-2021,St Etienne,Bordeaux,,1-2,1.25,DC,1X,away
18-09-2021,Arouca,Guimaraes,,2-2,1.95,FT,2,draw
17-09-2021,Voluntari,Dacia Mioveni,,4-0,1.30,DC,1X,home
17-09-2021,Como,Frosinone,,0-2,3.20,FT,X,away
17-09-2021,Zaglebie,Lks Nieciecza,,2-1,1.85,FT,1,home
17-09-2021,Schalke,Karlsruher,,1-2,1.85,FT,1,away
17-09-2021,Altay,Goztepe,,2-1,1.30,DC,1X,home
17-09-2021,Malatyaspor,Karagumruk,,3-4,1.30,DC,12,away
17-09-2021,Aalborg,Odense,,2-0,1.95,FT,1,home
17-09-2021,Hradec,Pardubice,,2-0,1.35,DC,1X,home
17-09-2021,Sigma O.,Ostrava,,1-1,1.25,DC,12,draw
17-09-2021,Sparta,NEC,,1-1,1.95,FT,1,draw
17-09-2021,Cercle Brugge,Eupen,,1-2,2.35,FT,1,away
17-09-2021,UCD,Waterford,,2-3,2.80,FT,1,away
17-09-2021,Newcastle,Leeds,,1-1,1.30,DC,12,draw
17-09-2021,Alcorcon,Almeria,,0-4,2.30,FT,2,away
17-09-2021,Finn Harps,Dundalk,,3-3,2.30,FT,2,draw
17-09-2021,Portimonense,Santa Clara,,2-1,2.30,FT,1,home
16-09-2021,Galatasaray,Lazio,,1-0,1.95,FT,2,home
16-09-2021,Lok.Moscow,Olympique Marseille,,1-1,2.05,FT,2,draw
16-09-2021,Crvena zvezda,Braga,,2-1,1.35,DC,1X,home
16-09-2021,Dinamo Zagreb,West Ham,,0-2,1.95,FT,2,away
16-09-2021,Rapid,Genk,,0-1,1.30,DC,12,away
16-09-2021,Helsinki,LASK,,0-2,2.55,FT,1,away
16-09-2021,Slavia Prague,Union Berlin,,3-1,2.40,FT,1,home
16-09-2021,Rennes,Tottenham,,2-2,2.50,FT,2,draw
16-09-2021,Qarabag,Basel,,0-0,1.30,DC,X2,draw
16-09-2021,Brondby,Sparta Prague,,0-0,1.45,DC,X2,draw
16-09-2021,Rangers,Olympique Lyon,,0-2,2.65,FT,2,away
16-09-2021,PSV,Sociedad,,2-2,2.35,FT,1,draw
16-09-2021,Leicester,Napoli,,2-2,3.00,FT,2,draw
16-09-2021,Anorthosis,Partizan,,0-2,1.30,DC,12,away
16-09-2021,Jablonec,Cluj,,1-0,1.35,DC,X2,home
16-09-2021,Randers,AZ Alkmaar,,2-2,2.00,FT,2,draw
15-09-2021,Jaro,RoPS,,0-1,1.55,DC,X2,away
15-09-2021,Sandnes,Ranheim,,5-4,1.35,DC,X2,home
15-09-2021,Stjordals,Strommen,,1-1,1.25,DC,1X,draw
15-09-2021,Sheriff Tiraspol,Shakhtar,,2-0,1.90,FT,2,home
15-09-2021,Zwickau,Hallescher,,2-2,2.05,FT,1,draw
15-09-2021,Union de Santa Fe,Estudiantes,,0-2,1.35,DC,X2,away
15-09-2021,Ull/Kisa,Start,,1-3,2.35,FT,2,away
15-09-2021,Birmingham,Fulham,,1-4,2.15,FT,2,away
15-09-2021,Bristol City,Luton,,1-1,3.10,FT,X,draw
15-09-2021,Coventry,Cardiff,,1-0,3.20,FT,X,home
15-09-2021,Nottingham,Middlesbrough,,0-2,3.00,FT,X,away
15-09-2021,Swansea,Millwall,,0-0,2.60,FT,1,draw
15-09-2021,Sporting,Ajax,,1-5,1.40,DC,X2,away
15-09-2021,Inter,Real Madrid,,0-1,1.30,DC,12,away
15-09-2021,Hk Kopavogur,Keflavik,,3-5,2.30,FT,1,away
15-09-2021,Argentinos Jrs,Patronato,,1-1,1.85,FT,1,draw
14-09-2021,Helsingborg,Trelleborgs,,1-1,1.30,DC,1X,draw
14-09-2021,La Serena,O’Higgins,,2-0,1.30,DC,1X,home
14-09-2021,Blackburn,Hull,,2-0,1.90,FT,1,home
14-09-2021,Blackpool,Huddersfield,,0-3,1.45,DC,X2,away
14-09-2021,Bournemouth,QPR,,2-1,1.95,FT,1,home
14-09-2021,Lincoln,Rotherham,,1-1,2.50,FT,2,draw
14-09-2021,Newport,Northampton,,0-1,2.40,FT,1,away
14-09-2021,Sutton,Hartlepool,,1-0,2.35,FT,1,home
14-09-2021,Airdrie,Alloa,,2-1,3.20,FT,X,home
14-09-2021,Sligo,Dundalk,,2-1,2.15,FT,1,home
14-09-2021,Reading,Peterborough,,3-1,1.40,DC,1X,home
14-09-2021,Barcelona,Bayern Munich,,0-3,1.95,FT,2,away
14-09-2021,Dyn. Kyiv,Benfica,,0-0,1.30,DC,X2,draw
14-09-2021,Villarreal,Atalanta,,2-2,3.55,FT,X,draw
14-09-2021,Lille,Wolfsburg,,0-0,1.45,DC,X2,draw
14-09-2021,Arsenal Sarandi,Colon,,0-0,2.00,FT,2,draw
13-09-2021,Rostov,Krasnodar,,1-1,2.00,FT,2,draw
13-09-2021,Alanyaspor,Giresunspor,,1-0,2.00,FT,1,home
13-09-2021,Gazisehir Gaziantep,Antalya,,2-0,1.35,DC,1X,home
13-09-2021,Elfsborg,Hacken,,4-2,2.00,FT,1,home
13-09-2021,Orebro,Varbergs,,0-3,1.40,DC,X2,away
13-09-2021,Volendam,Roda,,2-2,1.25,DC,12,draw
13-09-2021,Ajax II,NAC Breda,,6-3,2.15,FT,2,home
13-09-2021,Utrecht II,PSV II,,2-1,1.25,DC,12,home
13-09-2021,Eindhoven,Helmond,,3-2,2.00,FT,1,home
13-09-2021,Maritimo,Arouca,,2-2,1.30,DC,1X,draw
13-09-2021,Beerschot Wilrijk,St. Truiden,,0-1,2.40,FT,1,away
13-09-2021,Bologna,Verona,,1-0,1.30,DC,1X,home
13-09-2021,Le Havre,Toulouse,,1-1,2.30,FT,2,draw
13-09-2021,Lugo,Huesca,,3-2,2.10,FT,2,home
13-09-2021,Granada,Betis,,1-2,2.50,FT,2,away
13-09-2021,Tondela,Estoril,,1-2,3.20,FT,X,away
12-09-2021,Valladolid,Tenerife,,0-2,1.25,DC,1X,away
12-09-2021,Cremonese,Cittadella,,2-0,2.00,FT,1,home
12-09-2021,Osasuna,Valencia,,1-4,1.30,DC,1X,away
12-09-2021,Moreirense,Famalicao,,2-2,1.45,DC,1X,draw
12-09-2021,RKC Waalwijk,Vitesse,,1-2,2.05,FT,2,away
12-09-2021,Nantes,Nice,,0-2,2.20,FT,2,away
12-09-2021,Bochum,Hertha Berlin,,1-3,1.30,DC,12,away
12-09-2021,Milan,Lazio,,2-0,2.20,FT,1,home
12-09-2021,Ponferradina,Almeria,,1-0,2.05,FT,2,home
12-09-2021,Boavista,Portimonense,,1-1,1.40,DC,1X,draw
12-09-2021,Gil Vicente,Vizela,,2-2,2.05,FT,1,draw
12-09-2021,Pordenone,Parma,,0-4,1.25,DC,X2,away
12-09-2021,Fuenlabrada,Zaragoza,,1-1,2.85,FT,X,draw
12-09-2021,Genk,St. Gilloise,,1-1,2.45,FT,1,draw
12-09-2021,Leuven,Kortrijk,,2-1,2.45,FT,2,home
12-09-2021,Malaga,Girona,,2-0,2.40,FT,1,home
11-09-2021,Brentford,Brighton,,0-1,1.45,DC,1X,away
11-09-2021,Southampton,West Ham,,0-0,1.40,DC,X2,draw
11-09-2021,Watford,Wolverhampton,,0-2,1.30,DC,X2,away
11-09-2021,Blackburn,Luton,,2-2,2.15,FT,1,draw
11-09-2021,Bristol City,Preston,,0-0,1.30,DC,1X,draw
11-09-2021,Coventry,Middlesbrough,,2-0,3.10,FT,X,home
11-09-2021,Reading,QPR,,3-3,2.35,FT,2,draw
11-09-2021,Swansea,Hull,,0-0,2.10,FT,1,draw
11-09-2021,Dundee,Livingston,,0-0,1.30,DC,1X,draw
11-09-2021,Motherwell,Aberdeen,,2-0,2.35,FT,2,home
11-09-2021,St. Mirren,Dundee Utd,,0-0,3.10,FT,X,draw
11-09-2021,Twente,Utrecht,,1-0,2.00,FT,2,home
11-09-2021,Napoli,Juventus,,2-1,1.40,DC,1X,home
11-09-2021,Levante,Rayo Vallecano,,1-1,2.10,FT,1,draw
11-09-2021,AZ Alkmaar,PSV,,0-3,2.10,FT,2,away
11-09-2021,Monaco,Olympique Marseille,,0-2,2.00,FT,1,away
10-09-2021,Fremad Amager,Nykobing,,3-1,2.20,FT,2,home
10-09-2021,SV Meppen,Freiburg II,,0-1,1.90,FT,1,away
10-09-2021,Esbjerg,Hobro,,2-1,1.90,FT,1,home
10-09-2021,Oss,ADO Den Haag,,3-3,2.40,FT,2,draw
10-09-2021,AZ Alkmar II,Utrecht II,,0-1,1.25,DC,12,away
10-09-2021,PSV II,Ajax II,,3-1,1.25,DC,12,home
10-09-2021,Roda,NAC Breda,,0-0,1.25,DC,12,draw
10-09-2021,Telstar,Almere,,1-1,2.00,FT,2,draw
10-09-2021,VVV Venlo,Den Bosch,,2-1,1.70,FT,1,home
10-09-2021,Benevento,Lecce,,0-0,1.30,DC,1X,draw
10-09-2021,Stade Lausanne Ouchy,Schaffhausen,,2-1,1.25,DC,12,home
10-09-2021,Derry City,Finn Harps,,2-2,2.00,FT,1,draw
10-09-2021,Drogheda,Bohemians,,3-2,1.80,FT,2,home
10-09-2021,Sligo Rovers,St. Patricks,,2-0,1.35,DC,X2,home
10-09-2021,Gijon,Leganes,,2-1,2.90,FT,X,home
10-09-2021,Lorient,Lille,,2-1,2.20,FT,2,home
09-09-2021,CD Equidad,Deportes Tolima,,0-0,2.85,FT,X,draw
09-09-2021,Mineros,Monagas,,0-2,1.30,DC,1X,away
09-09-2021,Klubi 04,RoPS,,0-1,2.25,FT,2,away
09-09-2021,Dacia Mioveni,Chindia T.,,0-1,1.35,DC,1X,away
09-09-2021,Zlate Moravce,Ruzomberok,,2-2,1.25,DC,12,draw
09-09-2021,Gnistan,E.I.F,,0-3,2.20,FT,2,away
09-09-2021,Fremad Amager,Nykobing,,3-1,2.20,FT,2,home
09-09-2021,SV Meppen,Freiburg II,,0-1,1.90,FT,1,away
09-09-2021,Benevento,Lecce,,0-0,1.30,DC,1X,draw
09-09-2021,Stade Lausanne Ouchy,Schaffhausen,,2-1,1.25,DC,12,home
09-09-2021,Yverdon,Aarau,,1-1,1.85,FT,2,draw
09-09-2021,Derry City,Finn Harps,,2-2,2.00,FT,1,draw
09-09-2021,Drogheda,Bohemians,,3-2,2.00,FT,2,home
09-09-2021,Sligo Rovers,St. Patricks,,2-0,1.35,DC,X2,home
09-09-2021,Gijon,Leganes,,2-1,2.90,FT,X,home
09-09-2021,Lorient,Lille,,2-1,2.05,FT,2,home
08-09-2021,Bulgaria,Georgia,,4-1,2.35,FT,1,home
08-09-2021,Greece,Sweden,,2-1,1.30,DC,X2,home
08-09-2021,Macedonia,Romania,,0-0,1.35,DC,1X,draw
08-09-2021,Czech Republic,Ukraine,,1-1,1.35,DC,1X,draw
08-09-2021,America De Cali,Dep. Cali,,2-2,2.85,FT,X,draw
08-09-2021,Everton CD,Palestino,,1-0,3.10,FT,X,home
08-09-2021,Santa Fe,Atl. Nacional,,2-1,2.65,FT,2,home
08-09-2021,CD Equidad,Deportes Tolima,,0-0,2.85,FT,X,draw
08-09-2021,Guanacasteca,Herediano,,2-1,2.10,FT,2,home
08-09-2021,Uruguay,Ecuador,,1-0,1.85,FT,1,home
08-09-2021,Dep. Pasto,Dep. Pereira,,3-2,1.85,FT,1,home
08-09-2021,Ulsan,Jeonbuk M.,,0-0,1.30,DC,12,draw
08-09-2021,Pohang Steelers,Daegu,,1-2,3.10,FT,X,away
08-09-2021,Zlate Moravce,Ruzomberok,,2-2,1.25,DC,12,draw
08-09-2021,Dacia Mioveni,Chindia T.,,0-1,1.35,DC,1X,away
08-09-2021,Klubi 04,RoPS,,0-1,2.25,FT,2,away
07-09-2021,HIFK,SJK,,1-0,1.35,DC,X2,home
07-09-2021,Bulgaria U21,Wales U21,,0-4,1.30,DC,1X,away
07-09-2021,Cape Verde,Nigeria,,1-2,1.30,DC,X2,away
07-09-2021,Ethiopia,Zimbabwe,,1-0,1.30,DC,1X,home
07-09-2021,Syria,UAB,,1-1,1.30,DC,X2,draw
07-09-2021,Ayr,Raith,,0-2,2.70,FT,1,away
07-09-2021,Iceland U21,Greece U21,,1-1,1.30,DC,12,draw
07-09-2021,Fjolnir,Ibv,,2-1,2.10,FT,2,home
07-09-2021,Doncaster,Rotherham,,0-6,2.00,FT,2,away
07-09-2021,Colchester,Gillingham,,0-1,2.50,FT,2,away
07-09-2021,N.Ireland U21,Slovakia U21,,1-0,2.00,FT,2,home
07-09-2021,Wimbledon,Portsmouth,,5-3,3.05,FT,X,home
07-09-2021,R.Ireland,Serbia,,1-1,1.95,FT,2,draw
07-09-2021,Faroe Islands,Moldova,,2-1,2.20,FT,1,home
07-09-2021,Angola,Libya,,0-1,2.10,FT,1,away
07-09-2021,Sudan,Guinea B.,,2-4,2.05,FT,1,away
06-09-2021,Cobresal,Nublense,,4-1,1.90,FT,1,home
06-09-2021,South Africa,Ghana,,1-0,1.30,DC,1X,home
06-09-2021,Osnabruck,Viktoria Koln,,3-0,1.25,DC,12,home
06-09-2021,Osters,Vasteras,,1-1,1.25,DC,1X,draw
06-09-2021,Bolton,Burton,,0-0,1.30,DC,12,draw
06-09-2021,Modena,Reggiana,,1-1,2.75,FT,X,draw
06-09-2021,Red Star,Orleans,,1-0,1.30,DC,1X,home
06-09-2021,Ivory Coast,Cameroon,,2-1,1.20,DC,1X,home
06-09-2021,Estudiantes,Argentinos Jrs,,1-1,2.85,FT,X,draw
06-09-2021,Aguilas,Deportivo Pereira,,0-1,2.95,FT,X,away
06-09-2021,Velez,Union Santa Fe,,4-0,1.90,FT,1,home
06-09-2021,Zambia,Tunisia,,0-2,2.10,FT,2,away
06-09-2021,Malawi,Mozambique,,1-0,2.80,FT,1,home
06-09-2021,Equatorial Guinea,Mauritania,,1-0,3.10,FT,X,home
06-09-2021,Ethiopia,Zimbabwe,,1-0,2.25,FT,1,home
06-09-2021,Syria,UAE,,1-1,2.25,FT,2,draw
05-09-2021,Burgos,Valladolid,,3-0,1.35,DC,12,home
05-09-2021,Ibiza,Amorebieta,,1-1,2.05,FT,1,draw
05-09-2021,ADO Den Haag,Eindhoven,,4-2,1.95,FT,1,home
05-09-2021,Albania,Hungary,,1-0,1.40,DC,1X,home
05-09-2021,Iceland,Macedonia,,2-2,3.10,FT,X,draw
05-09-2021,Once Caldas,Bucaramanga,,1-1,3.00,FT,X,draw
05-09-2021,Alcorcon,Zaragoza,,1-2,1.40,DC,12,away
05-09-2021,Mirandes,Las Palmas,,4-2,1.35,DC,1X,home
05-09-2021,Godoy Cruz,Gimnasia L.P.,,4-0,3.15,FT,X,home
05-09-2021,Patronato,Talleres,,0-0,2.30,FT,2,draw
05-09-2021,Dordrecht,VVV Venlo,,0-1,2.15,FT,2,away
05-09-2021,Dep. Pasto,Dep. Cali,,2-0,1.35,DC,X2,home
05-09-2021,Kosovo,Greece,,1-1,1.30,DC,X2,draw
05-09-2021,Switzerland,Italy,,0-0,2.00,FT,2,draw
05-09-2021,Brazil,Argentina,,Abn,3.20,FT,X,abandoned
05-09-2021,Ind. Medellin,Santa Fe,,0-0,2.90,FT,X,draw
04-09-2021,Wimbledon,Oxford,,3-1,1.35,DC,X2,home
04-09-2021,Cheltenham,Milton Keynes Dons,,1-1,2.80,FT,2,draw
04-09-2021,Bristol Rovers,Crawley,,1-0,2.00,FT,1,home
04-09-2021,Carlisle,Salford,,2-1,1.45,DC,X2,home
04-09-2021,Colchester,Sutton,,Postp,2.45,FT,1,postponed
04-09-2021,Exeter,Forest Green,,0-0,1.35,DC,X2,draw
04-09-2021,Newport,Leyton Orient,,2-2,3.10,FT,X,draw
04-09-2021,Oldham,Barrow,,0-3,1.40,DC,1X,away
04-09-2021,Port Vale,Rochdale,,2-3,2.10,FT,1,away
04-09-2021,Stevenage,Swindon,,1-1,1.45,DC,X2,draw
04-09-2021,Tranmere,Hartlepool,,1-0,2.50,FT,1,home
04-09-2021,Eibar,Leganes,,1-1,2.95,FT,X,draw
04-09-2021,Cartagena,Sociedad II,,1-0,2.80,FT,X,home
04-09-2021,Tenerife,Ponferradina,,2-0,1.95,FT,1,home
04-09-2021,Israel,Austria,,5-2,1.30,DC,X2,home
04-09-2021,Slovakia,Croatia,,0-1,1.95,FT,2,away
03-09-2021,B&H U21,R.Ireland U21,,0-2,1.30,DC,12,away
03-09-2021,Norway U21,Austria U21,,3-1,1.25,DC,12,home
03-09-2021,Serbia U21,Ukraine U21,,0-1,2.00,FT,1,away
03-09-2021,Den Bosch,Excelsior,,0-5,2.30,FT,2,away
03-09-2021,Saarbrucken,Wehen,,3-4,1.35,DC,1X,away
03-09-2021,Kriens,Wil,,0-2,2.25,FT,1,away
03-09-2021,Moldova U21,Bulgaria U21,,0-2,1.25,DC,X2,away
03-09-2021,Turkey U21,Belgium U21,,0-3,1.25,DC,12,away
03-09-2021,Drogheda,Sligo,,0-0,2.25,FT,2,draw
03-09-2021,UCD,Bray,,4-3,2.05,FT,1,home
03-09-2021,Helmond,Emmen,,1-0,1.90,FT,2,home
03-09-2021,Girona,Gijon,,1-2,2.80,FT,X,away
03-09-2021,Zulia,Port.Acarigua,,0-0,2.35,FT,1,draw
03-09-2021,Nashville,New York City,,3-1,2.45,FT,1,home
03-09-2021,Philadelphia,New England,,0-1,1.25,DC,12,away
03-09-2021,Houston,Portland,,0-2,2.00,FT,1,away
02-09-2021,Belarus U21,Iceland U21,,1-2,2.10,FT,2,away
02-09-2021,Armenia U21,Faroe Islands U21,,2-0,1.25,DC,1X,home
02-09-2021,Hungary U21,Israel U21,,1-2,1.35,DC,1X,away
02-09-2021,Namibia,Congo,,1-1,2.75,FT,X,draw
02-09-2021,Madagascar,Benin,,0-1,1.25,DC,1X,away
02-09-2021,Georgia,Kosovo,,0-1,1.35,DC,12,away
02-09-2021,Iceland,Romania,,0-2,1.35,DC,12,away
02-09-2021,Bolivia,Colombia,,1-1,2.05,FT,2,draw
02-09-2021,Fluminense,Juventude,,1-1,1.85,FT,1,draw
02-09-2021,Aguilas,Deportes Tolima,,0-0,1.30,DC,X2,draw
02-09-2021,Bucaramanga,Santa Fe,,0-1,2.60,FT,1,away
02-09-2021,Alianza Petrolera,Dep. Pasto,,2-3,2.20,FT,1,away
02-09-2021,Chile,Brazil,,0-1,1.95,FT,2,away
02-09-2021,Peru,Uruguay,,1-1,3.00,FT,X,draw
02-09-2021,Panama,Costa Rica,,0-0,2.95,FT,X,draw
02-09-2021,Ind. Medellin,Dep. Cali,,1-3,3.00,FT,X,away
01-09-2021,Mikkelin,PK-35,,1-1,2.10,FT,1,draw
01-09-2021,VPS,TPS,,1-2,2.00,FT,2,away
01-09-2021,Guinea B.,Guinea,,1-1,1.25,DC,X2,draw
01-09-2021,Finland,Wales,,0-0,1.40,DC,X2,draw
01-09-2021,Luxembourg,Azerbaijan,,2-1,2.10,FT,1,home
01-09-2021,Russia,Croatia,,0-0,3.15,FT,X,draw
01-09-2021,Slovenia,Slovakia,,1-1,1.25,DC,1X,draw
01-09-2021,Qatar,Serbia,,0-4,2.10,FT,2,away
01-09-2021,Libya,Gabon,,2-1,1.45,DC,X2,home
01-09-2021,Llaneros,CD Equidad,,0-0,1.25,DC,X2,draw
01-09-2021,Coquimbo Unido,Everton CD,,0-0,2.25,FT,2,draw
01-09-2021,Confianca,CRB,,1-2,1.95,FT,2,away
01-09-2021,Jaguares C.,America Cali,,1-1,3.00,FT,X,draw
01-09-2021,Union Espanola,Colo Colo,,2-3,1.80,FT,2,away
01-09-2021,Londrina,Coritiba,,2-3,2.00,FT,2,away
01-09-2021,Deportivo Pereira,CPD Junior,,2-0,1.25,DC,X2,home
31-08-2021,Trelleborgs,Osters,,1-0,2.05,FT,1,home
31-08-2021,Cambridge,Oxford,,4-1,1.30,DC,X2,home
31-08-2021,Oldham,Salford,,1-0,1.35,DC,X2,home
31-08-2021,Shrewsbury,Crewe,,0-1,1.30,DC,1X,away
31-08-2021,Rochdale,Liverpool U21,,4-0,1.45,DC,X2,home
31-08-2021,Bradford City,Lincoln,,0-3,1.30,DC,X2,away
31-08-2021,Burton,Milton Keynes Dons,,1-2,3.25,FT,X,away
31-08-2021,Forest Green,Northampton,,1-1,2.00,FT,1,draw
31-08-2021,Bristol Rovers,Cheltenham,,2-0,1.30,DC,X2,home
31-08-2021,Newport,Plymouth,,2-0,2.10,FT,2,home
31-08-2021,Cowdenbeath,Stranraer,,1-2,2.45,FT,1,away
31-08-2021,Harrogate,Mansfield,,3-1,2.05,FT,1,home
31-08-2021,Stockport,Grimsby,,0-0,3.40,FT,2,draw
31-08-2021,Barry Town,Haverfordwest,,3-2,3.30,FT,X,home
31-08-2021,Carrick Utd,Warrenpoint,,1-0,2.45,FT,2,home
31-08-2021,Cliftonville,Coleraine,,2-1,2.95,FT,1,home
30-08-2021,Clinceni,Dacia Mioveni,,1-1,1.35,DC,1X,draw
30-08-2021,Akropolis,Varnamo,,1-2,1.30,DC,12,away
30-08-2021,Hapoel Nazaret,Hapoel Jerusalem,,0-0,1.35,DC,X2,draw
30-08-2021,Newells Old Boys,Atl. Tucuman,,1-2,3.20,FT,X,away
30-08-2021,Union de Santa Fe,Argentinos Jrs,,1-0,2.85,FT,X,home
30-08-2021,Medias,UTA Arad,,0-1,1.35,DC,X2,away
30-08-2021,Le Mans,Sete,,3-0,1.25,DC,1X,home
30-08-2021,San Lorenzo,Patronato,,3-0,1.40,DC,1X,home
30-08-2021,Zaragoza,Cartagena,,0-1,2.15,FT,1,away
30-08-2021,Trofense,Penafiel,,2-1,3.05,FT,X,home
30-08-2021,Fluminense,Bahia,,2-0,2.00,FT,1,home
30-08-2021,Guairena,de Octubre,,0-1,2.90,FT,X,away
30-08-2021,Dep. Cuenca,Delfin,,2-3,2.10,FT,1,away
30-08-2021,Talleres,Estudiantes,,2-0,3.00,FT,X,home
30-08-2021,Curico Unido,La Serena,,2-0,2.00,FT,1,home
30-08-2021,Bucaramanga,Alianza Petrolera,,1-2,2.15,FT,1,away
29-08-2021,St. Mirren,St Johnstone,,0-0,1.40,DC,X2,draw
29-08-2021,Heerenveen,AZ Alkmaar,,1-3,2.00,FT,2,away
29-08-2021,Austria Vienna,Rapid Vienna,,1-1,2.15,FT,2,draw
29-08-2021,Wolfsburg,RB Leipzig,,1-0,2.10,FT,2,home
29-08-2021,Cittadella,Crotone,,4-2,3.00,FT,X,home
29-08-2021,Sassuolo,Sampdoria,,0-0,1.30,DC,1X,draw
29-08-2021,Cadiz,Osasuna,,2-3,2.50,FT,2,away
29-08-2021,Rayo Vallecano,Granada,,4-0,2.50,FT,1,home
29-08-2021,Lugo,Valladolid,,0-2,1.25,DC,X2,away
29-08-2021,Sociedad II,Fuenlabrada,,0-0,2.45,FT,1,draw
29-08-2021,Monza,Cremonese,,1-0,1.30,DC,1X,home
29-08-2021,Parma,Benevento,,1-0,1.35,DC,1X,home
29-08-2021,Reggina,Ternana,,3-2,1.30,DC,1X,home
29-08-2021,Portimonense,Ferreira,,0-1,2.10,FT,1,away
29-08-2021,Santa Clara,Gil Vicente,,1-0,2.60,FT,1,home
29-08-2021,Burgos,Eibar,,0-1,2.25,FT,2,away
28-08-2021,Aston Villa,Brentford,,1-1,2.00,FT,1,draw
28-08-2021,Brighton,Everton,,0-2,1.35,DC,12,away
28-08-2021,Newcastle,Southampton,,2-1,1.40,DC,1X,home
28-08-2021,Barnsley,Birmingham,,1-1,3.10,FT,X,draw
28-08-2021,Huddersfield,Reading,,4-0,1.35,DC,1X,home
28-08-2021,Hull,Bournemouth,,0-0,2.15,FT,2,draw
28-08-2021,Luton,Sheffield Utd,,0-0,1.40,DC,X2,draw
28-08-2021,Middlesbrough,Blackburn,,1-1,3.20,FT,X,draw
28-08-2021,Preston,Swansea,,3-1,1.35,DC,1X,home
28-08-2021,QPR,Coventry,,2-0,2.20,FT,1,home
28-08-2021,Vizela,Boavista,,1-1,3.20,FT,X,draw
28-08-2021,Celta Vigo,Ath Bilbao,,0-1,1.55,DC,X2,away
28-08-2021,Liverpool,Chelsea,,1-1,3.30,FT,X,draw
28-08-2021,Cambuur,Twente,,2-0,2.60,FT,2,home
28-08-2021,Go Head,Sparta,,2-0,2.25,FT,2,home
28-08-2021,Willem II,Zwolle,,1-0,2.20,FT,1,home
27-08-2021,Pisa,Alessandria,,2-0,1.25,DC,1X,home
27-08-2021,Dynamo Moscow,Lokomotiv Moscow,,1-1,2.15,FT,1,draw
27-08-2021,Nurnberg,Karlsruher,,2-1,1.30,DC,1X,home
27-08-2021,Sandhausen,Ingolstadt,,0-2,2.35,FT,1,away
27-08-2021,Aalborg,Nordsjaelland,,2-1,2.10,FT,1,home
27-08-2021,Antalyaspor,Rizespor,,3-2,1.90,FT,1,home
27-08-2021,Fortuna S.,RKC Waalwijk,,2-2,1.95,FT,1,draw
27-08-2021,Mallorca,Espanyol,,1-0,2.95,FT,X,home
27-08-2021,Las Palmas,Huesca,,2-1,1.35,DC,X2,home
27-08-2021,Belenenses,Moreirense,,1-1,1.30,DC,X2,draw
27-08-2021,Burton,Cheltenham,,1-1,1.35,DC,1X,draw
27-08-2021,Rochdale,Colchester,,1-1,2.15,FT,1,draw
27-08-2021,Kortrijk,Mechelen,,2-2,2.80,FT,2,draw
27-08-2021,Demirspor,Konyaspor,,1-1,2.20,FT,1,draw
27-08-2021,Malaga,Alcorcon,,1-0,2.30,FT,1,home
27-08-2021,Estoril,Maritimo,,2-1,1.25,DC,1X,home
26-08-2021,Helsinki,Fenerbahce,,2-5,2.15,FT,2,away
26-08-2021,Lincoln RI,Riga,,1-1,2.15,FT,2,draw
26-08-2021,Zilina,Jablonec,,0-3,2.50,FT,1,away
26-08-2021,Zorya,Rapid,,2-3,1.25,DC,12,away
26-08-2021,Anorthosis,Hapoel B.S.,,3-1,1.30,DC,1X,home
26-08-2021,CSKA Sofia,Plzen,,2-0,1.30,DC,12,home
26-08-2021,Hammarby,Basel,,2-0,2.00,FT,2,home
26-08-2021,Rosenborg,Rennes,,1-3,1.25,DC,X2,away
26-08-2021,Vitesse,Anderlecht,,2-1,2.40,FT,2,home
26-08-2021,Rijeka,PAOK,,0-2,1.85,FT,2,away
26-08-2021,St Johnstone,LASK,,0-2,2.15,FT,2,away
26-08-2021,AZ Alkmaar,Celtic,,2-1,2.00,FT,1,home
26-08-2021,Cluj,Crvena zvezda,,1-2,1.35,DC,X2,away
26-08-2021,Slovan B.,Olympiacos,,2-2,1.85,FT,2,draw
26-08-2021,Aberdeen,Qarabag,,1-3,2.10,FT,1,away
26-08-2021,Legia,Slavia Prague,,2-1,1.30,DC,12,home
25-08-2021,Domzale,Ljubljana,,0-2,1.30,DC,12,away
25-08-2021,AmaZulu,Swallows,,0-0,1.30,DC,1X,draw
25-08-2021,Stellenbosch,Galaxy,,1-0,1.30,DC,1X,home
25-08-2021,Royal AM,Cape Town City,,1-2,2.90,FT,X,away
25-08-2021,Duisburg,Wehen,,0-2,1.30,DC,12,away
25-08-2021,Saarbrucken,Magdeburg,,2-1,2.30,FT,2,home
25-08-2021,Freiburg II,Wurzburger,,1-0,2.40,FT,2,home
25-08-2021,Osnabruck,Dortmund II,,2-1,1.35,DC,1X,home
25-08-2021,Ajaccio,Caen,,2-0,3.00,FT,X,home
25-08-2021,Ghazl El Mahallah,Al Moqawloon,,1-2,2.90,FT,X,away
25-08-2021,Rosario,Arsenal Sarandi,,4-0,1.90,FT,1,home
25-08-2021,Antofagasta,Palestino,,2-1,1.30,DC,12,home
25-08-2021,KA Akureyri,Breidablik,,0-2,3.45,FT,1,away
25-08-2021,WBA,Arsenal,,0-6,1.50,FT,2,away
25-08-2021,Shakhtar,Monaco,,1-2,2.40,FT,2,away
25-08-2021,Defensa y Justicia,Newells Old Boys,,2-0,2.25,FT,1,home
24-08-2021,Norwich,Bournemouth,,6-0,1.90,FT,1,home
24-08-2021,Oldham,Accrington,,0-0,1.80,FT,2,draw
24-08-2021,Birmingham,Fulham,,0-2,1.85,FT,2,away
24-08-2021,Blackpool,Sunderland,,2-3,1.30,DC,12,away
24-08-2021,Cardiff,Brighton,,0-2,1.35,DC,X2,away
24-08-2021,Gillingham,Cheltenham,,1-1,3.30,FT,X,draw
24-08-2021,Morecambe,Preston,,2-4,2.10,FT,2,away
24-08-2021,Northampton,Wimbledon,,0-1,1.40,DC,X2,away
24-08-2021,Shrewsbury,Rochdale,,0-2,2.00,FT,1,away
24-08-2021,Stevenage,Wycombe,,2-2,3.30,FT,X,draw
24-08-2021,Watford,Crystal Palace,,1-0,1.40,DC,X2,home
24-08-2021,Wigan,Bolton,,0-0,2.20,FT,1,draw
24-08-2021,Nottingham,Wolverhampton,,0-4,1.90,FT,2,away
24-08-2021,Ferencvaros,Young Boys,,2-3,1.30,DC,12,away
24-08-2021,Ludogorets,Malmo FF,,2-1,2.20,FT,1,home
24-08-2021,PSV,Benfica,,0-0,1.30,DC,1X,draw
23-08-2021,Hobro,Nykobing,,1-2,1.50,DC,1X,away
23-08-2021,Cagliari,Spezia,,2-2,1.95,FT,1,draw
23-08-2021,Lviv,Inhulets,,1-2,1.30,DC,1X,away
23-08-2021,Ostersunds,Kalmar,,0-1,2.00,FT,2,away
23-08-2021,Getafe,Sevilla,,0-1,2.30,FT,2,away
23-08-2021,Mirandes,Amorebieta,,2-0,1.25,DC,1X,home
23-08-2021,Ferreira,Estoril,,1-3,3.10,FT,X,away
23-08-2021,Leiknir,Kopavogur,,0-0,1.30,DC,12,draw
23-08-2021,Sampdoria,AC Milan,,0-1,2.00,FT,2,away
23-08-2021,Auxerre,Guingamp,,1-2,1.25,DC,1X,away
23-08-2021,West Ham,Leicester,,4-1,2.60,FT,1,home
23-08-2021,Stjarnan,Fylkir,,2-0,2.20,FT,1,home
23-08-2021,Osasuna,Celta Vigo,,0-0,3.10,FT,X,draw
23-08-2021,Boavista,Santa Clara,,2-0,1.30,DC,1X,home
23-08-2021,America MG,Bragantino,,0-2,2.90,FT,1,away
23-08-2021,Fluminense,Atletico-MG,,1-1,1.90,FT,2,draw
22-08-2021,Wolverhampton,Tottenham,,0-1,1.35,DC,X2,away
22-08-2021,Bordeaux,Angers,,1-1,1.40,DC,X2,draw
22-08-2021,Metz,Reims,,1-1,1.30,DC,1X,draw
22-08-2021,Montpellier,Lorient,,3-1,2.25,FT,1,home
22-08-2021,Strasbourg,Troyes,,1-1,2.00,FT,1,draw
22-08-2021,Elfsborg,Hammarby,,2-2,2.15,FT,1,draw
22-08-2021,Hoffenheim,Union Berlin,,2-2,2.05,FT,1,draw
22-08-2021,Zulte-Waregem,Charleroi,,2-2,2.10,FT,2,draw
22-08-2021,Tondela,Portimonense,,0-3,1.45,DC,1X,away
22-08-2021,Servette,Luzern,,4-1,2.10,FT,1,home
22-08-2021,Orebro,Sirius,,1-1,2.60,FT,1,draw
22-08-2021,Viborg,Aarhus,,2-0,3.20,FT,X,home
22-08-2021,Sandefjord,Tromso,,1-1,2.35,FT,1,draw
22-08-2021,Konyaspor,Basaksehir,,2-1,3.00,FT,X,home
22-08-2021,Nice,Olympique Marseille,,Abn,1.30,DC,12,abandoned
22-08-2021,Goztepe,Malatyaspor,,0-1,1.25,DC,1X,away
21-08-2021,Crystal Palace,Brentford,,0-0,1.35,DC,12,draw
21-08-2021,Leeds,Everton,,2-2,1.30,DC,12,draw
21-08-2021,Blackburn,WBA,,1-2,2.20,FT,2,away
21-08-2021,Cardiff,Millwall,,3-1,1.30,DC,1X,home
21-08-2021,Derby,Middlesbrough,,0-0,3.05,FT,X,draw
21-08-2021,Luton,Birmingham,,0-5,2.20,FT,1,away
21-08-2021,RFC Seraing,Cercle Brugge,,2-1,1.30,DC,12,home
21-08-2021,Preston,Peterborough,,1-0,2.20,FT,1,home
21-08-2021,Alaves,Mallorca,,0-1,1.30,DC,1X,away
21-08-2021,Leverkusen,B. Monchengladbach,,4-0,2.30,FT,1,home
21-08-2021,Verona,Sassuolo,,2-3,2.60,FT,1,away
21-08-2021,Leuven,Eupen,,1-4,1.25,DC,12,away
21-08-2021,Espanyol,Villarreal,,0-0,2.35,FT,2,draw
21-08-2021,Granada,Valencia,,1-1,2.90,FT,2,draw
21-08-2021,St. Truiden,Kortrijk,,0-2,2.70,FT,2,away
21-08-2021,St Etienne,Lille,,1-1,2.40,FT,2,draw
20-08-2021,Slutsk,Vitebsk,,1-2,2.50,FT,2,away
20-08-2021,Wisla Plock,Zaglebie,,4-0,2.20,FT,1,home
20-08-2021,Hannover,Heidenheim,,1-0,2.20,FT,1,home
20-08-2021,FAC Wien,St. Polten,,2-0,1.25,DC,12,home
20-08-2021,Esbjerg,Hvidovre,,1-2,1.40,DC,1X,away
20-08-2021,Enppi,El Gaish,,1-1,1.40,DC,1X,draw
20-08-2021,Kayserispor,Demirspor,,1-1,1.35,DC,X2,draw
20-08-2021,NEC,Zwolle,,2-0,2.45,FT,1,home
20-08-2021,MVV,Helmond,,3-2,2.15,FT,2,home
20-08-2021,Arouca,Famalicao,,2-1,2.40,FT,2,home
20-08-2021,Botev Plovdiv,Levski Sofia,,3-1,2.15,FT,1,home
20-08-2021,Frosinone,Parma,,2-2,1.35,DC,X2,draw
20-08-2021,Winterthur,Thun,,3-0,2.30,FT,2,home
20-08-2021,Bristol City,Swansea,,0-1,1.30,DC,1X,away
20-08-2021,Standard,Oostende,,1-0,2.00,FT,1,home
20-08-2021,Haverfordwest,Cardiff M.,,0-0,2.00,FT,2,draw
19-08-2021,Vendsyssel,Horsens,,1-2,1.30,DC,X2,away
19-08-2021,Polkowice,Chrobry Glogow,,0-0,2.20,FT,1,draw
19-08-2021,Odra Opole,Zaglebie Sosnowiec,,1-0,2.50,FT,2,home
19-08-2021,Flora,Shamrock Rovers,,4-2,1.35,DC,X2,home
19-08-2021,Qarabag,Aberdeen,,1-0,1.55,DC,X2,home
19-08-2021,Rakow,Gent,,1-0,2.00,FT,2,home
19-08-2021,Omonia,Antwerp,,4-2,1.40,DC,X2,home
19-08-2021,Randers,Galatasaray,,1-1,2.20,FT,2,draw
19-08-2021,Neftci,Maccabi Haifa,,3-3,1.30,DC,X2,draw
19-08-2021,Fola Esch,Kairat Almaty,,1-4,1.95,FT,2,away
19-08-2021,Trabzonspor,Roma,,1-2,1.75,FT,2,away
19-08-2021,Jablonec,Zilina,,5-1,1.90,FT,1,home
19-08-2021,Sivasspor,Copenhagen,,1-2,2.20,FT,2,away
19-08-2021,GKS Katowice,Sandecja,,0-0,2.10,FT,1,draw
19-08-2021,Santa Clara,Partizan,,2-1,1.40,DC,X2,home
19-08-2021,B.Guayaquil,Fluminense,,1-1,1.95,FT,1,draw
18-08-2021,Jammerbugt,Hobro,,1-1,1.40,DC,1X,draw
18-08-2021,Asane,Groruddalen,,3-1,2.00,FT,1,home
18-08-2021,Jerv,Ham-Kam,,0-2,2.40,FT,2,away
18-08-2021,Quevilly,Bastia,,1-2,1.35,DC,X2,away
18-08-2021,Sport Huancayo,Ayacucho,,1-1,1.35,DC,X2,draw
18-08-2021,Birmingham,Bournemouth,,0-2,1.45,DC,X2,away
18-08-2021,Middlesbrough,QPR,,2-3,2.30,FT,1,away
18-08-2021,Nottingham,Blackburn,,1-2,2.25,FT,1,away
18-08-2021,Celtic,AZ Alkmaar,,2-0,2.00,FT,1,home
18-08-2021,WBA,Sheffield Utd,,4-0,2.00,FT,1,home
18-08-2021,Lel Makkasa,NB Egypt,,3-5,2.20,FT,2,away
18-08-2021,Benfica,PSV,,2-1,1.30,DC,1X,home
18-08-2021,Universitario,Alianza Lima,,1-2,3.10,FT,X,away
18-08-2021,Philadelphia,New York City,,1-0,2.40,FT,1,home
18-08-2021,Cruz Azul,Monterrey,,1-1,1.30,DC,1X,draw
18-08-2021,Santos Laguna,Atlas,,1-1,3.00,FT,X,draw
17-08-2021,Trinec,Opava,,2-0,1.40,DC,X2,home
17-08-2021,Al Ittihad,Ceramica Cleopatra,,0-0,1.30,DC,1X,draw
17-08-2021,Enppi,SC Ismaily,,2-1,1.50,DC,1X,home
17-08-2021,Dortmund,Bayern Munich,,1-3,1.25,DC,12,away
17-08-2021,Barnsley,Luton,,0-1,2.20,FT,1,away
17-08-2021,Blackpool,Coventry,,0-1,2.50,FT,2,away
17-08-2021,Huddersfield,Preston,,1-0,3.10,FT,X,home
17-08-2021,Millwall,Fulham,,1-2,1.30,DC,X2,away
17-08-2021,Peterborough,Cardiff,,2-2,1.35,DC,X2,draw
17-08-2021,Swansea,Stoke,,1-3,2.45,FT,2,away
17-08-2021,Reading,Bristol City,,2-3,2.25,FT,1,away
17-08-2021,Palmeiras,Sao Paulo,,3-0,2.20,FT,1,home
17-08-2021,Necaxa,Pumas Unam,,3-0,2.05,FT,1,home
17-08-2021,Tijuana,Puebla,,1-1,2.15,FT,1,draw
17-08-2021,Los Angeles Galaxy,Colorado,,1-2,2.15,FT,1,away
17-08-2021,San Jose,Minnesota,,1-1,2.30,FT,1,draw
16-08-2021,Medias,Botosani,,0-1,1.35,DC,X2,away
16-08-2021,Crotone,Brescia,,2-2,3.30,FT,X,draw
16-08-2021,Sivasspor,Konyaspor,,0-1,1.30,DC,1X,away
16-08-2021,Malatyaspor,Trabzonspor,,1-5,2.15,FT,2,away
16-08-2021,Hallescher,Braunschweig,,0-2,1.40,DC,1X,away
16-08-2021,Chaves,Leixoes,,1-1,1.25,DC,1X,draw
16-08-2021,Vejle Kolding,Aalborg,,0-1,3.30,FT,X,away
16-08-2021,PSV II,Den Bosch,,0-1,2.05,FT,1,away
16-08-2021,Malaga,Mirandes,,0-0,2.05,FT,1,draw
16-08-2021,Boavista,Ferreira,,3-0,3.00,FT,X,home
16-08-2021,Din. Bucuresti,Dacia Mioveni,,0-1,1.35,DC,1X,away
16-08-2021,Salernitana,Reggina,,2-0,2.00,FT,1,home
16-08-2021,Paris,Auxerre,,1-1,3.30,FT,2,draw
16-08-2021,Elche,Ath Bilbao,,0-0,1.30,DC,X2,draw
16-08-2021,Cartagena,Almeria,,1-3,2.90,FT,X,away
16-08-2021,Belenenses,Maritimo,,1-2,2.90,FT,X,away
15-08-2021,LASK,Sturm Graz,,1-3,1.30,DC,12,away
15-08-2021,Koln,Hertha Berlin,,3-1,3.00,FT,X,home
15-08-2021,Celta Vigo,Atl. Madrid,,1-2,1.25,DC,X2,away
15-08-2021,Parma,Lecce,,1-3,2.10,FT,1,away
15-08-2021,Aarhus,Copenhagen,,1-3,2.05,FT,2,away
15-08-2021,Lillestrom,Bodo,,0-1,1.50,DC,1X,away
15-08-2021,Mjondalen,Rosenborg,,1-2,2.00,FT,2,away
15-08-2021,Odd Grenland,Haugesund,,4-2,1.30,DC,12,home
15-08-2021,Tromso,Valerenga,,1-1,2.10,FT,1,draw
15-08-2021,Viking,Molde,,3-2,2.10,FT,2,home
15-08-2021,Basaksehir,Alanyaspor,,0-1,2.25,FT,1,away
15-08-2021,Brann,Sandefjord,,3-2,2.15,FT,1,home
15-08-2021,Antalyaspor,Goztepe,,1-1,3.30,FT,X,draw
15-08-2021,Santa Clara,Moreirense,,2-2,1.30,DC,12,draw
15-08-2021,Fuenlabrada,Tenerife,,1-2,1.30,DC,1X,away
15-08-2021,Las Palmas,Valladolid,,1-1,2.80,FT,X,draw
14-08-2021,Burnley,Brighton,,1-2,1.35,DC,X2,away
14-08-2021,Everton,Southampton,,3-1,2.05,FT,1,home
14-08-2021,Watford,Aston Villa,,3-2,2.35,FT,2,home
14-08-2021,Barnsley,Coventry,,1-0,2.00,FT,1,home
14-08-2021,Birmingham,Stoke,,0-0,3.00,FT,X,draw
14-08-2021,Blackpool,Cardiff,,0-2,1.30,DC,12,away
14-08-2021,Huddersfield,Fulham,,1-5,1.90,FT,2,away
14-08-2021,Hull,QPR,,0-3,1.30,DC,12,away
14-08-2021,Millwall,Blackburn,,1-1,1.30,DC,1X,draw
14-08-2021,Nottingham,Bournemouth,,1-2,2.10,FT,2,away
14-08-2021,Reading,Preston,,2-1,2.20,FT,1,home
14-08-2021,Accrington,Cambridge Utd,,2-1,1.90,FT,1,home
14-08-2021,AFC Wimbledon,Bolton,,3-3,2.60,FT,1,draw
14-08-2021,Burton,Ipswich,,2-1,1.50,DC,1X,home
14-08-2021,Cheltenham,Wycombe,,1-3,2.65,FT,1,away
14-08-2021,Swansea,Sheffield Utd,,0-0,1.35,DC,X2,draw
13-08-2021,Lahti,Haka,,0-2,1.35,DC,1X,away
13-08-2021,Voluntari,Clinceni,,1-0,295,FT,X,home
13-08-2021,St. Pauli,Hamburger SV,,3-2,2.25,FT,2,home
13-08-2021,Freiburg II,Dortmund II,,2-5,1.35,DC,X2,away
13-08-2021,Trofense,Estrela Amadora,,0-0,2.90,FT,X,draw
13-08-2021,Viborg,Randers,,1-2,1.30,DC,X2,away
13-08-2021,Go Head,Heerenveen,,0-1,2.40,FT,2,away
13-08-2021,Oss,VVV Venlo,,2-1,1.25,DC,12,home
13-08-2021,Volendam,ADO Den Haag,,1-3,1.90,FT,1,away
13-08-2021,Helmond,AZ Alkmar II,,1-2,2.25,FT,1,away
13-08-2021,Huesca,Eibar,,2-0,1.30,DC,1X,home
13-08-2021,Charleroi,Antwerp,,1-1,2.80,FT,2,draw
13-08-2021,Brentford,Arsenal,,2-0,1.85,FT,2,home
13-08-2021,Valencia,Getafe,,1-0,1.35,DC,1X,home
13-08-2021,Brondby,Nordsjaelland,,0-1,2.60,FT,2,away
13-08-2021,Estoril,Guimaraes,,0-0,2.30,FT,2,draw
12-08-2021,Alashkert,Kairat Almaty,,2-2,1.30,DC,X2,draw
12-08-2021,Molde,Trabzonspor,,1-1,1.45,DC,X2,draw
12-08-2021,Al-Raed,Al-Fateh,,1-0,1.40,DC,1X,home
12-08-2021,Al Moqawloon,El Gounah,,2-1,2.10,FT,1,home
12-08-2021,Zalgiris,Mura,,0-1,1.30,DC,1X,away
12-08-2021,Anorthosis,Rapid Vienna,,2-1,1.85,FT,2,home
12-08-2021,Fola,Linfield,,2-1,1.95,FT,1,home
12-08-2021,Al-Hazem,Al-Taawon,,3-3,3.50,FT,X,draw
12-08-2021,St Johnstone,Galatasaray,,2-4,1.95,FT,2,away
12-08-2021,Hibernians,Riga FC,,1-2,1.85,FT,2,away
12-08-2021,O. Ljubljana,Santa Clara,,0-1,2.20,FT,1,away
12-08-2021,Rijeka,Hibernian,,4-1,2.05,FT,1,home
12-08-2021,Teuta,Shamrock Rovers,,0-2,1.30,DC,X2,away
12-08-2021,Velez Mostar,Elfsborg,,1-4,1.30,DC,X2,away
12-08-2021,Partizan,Sochi,,2-2,1.90,FT,1,draw
12-08-2021,Osijek,CSKA Sofia,,1-1,1.80,FT,1,draw
11-08-2021,E.I.F.,KPV,,1-1,1.30,DC,1X,draw
11-08-2021,PK-35,Gnistan,,3-2,3.00,FT,2,home
11-08-2021,Bastia,Nancy,,1-1,1.25,DC,1X,draw
11-08-2021,Maccabi Netanya,Hapoel Tel Aviv,,1-2,3.00,FT,X,away
11-08-2021,Hapoel Jerusalem,Maccabi Petah Tikva,,0-0,1.35,DC,X2,draw
11-08-2021,Blackpool,Middlesbrough,,3-0,3.10,FT,X,home
11-08-2021,Burton,Oxford Utd,,1-1,2.40,FT,2,draw
11-08-2021,Leyton,QPR,,1-1,1.90,FT,2,draw
11-08-2021,Pelotas,Coritiba,,0-2,1.20,DC,X2,away
11-08-2021,Guanacasteca,Municipal Grecia,,0-2,2.90,FT,X,away
11-08-2021,Ponte Preta,Londrina,,2-1,1.25,DC,1X,home
11-08-2021,Sporting Cristal,Penarol,,1-3,1.35,DC,X2,away
11-08-2021,NY City,Pumas Unam,,1-1,1.90,FT,1,draw
11-08-2021,Sampaio Correa,Nautico,,2-0,2.40,FT,2,home
11-08-2021,River Plate,Atletico Mineiro,,0-1,1.90,FT,1,away
11-08-2021,Monterrey,Cruz Azul,,1-0,2.20,FT,1,home
10-08-2021,Hartlepool,Crewe,,0-1,2.35,FT,2,away
10-08-2021,Ludogorets,Olympiacos,,2-2,1.30,DC,X2,draw
10-08-2021,Crawley,Gillingham,,2-2,1.30,DC,12,draw
10-08-2021,Barrow,Scunthorpe,,1-0,2.05,FT,1,home
10-08-2021,Bristol Rovers,Cheltenham,,0-2,2.55,FT,2,away
10-08-2021,Exeter,Wycombe,,0-0,2.00,FT,2,draw
10-08-2021,Forest Green,Bristol City,,2-2,1.30,DC,12,draw
10-08-2021,Derby,Salford,,3-3,2.00,FT,1,draw
10-08-2021,Mansfield,Preston,,0-3,1.30,DC,12,away
10-08-2021,Millwall,Portsmouth,,2-1,1.95,FT,1,home
10-08-2021,Oldham,Tranmere,,2-2,1.35,DC,X2,draw
10-08-2021,Shrewsbury,Lincoln,,2-2,2.50,FT,2,draw
10-08-2021,Walsall,Doncaster,,0-0,1.30,DC,12,draw
10-08-2021,Bolton,Barnsley,,0-0,2.10,FT,2,draw
10-08-2021,Reading,Swansea,,0-3,2.80,FT,2,away
10-08-2021,Legia,Dinamo Zagreb,,0-1,2.20,FT,2,away
09-08-2021,Cobresal,Palestino,,3-1,1.50,DC,X2,home
09-08-2021,Farul Constanta,Sepsi,,1-0,1.30,DC,X2,home
09-08-2021,Ingolstadt,Erzgebirge Aue,,2-1,2.00,FT,1,home
09-08-2021,Nordsjaelland,Odense,,3-1,2.50,FT,2,home
09-08-2021,Norrkoping,Kalmar,,1-2,1.90,FT,1,away
09-08-2021,Varbergs,Sirius,,0-0,2.00,FT,1,draw
09-08-2021,GAIS,Vasalunds,,2-0,1.30,DC,12,home
09-08-2021,Vasteras SK,Akropolis,,2-3,1.75,FT,1,away
09-08-2021,Radnicki Nis,Backa Topola,,1-2,1.35,DC,1X,away
09-08-2021,Benfica II,Nacional,,5-0,1.40,DC,X2,home
09-08-2021,Utrecht II,MVV,,0-1,1.90,FT,1,away
09-08-2021,Gil Vicente,Boavista,,3-0,1.90,FT,1,home
09-08-2021,Aldosivi,Defensa y Justicia,,1-0,3.00,FT,X,home
09-08-2021,Arsenal Sarandi,Patronato,,2-2,2.95,FT,X,draw
09-08-2021,Cordoba Santiago,Estudiantes,,1-2,2.50,FT,2,away
09-08-2021,Pachuca,Atlas,,0-1,1.30,DC,1X,away
08-08-2021,Livingston,Aberdeen,,1-2,1.30,DC,X2,away
08-08-2021,Leuven,Charleroi,,1-1,2.60,FT,2,draw
08-08-2021,Tondela,Santa Clara,,3-0,2.40,FT,2,home
08-08-2021,Guimaraes,Portimonense,,0-1,1.95,FT,1,away
08-08-2021,Luzern,Zurich,,1-3,1.25,DC,12,away
08-08-2021,Coventry,Nottingham,,2-1,1.35,DC,1X,home
08-08-2021,Goteborg,Hammarby TFF,,0-0,1.40,DC,1X,draw
08-08-2021,Aalborg,Aarhus,,2-0,2.30,FT,1,home
08-08-2021,Mjondalen,Tromso,,2-3,1.45,DC,1X,away
08-08-2021,Sandefjord,Lillestrom,,1-1,3.30,FT,X,draw
08-08-2021,Hansa,Heidenheim,,1-1,2.70,FT,2,draw
08-08-2021,Stabaek,Sarpsborg 08,,3-1,3.20,FT,X,home
08-08-2021,Padova,Alessandria,,0-0,3.20,FT,X,draw
08-08-2021,Montpellier,Olympique Marseille,,2-3,2.30,FT,2,away
08-08-2021,Oostende,Gent,,1-0,2.05,FT,2,home
08-08-2021,Ferreira,Famalicao,,2-0,1.30,DC,12,home
07-08-2021,Blackburn,Swansea,,2-1,1.30,DC,1X,home
07-08-2021,Bristol City,Blackpool,,1-1,1.30,DC,12,draw
07-08-2021,Cardiff,Barnsley,,1-1,1.35,DC,1X,draw
07-08-2021,Luton,Peterborough,,3-0,2.00,FT,1,home
07-08-2021,Preston,Hull,,1-4,1.30,DC,12,away
07-08-2021,QPR,Millwall,,1-1,2.10,FT,1,draw
07-08-2021,Stoke,Reading,,3-2,2.05,FT,1,home
07-08-2021,Bolton,MK Dons,,3-3,2.40,FT,1,draw
07-08-2021,Cambridge,Oxford,,1-1,2.05,FT,2,draw
07-08-2021,Crewe,Cheltenham,,1-1,3.50,FT,2,draw
07-08-2021,Doncaster,Wimbledon,,1-2,3.00,FT,2,away
07-08-2021,Fleetwood,Portsmouth,,0-1,2.95,FT,1,away
07-08-2021,Gillingham,Lincoln,,1-1,2.35,FT,2,draw
07-08-2021,Shrewsbury,Burton,,0-1,1.30,DC,12,away
07-08-2021,Charlton,Sheffield Wed,,0-0,1.30,DC,12,draw
07-08-2021,Manchester City,Leicester,,0-1,1.90,FT,1,away
06-08-2021,Leczna Bogdanka,Warta Poznan,,0-4,1.35,DC,X2,away
06-08-2021,Silkeborg,Viborg,,4-1,3.30,FT,X,home
06-08-2021,Boulogne,Chambly,,1-1,1.35,DC,1X,draw
06-08-2021,Bourg Peronnas,Villefranche,,1-1,2.80,FT,X,draw
06-08-2021,Concarneau,Red Star 93,,2-0,2.80,FT,X,home
06-08-2021,Creteil,Avranches,,0-0,1.30,DC,1X,draw
06-08-2021,Laval,Orleans,,1-2,1.45,DC,1X,away
06-08-2021,Sedan,Annecy,,1-1,1.30,DC,1X,draw
06-08-2021,Den Bosch,Helmond,,2-0,2.15,FT,1,home
06-08-2021,Dordrecht,PSV II,,1-1,2.15,FT,2,draw
06-08-2021,Telstar,Emmen,,1-1,1.85,FT,2,draw
06-08-2021,Zlate Moravce,Senica,,1-1,1.95,FT,1,draw
06-08-2021,Thun,Aarau,,1-2,2.00,FT,1,away
06-08-2021,Bournemouth,WBA,,2-2,1.35,DC,1X,draw
06-08-2021,Dynamo Dresden,Paderborn,,2-1,2.30,FT,1,home
06-08-2021,Derry City,Drogheda,,3-0,2.15,FT,1,home
05-08-2021,Jablonec,Celtic,,2-4,1.25,DC,X2,away
05-08-2021,KuPS,Astana,,1-1,1.30,DC,1X,draw
05-08-2021,Sochi,Partizan,,1-1,1.35,DC,1X,draw
05-08-2021,Tobol Kostanay,Zilina,,0-1,2.25,FT,1,away
05-08-2021,AEL Limassol,Qarabag,,1-1,1.35,DC,X2,draw
05-08-2021,CSKA Sofia,Osijek,,4-2,1.35,DC,X2,home
05-08-2021,Dinamo Batumi,Sivasspor,,1-2,2.15,FT,2,away
05-08-2021,Trabzonspor,Molde,,3-3,2.15,FT,1,draw
05-08-2021,Mura,Zalgiris,,0-0,2.00,FT,1,draw
05-08-2021,Slask,H. Beer Sheva,,2-1,3.10,FT,X,home
05-08-2021,Trnava,Maccabi Tel Aviv,,0-0,1.90,FT,2,draw
05-08-2021,Luzern,Feyenoord,,0-3,2.35,FT,2,away
05-08-2021,Hibernian,Rijeka,,1-1,1.45,DC,X2,draw
05-08-2021,Cukaricki,Hammarby,,3-1,2.10,FT,2,home
05-08-2021,Breidablik,Aberdeen,,2-3,2.15,FT,2,away
05-08-2021,Rakow,Rubin Kazan,,0-0,2.20,FT,2,draw
04-08-2021,Liepaja,Valmiera,,2-1,1.25,DC,12,home
04-08-2021,Torpedo Moscow,SKA Khabarovsk,,0-0,1.25,DC,1X,draw
04-08-2021,Maccabi Netanya,Hapoel Jerusalem,,0-2,1.80,FT,1,away
04-08-2021,Spartak Moscow,Benfica,,0-2,1.35,DC,X2,away
04-08-2021,Beitar Jerusalem,Maccabi Petah Tikva,,0-2,1.30,DC,1X,away
04-08-2021,Ferencvaros,Slavia Prague,,2-0,2.25,FT,2,home
04-08-2021,Valur,KR Reykjavik,,1-0,1.25,DC,12,home
04-08-2021,CRB,Fortaleza,,0-1,1.85,FT,2,away
04-08-2021,Montreal,Atlanta Utd,,2-2,2.15,FT,1,draw
04-08-2021,Chicago Fire,New York City,,0-0,1.90,FT,2,draw
04-08-2021,Los Angeles Galaxy,Salt Lake,,1-0,1.95,FT,1,home
04-08-2021,KuPS,FC Astana,,1-1,1.30,DC,1X,draw
04-08-2021,Sochi,Partizan,,1-1,2.25,FT,1,draw
04-08-2021,Tobol,Zilina,,0-1,3.30,FT,X,away
04-08-2021,AEL Limassol,Qarabag,,1-1,3.00,FT,X,draw
04-08-2021,CSKA Sofia,Osijek,,4-2,2.30,FT,2,home
03-08-2021,Akropolis,Osters,,1-0,1.30,DC,X2,home
03-08-2021,Orgryte,GAIS,,1-0,1.40,DC,1X,home
03-08-2021,Neftci,Helsinki,,2-2,1.30,DC,1X,draw
03-08-2021,Malmo,Rangers,,2-1,2.35,FT,2,home
03-08-2021,Genk,Shakhtar,,1-2,1.30,DC,12,away
03-08-2021,Cluj,Young Boys,,1-1,2.20,FT,2,draw
03-08-2021,Santa Fe,Atl. Nacional,,0-1,3.10,FT,2,away
03-08-2021,Suwon City,Jeonbuk M.,,1-0,1.30,DC,X2,home
03-08-2021,Spartak Moscow,Benfica,,0-2,2.30,FT,2,away
03-08-2021,Ferencvaros,Slavia Prague,,2-0,2.25,FT,2,home
03-08-2021,Valur,KR Reykjavik,,1-0,1.25,DC,12,home
03-08-2021,Montreal,Atlanta Utd,,2-2,2.15,FT,1,draw
03-08-2021,Los Angeles Galaxy,Salt Lake,,1-0,2.00,FT,1,home
03-08-2021,HIFK,SJK,,Postp,2.40,FT,2,postponed
03-08-2021,Leczna,Warta Poznan,,0-4,2.20,FT,2,away
03-08-2021,Silkeborg,Viborg,,4-1,2.25,FT,1,home
02-08-2021,Ararat Yerevan,Noah,,7-1,1.30,DC,1X,home
02-08-2021,Sepsi,Dacia Mioveni,,1-2,1.72,FT,1,away
02-08-2021,Lechia Gdansk,Wisla Plock,,1-0,1.30,DC,12,home
02-08-2021,Wurzburger,Verl,,0-1,1.35,DC,1X,away
02-08-2021,Sonderjyske,Nordsjaelland,,0-2,1.30,DC,12,away
02-08-2021,Goteborg,Norrkoping,,1-2,1.30,DC,12,away
02-08-2021,Sirius,Orebro,,1-2,1.85,FT,1,away
02-08-2021,Jonkopings Sodra,Varnamo,,0-3,2.40,FT,1,away
02-08-2021,Akhmat Grozny,Sochi,,1-2,2.90,FT,2,away
02-08-2021,OFK Pirin,Beroe,,2-3,1.45,DC,X2,away
02-08-2021,Villa Espanola,Cerrito,,1-1,3.20,FT,X,draw
02-08-2021,Din. Bucuresti,Clinceni,,3-1,1.90,FT,2,home
02-08-2021,La Serena,Antofagasta,,1-1,3.00,FT,X,draw
02-08-2021,Auxerre,Grenoble,,3-0,1.75,FT,1,home
02-08-2021,Dep. Pasto,Dep. Pereira,,1-2,3.15,FT,X,away
02-08-2021,Atl. San Luis,Queretaro,,1-1,2.15,FT,1,draw
01-08-2021,Zulte-Waregem,Standard Liege,,1-2,2.25,FT,2,away
01-08-2021,Vejle Kolding,Brondby,,2-2,1.30,DC,X2,draw
01-08-2021,Ural,Nizhny Novgorod,,1-1,1.20,DC,1X,draw
01-08-2021,Austria Vienna,WSG Tirol,,1-1,2.25,FT,1,draw
01-08-2021,Wolfsberger,Sturm,,1-4,2.15,FT,2,away
01-08-2021,Falkenbergs,Norrby,,1-1,1.30,DC,12,draw
01-08-2021,Vasteras,Landskrona,,3-1,2.70,FT,2,home
01-08-2021,Motherwell,Hibernian,,2-3,2.10,FT,2,away
01-08-2021,Kalmar,Mjallby,,1-0,2.00,FT,1,home
01-08-2021,Cracovia K.,Slask,,1-2,1.25,DC,1X,away
01-08-2021,Odense,Copenhagen,,0-2,1.30,DC,12,away
01-08-2021,CS Universitatea,Botosani,,1-2,2.00,FT,1,away
01-08-2021,Lille,PSG,,1-0,2.15,FT,2,home
01-08-2021,Ujpest,Puskas,,1-2,2.20,FT,2,away
01-08-2021,Jagiellonia,Rakow,,3-0,2.25,FT,2,home
01-08-2021,Olimpija,Maribor,,3-1,1.30,DC,X2,home
31-07-2021,Admira,A. Klagenfurt,,4-0,1.25,DC,12,home
31-07-2021,Hartberg,Altach,,1-2,2.00,FT,1,away
31-07-2021,LASK,Rapid Vienna,,1-1,2.05,FT,1,draw
31-07-2021,Zurich,Lausanne,,3-1,2.30,FT,1,home
31-07-2021,Voluntari,U Craiova 1948,,2-1,1.35,DC,1X,home
31-07-2021,Cercle Brugge,Leuven,,1-1,2.05,FT,1,draw
31-07-2021,RFC Seraing,Mechelen,,1-0,1.85,FT,2,home
31-07-2021,Ajaccio,Amiens,,3-1,1.20,DC,1X,home
31-07-2021,Nancy,Toulouse,,0-4,2.10,FT,2,away
31-07-2021,Niort,Caen,,0-1,1.40,DC,X2,away
31-07-2021,Rodez,Pau,,1-0,1.45,DC,X2,home
31-07-2021,Sochaux,Le Havre,,0-2,1.30,DC,1X,away
31-07-2021,CSKA,Lokomotiv Moscow,,1-2,3.30,FT,X,away
31-07-2021,Fortuna Dusseldorf,Werder Bremen,,2-3,2.25,FT,1,away
31-07-2021,Eupen,Anderlecht,,1-1,2.10,FT,2,draw
31-07-2021,Sporting,Braga,,2-1,2.35,FT,1,home
30-07-2021,Medias,FC Arges,,2-2,.1.35,DC,1X,draw
30-07-2021,Arsenal Tula,Rubin,,0-3,1.30,DC,X2,away
30-07-2021,Paks,Mezokovesd,,2-3,2.10,FT,1,away
30-07-2021,Karlsruher,Darmstadt,,3-0,1.50,FT,1,home
30-07-2021,Paderborn,Nurnberg,,2-2,2.70,FT,2,draw
30-07-2021,Proleter,Novi Pazar,,2-2,2.20,FT,1,draw
30-07-2021,Hobro,Vendsyssel,,1-1,1.50,DC,X2,draw
30-07-2021,Slavia Sofia,Tsarsko Selo,,0-0,1.20,DC,1X,draw
30-07-2021,Aluminij,Radomlje,,0-2,1.30,DC,1X,away
30-07-2021,U. San Martin,Cienciano,,1-1,1.30,DC,X2,draw
30-07-2021,Winterthur,Wil,,3-1,1.90,FT,1,home
30-07-2021,FC Rapid Bucuresti,Farul Constanta,,0-0,2.10,FT,1,draw
30-07-2021,Gyirmot,MTK,,1-1,2.05,FT,2,draw
30-07-2021,Gornik,Lech Poznan,,1-3,2.10,FT,2,away
30-07-2021,Shamrock,St. Patricks,,3-1,2.05,FT,1,home
30-07-2021,Dep. Municipal,Sporting Cristal,,1-1,1.85,FT,2,draw
29-07-2021,Tobol,Hajduk Split,,3-1,1.30,DC,X2,home
29-07-2021,Birkirkara,O. Ljubljana,,1-0,1.25,DC,X2,home
29-07-2021,Honka,Domzale,,0-1,1.35,DC,X2,away
29-07-2021,Vorskla Poltava,KuPS,,2-2,1.90,FT,1,draw
29-07-2021,Hacken,Aberdeen,,2-0,1.25,DC,12,home
29-07-2021,Levadia,Dundalk,,1-2,2.20,FT,1,away
29-07-2021,Zilina,Apollon,,2-2,2.30,FT,1,draw
29-07-2021,Ashdod,Qarabag,,0-1,1.25,DC,X2,away
29-07-2021,Slovacko,Lok. Plovdiv,,1-0,1.85,FT,1,home
29-07-2021,Valerenga,Gent,,2-0,2.15,FT,2,home
29-07-2021,Connahs Q.,Prishtina,,4-2,2.20,FT,2,home
29-07-2021,Servette,Molde,,2-0,2.25,FT,1,home
29-07-2021,Dun. Streda,Partizan,,0-2,2.30,FT,2,away
29-07-2021,Maribor,Hammarby,,0-1,2.30,FT,1,away
29-07-2021,Breidablik,Austria Vienna,,2-1,1.25,DC,12,home
29-07-2021,Vllaznia,AEL Limassol,,0-1,2.25,FT,2,away
28-07-2021,E.I.F,PK-35,,0-0,1.30,DC,1X,draw
28-07-2021,Gnistan,KPV,,0-3,2.05,FT,1,away
28-07-2021,RoPS,MuSa,,2-0,1.25,DC,1X,home
28-07-2021,VPS,Jaro,,2-1,1.40,DC,1X,home
28-07-2021,Haugesund,Stromsgodset,,2-1,170,FT,1,home
28-07-2021,Lillestrom,Sarpsborg 08,,2-0,1.85,FT,1,home
28-07-2021,Mjondalen,Stabaek,,1-2,1.25,DC,1X,away
28-07-2021,Neftci,Olympiacos,,0-1,1.95,FT,2,away
28-07-2021,Godoy Cruz,Atl. Tucuman,,1-2,1.30,DC,12,away
28-07-2021,Union de Santa Fe,Banfield,,0-1,2.95,FT,X,away
28-07-2021,Midtjylland,Celtic,,1-1,2.85,FT,2,draw
28-07-2021,Maghreb Fes,Raja Casablanca,,2-3,3.70,FT,1,away
28-07-2021,Galatasaray,PSV,,1-2,2.20,FT,2,away
28-07-2021,Sarmiento,Platense,,1-0,1.50,DC,X2,home
28-07-2021,Hassania A.,El Jadidi,,2-0,2.00,FT,1,home
28-07-2021,Olympique Safi,Mouloudia O.,,0-0,2.40,FT,1,draw
27-07-2021,Inter Escaldes,Teuta,,0-2,1.90,FT,2,away
27-07-2021,HJK,Malmo,,2-2,1.30,DC,12,draw
27-07-2021,Omonia,Dinamo Zagreb,,0-1,1.30,DC,X2,away
27-07-2021,Flora,Legia,,0-2,1.70,FT,2,away
27-07-2021,Helsingborg,Falkenbergs,,4-0,1.25,DC,1X,home
27-07-2021,Osters,Jonkopings Sodra,,1-0,3.10,FT,X,home
27-07-2021,Zalgiris,Ferencvaros,,1-3,1.85,FT,2,away
27-07-2021,Buducnost,HB Torshavn,,0-2,1.65,FT,1,away
27-07-2021,Neftci Baku,Olympiacos,,0-1,1.30,DC,X2,away
27-07-2021,Odd Grenland,Sandefjord,,2-3,1.25,DC,1X,away
27-07-2021,Haugesund,Stromsgodset,,2-1,1.25,DC,1X,home
27-07-2021,Lillestrom,Sarpsborg 08,,2-0,1.85,FT,1,home
27-07-2021,Mjondalen,Stabaek,,1-2,3.50,FT,X,away
27-07-2021,Midtjylland,Celtic,,1-1,2.85,FT,2,draw
27-07-2021,Galatasaray,PSV,,1-2,2.20,FT,2,away
27-07-2021,Sparta Prague,Rapid,,2-0,1.85,FT,1,home
26-07-2021,Chindia T.,Sepsi,,1-1,1.25,DC,X2,draw
26-07-2021,Nizhny Novgorod,Sochi,,1-0,1.80,FT,2,home
26-07-2021,Kolubara,Radnik,,1-1,3.10,FT,X,draw
26-07-2021,Wisla Krakow,Zaglebie,,3-0,1.30,DC,1X,home
26-07-2021,Freiburg II,Wehen,,0-0,2.40,FT,2,draw
26-07-2021,Sonderjyske,Vejle Kolding,,1-0,1.30,DC,1X,home
26-07-2021,Ostersunds,Halmstad,,0-1,1.35,DC,X2,away
26-07-2021,Varbergs,Goteborg,,2-0,2.15,FT,2,home
26-07-2021,GAIS,Akropolis,,1-1,1.30,DC,1X,draw
26-07-2021,Norrby,Vasteras,,4-1,1.90,FT,1,home
26-07-2021,Botev Vratsa,Arda Kardzhall,,0-0,2.10,FT,2,draw
26-07-2021,Universitatea,Dinamo Buc.,,1-0,2.00,FT,1,home
26-07-2021,Dijon,Sochaux,,1-3,1.40,DC,X2,away
26-07-2021,Talleres,Arsenal Sarandi,,2-0,1.80,FT,1,home
26-07-2021,Juventude,Chapecoense,,1-0,2.10,FT,1,home
26-07-2021,Argentinos Jrs,Newells Old Boys,,1-0,2.10,FT,1,home
25-07-2021,Budejovice,Teplice,,1-0,1.80,FT,1,home
25-07-2021,Liberec,Slovacko,,0-1,1.30,DC,1X,away
25-07-2021,Grasshoppers,Basel,,0-2,2.00,FT,2,away
25-07-2021,Sion,Servette,,1-2,1.25,DC,12,away
25-07-2021,Ried,Austria Vienna,,2-1,2.20,FT,2,home
25-07-2021,AFC Eskilstuna,Orgryte,,4-0,2.15,FT,1,home
25-07-2021,Hacken,Elfsborg,,1-1,3.40,FT,X,draw
25-07-2021,Hammarby,Norrkoping,,2-1,1.85,FT,1,home
25-07-2021,Honka,Lahti,,1-1,1.55,DC,X2,draw
25-07-2021,Mikkelin,Klubi 04,,2-0,1.30,DC,1X,home
25-07-2021,Farul Constanta,Medias,,2-0,3.00,FT,X,home
25-07-2021,Slask,Warta Poznan,,2-2,1.30,DC,1X,draw
25-07-2021,Krylya Sovetov,Akhmat Grozny,,1-2,1.35,DC,1X,away
25-07-2021,Pogon Szczecin,Gornik,,2-0,2.00,FT,1,home
25-07-2021,FCSB,CS Universitatea,,4-1,2.25,FT,1,home
25-07-2021,Hajduk,Osijek,,1-2,3.00,FT,X,away
24-07-2021,Stirling,Peterhead,,3-1,2.25,FT,1,home
24-07-2021,Queen of South,Airdrie,,4-1,1.95,FT,1,home
24-07-2021,Leuven,Zulte-Waregem,,1-1,1.25,DC,12,draw
24-07-2021,Aalborg,Midtjylland,,0-1,1.55,DC,1X,away
24-07-2021,Beerschot VA,Cercle Brugge,,Abn,1.30,DC,1X,abandoned
24-07-2021,Amiens,Auxerre,,1-2,1.35,DC,12,away
24-07-2021,Caen,Rodez,,4-0,1.35,DC,1X,home
24-07-2021,Dunkerque,Quevilly,,1-1,2.05,FT,1,draw
24-07-2021,Grenoble,Paris,,0-4,3.00,FT,X,away
24-07-2021,Le Havre,Guingamp,,0-0,3.00,FT,X,draw
24-07-2021,Pau,Nancy,,2-1,2.90,FT,X,home
24-07-2021,Toulouse,Ajaccio,,2-2,1.95,FT,1,draw
24-07-2021,Valenciennes,Niort,,0-0,2.20,FT,1,draw
24-07-2021,Rubin,Spartak Moscow,,1-0,2.25,FT,2,home
24-07-2021,Werder,Hannover,,1-1,1.90,FT,1,draw
24-07-2021,Oostende,Charleroi,,0-3,1.30,DC,12,away
23-07-2021,Riteriai,Dziugas Telsiai,,3-2,1.75,FT,1,home
23-07-2021,Tabor Sezana,Celje,,0-1,1.35,DC,X2,away
23-07-2021,Radnicki K.,Spartak S.,,3-2,1.95,FT,2,home
23-07-2021,Tsarsko Selo,Cherno More,,0-0,1.30,DC,X2,draw
23-07-2021,Lks Nieciecza,Stal Mielec,,1-1,2.25,FT,1,draw
23-07-2021,Fredericia,Hobro IK,,2-0,2.10,FT,1,home
23-07-2021,Helsingor,Fremad Amager,,1-0,1.75,FT,1,home
23-07-2021,Horsens,HB Koge,,0-2,1.25,DC,1X,away
23-07-2021,Rostov,Dynamo Moscow,,0-2,3.05,FT,X,away
23-07-2021,Vozdovac,Proleter N.S.,,2-1,2.00,FT,1,home
23-07-2021,Schalke,Hamburger,,1-3,1.30,DC,12,away
23-07-2021,Stade Lausanne Ouchy,Winterthur,,1-1,1.25,DC,12,draw
23-07-2021,Dacia Mioveni,Rapid Bucuresti,,0-2,3.00,FT,X,away
23-07-2021,Standard,Genk,,1-1,1.25,DC,12,draw
23-07-2021,Londrina,Remo,,1-0,2.80,FT,X,home
23-07-2021,Atl. Venezuela,Metropolitanos,,4-1,3.00,FT,X,home
22-07-2021,Qarabag,MS Ashdod,,0-0,1.80,FT,1,draw
22-07-2021,Rigas,Puskas,,3-0,1.30,DC,X2,home
22-07-2021,Kups,Vorskla Poltava,,2-0,3.00,FT,X,home
22-07-2021,Dinamo Tbilisi,Maccabi Haifa,,1-2,1.25,DC,X2,away
22-07-2021,Dudelange,Bohemians,,0-1,2.30,FT,2,away
22-07-2021,Helsingborg,Varnamo,,2-3,1.25,DC,1X,away
22-07-2021,Lok. Plovdiv,Slovacko,,1-0,2.65,FT,2,home
22-07-2021,Riga,Shkendija,,2-0,2.20,FT,1,home
22-07-2021,Dinamo Batumi,Bate Borisov,,0-1,1.30,DC,12,away
22-07-2021,Trnava,Sepsi,,0-0,3.10,FT,X,draw
22-07-2021,HB Torshavn,Buducnost,,4-0,2.20,FT,2,home
22-07-2021,Aberdeen,Hacken,,5-1,2.20,FT,1,home
22-07-2021,Pogon Szczecin,Osijek,,0-0,1.40,DC,X2,draw
22-07-2021,Independiente,Santos,,1-1,1.30,DC,1X,draw
22-07-2021,Penarol,Nacional M.,,0-1,2.25,FT,1,away
22-07-2021,Austin,Seattle,,0-1,2.10,FT,1,away
21-07-2021,Kairat Almaty,Crvena zvezda,,2-1,1.30,DC,X2,home
21-07-2021,Groruddalen,Ull/Kisa,,0-2,1.35,DC,1X,away
21-07-2021,KFUM Oslo,Asane,,3-1,1.85,FT,1,home
21-07-2021,Raufoss,Sogndal,,1-2,2.15,FT,2,away
21-07-2021,Sandefjord,Haugesund,,1-1,1.30,DC,12,draw
21-07-2021,Stabaek,Lillestrom,,2-3,2.20,FT,2,away
21-07-2021,Stromsgodset,Odd Grenland,,3-0,1.40,DC,1X,home
21-07-2021,Ham-Kam,Aalesund,,2-3,2.55,FT,1,away
21-07-2021,Vila Nova,Brusque,,0-1,2.80,FT,X,away
21-07-2021,Inter Miami,New England,,0-5,1.25,DC,12,away
21-07-2021,Columbus,Nashville,,0-0,3.20,FT,X,draw
21-07-2021,Toronto,New York,,1-1,2.20,FT,1,draw
21-07-2021,Cincinnati,Atlanta Utd,,1-1,2.10,FT,1,draw
21-07-2021,Chicago Fire,DC United,,2-2,2.10,FT,1,draw
21-07-2021,CSA,Vasco da Gama,,2-2,1.40,DC,X2,draw
21-07-2021,Argentinos Jrs,River Plate,,0-2,1.95,FT,2,away
20-07-2021,Alashkert,Sheriff Tiraspol,,0-1,1.25,DC,X2,away
20-07-2021,Domzale,Honka,,1-1,1.80,FT,1,draw
20-07-2021,Hamilton,Ayr,,0-1,2.00,FT,1,away
20-07-2021,Falkenbergs,Jonkopings Sodra,,2-3,1.30,DC,12,away
20-07-2021,Rapid Vienna,Sparta Prague,,2-1,1.35,DC,1X,home
20-07-2021,Cove Rangers,Inverness,,3-1,2.00,FT,2,home
20-07-2021,Celtic,Midtjylland,,1-1,1.95,FT,1,draw
20-07-2021,La Serena,Palestino,,4-3,1.55,DC,1X,home
20-07-2021,Botafogo RJ,Goias,,0-2,1.30,DC,1X,away
20-07-2021,Guarani,Sampaio Correa,,0-0,1.85,FT,1,draw
20-07-2021,Londrina,Confianca,,0-0,2.15,FT,1,draw
20-07-2021,Remo,Cruzeiro,,1-0,1.25,DC,X2,home
20-07-2021,Atletico-MG,Boca Juniors,,0-0,1.85,FT,1,draw
20-07-2021,Costa Rica,Jamaica,,1-0,3.15,FT,X,home
20-07-2021,Vitoria,Ponte Preta,,1-0,2.90,FT,X,home
20-07-2021,Racing Club,Sao Paulo,,1-3,3.05,FT,X,away
18-07-2021,Chapecoense,Cuiaba,,2-3,2.50,FT,1,away
18-07-2021,AIK,Kalmar,,2-0,1.90,FT,1,home
18-07-2021,Gnistan,VPS,,2-0,3.35,FT,X,home
18-07-2021,UTA Arad,Farul Constanta,,0-0,1.30,DC,1X,draw
18-07-2021,Brann,Mjondalen,,1-1,1.90,FT,1,draw
18-07-2021,Haugesund,Valerenga,,3-1,3.30,FT,X,home
18-07-2021,Kristiansund,Sandefjord,,2-0,1.90,FT,1,home
18-07-2021,Lillestrom,Molde,,1-1,1.25,DC,X2,draw
18-07-2021,Tromso,Rosenborg,,1-3,1.40,DC,X2,away
18-07-2021,Huracan,Defensa y Justicia,,2-1,3.10,FT,X,home
18-07-2021,Spartak S.,Radnicki N.,,1-1,1.30,DC,1X,draw
18-07-2021,Aarhus,Brondby,,1-1,3.35,FT,X,draw
18-07-2021,Minnesota,Seattle,,1-0,1.95,FT,1,home
18-07-2021,Rapid Buc.,Chindia T.,,1-0,1.35,DC,1X,home
18-07-2021,Arsenal Sarandi,San Lorenzo,,1-1,2.30,FT,2,draw
18-07-2021,KR Reykjavik,Breidablik,,1-1,1.20,DC,12,draw
17-07-2021,Varnamo,Osters,,2-0,1.30,DC,1X,home
17-07-2021,Klubi 04,Jaro,,0-1,1.25,DC,12,away
17-07-2021,Aluminij,Koper,,0-0,2.10,FT,1,draw
17-07-2021,Medias,Dacia Mioveni,,1-0,1.25,DC,1X,home
17-07-2021,Odd Grenland,Viking,,3-2,2.15,FT,1,home
17-07-2021,Aldosivi,Patronato,,0-2,3.05,FT,X,away
17-07-2021,Ludogorets,CSKA Sofia,,4-0,1.35,DC,1X,home
17-07-2021,Gomel,Rukh Brest,,0-0,2.35,FT,1,draw
17-07-2021,Sarpsborg 08,Bodo,,2-2,2.15,FT,2,draw
17-07-2021,Cobh Ramblers,Cabinteely,,1-0,2.25,FT,1,home
17-07-2021,Dep.Maldonado,Plaza Colonia,,0-1,2.30,FT,2,away
17-07-2021,Newells Old Boys,Talleres,,3-2,1.40,DC,X2,home
17-07-2021,Ceara,Athletico-PR,,1-0,1.30,DC,1X,home
17-07-2021,Sao Paulo,Fortaleza,,0-1,2.95,FT,X,away
17-07-2021,U. Catolica,Colo Colo,,0-0,2.75,FT,2,draw
17-07-2021,America De Cali,CPD Junior,,3-1,2.25,FT,1,home
16-07-2021,Ilves,SJK,,0-1,1.35,DC,1X,away
16-07-2021,Progreso,Boston River,,1-0,1.30,DC,1X,home
16-07-2021,Bray,Galway,,0-0,1.30,DC,1X,draw
16-07-2021,Treaty United,UCD,,2-1,2.10,FT,2,home
16-07-2021,Union de Santa Fe,Boca Juniors,,1-1,1.30,DC,X2,draw
16-07-2021,Confianca,Guarani,,1-4,2.25,FT,2,away
16-07-2021,Sp. Luqueno,Cerro Porteno,,0-0,1.90,FT,2,draw
16-07-2021,Tecnico U.,LDU Quito,,0-1,2.00,FT,2,away
16-07-2021,Sarmiento,Estudiantes,,0-3,1.30,DC,X2,away
16-07-2021,Sampaio Correa,Coritiba,,2-3,2.80,FT,X,away
16-07-2021,Zamora,Estudiantes Merida,,0-1,2.05,FT,1,away
16-07-2021,JEF United,Kanazawa,,2-1,2.20,FT,1,home
16-07-2021,Yamaga,Mito Hollyhock,,0-1,1.35,DC,X2,away
16-07-2021,Tochigi,Kofu,,0-1,2.10,FT,2,away
16-07-2021,Fukuoka,Gamba Osaka,,0-1,2.75,FT,1,away
16-07-2021,Kyoto Purple Sanga,Albirex Niigata,,1-1,2.20,FT,1,draw
15-07-2021,MuSa,PK-35,,1-1,1.35,DC,1X,draw
15-07-2021,Valmiera / BSS,Suduva,,0-0,1.35,DC,1X,draw
15-07-2021,Palestino,Huachipato,,2-0,1.20,DC,1X,home
15-07-2021,Dila Gori,Zilina,,2-1,1.90,FT,2,home
15-07-2021,Fram,Ibv,,1-1,2.05,FT,1,draw
15-07-2021,Ki Klaksvik,Rigas,,2-3,2.45,FT,1,away
15-07-2021,Llapi,Shkupi,,1-1,2.50,FT,2,draw
15-07-2021,Grotta,Fjolnir,,2-1,1.20,DC,12,home
15-07-2021,Selfoss,Kordrengir,,0-1,2.05,FT,2,away
15-07-2021,Santos,Independiente,,1-0,1.20,DC,1X,home
15-07-2021,O’Higgins,Cobresal,,1-1,2.15,FT,1,draw
15-07-2021,Nacional M.,Penarol,,1-2,2.90,FT,X,away
15-07-2021,D.Tachira,Rosario,,2-2,2.05,FT,2,draw
15-07-2021,Olimpia,Internacional,,0-0,1.30,DC,X2,draw
15-07-2021,Ilves,SJK,,0-1,2.45,FT,1,away
15-07-2021,Antofagasta,Santiago W.,,1-0,1.90,FT,1,home
14-07-2021,Kairat Almaty,Maccabi Haifa,,2-0,1.35,DC,1X,home
14-07-2021,Neftci,Dinamo Tbilisi,,2-1,1.95,FT,1,home
14-07-2021,Legia,Bodo,,2-0,1.80,FT,1,home
14-07-2021,Ittihad Tanger,El Jadidi,,0-1,1.35,DC,12,away
14-07-2021,Arbroath,East Fife,,2-0,2.00,FT,1,home
14-07-2021,Chabab Mohammedia,Maghreb Fez,,1-1,1.25,DC,1X,draw
14-07-2021,Mouloudia O.,Wydad Casablanca,,0-2,1.80,FT,2,away
14-07-2021,CSA,Goias,,0-1,1.40,DC,1X,away
14-07-2021,Sporting Cristal,Arsenal Sarandi,,2-1,1.25,DC,1X,home
14-07-2021,Velez,B.Guayaquil,,1-0,2.00,FT,1,home
14-07-2021,Trinidad,El Salvador,,0-2,1.90,FT,2,away
14-07-2021,Remo,Brusque,,2-1,1.40,DC,X2,home
14-07-2021,Ind. del Valle,Bragantino,,0-2,3.30,FT,2,away
14-07-2021,CPD Junior,Libertad,,3-4,3.00,FT,X,away
14-07-2021,Defensa Justicia,Flamengo,,0-1,1.80,FT,2,away
14-07-2021,MuSa,PK-35,,1-1,3.00,FT,X,draw
13-07-2021,Mes Rafsanjan,Paykan,,1-1,1.20,DC,1X,draw
13-07-2021,Renaissance,FUS Rabat,,1-0,1.25,DC,1X,home
13-07-2021,Hibernians,Flora,,0-3,2.00,FT,2,away
13-07-2021,Lincoln RI,Fola Esch,,5-0,2.00,FT,2,home
13-07-2021,Nassaji Mazandaran,Shahr Khodrou,,1-0,1.25,DC,1X,home
13-07-2021,Fylkir,KA Akureyri,,2-1,2.00,FT,2,home
13-07-2021,Mura,Shkendija,,5-0,2.10,FT,1,home
13-07-2021,Buducnost,Helsinki,,0-4,2.20,FT,2,away
13-07-2021,Forfar,Montrose,,0-0,1.25,DC,12,draw
13-07-2021,Dumbarton,Stenhousemuir,,1-2,2.05,FT,1,away
13-07-2021,Linfield,Zalgiris,,1-2,2.10,FT,2,away
13-07-2021,Shamrock,Slovan B.,,2-1,2.10,FT,2,home
13-07-2021,Sh.Soligorsk,Ludogorets,,0-1,1.85,FT,2,away
13-07-2021,MC Alger,USM Alger,,2-2,1.30,DC,12,draw
13-07-2021,Oran,Setif,,4-0,1.25,DC,X2,home
13-07-2021,Naft Masjed,Zob Ahan,,2-3,2.55,FT,X,away
12-07-2021,HIFK,Lahti,,0-1,1.45,DC,X2,away
12-07-2021,KTP,Mariehamn,,1-3,2.20,FT,2,away
12-07-2021,Bryne,Sogndal,,0-1,1.25,DC,12,away
12-07-2021,Groruddalen,Aalesund,,1-2,1.85,FT,2,away
12-07-2021,Jerv,Ull Kisa,,3-3,1.90,FT,1,draw
12-07-2021,Raufoss,Fredrikstad,,0-1,1.20,DC,12,away
12-07-2021,Strommen,Stjordals,,1-2,2.20,FT,1,away
12-07-2021,Halmstad,Djurgarden,,0-0,1.90,FT,2,draw
12-07-2021,Kalmar,Hacken,,2-3,1.35,DC,12,away
12-07-2021,Kfum,Start,,0-2,2.20,FT,1,away
12-07-2021,Leiknir,Akranes,,2-0,1.95,FT,1,home
12-07-2021,Blooming,Nacional Potosi,,2-1,1.25,DC,12,home
12-07-2021,Fylkir,KA Akureyri,,2-1,2.00,FT,2,home
12-07-2021,Vila Nova,Pelotas,,0-0,2.05,FT,1,draw
12-07-2021,Guarani,CRB,,1-0,2.00,FT,1,home
12-07-2021,Boca Juniors,Atletico Mineiro,,0-0,1.30,DC,1X,draw
11-07-2021,Mjallby,Norrkoping,,0-1,1.45,DC,1X,away
11-07-2021,Juventude,Atletico GO,,1-1,1.35,DC,1X,draw
11-07-2021,Pitea,Sylvia,,1-1,2.05,FT,2,draw
11-07-2021,Boston River,Cerro Largo,,1-0,3.20,FT,X,home
11-07-2021,Ostersunds,Goteborg,,2-3,2.00,FT,2,away
11-07-2021,Mikkelin Palloilijat,RoPS,,0-0,1.45,DC,X2,draw
11-07-2021,Fenix,Progreso,,2-1,1.40,DC,1X,home
11-07-2021,Italy,England,,1-1,1.40,DC,X2,draw
11-07-2021,Montevideo City,Nacional,,3-0,2.25,FT,2,home
11-07-2021,Cuiaba,Ceara,,2-2,1.40,DC,X2,draw
11-07-2021,Guabira,Oriente Petrolero,,1-1,1.90,FT,1,draw
11-07-2021,Hermanos Colmenares,Port.Acarigua,,1-3,2.35,FT,2,away
11-07-2021,Fortaleza,Corinthians,,1-0,2.15,FT,1,home
11-07-2021,Brusque,CSA,,2-3,3.00,FT,X,away
11-07-2021,Dep. Tachira,Zamora,,3-0,1.90,FT,1,home
11-07-2021,Ansan Greeners,Gyeongnam FC,,3-1,2.10,FT,2,home
10-07-2021,JIPPO,MuSa,,1-1,1.30,DC,X2,draw
10-07-2021,Tractor Sazi,Gol Gohar,,1-0,1.30,DC,X2,home
10-07-2021,Mjondalen,Haugesund,,3-0,1.35,DC,X2,home
10-07-2021,Sandefjord,Sarpsborg 08,,2-0,1.35,DC,1X,home
10-07-2021,Dziugas Telsiai,Riteriai,,2-0,2.20,FT,2,home
10-07-2021,Cluj,CS Universitatea,,0-0,1.35,DC,1X,draw
10-07-2021,Brann,Tromso,,1-1,2.00,FT,1,draw
10-07-2021,Longford,Drogheda,,1-1,1.85,FT,2,draw
10-07-2021,Gremio,Internacional,,0-0,2.20,FT,1,draw
10-07-2021,Botafogo RJ,Cruzeiro,,3-3,2.90,FT,X,draw
10-07-2021,Athletico-PR,Bragantino,,2-2,1.35,DC,1X,draw
10-07-2021,AF Vial,Coquimbo Unido,,0-0,2.20,FT,2,draw
10-07-2021,America Mineiro,Atletico Mineiro,,0-1,2.00,FT,2,away
10-07-2021,Sao Paulo,Bahia,,1-0,1.85,FT,1,home
10-07-2021,Sport Recife,Fluminense,,1-2,2.90,FT,X,away
10-07-2021,Confianca,Vitoria,,1-1,3.05,FT,X,draw
09-07-2021,Cabinteely,Athlone,,0-1,2.55,FT,1,away
09-07-2021,Cork City,Bray,,2-2,1.30,DC,12,draw
09-07-2021,Fylkir,Hk Kopavogur,,1-2,2.05,FT,1,away
09-07-2021,Londrina,Guarani,,0-1,1.30,DC,X2,away
09-07-2021,Vasco da Gama,Sampaio Correa,,1-0,1.90,FT,1,home
09-07-2021,Dep.La Guaira,Dep.Lara,,4-1,1.40,DC,X2,home
09-07-2021,Cincinnati,Columbus,,2-2,2.30,FT,1,draw
09-07-2021,Peru,Colombia,,2-3,1.80,FT,2,away
09-07-2021,Goias,Nautico,,0-1,2.95,FT,X,away
09-07-2021,Oita Trinita,Urawa RD,,1-0,2.00,FT,2,home
09-07-2021,Vegalta Sendai,Sapporo,,1-1,2.00,FT,2,draw
09-07-2021,Gimcheon Sangmu,Anyang,,2-4,1.30,DC,1X,away
09-07-2021,Daejeon Citizen,Seoul E.,,0-2,1.40,DC,1X,away
09-07-2021,Lunds,Qviding,,3-1,1.30,DC,1X,home
09-07-2021,Atvidabergs,Ljungskile,,1-1,2.10,FT,2,draw
09-07-2021,Villa Espanola,Dep.Maldonado,,2-0,2.30,FT,2,home
08-07-2021,Noah,KuPS,,1-0,1.25,DC,X2,home
08-07-2021,Liepaja,Struga,,1-1,1.70,FT,1,draw
08-07-2021,Moghreb Tetouan,FUS Rabat,,2-2,2.70,FT,X,draw
08-07-2021,Magra,Constantine,,1-0,2.35,FT,1,home
08-07-2021,Glentoran,TNS,,1-1,1.40,DC,X2,draw
08-07-2021,Bala Town,Larne,,0-1,1.30,DC,1X,away
08-07-2021,Colloge Europa FC,Kauno Zalgiris,,0-0,1.75,FT,2,draw
08-07-2021,El Jadidi,FAR Rabat,,1-0,1.95,FT,2,home
08-07-2021,Palestino,Colo Colo,,2-3,3.40,FT,X,away
08-07-2021,Chlef,BK Olympic,,1-0,1.30,DC,1X,home
08-07-2021,Biskra,MC Alger,,2-1,2.75,FT,X,home
08-07-2021,Ain Mlila,Paradou,,2-1,1.40,DC,X2,home
08-07-2021,Setif,Belouizdad,,0-0,1.95,FT,1,draw
08-07-2021,U.Central,Metropolitanos,,0-0,2.10,FT,2,draw
08-07-2021,Ittihad Tanger,Berkane,,0-2,1.30,DC,X2,away
08-07-2021,Lala FC,Mineros,,1-2,3.15,FT,X,away
07-07-2021,Berrechid,Renaissance,,1-1,1.25,DC,1X,draw
07-07-2021,Bodo,Legia,,2-3,2.10,FT,1,away
07-07-2021,Dinamo Tbilisi,Neftci,,1-2,1.40,DC,X2,away
07-07-2021,Teuta,Sheriff Tiraspol,,0-4,1.30,DC,X2,away
07-07-2021,Connahs QN,Alashkert,,2-2,1.90,FT,2,draw
07-07-2021,Olympique Safi,Chabab Mohammedia,,1-1,2.60,FT,X,draw
07-07-2021,Atletico Mineiro,Flamengo,,2-1,1.40,DC,X2,home
07-07-2021,Montreal,NY City,,2-1,1.80,FT,2,home
07-07-2021,Charleston,Pittsburgh,,1-1,1.25,DC,12,draw
07-07-2021,Miami,Tampa Bay,,2-1,2.30,FT,2,home
07-07-2021,Chicago,Orlando City,,3-1,1.40,DC,1X,home
07-07-2021,Fluminense,Ceara CE,,0-0,2.05,FT,1,draw
07-07-2021,Internacional,Sao Paulo,,0-2,3.05,FT,X,away
07-07-2021,Austin,Los Angeles,,0-2,3.10,FT,X,away
07-07-2021,Colorado,Minnesota,,2-0,2.00,FT,1,home
07-07-2021,Vancouver,Salt Lake,,0-4,2.05,FT,2,away
06-07-2021,Sanat Naft,Nassaji Mazandaran,,1-1,1.20,DC,1X,draw
06-07-2021,Liverpool M.,Wanderers,,2-1,1.90,FT,1,home
06-07-2021,Shkendija,Mura,,0-1,3.15,FT,X,away
06-07-2021,Podgorica,Laci,,1-0,1.95,FT,1,home
06-07-2021,Italy,Spain,,1-1,1.35,DC,1X,draw
06-07-2021,Ponte Preta,Avai,,0-0,2.85,FT,X,draw
06-07-2021,Cruzeiro,Coritiba,,0-0,1.30,DC,1X,draw
06-07-2021,Santos,Athletico-PR,,2-1,2.95,FT,X,home
06-07-2021,CRB,Botafogo,,2-1,3.00,FT,X,home
06-07-2021,Sapporo,V-Varen Nagasaki,,1-2,1.25,DC,1X,away
06-07-2021,Sangan,Fukuoka,,1-0,1.30,DC,1X,home
06-07-2021,Bodo,Legia,,2-3,2.40,FT,1,away
06-07-2021,Dinamo Tbilisi,Neftci,,1-2,2.05,FT,1,away
06-07-2021,Teuta,Sheriff Tiraspol,,0-4,1.30,DC,X2,away
06-07-2021,Connahs QN,Alashkert,,2-2,2.00,FT,2,draw
06-07-2021,Fortaleza CE,America MG,,4-0,1.90,FT,1,home
05-07-2021,AC Oulu,KTP,,1-1,1.30,DC,12,draw
05-07-2021,Gnistan,TPS,,0-0,2.05,FT,2,draw
05-07-2021,Asane,Jerv,,0-1,1.25,DC,12,away
05-07-2021,Raufoss,Bryne,,4-1,2.10,FT,1,home
05-07-2021,Start,Ham-Kam,,1-4,1.50,DC,X2,away
05-07-2021,Stjordals,Groruddalen,,2-0,2.20,FT,1,home
05-07-2021,Ull/Kisa,Ranheim,,1-1,1.25,DC,12,draw
05-07-2021,Kristiansund,Brann,,3-2,1.90,FT,1,home
05-07-2021,Goteborg,Elfsborg,,0-1,3.10,FT,X,away
05-07-2021,Sandnes Ulf,Aalesund,,0-0,2.15,FT,2,draw
05-07-2021,KA Akureyri,KR Reykjavik,,1-2,1.40,DC,1X,away
05-07-2021,Progreso,P.Colonia,,1-2,2.30,FT,2,away
05-07-2021,Cerrito,Rentistas,,0-1,2.30,FT,1,away
05-07-2021,Liverpool M.,Wanderers,,2-1,1.90,FT,1,home
05-07-2021,Italy,Spain,,1-1,1.35,DC,1X,draw
05-07-2021,Sagan,Fukuoka,,1-0,3.15,FT,X,home
03-07-2021,Czech Republic,Denmark,,1-2,2.10,FT,2,away
03-07-2021,Cerro Largo,Fenix,,0-1,2.05,FT,1,away
03-07-2021,Zulia,Hermanos Colmenares,,2-2,1.25,DC,12,draw
03-07-2021,Columbus,New England,,2-2,1.60,DC,X2,draw
03-07-2021,CSA,CRB,,0-1,2.90,FT,1,away
03-07-2021,Athletico-PR,Fortaleza,,2-1,1.25,DC,1X,home
03-07-2021,America MG,Santos,,2-0,1.40,DC,1X,home
03-07-2021,Pelotas,Cruzeiro,,0-0,2.00,FT,2,draw
03-07-2021,Sampaio Correa,Londrina,,1-0,2.25,FT,1,home
03-07-2021,Uruguay,Colombia,,0-0,1.30,DC,1X,draw
03-07-2021,Montreal,Inter Miami,,1-0,1.30,DC,12,home
03-07-2021,Corinthians,Internacional,,1-1,3.00,FT,X,draw
03-07-2021,Avai,Botafogo,,1-1,2.40,FT,1,draw
03-07-2021,Chicago,Atlanta Utd,,3-0,2.10,FT,1,home
03-07-2021,Nashville,Philadelphia,,1-0,3.30,FT,X,home
03-07-2021,Vitoria,Goias,,1-1,2.70,FT,2,draw
02-07-2021,Aktobe,Akzhayik,,2-1,2.20,FT,1,home
02-07-2021,Groruddalen,Sandnes Ulf,,1-0,1.25,DC,12,home
02-07-2021,Jerv,Sogndal,,1-0,1.25,DC,12,home
02-07-2021,Kfum,Raufoss,,3-2,1.25,DC,12,home
02-07-2021,Strommen,Start,,2-1,2.00,FT,2,home
02-07-2021,El-Entag,El Gouna,,1-1,3.00,FT,X,draw
02-07-2021,Ranheim,Fredrikstad,,1-1,1.25,DC,12,draw
02-07-2021,Bohemians,St. Patricks,,3-2,1.30,DC,1X,home
02-07-2021,Drogheda,Finn Harps,,3-1,1.35,DC,1X,home
02-07-2021,Shamrock,Dundalk,,3-1,1.85,FT,1,home
02-07-2021,Belgium,Italy,,1-2,2.35,FT,2,away
02-07-2021,Peru,Paraguay,,3-3,2.70,FT,2,draw
02-07-2021,JEF United,Kusatsu,,2-0,2.10,FT,1,home
02-07-2021,Yamaga,Tokyo Verdy,,2-1,2.30,FT,2,home
02-07-2021,Mito Hollyhock,Yamaguchi,,0-0,2.05,FT,1,draw
02-07-2021,Sagamihara,Giravanz,,0-0,3.05,FT,X,draw
01-07-2021,Aluminium Arak,Esteghlal T.,,0-0,1.25,DC,X2,draw
01-07-2021,Mjondalen,Odd Grenland,,1-2,1.45,DC,1X,away
01-07-2021,Mes Rafsanjan,Foolad,,2-1,2.80,FT,X,home
01-07-2021,Naft Masjed,Sanat Naft,,1-2,1.25,DC,1X,away
01-07-2021,Thor,Vestri I.,,1-1,2.70,FT,2,draw
01-07-2021,Union Temuco,Huachipato,,2-2,1.25,DC,12,draw
01-07-2021,Afturelding,Grotta,,2-1,2.00,FT,2,home
01-07-2021,Fjolnir,Kordrengir,,0-0,1.90,FT,1,draw
01-07-2021,Vikingur O.,Throttur R.,,0-7,1.25,DC,12,away
01-07-2021,La Serena,Colo Colo,,1-3,2.25,FT,2,away
01-07-2021,Nublense,O’Higgins,,1-1,2.30,FT,1,draw
01-07-2021,Groruddalen,Sandnes Ulf,,1-0,2.40,FT,2,home
01-07-2021,Jerv,Sogndal,,1-0,2.20,FT,2,home
01-07-2021,Kfum,Raufoss,,3-2,1.35,DC,1X,home
01-07-2021,Strommen,Start,,2-1,2.00,FT,2,home
01-07-2021,Ranheim,Fredrikstad,,1-1,2.40,FT,1,draw
30-06-2021,Tractor,Zob Ahan,,1-0,1.20,DC,1X,home
30-06-2021,Saipa,Shahr Khodrou,,1-2,1.95,FT,1,away
30-06-2021,Haka,Honka,,1-1,1.30,DC,12,draw
30-06-2021,JIPPO,Gnistan,,1-4,2.20,FT,2,away
30-06-2021,KPV,RoPS,,1-1,2.15,FT,1,draw
30-06-2021,Mikkelin,PK-35,,Postp,1.50,DC,1X,postponed
30-06-2021,VPS,E.I.F.,,2-1,1.35,DC,1X,home
30-06-2021,Tromso,Kristiansund,,0-0,2.10,FT,1,draw
30-06-2021,Hassania Agadir,FUS Rabat,,0-0,1.90,FT,1,draw
30-06-2021,Brann,Lillestrom,,1-1,1.30,DC,12,draw
30-06-2021,Fluminense,Athletico-PR,,1-4,2.35,FT,1,away
30-06-2021,Ponte Preta,CSA,,2-1,2.20,FT,1,home
30-06-2021,Bahia,America MG,,3-4,1.25,DC,1X,away
30-06-2021,Internacional,Palmeiras,,1-2,3.10,FT,X,away
30-06-2021,Goias,Vasco da Gama,,1-0,3.00,FT,2,home
30-06-2021,Londrina,Avai,,1-3,2.80,FT,X,away
29-06-2021,England,Germany,,2-0,1.40,DC,1X,home
29-06-2021,Sud America,Progreso,,2-4,1.35,DC,X2,away
29-06-2021,Sweden,Ukraine,,1-1,2.35,FT,1,draw
29-06-2021,Wanderers,Cerrito,,1-0,1.25,DC,1X,home
29-06-2021,Confianca,Coritiba,,0-1,1.40,DC,X2,away
29-06-2021,CRB,Nautico,,1-1,3.00,FT,X,draw
29-06-2021,Remo,Sampaio Correa,,0-2,1.30,DC,1X,away
29-06-2021,Haka,Honka,,1-1,1.30,DC,12,draw
29-06-2021,JIPPO,Gnistan,,1-4,2.20,FT,2,away
29-06-2021,KPV,RoPS,,1-1,2.15,FT,1,draw
29-06-2021,Mikkelin,PK-35,,Postp,2.70,FT,1,postponed
29-06-2021,VPS,E.I.F.,,2-1,2.10,FT,1,home
29-06-2021,Tromso,Kristiansund,,0-0,2.10,FT,1,draw
29-06-2021,Brann,Lillestrom,,1-1,2.20,FT,1,draw
29-06-2021,Fluminense,Athletico-PR,,1-4,2.35,FT,1,away
29-06-2021,Ponte Preta,CSA,,2-1,2.20,FT,1,home
28-06-2021,Enppi,Al Moqawloon,,1-1,2.85,FT,X,draw
28-06-2021,P.Colonia,Cerro Largo,,1-1,1.30,DC,1X,draw
28-06-2021,Akranes,Keflavik,,2-2,2.25,FT,2,draw
28-06-2021,Atletico GO,Bragantino,,0-1,1.40,DC,X2,away
28-06-2021,Uruguay,Paraguay,,1-0,1.20,DC,1X,home
28-06-2021,England,Germany,,2-0,2.50,FT,1,home
28-06-2021,Sud America,Progreso,,2-4,1.35,DC,X2,away
28-06-2021,Sweden,Ukraine,,1-1,2.35,FT,1,draw
28-06-2021,Wanderers,Cerrito,,1-0,1.25,DC,1X,home
28-06-2021,Haka,Honka,,1-1,1.30,DC,12,draw
28-06-2021,JIPPO,Gnistan,,1-4,2.20,FT,2,away
28-06-2021,KPV,RoPS,,1-1,3.30,FT,X,draw
28-06-2021,Mikkelin,PK-35,,Postp,2.70,FT,1,postponed
28-06-2021,VPS,E.I.F.,,2-1,2.10,FT,1,home
28-06-2021,Tromso,Kristiansund,,0-0,2.10,FT,1,draw
28-06-2021,Brann,Lillestrom,,1-1,2.20,FT,1,draw
27-06-2021,Trollhattan,Oskarshamns,,1-1,1.30,DC,1X,draw
27-06-2021,IF Karlstad,Sylvia,,2-1,1.20,DC,12,home
27-06-2021,Orebro Syr.,Gefle,,1-0,2.20,FT,2,home
27-06-2021,El Gaish,NB Egypt,,0-2,1.25,DC,1X,away
27-06-2021,Paykan,Naft Masjed,,1-1,2.80,FT,X,draw
27-06-2021,Hafnarfjordur,KA Akureyri,,1-1,2.00,FT,1,draw
27-06-2021,Foolad,Sepahan,,0-0,2.80,FT,X,draw
27-06-2021,Smouha,SC Ismaily,,0-3,1.40,DC,12,away
27-06-2021,Belgium,Portugal,,1-0,1.35,DC,12,home
27-06-2021,Atlanta Utd,New York,,0-0,1.30,DC,12,draw
27-06-2021,Venezuela,Peru,,0-1,2.90,FT,X,away
27-06-2021,Austin,Columbus,,0-0,2.50,FT,1,draw
27-06-2021,Dallas,New England,,2-1,2.50,FT,2,home
27-06-2021,Richards Bay,Real Kings,,0-0,2.85,FT,2,draw
27-06-2021,Enppi,Al Moqawloon,,1-1,2.85,FT,X,draw
27-06-2021,Akranes,Keflavik,,2-2,2.25,FT,2,draw
26-06-2021,Slavia Mozyr,Energetik-BGU,,2-3,1.40,DC,X2,away
26-06-2021,Bel Abbes,Biskra,,1-0,1.30,DC,12,home
26-06-2021,Bordj Bou,Chlef,,1-0,1.25,DC,1X,home
26-06-2021,Shahr Khodrou,Tractor Sazi,,2-1,2.75,FT,X,home
26-06-2021,Fenix,River M.,,3-4,1.30,DC,X2,away
26-06-2021,Mouloudia O.,Ittihad Tanger,,0-0,2.15,FT,1,draw
26-06-2021,Sligo,Bohemians,,4-0,2.25,FT,2,home
26-06-2021,Sampaio Correa,Botafogo,,2-0,2.20,FT,2,home
26-06-2021,Rapide Oued Zem,Berrechid,,2-0,3.00,FT,X,home
26-06-2021,Port.Acarigua,Estudiantes De Merida,,3-0,2.50,FT,2,home
26-06-2021,Vitoria,Londrina,,1-2,2.05,FT,1,away
26-06-2021,Kansas City,Los Angeles,,2-1,1.25,DC,12,home
26-06-2021,Chicago,Philadelphia,,3-3,1.25,DC,12,draw
26-06-2021,Salt Lake,Houston,,1-1,2.05,FT,1,draw
26-06-2021,San Jose,Los Angeles Galaxy,,1-3,2.05,FT,1,away
26-06-2021,Portland,Minnesota,,0-1,1.95,FT,1,away
25-06-2021,El Gouna,Ceramica Cleopatra,,3-2,1.35,DC,X2,home
25-06-2021,Zob Ahan,Aluminium Arak,,1-1,1.25,DC,1X,draw
25-06-2021,Sarpsborg 08,Viking,,1-2,1.40,DC,1X,away
25-06-2021,Sanat Naft,Saipa,,1-0,2.15,FT,1,home
25-06-2021,Ghazl El Mahallah,Al Ittihad,,1-1,1.25,DC,X2,draw
25-06-2021,Aswan,Wadi Degla,,1-4,1.30,DC,X2,away
25-06-2021,Lillestrom,Rosenborg,,2-0,2.10,FT,2,home
25-06-2021,Athlone,Bray,,0-0,2.00,FT,2,draw
25-06-2021,Cabinteely,UCD,,1-2,1.85,FT,2,away
25-06-2021,Treaty United,Galway,,0-1,1.25,DC,12,away
25-06-2021,Inter Miami,Orlando City,,1-2,2.20,FT,2,away
25-06-2021,V-Varen Nagasaki,Jubilo Iwata,,0-1,3.15,FT,X,away
25-06-2021,Seongnam,Gangwon,,1-2,3.00,FT,X,away
25-06-2021,Tokyo Verdy,Tochigi,,2-1,2.25,FT,1,home
25-06-2021,Ryukyu,Yamaga,,4-0,2.00,FT,1,home
25-06-2021,Giravanz,JEF Chiba,,0-0,2.10,FT,2,draw
24-06-2021,Mariehamn,SJK,,0-1,2.20,FT,2,away
24-06-2021,Honka,Haka,,2-1,1.30,DC,12,home
24-06-2021,Bodo,Molde,,0-2,2.10,FT,1,away
24-06-2021,Haugesund,Brann,,1-0,1.90,FT,1,home
24-06-2021,Odd Grenland,Tromso,,3-0,1.25,DC,1X,home
24-06-2021,Stromsgodset,Sandefjord,,4-0,1.25,DC,12,home
24-06-2021,Lindome,Qviding,,1-1,3.50,FT,X,draw
24-06-2021,Stabaek,Valerenga,,0-2,1.95,FT,2,away
24-06-2021,Ceara CE,Atletico Mineiro,,2-1,1.30,DC,X2,home
24-06-2021,Chapecoense,Internacional,,1-2,1.90,FT,2,away
24-06-2021,Chile,Paraguay,,0-2,1.30,DC,1X,away
24-06-2021,Gremio,Santos,,2-2,1.20,DC,1X,draw
24-06-2021,Bahia,Athletico-PR,,2-1,2.50,FT,1,home
24-06-2021,Cruzeiro,Vasco da Gama,,2-1,2.85,FT,X,home
24-06-2021,El Gouna,Ceramica Cleopatra,,3-2,2.55,FT,2,home
24-06-2021,Sarpsborg 08,Viking,,1-2,2.40,FT,1,away
23-06-2021,Ilves,Inter Turku,,2-1,1.30,DC,12,home
23-06-2021,Lahti,HIFK,,0-0,1.30,DC,1X,draw
23-06-2021,Villa Espanola,Rentistas,,0-1,2.20,FT,2,away
23-06-2021,Sweden,Poland,,3-2,2.60,FT,2,home
23-06-2021,Montevideo City,Penarol,,0-1,1.45,DC,1X,away
23-06-2021,Londrina,Nautico,,0-0,1.25,DC,X2,draw
23-06-2021,Portugal,France,,2-2,1.25,DC,X2,draw
23-06-2021,Ecuador,Peru,,2-2,1.30,DC,1X,draw
23-06-2021,Atletico GO,Fluminense,,1-0,2.95,FT,X,home
23-06-2021,Bragantino,Palmeiras,,3-1,3.10,FT,X,home
23-06-2021,Philadelphia,Columbus,,1-0,1.85,FT,1,home
23-06-2021,Montreal,DC United,,0-0,2.25,FT,1,draw
23-06-2021,Houston,Portland,,2-2,2.05,FT,1,draw
23-06-2021,Nashville,Toronto,,3-2,2.00,FT,1,home
23-06-2021,Mariehamn,SJK,,0-1,2.30,FT,2,away
23-06-2021,Honka,Haka,,2-1,1.90,FT,1,home
22-06-2021,VPS,RoPS,,2-2,1.30,DC,1X,draw
22-06-2021,Asane,Sandnes,,2-2,1.25,DC,12,draw
22-06-2021,Groruddalen,Start,,1-4,2.10,FT,2,away
22-06-2021,Ranheim,Raufoss,,4-2,1.90,FT,1,home
22-06-2021,Ull/Kisa,Fredrikstad,,3-2,2.10,FT,2,home
22-06-2021,Ham-Kam,Sogndal,,2-1,3.10,FT,X,home
22-06-2021,Croatia,Scotland,,3-1,2.10,FT,1,home
22-06-2021,Ilves,Inter Turku,,2-1,2.20,FT,2,home
22-06-2021,Lahti,HIFK,,0-0,2.15,FT,1,draw
22-06-2021,Sweden,Poland,,3-2,1.30,DC,12,home
22-06-2021,Portugal,France,,2-2,1.25,DC,X2,draw
22-06-2021,Ecuador,Peru,,2-2,1.30,DC,1X,draw
22-06-2021,Montreal,DC United,,0-0,2.25,FT,1,draw
22-06-2021,Houston,Portland,,2-2,1.25,DC,12,draw
22-06-2021,Nashville,Toronto,,3-2,2.00,FT,1,home
22-06-2021,Vancouver,Los Angeles Galaxy,,1-2,2.80,FT,1,away
20-06-2021,Brann,Odd Grenland,,1-3,2.10,FT,1,away
20-06-2021,Haugesund,Kristiansund,,3-0,1.30,DC,1X,home
20-06-2021,Tromso,Lillestrom,,1-2,1.30,DC,12,away
20-06-2021,KA Akureyri,Valur,,0-1,1.30,DC,12,away
20-06-2021,Valerenga,Bodo,,1-1,2.25,FT,2,draw
20-06-2021,Atlanta Utd,Philadelphia,,2-2,2.40,FT,1,draw
20-06-2021,Berrechid,FUS Rabat,,2-1,1.40,DC,1X,home
20-06-2021,Girona,Rayo Vallecano,,0-2,2.45,FT,2,away
20-06-2021,Bahia,Corinthians,,0-0,1.30,DC,1X,draw
20-06-2021,Keflavik,Leiknir,,1-0,1.25,DC,12,home
20-06-2021,Santos,Sao Paulo,,2-0,2.75,FT,1,home
20-06-2021,Athletico-PR,Atletico GO,,2-1,2.00,FT,1,home
20-06-2021,Fortaleza CE,Fluminense,,1-1,3.00,FT,2,draw
20-06-2021,Juventude,Sport Recife,,1-0,3.10,FT,X,home
20-06-2021,Blaublitz,Albirex Niigata,,0-2,2.00,FT,2,away
20-06-2021,Ukraine,Austria,,0-1,2.00,FT,X,away
19-06-2021,Vasalunds,Landskrona,,0-3,1.30,DC,12,away
19-06-2021,FAR Rabat,Mouloudia Oujda,,1-0,2.80,FT,X,home
19-06-2021,Portugal,Germany,,2-4,1.35,DC,X2,away
19-06-2021,Dinamo Minsk,Bate Borisov,,0-2,1.30,DC,12,away
19-06-2021,Olympique de Safi,Moghreb Tetouan,,0-0,2.60,FT,X,draw
19-06-2021,Aragua,Lara,,0-0,3.10,FT,X,draw
19-06-2021,Chabab Mohammedia,Berkane,,2-0,1.35,DC,X2,home
19-06-2021,Cincinnati,Colorado Rapids,,0-2,1.30,DC,12,away
19-06-2021,Toronto,Orlando City,,2-3,2.50,FT,2,away
19-06-2021,DC United,Inter Miami,,1-0,2.25,FT,1,home
19-06-2021,Los Angeles Galaxy,Seattle Sounders,,1-2,2.70,FT,1,away
19-06-2021,Portland,Kansas City,,2-1,1.45,DC,1X,home
19-06-2021,Mjondalen,Stromsgodset,,1-1,3.10,FT,X,draw
19-06-2021,Brann,Odd Grenland,,1-3,2.10,FT,1,away
19-06-2021,Haugesund,Kristiansund,,3-0,2.20,FT,1,home
19-06-2021,Tromso,Lillestrom,,1-2,2.10,FT,1,away
18-06-2021,KFUM Oslo,Ranheim,,2-1,1.25,DC,12,home
18-06-2021,Stjordals Blink,Sandnes,,1-2,2.35,FT,2,away
18-06-2021,Croatia,Czech Republic,,1-1,1.35,DC,12,draw
18-06-2021,Nevezis Kedainiai,Banga,,0-2,1.40,DC,X2,away
18-06-2021,Wadi Degla,El Gouna,,0-0,3.00,FT,2,draw
18-06-2021,Fenix,Cerrito,,1-2,2.30,FT,1,away
18-06-2021,Bray,UC Dublin,,4-0,2.10,FT,1,home
18-06-2021,St. Patricks,Sligo Rovers,,2-0,1.20,DC,1X,home
18-06-2021,Athlone,Cork City,,0-2,2.20,FT,1,away
18-06-2021,Finn Harps,Derry City,,1-2,1.45,DC,X2,away
18-06-2021,New York,Nashville,,2-0,2.30,FT,1,home
18-06-2021,Argentina,Uruguay,,1-0,2.05,FT,1,home
18-06-2021,Fukuoka,Vissel Kobe,,1-2,2.35,FT,2,away
18-06-2021,Vitebsk,Rukh Brest,,0-0,2.10,FT,2,draw
18-06-2021,Sandefjord,Viking,,3-0,2.30,FT,2,home
18-06-2021,Portugal,Germany,,2-4,1.35,DC,X2,away
17-06-2021,Minsk,Energetik-BGU,,2-1,1.25,DC,12,home
17-06-2021,Alessandria,Padova,,0-0,2.40,FT,1,draw
17-06-2021,Denmark,Belgium,,1-2,2.05,FT,2,away
17-06-2021,Rigas,Riga,,3-1,1.90,FT,1,home
17-06-2021,Al Ittihad,Lel Makkasa,,2-1,2.70,FT,X,home
17-06-2021,P.Colonia,Liverpool M.,,2-1,1.35,DC,X2,home
17-06-2021,Ceara CE,Bahia,,1-2,1.35,DC,12,away
17-06-2021,Fluminense,Santos,,1-0,1.30,DC,12,home
17-06-2021,Stjordals,Sandnes Ulf,,1-2,1.25,DC,12,away
17-06-2021,Croatia,Czech Republic,,1-1,2.15,FT,1,draw
17-06-2021,Wadi Degla,El Gouna,,0-0,3.00,FT,2,draw
17-06-2021,Fenix,Cerrito,,1-3,2.30,FT,1,away
17-06-2021,Finn Harps,Derry City,,1-2,1.45,DC,X2,away
17-06-2021,New York,Nashville,,2-0,2.30,FT,1,home
17-06-2021,Fukuoka,Vissel Kobe,,1-2,3.10,FT,X,away
17-06-2021,Sanfrecce Hiroshima,Kashiwa Reysol,,1-0,3.30,FT,X,home
16-06-2021,Turkey,Wales,,0-2,2.40,FT,1,away
16-06-2021,NB Egypt,Enppi,,2-3,1.30,DC,X2,away
16-06-2021,Keflavik,Hk Kopavogur,,2-0,1.25,DC,12,home
16-06-2021,Ceramica Cleopatra,El Masry Club,,1-2,1.35,DC,X2,away
16-06-2021,Valur,Breidablik,,3-1,1.25,DC,12,home
16-06-2021,Internacional,Atletico Mineiro,,0-1,3.10,FT,X,away
16-06-2021,Corinthians,Bragantino,,1-2,3.00,FT,X,away
16-06-2021,Minsk,Energetik-BGU,,2-1,1.25,DC,12,home
16-06-2021,Alessandria,Padova,,0-0,2.40,FT,1,draw
16-06-2021,Denmark,Belgium,,1-2,2.05,FT,2,away
16-06-2021,Al Ittihad,Lel Makkasa,,2-1,2.70,FT,X,home
16-06-2021,P.Colonia,Liverpool M.,,2-1,2.40,FT,2,home
16-06-2021,Ceara CE,Bahia,,1-2,2.30,FT,1,away
16-06-2021,Fluminense,Santos,,1-0,2.00,FT,1,home
16-06-2021,Atletico GO,Fortaleza CE,,0-0,1.35,DC,12,draw
16-06-2021,Sport Recife,Gremio,,1-0,1.95,FT,2,home
15-06-2021,HIFK,Honka,,1-0,3.00,FT,1,home
15-06-2021,Haka,Lahti,,1-1,1.30,DC,12,draw
15-06-2021,KTP,AC Oulu,,1-3,2.35,FT,1,away
15-06-2021,Thailand,Malaysia,,0-1,2.00,FT,1,away
15-06-2021,El Entag,El Gaish,,1-2,2.60,FT,X,away
15-06-2021,Saudi Arabia,Uzbekistan,,3-0,1.30,DC,1X,home
15-06-2021,France,Germany,,1-0,3.20,FT,X,home
15-06-2021,Curacao,Panama,,0-0,1.40,DC,1X,draw
15-06-2021,Turkey,Wales,,0-2,2.40,FT,1,away
15-06-2021,NB Egypt,Enppi,,2-3,2.70,FT,X,away
15-06-2021,Internacional,Atletico Mineiro,,0-1,1.45,DC,X2,away
15-06-2021,Corinthians,Bragantino,,1-2,1.40,DC,X2,away
15-06-2021,Minsk,Energetik-BGU,,2-1,1.40,DC,1X,home
15-06-2021,Alessandria,Padova,,0-0,2.40,FT,1,draw
15-06-2021,Denmark,Belgium,,1-2,2.05,FT,2,away
15-06-2021,Al Ittihad,Lel Makkasa,,2-1,2.70,FT,X,home
14-06-2021,KuPS,Inter Turku,,1-0,1.30,DC,12,home
14-06-2021,SJK,Ilves,,1-0,1.35,DC,12,home
14-06-2021,Shahin Bushehr,Esteghlal K.,,2-1,1.20,DC,1X,home
14-06-2021,Esteghlal Molasani,Pars Jam,,2-1,2.70,FT,X,home
14-06-2021,Stabaek,Tromso,,0-3,2.30,FT,1,away
14-06-2021,Villa Espanola,Boston River,,2-2,2.95,FT,X,draw
14-06-2021,Vestur,Fuglafjordur,,1-0,2.20,FT,1,home
14-06-2021,HIFK,Honka,,1-0,3.00,FT,1,home
14-06-2021,Haka,Lahti,,1-1,1.30,DC,12,draw
14-06-2021,KTP,AC Oulu,,1-3,2.35,FT,1,away
14-06-2021,El Entag,El Gaish,,1-2,2.60,FT,X,away
14-06-2021,France,Germany,,1-0,3.10,FT,X,home
14-06-2021,CSA,Guarani,,1-1,1.25,DC,1X,draw
14-06-2021,Turkey,Wales,,0-2,2.35,FT,1,away
14-06-2021,NB Egypt,Enppi,,2-3,2.70,FT,X,away
14-06-2021,Ceramica Cleopatra,El Masry Club,,1-2,1.35,DC,X2,away
13-06-2021,Minsk Isloch,Dynamo Brest,,1-1,1.35,DC,X2,draw
13-06-2021,RoPS,TPS,,0-1,1.30,DC,X2,away
13-06-2021,Gnistan,Mikkelin Palloilijat,,0-2,2.10,FT,1,away
13-06-2021,JIPPO,Jaro,,0-2,1.90,FT,2,away
13-06-2021,MuSa,VPS,,3-0,2.35,FT,2,home
13-06-2021,Lillestrom,Haugesund,,2-1,1.40,DC,1X,home
13-06-2021,Sarpsborg 08,Brann,,0-0,1.35,DC,1X,draw
13-06-2021,Stromsgodset,Rosenborg,,2-1,1.95,FT,2,home
13-06-2021,Viking,Valerenga,,4-1,2.30,FT,2,home
13-06-2021,Millonarios,CPD Junior,,2-0,2.05,FT,1,home
13-06-2021,Rayo Vallecano,Girona,,1-2,1.25,DC,1X,away
13-06-2021,Atletico Mineiro,Sao Paulo,,1-0,2.10,FT,1,home
13-06-2021,Bragantino,Fluminense,,2-2,2.05,FT,1,draw
13-06-2021,Bahia,Internacional,,0-1,3.10,FT,X,away
13-06-2021,Chapecoense,Ceara CE,,0-0,1.30,DC,12,draw
13-06-2021,Vitoria,Operario PR,,0-0,2.90,FT,X,draw
12-06-2021,Akzhayik,Ordabasy S.,,0-1,1.25,DC,X2,away
12-06-2021,Karagandy,Kyzylzhar,,0-1,2.30,FT,1,away
12-06-2021,Asane,Start,,2-0,1.25,DC,12,home
12-06-2021,Groruddalen,Kfum,,2-2,1.25,DC,12,draw
12-06-2021,Jerv,Bryne,,2-1,1.25,DC,12,home
12-06-2021,Ranheim,Sogndal,,0-4,1.25,DC,12,away
12-06-2021,Sandnes Ulf,Raufoss,,1-1,2.35,FT,1,draw
12-06-2021,Ull Kisa,Stjordals,,4-1,2.35,FT,1,home
12-06-2021,Vikingur,Hafnarfjordur,,2-0,2.25,FT,1,home
12-06-2021,Aalesund,Fredrikstad,,2-2,2.30,FT,1,draw
12-06-2021,River M.,Progreso,,4-0,2.00,FT,1,home
12-06-2021,Sligo,Drogheda,,1-2,1.20,DC,1X,away
12-06-2021,Cerrito,P.Colonia,,1-2,2.80,FT,X,away
12-06-2021,Pelotas,Vasco da Gama,,1-2,2.00,FT,2,away
12-06-2021,Vila Nova,CSA,,1-0,2.65,FT,X,home
12-06-2021,Cruzeiro,Goias,,1-1,2.10,FT,1,draw
11-06-2021,Slavia Mozyr,Minsk,,1-2,1.25,DC,12,away
11-06-2021,Suduva,Zalgiris,,0-2,1.40,DC,X2,away
11-06-2021,AC Oulu,Honka,,0-2,1.95,FT,2,away
11-06-2021,Tunisia,Algeria,,0-2,2.95,FT,X,away
11-06-2021,Banga Gargzdai,Hegelmann Litauen,,0-2,1.30,DC,12,away
11-06-2021,Ljungskile,Utsiktens,,0-0,1.25,DC,12,draw
11-06-2021,Bray,Shelbourne,,1-4,2.05,FT,2,away
11-06-2021,Derry City,Bohemians D.,,1-1,2.30,FT,2,draw
11-06-2021,Atl. Venezuela,Mineros,,1-0,2.45,FT,2,home
11-06-2021,Sampaio Correa,Ponte Preta,,1-0,1.40,DC,X2,home
11-06-2021,Guarani,Nautico,,1-3,2.80,FT,X,away
11-06-2021,CC Mariners,Macarthur,,0-0,2.00,FT,1,draw
11-06-2021,IFK Malmo,Osterlen,,1-1,2.05,FT,1,draw
11-06-2021,AFC Eskilstuna,Falkenbergs,,1-1,2.45,FT,1,draw
11-06-2021,Vasteras,Osters,,0-0,1.30,DC,1X,draw
11-06-2021,Wales,Switzerland,,1-1,2.20,FT,2,draw
10-06-2021,KTP,HIFK,,0-2,2.10,FT,2,away
10-06-2021,Lahti,Ilves,,3-1,1.35,DC,1X,home
10-06-2021,SJK,KuPS,,0-1,2.20,FT,2,away
10-06-2021,Slavia Mozyr,Minsk,,1-2,1.25,DC,12,away
10-06-2021,AC Oulu,Honka,,0-2,1.95,FT,2,away
10-06-2021,Bray,Shelbourne,,1-4,2.05,FT,2,away
10-06-2021,Derry City,Bohemians D.,,1-1,2.30,FT,2,draw
10-06-2021,CC Mariners,Macarthur,,0-0,2.00,FT,1,draw
10-06-2021,AFC Eskilstuna,Falkenbergs,,1-1,1.30,DC,12,draw
10-06-2021,Vasteras,Osters,,0-0,1.30,DC,1X,draw
10-06-2021,Torquay,Notts County,,2-2,1.30,DC,12,draw
10-06-2021,Kristiansund,Odd Grenland,,2-0,2.00,FT,1,home
10-06-2021,Landskrona,Brage,,2-1,2.55,FT,1,home
10-06-2021,Orgryte,Jonkopings Sodra,,0-0,2.20,FT,2,draw
10-06-2021,Akropolis,Vasalunds,,3-2,2.15,FT,1,home
10-06-2021,Wales,Switzerland,,1-1,1.25,DC,X2,draw
09-06-2021,Avellino,Padova,,0-1,3.00,FT,X,away
09-06-2021,KTP,HIFK,,0-2,2.10,FT,2,away
09-06-2021,Lahti,Ilves,,3-1,1.35,DC,1X,home
09-06-2021,SJK,KuPS,,0-1,2.20,FT,2,away
09-06-2021,AC Oulu,Honka,,0-2,1.95,FT,2,away
09-06-2021,Derry City,Bohemians,,1-1,2.30,FT,2,draw
09-06-2021,CC Mariners,Macarthur,,0-0,2.00,FT,1,draw
09-06-2021,AFC Eskilstuna,Falkenbergs,,1-1,1.30,DC,12,draw
09-06-2021,Vasteras,Osters,,0-0,1.30,DC,1X,draw
09-06-2021,Torquay,Notts County,,2-2,1.55,DC,X2,draw
09-06-2021,Landskrona,Brage,,2-1,2.55,FT,1,home
09-06-2021,Orgryte,Jonkopings Sodra,,0-0,2.20,FT,2,draw
09-06-2021,Akropolis,Vasalunds,,3-2,2.15,FT,1,home
09-06-2021,Kristiansund,Odd Grenland,,2-0,2.00,FT,1,home
09-06-2021,Wales,Switzerland,,1-1,1.25,DC,X2,draw
09-06-2021,Asane,Start,,2-0,1.25,DC,12,home
08-06-2021,GAIS,Landskrona,,1-3,1.30,DC,1X,away
08-06-2021,Hungary,R.Ireland,,0-0,1.30,DC,1X,draw
08-06-2021,Morocco,Ghana,,1-0,1.85,FT,1,home
08-06-2021,Venezuela,Uruguay,,0-0,1.80,FT,2,draw
08-06-2021,Colombia,Argentina,,2-2,1.40,DC,X2,draw
08-06-2021,Avellino,Padova,,0-1,3.00,FT,X,away
08-06-2021,KTP,HIFK,,0-2,2.10,FT,2,away
08-06-2021,Lahti,Ilves,,3-1,1.35,DC,1X,home
08-06-2021,SJK,KuPS,,0-1,2.20,FT,2,away
08-06-2021,AC Oulu,Honka,,0-2,1.95,FT,2,away
08-06-2021,Derry City,Bohemians D.,,1-1,2.30,FT,2,draw
08-06-2021,CC Mariners,Macarthur,,0-0,2.00,FT,1,draw
08-06-2021,AFC Eskilstuna,Falkenbergs,,1-1,1.30,DC,12,draw
08-06-2021,Vasteras,Osters,,0-0,1.30,DC,1X,draw
08-06-2021,Landskrona,Brage,,2-1,2.55,FT,1,home
08-06-2021,Orgryte,Jonkopings Sodra,,0-0,2.20,FT,2,draw
07-06-2021,Jonkopings Sodra,Akropolis,,4-1,1.90,FT,1,home
07-06-2021,Vitoria,Nautico,,0-1,1.30,DC,X2,away
07-06-2021,Nublense,Audax Italiano,,1-0,1.40,DC,1X,home
07-06-2021,GAIS,Landskrona,,1-3,1.30,DC,1X,away
07-06-2021,Venezuela,Uruguay,,0-0,2.00,FT,2,draw
07-06-2021,Colombia,Argentina,,2-2,1.40,DC,X2,draw
07-06-2021,KTP,HIFK,,0-2,2.10,FT,2,away
07-06-2021,Lahti,Ilves,,3-1,2.40,FT,1,home
07-06-2021,SJK,KuPS,,0-1,2.20,FT,2,away
07-06-2021,AC Oulu,Honka,,0-2,1.95,FT,2,away
07-06-2021,Derry City,Bohemians D.,,1-1,1.35,DC,X2,draw
07-06-2021,Kristiansund,Odd Grenland,,2-0,2.00,FT,1,home
07-06-2021,Wales,Switzerland,,1-1,2.25,FT,2,draw
07-06-2021,Sligo,Drogheda,,1-2,1.20,DC,1X,away
07-06-2021,Sarpsborg 08,Brann,,0-0,2.20,FT,1,draw
07-06-2021,Lillestrom,Haugesund,,2-1,2.20,FT,1,home
06-06-2021,RoPS,E.I.F.,,0-0,1.30,DC,12,draw
06-06-2021,Sandecja,Niepolomice,,2-1,2.05,FT,1,home
06-06-2021,Pogon Siedlce,Motor Lublin,,3-3,1.40,DC,1X,draw
06-06-2021,JIPPO,VPS,,1-1,1.20,DC,X2,draw
06-06-2021,PK-35,TPS,,0-0,1.30,DC,X2,draw
06-06-2021,Union Espanola,Antofagasta,,1-1,1.25,DC,12,draw
06-06-2021,Norway,Greece,,1-2,2.20,FT,1,away
06-06-2021,America Mineiro,Corinthians,,0-1,3.00,FT,X,away
06-06-2021,Fortaleza CE,Internacional,,5-1,2.30,FT,2,home
06-06-2021,Ponte Preta,Vasco da Gama,,1-1,2.30,FT,2,draw
06-06-2021,Germany U21,Portugal U21,,1-0,1.35,DC,12,home
06-06-2021,Leganes,Rayo Vallecano,,1-2,2.05,FT,1,away
06-06-2021,Juventude,Athletico-PR,,0-3,2.35,FT,2,away
06-06-2021,Avai,Vila Nova,,1-1,1.90,FT,1,draw
06-06-2021,Melipilla,O’Higgins,,3-1,2.55,FT,2,home
06-06-2021,Jonkopings Sodra,Akropolis,,4-1,1.90,FT,1,home
05-06-2021,Belchatow,Jastrzebie,,0-2,1.30,DC,12,away
05-06-2021,Resovia,Chrobry Glogow,,1-0,2.30,FT,1,home
05-06-2021,Hammarby TFF,Orebro Syr.,,2-3,1.25,DC,12,away
05-06-2021,Hudiksvalls,Umea FC,,0-1,1.65,FT,2,away
05-06-2021,Sandvikens,Dalkurd,,3-2,2.10,FT,1,home
05-06-2021,Cobresal,Union La Calera,,0-1,2.30,FT,1,away
05-06-2021,Orgryte,Varnamo,,0-0,3.15,FT,X,draw
05-06-2021,Notts County,Chesterfield,,3-2,2.15,FT,1,home
05-06-2021,Boston River,Montevideo City,,1-2,2.00,FT,2,away
05-06-2021,P.Colonia,Nacional M.,,1-2,2.25,FT,2,away
05-06-2021,Almeria,Girona,,0-0,1.95,FT,1,draw
05-06-2021,Palestino,Universitad Chile,,0-0,1.30,DC,1X,draw
05-06-2021,Sud America,Cerrito,,0-0,1.30,DC,12,draw
05-06-2021,Atletico GO,Sao Paulo,,2-0,1.25,DC,X2,home
05-06-2021,Santos,Ceara CE,,3-1,2.00,FT,1,home
05-06-2021,Huachipato,Everton CD,,0-0,1.30,DC,12,draw
04-06-2021,Mikkelin Palloilijat,KPV,,2-1,1.25,DC,12,home
04-06-2021,Latvia,Lithuania,,3-1,3.05,FT,X,home
04-06-2021,Spain,Portugal,,0-0,1.30,DC,1X,draw
04-06-2021,Korona Kielce,Widzew,,1-1,2.50,FT,1,draw
04-06-2021,LKS Lodz,Lks Nieciecza,,3-2,2.25,FT,2,home
04-06-2021,Goias,Confianca,,2-0,1.90,FT,1,home
04-06-2021,Yamaguchi,Ehime,,2-2,2.25,FT,1,draw
04-06-2021,Kofu,Albirex Niigata,,2-2,1.40,DC,X2,draw
04-06-2021,Yamaga,M.Zelvia,,1-5,1.40,DC,X2,away
04-06-2021,Blaublitz,Ryukyu,,1-1,1.30,DC,12,draw
04-06-2021,Jeonnam D.,Seoul E.,,3-0,1.40,DC,X2,home
04-06-2021,Bucheon,Asan Mugun.,,1-0,2.45,FT,2,home
04-06-2021,Busan I Park,Gyeongnam FC,,2-3,2.95,FT,X,away
04-06-2021,Arka Gdynia,Radomiak,,0-2,2.50,FT,2,away
04-06-2021,Osters,Norrby,,0-0,2.25,FT,1,draw
04-06-2021,Brage,AFC Eskilstuna,,1-0,2.25,FT,1,home
03-06-2021,Spain U21,Portugal U21,,0-1,3.10,FT,X,away
03-06-2021,Berkane,Mouloudia Oujda,,3-1,2.05,FT,1,home
03-06-2021,Rayo Vallecano,Leganes,,3-0,2.75,FT,X,home
03-06-2021,Netherlands U21,Germany U21,,1-2,1.30,DC,12,away
03-06-2021,Bolivia,Venezuela,,3-1,1.90,FT,1,home
03-06-2021,Peru,Colombia,,0-3,2.20,FT,2,away
03-06-2021,Macarthur,Wellington,,0-3,1.30,DC,12,away
03-06-2021,Kusatsu,Mito Hollyhock,,2-1,3.20,FT,X,home
03-06-2021,Mikkelin Palloilijat,KPV,,2-1,1.25,DC,12,home
03-06-2021,Latvia,Lithuania,,3-1,3.05,FT,X,home
03-06-2021,Spain,Portugal,,0-0,1.30,DC,1X,draw
03-06-2021,Korona Kielce,Widzew,,1-1,2.50,FT,1,draw
03-06-2021,LKS Lodz,Lks Nieciecza,,3-2,2.25,FT,2,home
03-06-2021,Yamaguchi,Ehime,,2-2,2.25,FT,1,draw
03-06-2021,Kofu,Albirex Niigata,,2-2,1.40,DC,X2,draw
03-06-2021,Yamaga,M.Zelvia,,1-5,1.40,DC,X2,away
02-06-2021,Alessandria,FeralpiSalo,,1-0,1.25,DC,1X,home
02-06-2021,Ranheim,Start,,1-1,2.25,FT,1,draw
02-06-2021,AmaZulu,Swallows,,1-0,1.30,DC,1X,home
02-06-2021,Kaizer Chiefs,Golden Arrows,,3-2,1.30,DC,12,home
02-06-2021,Supersport,Maritzburg,,2-0,2.10,FT,1,home
02-06-2021,Sudtirol,Avellino,,1-0,2.25,FT,1,home
02-06-2021,Belarus,Azerbaijan,,1-2,1.60,DC,X2,away
02-06-2021,B&H,Montenegro,,0-0,1.80,FT,1,draw
02-06-2021,Girona,Almeria,,3-0,1.40,DC,1X,home
02-06-2021,Germany,Denmark,,1-1,2.10,FT,1,draw
02-06-2021,Penarol,P.Colonia,,0-0,1.90,FT,1,draw
02-06-2021,Adelaide,Sydney W.,,2-2,2.00,FT,1,draw
02-06-2021,Spain U21,Portugal U21,,0-1,3.10,FT,X,away
02-06-2021,Rayo Vallecano,Leganes,,3-0,2.75,FT,X,home
02-06-2021,Netherlands U21,Germany U21,,1-2,1.30,DC,12,away
02-06-2021,Bolivia,Venezuela,,3-1,1.90,FT,1,home
01-06-2021,Macedonia,Slovenia,,1-1,1.35,DC,1X,draw
01-06-2021,Lithuania,Estonia,,0-1,1.25,DC,1X,away
01-06-2021,Sundsvall,Jonkopings Sodra,,1-2,2.10,FT,1,away
01-06-2021,Poland,Russia,,1-1,1.40,DC,1X,draw
01-06-2021,Operario PR,Guarani,,2-5,1.25,DC,1X,away
01-06-2021,Brisbane Roar,Perth Glory,,2-1,1.25,DC,12,home
01-06-2021,Shimizu SP,Kashima A.,,0-1,1.90,FT,2,away
01-06-2021,Bellmare S.,Gamba Osaka,,0-0,2.80,FT,2,draw
01-06-2021,Alessandria,FeralpiSalo,,1-0,1.95,FT,1,home
01-06-2021,Ranheim,Start,,1-1,1.25,DC,12,draw
01-06-2021,Sudtirol,Avellino,,1-0,2.25,FT,1,home
01-06-2021,Belarus,Azerbaijan,,1-2,3.20,FT,X,away
01-06-2021,B&H,Montenegro,,0-0,1.80,FT,1,draw
01-06-2021,Girona,Almeria,,3-0,2.50,FT,1,home
01-06-2021,Germany,Denmark,,1-1,2.10,FT,1,draw
01-06-2021,Penarol,P.Colonia,,0-0,1.90,FT,1,draw
31-05-2021,Morecambe,Newport,,0-0,1.40,DC,X2,draw
31-05-2021,Netherlands U21,France U21,,2-1,2.20,FT,2,home
31-05-2021,Vasteras,Brage,,2-2,1.30,DC,1X,draw
31-05-2021,Kfum,Ull Kisa,,4-0,2.00,FT,1,home
31-05-2021,Qviding,Utsiktens,,0-1,1.25,DC,12,away
31-05-2021,Rentistas,Wanderers,,0-1,1.45,DC,X2,away
31-05-2021,Racing Club,Boca Juniors,,0-0,1.95,FT,2,draw
31-05-2021,Denmark U21,Germany U21,,1-1,1.90,FT,2,draw
31-05-2021,Portugal U21,Italy U21,,3-3,2.00,FT,1,draw
31-05-2021,Antofagasta,Huachipato,,1-0,1.35,DC,1X,home
31-05-2021,Montevideo City,Fenix,,2-0,2.00,FT,1,home
31-05-2021,Union La Calera,Nublense,,1-0,2.10,FT,1,home
31-05-2021,Colon,Independiente,,2-0,2.95,FT,X,home
31-05-2021,Audax Italiano,Universitad Chile,,2-1,3.00,FT,X,home
31-05-2021,Sundsvall,Jonkopings Sodra,,1-2,1.30,DC,1X,away
31-05-2021,Poland,Russia,,1-1,2.25,FT,1,draw
30-05-2021,Blackpool,Lincoln,,2-1,1.35,DC,1X,home
30-05-2021,Wolfsberger,Austria Vienna,,1-2,2.20,FT,1,away
30-05-2021,Mariehamn,Lahti,,0-3,2.35,FT,2,away
30-05-2021,Klubi 04,PK-35,,0-1,1.95,FT,2,away
30-05-2021,Brann,Stromsgodset,,3-0,2.15,FT,1,home
30-05-2021,Tromso,Sarpsborg 08,,0-2,2.10,FT,1,away
30-05-2021,Albacete,Fuenlabrada,,1-2,1.30,DC,12,away
30-05-2021,Haugesund,Viking,,4-2,1.30,DC,12,home
30-05-2021,Macara,Aucas,,1-0,3.20,FT,X,home
30-05-2021,Alcorcon,Espanyol,,1-0,1.30,DC,12,home
30-05-2021,Cartagena,Girona,,1-1,1.35,DC,12,draw
30-05-2021,Malaga,Castellon,,3-0,1.90,FT,1,home
30-05-2021,Zaragoza,Leganes,,0-5,1.35,DC,X2,away
30-05-2021,Ceara CE,Gremio,,3-2,2.25,FT,2,home
30-05-2021,Chapecoense,Bragantino,,0-3,2.10,FT,2,away
30-05-2021,Athletico PR,America Minerio,,1-0,2.10,FT,1,home
29-05-2021,Brentford,Swansea,,2-0,1.85,FT,1,home
29-05-2021,KPV,Jaro,,0-2,1.25,DC,12,away
29-05-2021,Atyrau,Akzhayik,,2-0,1.90,FT,1,home
29-05-2021,Ventspils,Spartaks Jurmala,,0-0,2.40,FT,1,draw
29-05-2021,Pardubice,Jablonec,,0-1,2.80,FT,1,away
29-05-2021,M.Boleslav,Bohemians 1905,,3-1,2.10,FT,1,home
29-05-2021,Teplice,Pribram,,2-2,1.90,FT,1,draw
29-05-2021,Holstein Kiel,Koln,,1-5,2.00,FT,2,away
29-05-2021,Liverpool M.,Cerro Largo,,3-0,2.00,FT,1,home
29-05-2021,Tenerife,Oviedo,,2-2,1.25,DC,1X,draw
29-05-2021,New York,Orlando City,,2-1,1.30,DC,12,home
29-05-2021,Villa Espanola,P.Colonia,,1-3,1.30,DC,X2,away
29-05-2021,Columbus,Toronto,,2-1,1.30,DC,1X,home
29-05-2021,Manchester City,Chelsea,,0-1,1.90,FT,1,away
29-05-2021,Atlanta Utd,Nashville,,2-1,1.30,DC,1X,home
29-05-2021,Cerrito,Progreso,,0-0,2.90,FT,X,draw
28-05-2021,Lel Makkasa,Ghazl El Mahallah,,1-0,1.25,DC,1X,home
28-05-2021,Finn Harps,Sligo Rovers,,1-2,1.30,DC,X2,away
28-05-2021,Aarhus,Aalborg,,1-1,1.30,DC,12,draw
28-05-2021,Dinamo Minsk,Rukh Brest,,0-1,1.80,FT,1,away
28-05-2021,Drogheda,Derry City,,1-2,3.20,FT,X,away
28-05-2021,St. Patricks,Dundalk,,0-2,1.45,DC,1X,away
28-05-2021,Athlone,UCD,,2-3,2.30,FT,2,away
28-05-2021,Treaty United,Bray,,2-0,1.90,FT,2,home
28-05-2021,Cobh Ramblers,Cork City,,1-0,2.10,FT,2,home
28-05-2021,Fjolnir,Fram,,0-1,2.50,FT,2,away
28-05-2021,Zulia,Portuguesa,,1-2,2.20,FT,1,away
28-05-2021,Sol de America,Guairena,,0-0,3.00,FT,X,draw
28-05-2021,Gran Valencia,Dep.Lara,,3-3,1.30,DC,X2,draw
28-05-2021,Olmedo,Manta,,1-1,2.20,FT,1,draw
28-05-2021,Guarani Asuncion,Cerro Porteno,,2-0,1.35,DC,X2,home
28-05-2021,Curico Unido,Union Espanola,,1-2,2.35,FT,2,away
27-05-2021,Lillestrom,Odd Grenland,,1-0,1.25,DC,12,home
27-05-2021,Sarpsborg 08,Kristiansund,,0-1,2.15,FT,1,away
27-05-2021,Stabaek,Brann,,2-0,1.40,DC,1X,home
27-05-2021,Stromsgodset,Tromso,,1-1,2.15,FT,1,draw
27-05-2021,Ingolstadt,Osnabruck,,3-0,2.10,FT,1,home
27-05-2021,Austria Vienna,Wolfsberger,,3-0,1.25,DC,12,home
27-05-2021,Hvidovre,Hobro IK,,4-0,2.05,FT,1,home
27-05-2021,Kolding IF,Skive,,2-0,2.05,FT,1,home
27-05-2021,Chindia T.,Viitorul,,2-3,2.20,FT,2,away
27-05-2021,Berrechid,Moghreb Tetouan,,0-3,2.95,FT,X,away
27-05-2021,Thun,Sion,,1-4,2.40,FT,1,away
27-05-2021,Toulouse,Nantes,,1-2,2.70,FT,1,away
27-05-2021,Venezia,Cittadella,,1-1,1.25,DC,1X,draw
27-05-2021,Chabab Mohammedia,Raja Casablanca,,1-2,2.30,FT,2,away
27-05-2021,Defensa Justicia,Ind. del Valle,,1-1,1.30,DC,12,draw
27-05-2021,Santos Laguna,Cruz Azul,,0-1,1.30,DC,1X,away
26-05-2021,NB Egypt,Smouha,,2-2,1.30,DC,X2,draw
26-05-2021,Borac B.,Sarajevo,,0-0,1.30,DC,12,draw
26-05-2021,CS Universitatea,Clinceni,,0-0,2.10,FT,1,draw
26-05-2021,Chindia T.,Viitorul,,2-3,2.20,FT,2,away
26-05-2021,Skikda,Ain Mlila,,2-0,1.35,DC,12,home
26-05-2021,Tlemcen,Oran,,0-2,1.30,DC,X2,away
26-05-2021,Altinordu,Altay,,0-1,1.80,FT,2,away
26-05-2021,Esbjerg,Helsingor,,2-2,1.25,DC,12,draw
26-05-2021,Sogndal,Fredrikstad,,1-2,2.25,FT,1,away
26-05-2021,Arda Kardzhali,Lokomotiv Plovdiv,,3-3,2.10,FT,2,draw
26-05-2021,CSKA 1948,Ludogorets,,3-1,1.95,FT,1,home
26-05-2021,Hapoel B.S.,Maccabi Petach Tikva,,2-0,2.15,FT,1,home
26-05-2021,Ceramica Cleopatra,Enppi,,0-2,2.60,FT,X,away
26-05-2021,Al Batin,Dhamk,,0-2,2.20,FT,1,away
26-05-2021,Villarreal,Manchester Utd,,1-1,1.90,FT,2,draw
26-05-2021,El Jadidi,FUS Rabat,,3-1,1.45,DC,X2,home
25-05-2021,Asane,Raufoss,,2-1,2.45,FT,2,home
25-05-2021,Strommen,Bryne,,0-2,1.25,DC,12,away
25-05-2021,Crvena zvezda,Partizan,,0-0,2.10,FT,1,draw
25-05-2021,Wadi Degla,El Gaish,,0-1,1.95,FT,2,away
25-05-2021,Al Ittihad,El Gouna,,0-1,1.20,DC,1X,away
25-05-2021,Aswan,Ghazl El Mahallah,,1-0,1.35,DC,X2,home
25-05-2021,Cerro Porteno,America De Cali,,1-0,1.85,FT,1,home
25-05-2021,Sydney W.,Wellington,,1-2,1.25,DC,12,away
25-05-2021,Sapporo,Sangan,,0-0,2.15,FT,1,draw
25-05-2021,Kashiwa R.,Vissel Kobe,,1-2,2.60,FT,1,away
25-05-2021,Shimizu SP,Tokyo,,3-0,2.20,FT,2,home
25-05-2021,NB Egypt,Smouha,,2-2,2.20,FT,2,draw
25-05-2021,CS Universitatea,Clinceni,,0-0,1.30,DC,12,draw
25-05-2021,Sogndal,Fredrikstad,,1-2,2.30,FT,1,away
25-05-2021,Arda Kardzhali,Lokomotiv Plovdiv,,3-3,2.10,FT,2,draw
25-05-2021,Hapoel B.S.,Maccabi Petach Tikva,,2-0,1.40,DC,1X,home
24-05-2021,Haugesund,Stabaek,,0-0,1.30,DC,1X,draw
24-05-2021,Kristiansund,Stromsgodset,,1-0,1.25,DC,12,home
24-05-2021,Lillestrom,Viking,,1-3,1.50,DC,X2,away
24-05-2021,Oviedo,Mirandes,,1-1,1.30,DC,1X,draw
24-05-2021,Elfsborg,Norrkoping,,1-0,2.50,FT,1,home
24-05-2021,Trelleborgs,Vasteras,,0-1,1.30,DC,1X,away
24-05-2021,Varnamo,Akropolis,,1-0,2.25,FT,1,home
24-05-2021,Bohemians,Dundalk,,5-1,3.20,FT,X,home
24-05-2021,Derry City,St. Patricks,,2-2,3.05,FT,X,draw
24-05-2021,Rosenborg,Molde,,2-3,2.35,FT,1,away
24-05-2021,River M.,Liverpool M.,,3-2,1.30,DC,X2,home
24-05-2021,Kilmarnock,Dundee,,1-2,2.00,FT,1,away
24-05-2021,Castellon,Rayo Vallecano,,0-2,2.00,FT,2,away
24-05-2021,Girona,Alcorcon,,1-0,2.00,FT,1,home
24-05-2021,Las Palmas,Albacete,,3-2,2.10,FT,1,home
24-05-2021,Sud America,Villa Espanola,,2-1,2.90,FT,X,home
23-05-2021,Fulham,Newcastle,,0-2,1.25,DC,12,away
23-05-2021,Leicester,Tottenham,,2-4,2.00,FT,1,away
23-05-2021,Sheffield Utd,Burnley,,1-0,2.80,FT,1,home
23-05-2021,Wolverhampton,Manchester Utd,,1-2,2.50,FT,1,away
23-05-2021,Jablonec,Slavia Prague,,1-1,3.30,FT,X,draw
23-05-2021,Karvina,Teplice,,2-0,1.30,DC,12,home
23-05-2021,Granada,Getafe,,0-0,1.30,DC,12,draw
23-05-2021,Antwerp,Anderlecht,,1-0,2.10,FT,2,home
23-05-2021,Club Brugge,Genk,,1-2,1.25,DC,12,away
23-05-2021,Forest Green,Newport,,4-2,2.50,FT,1,home
23-05-2021,Atalanta,Milan,,0-2,1.25,DC,12,away
23-05-2021,Sassuolo,Lazio,,2-0,1.90,FT,1,home
23-05-2021,Metz,Olympique Marseille,,1-1,2.10,FT,2,draw
23-05-2021,Reims,Bordeaux,,1-2,2.85,FT,X,away
23-05-2021,Strasbourg,Lorient,,1-1,2.15,FT,X,draw
23-05-2021,Braga,Benfica,,2-0,1.25,DC,X2,home
22-05-2021,Lahti,Honka,,1-0,3.20,FT,X,home
22-05-2021,Sunderland,Lincoln,,2-1,1.90,FT,1,home
22-05-2021,Rapid,LASK,,3-0,1.25,DC,12,home
22-05-2021,Wolfsberger,Sturm,,1-3,2.00,FT,2,away
22-05-2021,Rijeka,Hnk Gorica,,2-1,2.15,FT,1,home
22-05-2021,Osijek,Istra 1961,,2-1,1.25,DC,12,home
22-05-2021,Istanbulspor,Altay,,0-1,2.65,FT,1,away
22-05-2021,Ostersunds,Sirius,,3-0,1.55,DC,1X,home
22-05-2021,Celta Vigo,Betis,,2-3,2.10,FT,2,away
22-05-2021,Hafnarfjordur,KR Reykjavik,,0-2,2.20,FT,1,away
22-05-2021,Piedade,Casa Pia,,4-0,1.30,DC,1X,home
22-05-2021,Swansea,Barnsley,,1-1,1.35,DC,12,draw
22-05-2021,Mechelen,Gent,,1-2,1.25,DC,12,away
22-05-2021,Standard,Oostende,,1-3,2.20,FT,1,away
22-05-2021,Cagliari,Genoa,,0-1,2.10,FT,1,away
22-05-2021,Crotone,Fiorentina,,0-0,1.90,FT,2,draw
21-05-2021,St. Patricks,Bohemians,,2-1,1.30,DC,1X,home
21-05-2021,Montana,Botev Vratsa,,1-1,1.30,DC,12,draw
21-05-2021,Slavia Sofia,Etar,,0-2,1.30,DC,12,away
21-05-2021,KA Akureyri,Vikingur,,0-1,1.35,DC,1X,away
21-05-2021,Luzern,Lugano,,1-2,2.20,FT,1,away
21-05-2021,Servette,St. Gallen,,1-2,1.90,FT,1,away
21-05-2021,Sion,Basel,,4-0,2.60,FT,1,home
21-05-2021,Zurich,Vaduz,,4-1,2.15,FT,2,home
21-05-2021,Morton,Airdrie,,3-0,1.90,FT,1,home
21-05-2021,Blackpool,Oxford Utd,,3-3,2.30,FT,1,draw
21-05-2021,Dundalk,Shamrock Rovers,,2-1,1.30,DC,X2,home
21-05-2021,Finn Harps,Drogheda,,0-1,2.90,FT,2,away
21-05-2021,Cabinteely,Treaty United,,2-1,1.30,DC,12,home
21-05-2021,Cork City,Galway,,1-1,2.30,FT,2,draw
21-05-2021,Enppi,Wadi Degla,,0-0,2.40,FT,1,draw
21-05-2021,Fylkir,Keflavik,,4-2,2.20,FT,1,home
20-05-2021,Horsens,Sonderjyske,,1-2,2.15,FT,2,away
20-05-2021,Lyngby,Odense,,1-2,1.25,DC,12,away
20-05-2021,Groruddalen,Strommen,,1-0,2.15,FT,1,home
20-05-2021,Ull Kisa,Asane,,0-1,2.15,FT,2,away
20-05-2021,Lecce,Venezia,,1-1,2.10,FT,1,draw
20-05-2021,NEC,Roda,,3-0,1.25,DC,12,home
20-05-2021,Tranmere,Morecambe,,1-2,3.05,FT,X,away
20-05-2021,Malaga,Girona,,0-1,2.00,FT,2,away
20-05-2021,Chiasso,Xamax,,2-1,1.25,DC,12,home
20-05-2021,Winterthur,Schaffhausen,,1-2,1.25,DC,12,away
20-05-2021,Aarhus,Brondby,,1-2,1.25,DC,12,away
20-05-2021,Dumbarton,Edinburgh City,,0-1,1.95,FT,1,away
20-05-2021,Monza,Cittadella,,2-0,1.90,FT,1,home
20-05-2021,Anderlecht,Club Brugge,,3-3,2.15,FT,2,draw
20-05-2021,El Masry,Al Ittihad,,1-0,2.70,FT,X,home
20-05-2021,Dundee,Kilmarnock,,2-1,1.25,DC,12,home
19-05-2021,Nordsjaelland,Randers,,2-1,2.30,FT,1,home
19-05-2021,Oostende,Mechelen,,2-2,1.25,DC,12,draw
19-05-2021,Everton,Wolverhampton,,1-0,1.85,FT,1,home
19-05-2021,Lincoln,Sunderland,,2-0,2.95,FT,X,home
19-05-2021,Alcorcon,Sabadell,,2-0,1.25,DC,1X,home
19-05-2021,Ud Logrones,Fuenlabrada,,1-0,1.30,DC,1X,home
19-05-2021,Copenhagen,Midtjylland,,4-2,2.35,FT,1,home
19-05-2021,Stabaek,Odd Grenland,,2-2,1.30,DC,12,draw
19-05-2021,Atalanta,Juventus,,1-2,2.45,FT,1,away
19-05-2021,Gil Vicente,Boavista,,1-2,2.00,FT,2,away
19-05-2021,Moreirense,Famalicao,,3-0,1.30,DC,X2,home
19-05-2021,Portimonense,Braga,,0-0,1.45,DC,1X,draw
19-05-2021,Santa Clara,Farense,,4-0,2.20,FT,1,home
19-05-2021,Guimaraes,Benfica,,1-3,2.90,FT,1,away
19-05-2021,Monaco,PSG,,0-2,1.80,FT,2,away
19-05-2021,Mirandes,Leganes,,0-0,1.95,FT,2,draw
18-05-2021,Degerfors,Orebro,,3-0,2.05,FT,1,home
18-05-2021,GAIS,Trelleborgs,,2-3,1.30,DC,X2,away
18-05-2021,Landskrona,Falkenbergs,,2-1,2.40,FT,2,home
18-05-2021,Southampton,Leeds,,0-2,1.25,DC,12,away
18-05-2021,Oxford Utd,Blackpool,,0-3,1.40,DC,1X,away
18-05-2021,Cartagena,Almeria,,3-2,2.00,FT,2,home
18-05-2021,Antalyaspor,Besiktas,,0-2,1.75,FT,2,away
18-05-2021,Wrexham,Notts Co,,0-1,1.30,DC,12,away
18-05-2021,Lazio,Torino,,0-0,3.30,FT,X,draw
18-05-2021,Airdrie,Morton,,0-1,2.30,FT,2,away
18-05-2021,Weymouth,Boreham Wood,,1-3,3.00,FT,1,away
18-05-2021,Aldershot,Eastleigh,,1-3,2.30,FT,2,away
18-05-2021,Yeovil,Maidenhead,,0-0,2.00,FT,1,draw
18-05-2021,Newport,Forest Green,,2-0,1.30,DC,1X,home
18-05-2021,Albacete,Lugo,,1-1,2.30,FT,1,draw
18-05-2021,Ponferradina,Espanyol,,1-4,2.20,FT,2,away
17-05-2021,Alianza Universidad,Cajamarca,,1-2,2.95,FT,X,away
17-05-2021,Cittadella,Monza,,3-0,3.00,FT,X,home
17-05-2021,Mjallby,Hacken,,1-1,1.35,DC,X2,draw
17-05-2021,Varbergs,Norrkoping,,2-1,2.10,FT,2,home
17-05-2021,Vasteras,Varnamo,,0-0,1.30,DC,1X,draw
17-05-2021,Bournemouth,Brentford,,1-0,3.10,FT,X,home
17-05-2021,Lubeck,Zwickau,,1-2,1.25,DC,12,away
17-05-2021,Oviedo,Malaga,,1-0,1.20,DC,1X,home
17-05-2021,Sport Boys,Alianza Lima,,0-2,1.25,DC,X2,away
17-05-2021,Edinburgh City,Dumbarton,,1-3,3.25,FT,X,away
17-05-2021,Verona,Bologna,,2-2,3.00,FT,2,draw
17-05-2021,Venezia,Lecce,,1-0,1.45,DC,X2,home
17-05-2021,Girona,Gijon,,1-0,2.50,FT,1,home
17-05-2021,Barnsley,Swansea,,0-1,3.00,FT,X,away
17-05-2021,Hk Kopavogur,Hafnarfjordur,,1-3,2.00,FT,2,away
17-05-2021,KR Reykjavik,Valur,,2-3,2.35,FT,2,away
16-05-2021,Fuenlabrada,Rayo Vallecano,,1-2,2.35,FT,2,away
16-05-2021,Casa Pia,Varzim,,3-0,1.30,DC,12,home
16-05-2021,Mechelen,Standard Liege,,3-1,1.30,DC,12,home
16-05-2021,Copenhagen,Brondby,,2-1,2.10,FT,1,home
16-05-2021,Hammarby TFF,Djurgarden,,2-2,2.10,FT,2,draw
16-05-2021,Belenenses,Santa Clara,,0-2,1.50,DC,1X,away
16-05-2021,Cadiz,Elche,,1-3,1.35,DC,X2,away
16-05-2021,Valencia,Eibar,,4-1,2.50,FT,1,home
16-05-2021,Villarreal,Sevilla,,4-0,2.85,FT,1,home
16-05-2021,AEK,Aris,,0-0,1.30,DC,1X,draw
16-05-2021,RB Leipzig,Wolfsburg,,2-2,1.30,DC,12,draw
16-05-2021,Maritimo,Guimaraes,,0-0,3.00,FT,X,draw
16-05-2021,Bordeaux,Lens,,3-0,2.10,FT,2,home
16-05-2021,Montpellier,Brest,,0-0,2.80,FT,2,draw
16-05-2021,Nice,Strasbourg,,0-2,2.05,FT,2,away
16-05-2021,Sepsi,FCSB,,2-2,2.10,FT,2,draw
15-05-2021,Southampton,Fulham,,3-1,2.00,FT,1,home
15-05-2021,Castellon,Ponferradina,,0-2,2.10,FT,1,away
15-05-2021,Boavista,Portimonense,,1-0,1.30,DC,12,home
15-05-2021,Ankaragucu,Alanyaspor,,0-1,1.25,DC,12,away
15-05-2021,Antalyaspor,Konyaspor,,0-0,2.15,FT,2,draw
15-05-2021,Rizespor,Basaksehir,,0-2,1.35,DC,X2,away
15-05-2021,Juventus,Inter,,3-2,2.15,FT,1,home
15-05-2021,Chelsea,Leicester,,0-1,1.90,FT,1,away
15-05-2021,Lugo,Mirandes,,2-1,2.30,FT,1,home
15-05-2021,Benfica,Sporting,,4-3,1.95,FT,1,home
15-05-2021,Lugano,Sion,,3-1,2.90,FT,2,home
15-05-2021,Vaduz,Servette,,1-3,2.45,FT,2,away
15-05-2021,Roma,Lazio,,2-0,1.30,DC,12,home
15-05-2021,Anderlecht,Genk,,1-2,2.25,FT,1,away
15-05-2021,Brighton,West Ham,,1-1,1.30,DC,12,draw
15-05-2021,Las Palmas,Zaragoza,,0-2,1.40,DC,X2,away
14-05-2021,Clinceni,Botosani,,4-3,1.30,DC,X2,home
14-05-2021,Etar,Botev Vratsa,,2-0,1.30,DC,12,home
14-05-2021,NB Egypt,Al Moqawloon,,0-1,2.35,FT,2,away
14-05-2021,Honka,Inter Turku,,1-2,1.35,DC,X2,away
14-05-2021,Al Ettifaq,Al Shabab R.,,4-3,1.90,FT,2,home
14-05-2021,Al Faisaly,Abha,,2-1,1.90,FT,1,home
14-05-2021,Finn Harps,Dundalk,,1-1,1.85,FT,2,draw
14-05-2021,Saarbrucken,SV Meppen,,2-0,1.25,DC,12,home
14-05-2021,Vejle Kolding,Odense,,2-2,1.40,DC,1X,draw
14-05-2021,Montana,Slavia Sofia,,0-2,1.30,DC,12,away
14-05-2021,Chindia T.,Viitorul,,0-2,2.05,FT,2,away
14-05-2021,Schaffhausen,Chiasso,,1-1,1.80,FT,1,draw
14-05-2021,Thun,Aarau,,1-3,2.15,FT,1,away
14-05-2021,Xamax,Grasshoppers,,1-1,1.95,FT,2,draw
14-05-2021,Al Ahli Jeddah,Al Qadisiyah Khubar,,1-0,1.80,FT,1,home
14-05-2021,Drogheda,St. Patricks,,3-1,1.85,FT,2,home
13-05-2021,Halmstad,Mjallby,,1-1,1.55,DC,X2,draw
13-05-2021,AIK,Malmo,,1-1,2.20,FT,2,draw
13-05-2021,Aston Villa,Everton,,0-0,2.60,FT,2,draw
13-05-2021,Valladolid,Villarreal,,0-2,2.00,FT,2,away
13-05-2021,Levski Sofia,Cherno More,,2-1,2.90,FT,X,home
13-05-2021,Eibar,Betis,,1-1,1.30,DC,12,draw
13-05-2021,Celje,Koper,,1-0,2.30,FT,1,home
13-05-2021,RB Leipzig,Dortmund,,1-4,1.30,DC,12,away
13-05-2021,Manchester Utd,Liverpool,,2-4,1.30,DC,12,away
13-05-2021,Stjarnan,Vikingur,,2-3,2.50,FT,1,away
13-05-2021,Pachuca,Club America,,3-1,1.50,DC,X2,home
13-05-2021,DC United,Chicago Fire,,1-0,2.50,FT,1,home
13-05-2021,America De Cali,Atletico Mineiro,,1-3,1.85,FT,2,away
13-05-2021,Penarol,Corinthians,,4-0,2.05,FT,1,home
13-05-2021,Libertad,Newell’S,,1-0,1.80,FT,1,home
13-05-2021,Santos Laguna,Monterrey,,2-1,2.50,FT,1,home
12-05-2021,Dundee Utd,Motherwell,,2-2,1.30,DC,12,draw
12-05-2021,Viborg,Silkeborg,,3-3,2.60,FT,2,draw
12-05-2021,MVV,Den Bosch,,3-1,1.90,FT,1,home
12-05-2021,Oss,Roda,,2-0,2.10,FT,2,home
12-05-2021,Telstar,Ajax II,,1-2,2.30,FT,1,away
12-05-2021,Celta Vigo,Getafe,,1-0,2.40,FT,1,home
12-05-2021,Huesca,Ath Bilbao,,1-0,1.50,DC,X2,home
12-05-2021,Zurich,St. Gallen,,2-2,2.40,FT,2,draw
12-05-2021,Sion,Luzern,,1-1,2.20,FT,2,draw
12-05-2021,Aberdeen,Hibernian,,0-1,1.30,DC,12,away
12-05-2021,Ross County,Hamilton,,2-1,3.30,FT,2,home
12-05-2021,Raith,Dundee,,0-3,1.45,DC,X2,away
12-05-2021,Bologna,Genoa,,0-2,1.40,DC,1X,away
12-05-2021,Sampdoria,Spezia,,2-2,1.30,DC,12,draw
12-05-2021,Genk,Anderlecht,,1-1,2.50,FT,2,draw
12-05-2021,Guimaraes,Famalicao,,1-2,3.10,FT,X,away
11-05-2021,Osters,Sundsvall,,0-2,1.35,DC,1X,away
11-05-2021,Ried,Admira,,0-0,1.40,DC,1X,draw
11-05-2021,St. Polten,Altach,,3-3,1.30,DC,12,draw
11-05-2021,Manchester Utd,Leicester,,1-2,2.50,FT,1,away
11-05-2021,Osasuna,Cadiz,,3-2,2.00,FT,1,home
11-05-2021,HB Koge,Helsingor,,0-5,2.10,FT,2,away
11-05-2021,Din. Bucuresti,Astra Giurgiu,,1-0,2.40,FT,1,home
11-05-2021,Genclerbirligi,Goztepe,,5-3,1.30,DC,12,home
11-05-2021,Kasimpasa,Ankaragucu,,3-1,2.05,FT,1,home
11-05-2021,Konyaspor,Trabzonspor,,1-1,1.35,DC,X2,draw
11-05-2021,Malatyaspor,Hatayspor,,1-1,3.30,FT,X,draw
11-05-2021,Elche,Alaves,,0-2,1.50,DC,1X,away
11-05-2021,Austria Vienna,Hartberg,,3-1,2.10,FT,1,home
11-05-2021,Airdrie,Cove,,2-2,2.75,FT,1,draw
11-05-2021,Morton,Montrose,,2-1,2.05,FT,1,home
11-05-2021,Southampton,Crystal Palace,,3-1,2.10,FT,1,home
10-05-2021,Holstein Kiel,Hannover,,1-0,1.80,FT,1,home
10-05-2021,Academico Viseu,Vilafranquense,,1-2,1.30,DC,12,away
10-05-2021,Rakow,Piast Gliwice,,1-0,2.10,FT,1,home
10-05-2021,Norrkoping,AIK,,2-0,1.30,DC,1X,home
10-05-2021,Varnamo,GAIS,,1-0,1.30,DC,1X,home
10-05-2021,Mannheim,Hallescher,,3-2,1.30,DC,12,home
10-05-2021,Rayo Vallecano,Leganes,,1-1,2.80,FT,X,draw
10-05-2021,Etar,Slavia Sofia,,0-3,1.30,DC,1X,away
10-05-2021,MS Ashdod,Hapoel B.S.,,Postp,2.90,FT,X,postponed
10-05-2021,Dep. Municipal,Alianza Huanuco,,1-0,2.90,FT,X,home
10-05-2021,Fulham,Burnley,,0-2,3.20,FT,2,away
10-05-2021,Santa Clara,Rio Ave,,1-0,3.10,FT,X,home
10-05-2021,Tondela,Belenenses,,1-3,3.10,FT,X,away
10-05-2021,Osasuna,Cadiz,,3-2,2.10,FT,1,home
10-05-2021,Elche,Alaves,,0-2,3.10,FT,X,away
10-05-2021,Morton,Montrose,,2-1,2.10,FT,1,home
09-05-2021,Oviedo,Sabadell,,2-1,1.75,FT,1,home
09-05-2021,Ferreira,Maritimo,,1-1,1.30,DC,1X,draw
09-05-2021,Mechelen,Oostende,,5-3,1.25,DC,12,home
09-05-2021,Lausanne,Zurich,,2-2,1.90,FT,1,draw
09-05-2021,Luzern,Servette,,3-0,1.25,DC,12,home
09-05-2021,Randers,Aarhus,,0-1,2.05,FT,2,away
09-05-2021,Valencia,Valladolid,,3-0,1.25,DC,1X,home
09-05-2021,West Ham,Everton,,0-1,2.30,FT,1,away
09-05-2021,Brondby,Midtjylland,,3-1,2.10,FT,2,home
09-05-2021,Viking,Brann,,3-1,1.95,FT,1,home
09-05-2021,Ud Logrones,Girona,,1-4,2.80,FT,X,away
09-05-2021,Villarreal,Celta Vigo,,2-4,2.00,FT,1,away
09-05-2021,Panathinaikos,AEK,,0-1,1.40,DC,1X,away
09-05-2021,Sh. Soligorsk,Bate Borisov,,1-0,1.30,DC,12,home
09-05-2021,Valerenga,Rosenborg,,1-1,3.40,FT,X,draw
09-05-2021,Real Madrid,Sevilla,,2-2,2.00,FT,1,draw
08-05-2021,Sheffield Utd,Crystal Palace,,0-2,1.40,DC,X2,away
08-05-2021,Twente,Heracles,,1-1,1.30,DC,12,draw
08-05-2021,Orebro,Halmstad,,1-0,2.20,FT,2,home
08-05-2021,Ponferradina,Albacete,,0-1,1.30,DC,1X,away
08-05-2021,Zaragoza,Espanyol,,0-0,1.20,DC,X2,draw
08-05-2021,Lugano,Vaduz,,0-2,1.40,DC,1X,away
08-05-2021,Manchester City,Chelsea,,1-2,1.90,FT,1,away
08-05-2021,Cadiz,Huesca,,2-1,2.20,FT,2,home
08-05-2021,Standard Liege,Gent,,2-1,2.00,FT,2,home
08-05-2021,Heerenveen,Utrecht,,0-0,1.75,FT,2,draw
08-05-2021,St. Patricks,Shamrock Rovers,,1-2,1.30,DC,X2,away
08-05-2021,Auxerre,Grenoble,,1-1,2.10,FT,1,draw
08-05-2021,Din. Bucuresti,Hermannstadt,,2-0,2.05,FT,1,home
08-05-2021,Alcorcon,Las Palmas,,0-0,2.80,FT,X,draw
08-05-2021,Waasland-Beveren,RFC Seraing,,2-5,2.55,FT,2,away
08-05-2021,Malaga,Mallorca,,1-1,1.95,FT,2,draw
07-05-2021,Gornik,Jagiellonia,,3-1,2.00,FT,1,home
07-05-2021,Hannover,Darmstadt,,1-2,2.25,FT,1,away
07-05-2021,Holstein Kiel,St. Pauli,,4-0,1.30,DC,12,home
07-05-2021,Derry City,Longford,,1-1,1.25,DC,1X,draw
07-05-2021,Odense,Aalborg,,1-0,1.40,DC,X2,home
07-05-2021,Sparta,Vitesse,,3-0,2.15,FT,2,home
07-05-2021,Famalicao,Santa Clara,,1-0,1.30,DC,1X,home
07-05-2021,Mezokovesd,MTK,,5-1,2.25,FT,1,home
07-05-2021,Den Bosch,Telstar,,4-1,1.25,DC,12,home
07-05-2021,Helmond,Oss,,1-1,2.30,FT,1,draw
07-05-2021,AZ Alkmar II,Excelsior,,2-1,1.20,DC,12,home
07-05-2021,Stuttgart,Augsburg,,2-1,2.10,FT,1,home
07-05-2021,Dundalk,Sligo Rovers,,0-1,1.95,FT,1,away
07-05-2021,Genk,Club Brugge,,3-0,2.00,FT,2,home
07-05-2021,Tenerife,Almeria,,0-1,2.80,FT,X,away
07-05-2021,Lens,Lille,,0-3,1.95,FT,2,away
06-05-2021,Moreirense,Nacional,,2-2,2.05,FT,1,draw
06-05-2021,Montana,Etar,,1-0,1.30,DC,12,home
06-05-2021,Aluminij,Gorica,,2-0,1.30,DC,1X,home
06-05-2021,Belenenses,Portimonense,,1-0,2.65,FT,X,home
06-05-2021,Inhulets,Lviv,,1-0,1.25,DC,1X,home
06-05-2021,Rukh Lviv,Olimpik Donetsk,,3-0,2.20,FT,1,home
06-05-2021,Hertha Berlin,Freiburg,,3-0,2.10,FT,1,home
06-05-2021,Slavia Sofia,Botev Vratsa,,2-0,2.10,FT,1,home
06-05-2021,Hobro IK,Ffemad Amager,,2-0,2.10,FT,1,home
06-05-2021,Skive,Vendsyssel,,2-1,2.30,FT,1,home
06-05-2021,Benfica,Porto,,1-1,1.40,DC,1X,draw
06-05-2021,Arsenal,Villarreal,,0-0,1.85,FT,1,draw
06-05-2021,Roma,Manchester Utd,,3-2,1.90,FT,2,home
06-05-2021,Farense,Guimaraes,,2-2,1.30,DC,1X,draw
06-05-2021,Ghazl El Mahallah,Enppi,,1-0,2.70,FT,X,home
06-05-2021,Zulia,Zamora,,3-3,2.50,FT,2,draw
05-05-2021,Servette,St. Gallen,,0-1,1.25,DC,12,away
05-05-2021,Domzale,Olimpija,,2-0,1.40,DC,1X,home
05-05-2021,Sparta Prague,Slavia Prague,,0-3,1.85,FT,2,away
05-05-2021,Sepsi,CS Universitatea,,2-0,1.30,DC,X2,home
05-05-2021,Hajduk,Dinamo Zagreb,,1-1,1.85,FT,2,draw
05-05-2021,AEL Limassol,Anorthosis,,1-2,2.20,FT,1,away
05-05-2021,Duisburg,Bayern II,,2-2,1.25,DC,12,draw
05-05-2021,Saarbrucken,Magdeburg,,0-3,2.25,FT,1,away
05-05-2021,Uerdingen,Viktoria Koln,,1-1,2.25,FT,1,draw
05-05-2021,Unterhaching,Mannheim,,0-2,2.40,FT,2,away
05-05-2021,Zwickau,SV Meppen,,0-0,2.20,FT,1,draw
05-05-2021,Stal Mielec,Rakow,,0-1,1.95,FT,2,away
05-05-2021,Maritimo,Gil Vicente,,0-1,2.90,FT,X,away
05-05-2021,AEK,PAOK,,1-2,2.50,FT,2,away
05-05-2021,Chelsea,Real Madrid,,2-0,1.30,DC,12,home
05-05-2021,SC Ismaily,El Gouna,,3-2,2.30,FT,1,home
04-05-2021,Cholet,Bastia,,1-4,2.00,FT,2,away
04-05-2021,GAIS,Osters,,3-2,3.10,FT,X,home
04-05-2021,Hallescher,Turkgucu,,4-1,1.95,FT,1,home
04-05-2021,Hansa Rostock,Ingolstadt,,1-1,1.30,DC,12,draw
04-05-2021,Lubeck,Wehen,,0-3,1.30,DC,12,away
04-05-2021,Munich 1860,Kaiserslautern,,3-0,1.85,FT,1,home
04-05-2021,Verl,Dynamo Dresden,,0-0,2.00,FT,2,draw
04-05-2021,Le Havre,Toulouse,,0-1,2.00,FT,2,away
04-05-2021,Luton,Rotherham,,0-0,1.30,DC,12,draw
04-05-2021,Shrewsbury,Ipswich,,0-0,1.50,DC,X2,draw
04-05-2021,Charlton,Lincoln,,3-1,2.00,FT,1,home
04-05-2021,Dumbarton,Peterhead,,3-2,2.40,FT,1,home
04-05-2021,Forfar,East Fife,,2-3,2.10,FT,1,away
04-05-2021,Airdrie,Falkirk,,2-0,3.30,FT,X,home
04-05-2021,Montrose,Partick,,3-2,1.55,DC,12,home
04-05-2021,Le Mans,Creteil,,4-0,2.05,FT,1,home
03-05-2021,Vilafranquense,Varzim,,1-3,1.35,DC,12,away
03-05-2021,Mainz,Hertha Berlin,,1-1,1.40,DC,1X,draw
03-05-2021,Djurgarden,Malmo,,3-1,3.10,FT,X,home
03-05-2021,Mjallby,Degerfors,,1-0,1.35,DC,1X,home
03-05-2021,WBA,Wolverhampton,,1-1,2.80,FT,1,draw
03-05-2021,Sabadell,Rayo Vallecano,,2-0,3.10,FT,X,home
03-05-2021,Copenhagen,Aarhus,,3-2,2.10,FT,1,home
03-05-2021,Gazisehir Gaziantep,Sivasspor,,0-1,1.40,DC,X2,away
03-05-2021,FCSB,Cluj,,1-1,3.00,FT,X,draw
03-05-2021,PSV II,Oss,,0-0,2.25,FT,1,draw
03-05-2021,NEC,NAC Breda,,0-2,3.40,FT,X,away
03-05-2021,Fortuna Dusseldorf,Karlsruher,,3-2,1.80,FT,1,home
03-05-2021,Grenoble,Clermont,,1-2,1.25,DC,X2,away
03-05-2021,Albacete,Alcorcon,,0-1,2.85,FT,1,away
03-05-2021,Academica,Arouca,,0-1,3.00,FT,X,away
03-05-2021,Burnley,West Ham,,1-2,1.30,DC,12,away
02-05-2021,Servette,Young Boys,,2-1,1.30,DC,X2,home
02-05-2021,Sion,Lausanne,,1-1,1.25,DC,12,draw
02-05-2021,Zurich,Lugano,,3-0,1.30,DC,12,home
02-05-2021,Randers,Brondby,,4-2,2.10,FT,2,home
02-05-2021,Villarreal,Getafe,,1-0,2.10,FT,1,home
02-05-2021,Montpellier,St Etienne,,1-2,1.30,DC,12,away
02-05-2021,Manchester Utd,Liverpool,,Postp,2.80,FT,1,postponed
02-05-2021,AIK,Elfsborg,,1-0,2.35,FT,1,home
02-05-2021,KuPS,Helsinki,,0-0,2.40,FT,2,draw
02-05-2021,Viitorul,Dinamo Bucuresti,,1-2,2.20,FT,1,away
02-05-2021,Castellon,Ud Logrones,,0-0,2.60,FT,1,draw
02-05-2021,Leganes,Gijon,,0-0,2.20,FT,1,draw
02-05-2021,Granada,Cadiz,,0-1,1.85,FT,1,away
02-05-2021,Las Palmas,Ponferradina,,2-0,1.25,DC,1X,home
02-05-2021,Sampdoria,Roma,,2-0,2.45,FT,2,home
02-05-2021,Monaco,Olympique Lyon,,2-3,2.35,FT,1,away
01-05-2021,Brighton,Leeds,,2-0,2.10,FT,1,home
01-05-2021,Hibernian,St Johnstone,,0-1,1.30,DC,1X,away
01-05-2021,Livingston,Aberdeen,,1-2,3.10,FT,X,away
01-05-2021,Birmingham,Cardiff,,0-4,1.40,DC,1X,away
01-05-2021,Brentford,Watford,,2-0,1.30,DC,12,home
01-05-2021,Gil Vicente,Farense,,0-0,1.30,DC,12,draw
01-05-2021,Hammarby,Hacken,,1-1,3.00,FT,2,draw
01-05-2021,Krasnodar,Sochi,,1-3,2.15,FT,1,away
01-05-2021,Vaduz,Luzern,,1-2,2.20,FT,2,away
01-05-2021,Huesca,Sociedad,,1-0,2.00,FT,2,home
01-05-2021,Fortuna Sittard,Twente,,3-0,1.25,DC,12,home
01-05-2021,Portimonense,Rio Ave,,0-0,1.35,DC,1X,draw
01-05-2021,Santa Clara,Boavista,,3-3,3.10,FT,X,draw
01-05-2021,Basel,St. Gallen,,1-0,2.20,FT,1,home
01-05-2021,Oostende,Standard Liege,,6-2,2.55,FT,2,home
01-05-2021,Everton,Aston Villa,,1-2,2.00,FT,1,away
30-04-2021,Wisla Plock,Lechia Gdansk,,1-3,1.30,DC,12,away
30-04-2021,Drogheda,Sligo Rovers,,1-1,1.25,DC,X2,draw
30-04-2021,Kolding IF,Fremad Amager,,2-1,1.35,DC,1X,home
30-04-2021,Paks,Puskas,,4-2,2.25,FT,1,home
30-04-2021,Cambuur,De Graafschap,,1-1,1.80,FT,1,draw
30-04-2021,Eindhoven,Den Bosch,,1-0,1.25,DC,12,home
30-04-2021,Aarau,Grasshoppers,,2-1,2.10,FT,1,home
30-04-2021,Winterthur,Xamax,,0-1,1.25,DC,12,away
30-04-2021,Slask,Zaglebie,,0-0,3.20,FT,X,draw
30-04-2021,Antwerp,Genk,,2-3,1.25,DC,12,away
30-04-2021,Bohemians,Derry City,,1-2,2.00,FT,1,away
30-04-2021,Arbroath,Morton,,0-0,2.10,FT,1,draw
30-04-2021,Inverness,Ayr Utd.,,2-2,2.95,FT,X,draw
30-04-2021,Southampton,Leicester,,1-1,2.00,FT,2,draw
30-04-2021,Lugo,Zaragoza,,2-2,2.70,FT,X,draw
30-04-2021,Olympique Marseille,Strasbourg,,1-1,1.90,FT,1,draw
29-04-2021,CS Universitatea,FCSB,,2-0,1.35,DC,1X,home
29-04-2021,Alanyaspor,Fenerbahce,,0-0,2.20,FT,2,draw
29-04-2021,Ankaragucu,Gazisehir Gaziantep,,0-1,2.20,FT,1,away
29-04-2021,MTK,Fehervar,,1-3,1.80,FT,2,away
29-04-2021,Villarreal,Arsenal,,2-1,1.30,DC,12,home
29-04-2021,Wadi Degla,Petrojet,,1-1,1.90,FT,1,draw
29-04-2021,Universitad Catolica,Argentinos Jrs,,0-2,1.35,DC,1X,away
29-04-2021,Sport Huancayo,River Plate,,1-2,2.60,FT,2,away
29-04-2021,Wilstermann,Bolivar,,0-0,1.30,DC,12,draw
29-04-2021,Newells Old Boys,Libertad,,1-3,3.10,FT,X,away
29-04-2021,Palestino,Atletico GO,,0-1,2.75,FT,2,away
29-04-2021,Lanus,Gremio,,1-2,2.60,FT,2,away
29-04-2021,Ferreira,Belenenses,,1-0,2.20,FT,1,home
29-04-2021,Horsens,Vejle Kolding,,3-3,1.30,DC,X2,draw
29-04-2021,Medias,FC Arges,,1-1,2.90,FT,X,draw
29-04-2021,Gorica,Mura,,1-5,2.05,FT,2,away
28-04-2021,Baroka,Galaxy,,0-1,1.35,DC,1X,away
28-04-2021,Cape Town City,AmaZulu,,1-5,1.30,DC,1X,away
28-04-2021,Orleans,Villefranche,,1-3,2.90,FT,X,away
28-04-2021,Lviv,Rukh Lviv,,1-1,1.30,DC,12,draw
28-04-2021,Ath Bilbao,Valladolid,,2-2,1.90,FT,1,draw
28-04-2021,Dunkerque,Amiens,,1-1,1.40,DC,1X,draw
28-04-2021,Al Shabab,Al Sahel,,0-0,3.20,FT,X,draw
28-04-2021,PSG,Manchester City,,1-2,2.20,FT,2,away
28-04-2021,Nacional,Atl. Nacional,,4-4,3.10,FT,X,draw
28-04-2021,Santa Fe,Fluminense,,1-2,3.20,FT,X,away
28-04-2021,Rosario,San Lorenzo,,2-0,2.45,FT,2,home
28-04-2021,Melgar,Aucas,,2-0,3.15,FT,X,home
28-04-2021,Deportes Tolima,Talleres,,1-1,3.00,FT,2,draw
28-04-2021,Emelec,Bragantino,,3-0,1.40,DC,1X,home
28-04-2021,CSMS Iasi,Viitorul,,0-3,1.85,FT,2,away
28-04-2021,Erzurum,Basaksehir,,1-2,3.25,FT,X,away
27-04-2021,FC Arges,UTA Arad,,4-1,1.40,DC,1X,home
27-04-2021,Nurnberg,Holstein Kiel,,1-1,2.25,FT,2,draw
27-04-2021,Jonkopings Sodra,Helsingborg,,0-0,2.25,FT,2,draw
27-04-2021,Hartberg,Altach,,2-1,1.30,DC,1X,home
27-04-2021,St. Polten,Ried,,0-0,1.30,DC,12,draw
27-04-2021,Sunderland,Blackpool,,0-1,1.30,DC,12,away
27-04-2021,Accrington,Portsmouth,,3-3,2.00,FT,2,draw
27-04-2021,Shrewsbury,Lincoln,,0-1,2.15,FT,2,away
27-04-2021,Wimbledon,Rochdale,,3-3,2.20,FT,1,draw
27-04-2021,Burton,Fleetwood,,5-2,2.80,FT,2,home
27-04-2021,Bradford City,Salford,,0-1,2.05,FT,2,away
27-04-2021,Clyde,East Fife,,Postp,1.30,DC,12,postponed
27-04-2021,Creteil,Boulogne,,1-1,2.10,FT,2,draw
27-04-2021,Airdrie,Montrose,,2-1,2.10,FT,1,home
27-04-2021,Real Madrid,Chelsea,,1-1,1.30,DC,1X,draw
27-04-2021,Farense,Portimonense,,1-1,2.20,FT,1,draw
26-04-2021,Karlsruher,Erzgebirge Aue,,0-0,1.25,DC,12,draw
26-04-2021,Belenenses,Gil Vicente,,2-1,1.40,DC,12,home
26-04-2021,Varazdin,Istra 1961,,1-1,3.10,FT,X,draw
26-04-2021,Briochin,Le Mans,,0-1,3.00,FT,2,away
26-04-2021,Bayern II,Saarbrucken,,0-4,2.25,FT,1,away
26-04-2021,Voluntari,Viitorul,,1-0,1.30,DC,X2,home
26-04-2021,Nacional,Guimaraes,,1-0,2.10,FT,2,home
26-04-2021,Darmstadt,Bochum,,3-1,1.30,DC,12,home
26-04-2021,Kilmarnock,St. Mirren,,2-2,2.50,FT,1,draw
26-04-2021,Lazio,Milan,,3-0,2.30,FT,1,home
26-04-2021,Platense,Aldosivi,,0-2,1.40,DC,1X,away
26-04-2021,Sabadell,Mallorca,,1-0,2.05,FT,2,home
26-04-2021,Eibar,Real Sociedad,,0-1,1.90,FT,2,away
26-04-2021,Gimnasia L.P.,Newells Old Boys,,2-1,3.20,FT,X,home
26-04-2021,Sportivo Luqueno,River Plate,,2-2,2.50,FT,1,draw
26-04-2021,Pachuca,Santos Laguna,,1-0,1.30,DC,1X,home
25-04-2021,Mirandes,Almeria,,1-1,1.30,DC,X2,draw
25-04-2021,Boavista,Maritimo,,0-1,1.30,DC,12,away
25-04-2021,Lugano,Servette,,0-1,1.45,DC,1X,away
25-04-2021,Feyenoord,Vitesse,,0-0,1.85,FT,1,draw
25-04-2021,Twente,Utrecht,,1-2,1.95,FT,2,away
25-04-2021,AIK,Hammarby TFF,,2-0,1.40,DC,1X,home
25-04-2021,Cagliari,Roma,,3-2,2.60,FT,2,home
25-04-2021,Odense,Lyngby,,2-0,1.30,DC,12,home
25-04-2021,Alcorcon,Leganes,,1-2,2.75,FT,X,away
25-04-2021,Celta,Osasuna,,2-1,2.25,FT,1,home
25-04-2021,Rio Ave,Ferreira,,1-1,2.10,FT,1,draw
25-04-2021,Aston Villa,WBA,,2-2,1.90,FT,1,draw
25-04-2021,Aarhus,Copenhagen,,1-2,2.25,FT,2,away
25-04-2021,Standard Liege,Genk,,1-2,1.30,DC,12,away
25-04-2021,Braga,Sporting,,0-1,2.80,FT,1,away
25-04-2021,Olympique Lyon,Lille,,2-3,2.15,FT,1,away
24-04-2021,Blackburn,Huddersfield,,5-2,2.00,FT,1,home
24-04-2021,Coventry,Preston,,0-1,2.25,FT,1,away
24-04-2021,Derby,Birmingham,,1-2,1.35,DC,1X,away
24-04-2021,Middlesbrough,Sheffield Wed,,3-1,1.30,DC,12,home
24-04-2021,Nottingham,Stoke,,1-1,1.40,DC,1X,draw
24-04-2021,Heerenveen,Zwolle,,0-2,1.95,FT,1,away
24-04-2021,Astra Giurgiu,FC Arges,,0-1,1.35,DC,12,away
24-04-2021,Kisvarda,Diosgyor,,0-1,2.05,FT,2,away
24-04-2021,West Ham,Chelsea,,0-1,1.75,FT,2,away
24-04-2021,Leverkusen,Eintracht Frankfurt,,3-1,1.25,DC,12,home
24-04-2021,Valencia,Alaves,,1-1,2.15,FT,1,draw
24-04-2021,Denizlispor,Sivasspor,,1-1,1.95,FT,2,draw
24-04-2021,Cluj,CS Universitatea,,1-2,1.95,FT,1,away
24-04-2021,Ujpest,MTK,,1-3,2.20,FT,1,away
24-04-2021,Lausanne,Basel,,3-3,2.70,FT,2,draw
24-04-2021,Sassuolo,Sampdoria,,1-0,2.05,FT,1,home
23-04-2021,Ermis,Doxa,,0-1,1.45,DC,1X,away
23-04-2021,Braunschweig,Aue,,0-2,1.40,DC,1X,away
23-04-2021,Viktoria Koln,Verl,,2-2,1.55,DC,1X,draw
23-04-2021,Helsingor,Esbjerg,,1-0,2.05,FT,2,home
23-04-2021,Silkeborg,Viborg,,2-0,1.25,DC,12,home
23-04-2021,Schaffhausen,Xamax,,3-0,2.20,FT,1,home
23-04-2021,Genclerbirligi,Rizespor,,2-1,2.45,FT,2,home
23-04-2021,Medias,Din. Bucuresti,,4-1,1.40,DC,X2,home
23-04-2021,Botev Vratsa,Cherno More,,0-1,2.10,FT,1,away
23-04-2021,Al-Nassr,Foolad,,2-0,2.00,FT,1,home
23-04-2021,Grasshoppers,Thun,,3-1,2.30,FT,1,home
23-04-2021,Augsburg,Koln,,2-3,2.50,FT,2,away
23-04-2021,Aberystwyth,Cardiff M.,,1-1,2.10,FT,2,draw
23-04-2021,Arsenal,Everton,,0-1,2.10,FT,1,away
23-04-2021,Zaragoza,Gijon,,0-0,2.90,FT,1,draw
23-04-2021,Reims,Olympique Marseille,,1-3,2.10,FT,2,away
22-04-2021,Tondela,Nacional,,2-1,1.30,DC,12,home
22-04-2021,Aarhus,Randers,,2-0,2.05,FT,1,home
22-04-2021,Gil Vicente,Famalicao,,0-3,1.35,DC,12,away
22-04-2021,Kasimpasa,Basaksehir,,0-1,1.40,DC,X2,away
22-04-2021,Vejle Kolding,Horsens,,3-0,2.00,FT,1,home
22-04-2021,Roma,Atalanta,,1-1,1.90,FT,2,draw
22-04-2021,Midtjylland,Copenhagen,,4-1,2.05,FT,1,home
22-04-2021,Napoli,Lazio,,5-2,2.05,FT,1,home
22-04-2021,Granada,Eibar,,4-1,2.40,FT,1,home
22-04-2021,Melbourne Victory,Sydney W.,,5-4,1.80,FT,2,home
22-04-2021,Hebei CFFC,Wuhan,,1-1,1.40,DC,1X,draw
22-04-2021,Shanghai Shenhua,Guoan Beijing,,2-1,1.35,DC,X2,home
22-04-2021,UTA Arad,Hermannstadt,,0-1,2.20,FT,1,away
22-04-2021,Smorgon,Sputnik Rechitsa,,2-0,2.50,FT,2,home
22-04-2021,Maritzburg,Baroka,,1-1,2.20,FT,1,draw
22-04-2021,Mariupol,Rukh Vynnyky,,0-3,3.10,FT,X,away
21-04-2021,Wycombe,Bristol City,,2-1,1.30,DC,12,home
21-04-2021,Stoke,Coventry,,2-3,1.60,DC,X2,away
21-04-2021,Betis,Ath Bilbao,,0-0,1.40,DC,1X,draw
21-04-2021,Nordsjaelland,Brondby,,0-3,1.25,DC,12,away
21-04-2021,Hoffenheim,B. Monchengladbach,,3-2,2.20,FT,2,home
21-04-2021,Stuttgart,Wolfsburg,,1-3,2.00,FT,2,away
21-04-2021,Werder,Mainz,,0-1,1.30,DC,12,away
21-04-2021,Birmingham,Nottingham,,1-1,3.00,FT,X,draw
21-04-2021,Huddersfield,Barnsley,,0-1,3.40,FT,1,away
21-04-2021,Luton,Reading,,0-0,2.30,FT,2,draw
21-04-2021,Ross County,St. Mirren,,1-3,2.80,FT,1,away
21-04-2021,Bologna,Torino,,1-1,2.50,FT,1,draw
21-04-2021,Crotone,Sampdoria,,0-1,2.00,FT,2,away
21-04-2021,Genoa,Benevento,,2-2,2.20,FT,1,draw
21-04-2021,Udinese,Cagliari,,0-1,3.20,FT,X,away
21-04-2021,Elche,Valladolid,,1-1,3.00,FT,X,draw
20-04-2021,Sivasspor,Besiktas,,0-0,2.00,FT,2,draw
20-04-2021,Wurzburger,Darmstadt,,1-3,1.90,FT,2,away
20-04-2021,Norwich,Watford,,0-1,1.30,DC,12,away
20-04-2021,Preston,Derby,,3-0,1.40,DC,X2,home
20-04-2021,Sheffield Wed,Blackburn,,1-0,1.45,DC,1X,home
20-04-2021,Swansea,QPR,,0-1,1.95,FT,1,away
20-04-2021,Inverness,Dundee FC,,1-1,2.50,FT,2,draw
20-04-2021,Accrington,Doncaster,,2-1,2.70,FT,2,home
20-04-2021,Wimbledon,Oxford Utd,,2-1,2.20,FT,2,home
20-04-2021,Burton,Lincoln,,0-1,1.40,DC,X2,away
20-04-2021,Northampton,Ipswich,,3-0,1.35,DC,X2,home
20-04-2021,Din. Bucuresti,UTA Arad,,0-1,2.95,FT,X,away
20-04-2021,Verona,Fiorentina,,1-2,3.10,FT,X,away
20-04-2021,Longford,Finn Harps,,0-0,2.15,FT,2,draw
20-04-2021,Bohemians,Sligo Rovers,,1-3,2.20,FT,1,away
20-04-2021,Ferreira,Farense,,0-2,2.35,FT,1,away
19-04-2021,Quevilly,Annecy,,1-1,1.25,DC,1X,draw
19-04-2021,Lamia,Larissa,,0-0,1.30,DC,1X,draw
19-04-2021,Sp.Covilha,Arouca,,1-2,1.35,DC,X2,away
19-04-2021,Goteborg,AIK,,2-0,3.10,FT,X,home
19-04-2021,Varbergs,Elfsborg,,1-3,2.10,FT,2,away
19-04-2021,Norrby,Jonkopings,,2-0,2.10,FT,2,home
19-04-2021,Randers,Midtjylland,,0-0,1.90,FT,2,draw
19-04-2021,Deinze,Westerlo,,0-1,1.35,DC,1X,away
19-04-2021,Almeria,Espanyol,,1-1,1.35,DC,X2,draw
19-04-2021,Triestina,Sudtirol,,3-2,2.15,FT,2,home
19-04-2021,Universitad Chile,Union Espanola,,2-1,2.05,FT,1,home
19-04-2021,Kashima A.,Sapporo,,3-0,2.10,FT,1,home
19-04-2021,Budejovice,Sigma O.,,2-2,2.50,FT,2,draw
19-04-2021,Ostrava,M.Boleslav,,2-1,2.10,FT,1,home
19-04-2021,Inverness,Dundee,,1-1,3.10,FT,X,draw
19-04-2021,Verona,Fiorentina,,1-2,2.60,FT,1,away
18-04-2021,Coventry,Barnsley,,2-0,2.15,FT,2,home
18-04-2021,Rangers,Celtic,,2-0,2.35,FT,1,home
18-04-2021,Famalicao,Portimonense,,0-1,2.20,FT,1,away
18-04-2021,Basel,Servette,,5-0,1.30,DC,12,home
18-04-2021,Alaves,Huesca,,1-0,1.40,DC,12,home
18-04-2021,Djurgarden,Norrkoping,,1-0,2.10,FT,1,home
18-04-2021,Sirius,Halmstad,,1-0,2.35,FT,1,home
18-04-2021,Torino,AS Roma,,3-1,2.15,FT,2,home
18-04-2021,Basaksehir,Fenerbahce,,1-2,2.00,FT,2,away
18-04-2021,Brondby,Aarhus,,2-2,2.20,FT,1,draw
18-04-2021,Cartagena,Tenerife,,0-0,1.40,DC,1X,draw
18-04-2021,Cadiz,Celta Vigo,,0-0,2.10,FT,2,draw
18-04-2021,PAOK,Olympiacos Piraeus,,2-0,1.30,DC,12,home
18-04-2021,Leicester,Southampton,,1-0,1.90,FT,1,home
18-04-2021,Napoli,Inter,,1-1,1.30,DC,12,draw
18-04-2021,Levante,Villarreal,,1-5,2.00,FT,2,away
17-04-2021,Moreirense,Tondela,,2-3,1.30,DC,1X,away
17-04-2021,Guimaraes,Santa Clara,,1-0,1.30,DC,12,home
17-04-2021,Olympique Marseille,Lorient,,3-2,2.15,FT,1,home
17-04-2021,Rakow,Lech Poznan,,3-1,2.10,FT,1,home
17-04-2021,Sassuolo,Fiorentina,,3-1,1.40,DC,1X,home
17-04-2021,Sion,Zurich,,2-2,2.30,FT,2,draw
17-04-2021,Gijon,Oviedo,,0-1,1.30,DC,1X,away
17-04-2021,Las Palmas,Malaga,,1-1,1.30,DC,1X,draw
17-04-2021,Aberdeen,Livingston,,1-1,2.20,FT,1,draw
17-04-2021,Charleroi,Eupen,,2-3,2.25,FT,1,away
17-04-2021,Belenenses,Maritimo,,2-0,3.05,FT,X,home
17-04-2021,Dundalk,St. Patricks,,1-1,2.20,FT,1,draw
17-04-2021,Wisla Krakow,Warta Poznan,,0-1,1.95,FT,1,away
17-04-2021,St. Gallen,Luzern,,0-0,2.10,FT,1,draw
17-04-2021,Cagliari,Parma,,4-3,2.20,FT,1,home
17-04-2021,Antwerp,Genk,,3-2,2.35,FT,2,home
16-04-2021,Antalyaspor,Rizespor,,2-3,1.55,DC,X2,away
16-04-2021,Braunschweig,Paderborn,,0-0,1.30,DC,12,draw
16-04-2021,Darmstadt,Greuther Furth,,2-2,2.20,FT,2,draw
16-04-2021,Blackburn,Derby,,2-1,1.30,DC,12,home
16-04-2021,Reading,Cardiff,,1-1,2.10,FT,1,draw
16-04-2021,Fuenlabrada,Sabadell,,2-2,1.90,FT,1,draw
16-04-2021,Vejle Kolding,Aalborg,,1-1,1.45,DC,X2,draw
16-04-2021,Astra Giurgiu,Din. Bucuresti,,0-0,2.95,FT,X,draw
16-04-2021,Boavista,Ferreira,,2-0,1.40,DC,1X,home
16-04-2021,Dordrecht,Den Bosch,,2-6,2.15,FT,2,away
16-04-2021,Eindhoven,Ajax II,,3-0,2.20,FT,2,home
16-04-2021,Roda,NAC Breda,,3-3,2.75,FT,2,draw
16-04-2021,Derry City,Drogheda,,1-1,2.30,FT,1,draw
16-04-2021,Everton,Tottenham,,2-2,2.20,FT,2,draw
16-04-2021,Spal,Ascoli,,1-2,3.00,FT,X,away
16-04-2021,Girona,Zaragoza,,3-0,2.90,FT,X,home
15-04-2021,Cluj,FCSB,,0-0,1.40,DC,1X,draw
15-04-2021,Alianza Atl.,Ayacucho,,0-1,2.05,FT,2,away
15-04-2021,MTK,Fehervar,,1-2,2.10,FT,2,away
15-04-2021,Randers,Aarhus,,1-1,1.30,DC,12,draw
15-04-2021,Rotherham,Coventry,,0-1,1.30,DC,12,away
15-04-2021,Roma,Ajax,,1-1,1.25,DC,12,draw
15-04-2021,Wadi Degla,Al Ittihad,,1-0,2.10,FT,2,home
15-04-2021,Universidad San Martin,Universitario,,0-1,2.15,FT,2,away
15-04-2021,Sydney W.,Brisbane Roar,,1-2,2.70,FT,2,away
15-04-2021,Sapporo,Yokohama F. Marinos,,1-3,2.30,FT,2,away
15-04-2021,Genclerbirligi,Sivasspor,,2-3,2.00,FT,2,away
15-04-2021,Konyaspor,Kayserispor,,0-0,1.30,DC,1X,draw
15-04-2021,Varazdin,Sibenik,,1-1,2.50,FT,1,draw
15-04-2021,Lviv,Oleksandriya,,3-1,1.85,FT,2,home
15-04-2021,Bohemians 1905,Ostrava,,1-1,3.00,FT,X,draw
15-04-2021,Hnk Gorica,Slaven,,0-1,2.00,FT,1,away
14-04-2021,Cracovia,Rakow,,1-2,1.30,DC,X2,away
14-04-2021,Kisvarda,Ujpest,,0-1,1.30,DC,12,away
14-04-2021,Ludogorets,CSKA Sofia,,1-2,2.20,FT,1,away
14-04-2021,Jablonec,Sparta Prague,,1-0,2.00,FT,2,home
14-04-2021,Osnabruck,Jahn Regensburg,,0-1,2.45,FT,2,away
14-04-2021,Rayo Vallecano,Mirandes,,0-1,1.90,FT,1,away
14-04-2021,Liverpool,Real Madrid,,0-0,2.00,FT,1,draw
14-04-2021,Fenix,Montevideo City,,0-2,3.10,FT,X,away
14-04-2021,Juarez,Tigres Uanl,,2-3,2.05,FT,2,away
14-04-2021,Cluj,FCSB,,0-0,3.00,FT,X,draw
14-04-2021,Alianza Atl.,Ayacucho,,0-1,2.05,FT,2,away
14-04-2021,MTK,Fehervar,,1-2,2.25,FT,2,away
14-04-2021,Randers,Aarhus,,1-1,1.45,DC,1X,draw
14-04-2021,Rotherham,Coventry,,0-1,1.30,DC,12,away
14-04-2021,Roma,Ajax,,1-1,1.25,DC,12,draw
14-04-2021,Universidad San Martin,Universitario,,0-1,2.90,FT,X,away
13-04-2021,Astra Giurgiu,Dinamo Bucuresti,,1-0,1.35,DC,1X,home
13-04-2021,Sheffield Wed,Swansea,,0-2,1.35,DC,12,away
13-04-2021,Sundsvall,Helsingborg,,2-2,1.50,DC,X2,draw
13-04-2021,Crewe,Portsmouth,,0-0,2.30,FT,2,draw
13-04-2021,Dunfermline,Dundee,,0-0,2.25,FT,2,draw
13-04-2021,Wimbledon,Ipswich,,3-0,1.35,DC,12,home
13-04-2021,Rotherham,QPR,,3-1,1.30,DC,12,home
13-04-2021,Doncaster,Burton,,0-3,3.15,FT,X,away
13-04-2021,Rochdale,Swindon,,2-1,2.50,FT,1,home
13-04-2021,Lincoln,Milton Keynes Dons,,4-0,3.30,FT,X,home
13-04-2021,Bradford City,Crawley,,0-2,2.15,FT,1,away
13-04-2021,Newport,Carlisle,,0-0,2.60,FT,2,draw
13-04-2021,Harrogate,Leyton Orient,,2-2,3.30,FT,2,draw
13-04-2021,Walsall,Tranmere,,1-0,3.10,FT,X,home
13-04-2021,Queen of South,Raith,,0-1,2.40,FT,2,away
13-04-2021,PSG,Bayern Munich,,0-1,2.20,FT,2,away
12-04-2021,Piast Gliwice,Gornik Z.,,2-0,2.00,FT,1,home
12-04-2021,Nublense,Cobresal,,3-1,2.35,FT,1,home
12-04-2021,PAS Giannina,Lamia,,1-2,1.30,DC,1X,away
12-04-2021,WBA,Southampton,,3-0,1.30,DC,12,home
12-04-2021,SV Meppen,Wehen,,0-3,2.75,FT,1,away
12-04-2021,Lyngby,Aalborg,,2-2,1.30,DC,12,draw
12-04-2021,Kalmar,Ostersunds,,0-0,1.30,DC,12,draw
12-04-2021,MVV,Roda,,2-4,2.00,FT,2,away
12-04-2021,Hoffenheim,Leverkusen,,0-0,2.25,FT,2,draw
12-04-2021,Benevento,Sassuolo,,0-1,2.10,FT,2,away
12-04-2021,Guingamp,Toulouse,,1-1,1.30,DC,X2,draw
12-04-2021,Mouscron,Antwerp,,2-3,1.95,FT,2,away
12-04-2021,Celta Vigo,Sevilla,,3-4,2.10,FT,2,away
12-04-2021,Alcorcon,Castellon,,2-1,3.00,FT,X,home
12-04-2021,Palestino,Everton,,1-1,2.10,FT,1,draw
12-04-2021,Brighton,Everton,,0-0,2.30,FT,1,draw
11-04-2021,Gil Vicente,Moreirense,,1-2,2.10,FT,1,away
11-04-2021,Vaduz,Sion,,3-0,2.00,FT,1,home
11-04-2021,Brondby,Copenhagen,,1-3,2.25,FT,2,away
11-04-2021,Valencia,Sociedad,,2-2,2.15,FT,2,draw
11-04-2021,Tottenham,Manchester Utd,,1-3,1.40,DC,X2,away
11-04-2021,Elfsborg,Djurgarden,,0-2,1.30,DC,12,away
11-04-2021,Lech Poznan,Legia,,0-0,2.20,FT,2,draw
11-04-2021,Koln,Mainz,,2-3,1.30,DC,12,away
11-04-2021,Lokomotiv Moscow,Spartak Moscow,,2-0,1.35,DC,X2,home
11-04-2021,Slavia Prague,Sparta Prague,,2-0,2.20,FT,1,home
11-04-2021,Toluca,Monterrey,,1-2,2.05,FT,2,away
11-04-2021,Beerschot Wilrijk,Oostende,,1-2,2.15,FT,2,away
11-04-2021,Betis,Atl. Madrid,,1-1,2.40,FT,2,draw
11-04-2021,Envigado,Deportivo Pereira,,0-1,2.15,FT,1,away
11-04-2021,Deportivo Pasto,Junior,,0-0,2.40,FT,1,draw
11-04-2021,Queretaro,Santos Laguna,,1-0,1.40,DC,X2,home
10-04-2021,Birmingham,Stoke,,2-0,2.80,FT,1,home
10-04-2021,Bristol City,Nottingham,,0-0,2.35,FT,2,draw
10-04-2021,Huddersfield,Rotherham,,0-0,2.40,FT,1,draw
10-04-2021,Wycombe,Luton,,1-3,1.30,DC,12,away
10-04-2021,Maritimo,Farense,,1-0,3.00,FT,X,home
10-04-2021,Boavista,Rio Ave,,3-3,3.00,FT,X,draw
10-04-2021,Rostov,Rubin Kazan,,0-1,2.65,FT,2,away
10-04-2021,Lugano,Lausanne,,1-0,2.30,FT,2,home
10-04-2021,Eibar,Levante,,0-1,1.35,DC,1X,away
10-04-2021,Luzern,Basel,,3-4,2.10,FT,1,away
10-04-2021,Udinese,Torino,,0-1,1.60,DC,X2,away
10-04-2021,Zwolle,Twente,,1-0,2.40,FT,2,home
10-04-2021,Real Madrid,Barcelona,,2-1,1.25,DC,12,home
10-04-2021,Montpellier,Marseille,,3-3,3.35,FT,X,draw
10-04-2021,Atlas,Club Leon,,1-3,1.35,DC,1X,away
10-04-2021,Racing Club,Independiente,,1-0,3.10,FT,X,home
09-04-2021,FK Pardubice,Bohemians 1905,,0-2,2.10,FT,2,away
09-04-2021,FC Juniors,Amstetten,,4-0,2.50,FT,1,home
09-04-2021,Vorwarts,Horn,,3-1,1.55,DC,1X,home
09-04-2021,Odense,Vejle Kolding,,0-1,2.10,FT,1,away
09-04-2021,Chiasso,Kriens,,0-0,1.40,DC,1X,draw
09-04-2021,Eindhoven,PSV II,,0-2,2.80,FT,2,away
09-04-2021,Excelsior,NEC,,2-1,2.15,FT,2,home
09-04-2021,Stade Lausanne Ouchy,Thun,,2-3,2.15,FT,1,away
09-04-2021,Schaffhausen,Grasshoppers,,0-2,2.50,FT,2,away
09-04-2021,Bielefeld,Freiburg,,1-0,1.35,DC,12,home
09-04-2021,Wisla Krakow,Rakow,,1-2,2.10,FT,2,away
09-04-2021,Eupen,Standard Liege,,0-4,2.00,FT,2,away
09-04-2021,Fulham,Wolverhampton,,0-1,1.40,DC,12,away
09-04-2021,Huesca,Elche,,3-1,2.05,FT,1,home
09-04-2021,Tenerife,Gijon,,1-0,1.50,DC,X2,home
09-04-2021,Portimonense,Guimaraes,,3-0,2.50,FT,1,home
08-04-2021,Botev Vratsa,Botev Plovdiv,,1-2,1.40,DC,1X,away
08-04-2021,Krylya Sovetov,Dynamo Moscow,,2-0,2.15,FT,2,home
08-04-2021,Aarhus,Randers,,0-2,1.30,DC,1X,away
08-04-2021,Dumbarton,East Fife,,2-1,2.00,FT,2,home
08-04-2021,Ajax,Roma,,1-2,2.00,FT,1,away
08-04-2021,Dinamo Zagreb,Villarreal,,0-1,2.10,FT,2,away
08-04-2021,Vila Nova,Juventude,,1-1,2.40,FT,2,draw
08-04-2021,Macarthur,Brisbane Roar,,1-2,2.10,FT,1,away
08-04-2021,Odense,Vejle Kolding,,0-1,2.10,FT,1,away
08-04-2021,Hallescher,Uerdingen,,2-1,2.50,FT,2,home
08-04-2021,Bielefeld,Freiburg,,1-0,2.30,FT,2,home
08-04-2021,Eupen,Standard Liege,,0-4,1.30,DC,12,away
08-04-2021,Fulham,Wolverhampton,,0-1,1.35,DC,1X,away
08-04-2021,Huesca,Elche,,3-1,2.05,FT,1,home
08-04-2021,Tenerife,Gijon,,1-0,1.50,DC,X2,home
08-04-2021,Portimonense,Guimaraes,,3-0,2.50,FT,1,home
07-04-2021,Kaiserslautern,Zwickau,,2-2,1.25,DC,1X,draw
07-04-2021,Antalyaspor,Sivasspor,,2-4,3.00,FT,X,away
07-04-2021,Sochi,Lokomotiv Moscow,,1-3,2.60,FT,1,away
07-04-2021,Crvena zvezda,Partizan,,1-0,2.00,FT,1,home
07-04-2021,CSKA Sofia,Ludogorets,,1-1,1.40,DC,X2,draw
07-04-2021,Trans Narva,Tallinn JK Legion,,0-0,1.90,FT,2,draw
07-04-2021,Juventus,Napoli,,2-1,2.00,FT,1,home
07-04-2021,Beerschot Wilrijk,Charleroi,,2-1,1.40,DC,X2,home
07-04-2021,Wadi Degla,NB Egypt,,4-2,2.55,FT,X,home
07-04-2021,AEK,PAOK,,0-1,3.10,FT,X,away
07-04-2021,Sociedad,Ath Bilbao,,1-1,2.20,FT,1,draw
07-04-2021,SC Ismaily,El Masry Club,,2-1,1.35,DC,X2,home
07-04-2021,Bayern Munich,PSG,,2-3,1.95,FT,1,away
07-04-2021,Ayacucho,U. San Martin,,2-2,1.30,DC,1X,draw
07-04-2021,Ind. del Valle,Gremio,,2-1,2.50,FT,2,home
07-04-2021,Libertad,Atl. Nacional,,1-0,2.25,FT,1,home
06-04-2021,Kaizer Chiefs,Stellenbosch,,2-2,1.30,DC,1X,draw
06-04-2021,Novi Pazar,Backa Topola,,2-1,1.25,DC,12,home
06-04-2021,Proleter,Cukaricki,,0-1,2.00,FT,2,away
06-04-2021,Heidenheim,Holstein Kiel,,1-0,1.50,DC,1X,home
06-04-2021,Lyngby,Vejle Kolding,,0-0,2.10,FT,1,draw
06-04-2021,Laval,Bastia,,0-1,2.65,FT,X,away
06-04-2021,Waasland-Beveren,St. Truiden,,2-4,2.20,FT,2,away
06-04-2021,Carlisle,Scunthorpe,,2-0,1.85,FT,1,home
06-04-2021,Ayr,Dundee FC,,0-3,2.20,FT,2,away
06-04-2021,Morton,Inverness,,1-2,1.30,DC,X2,away
06-04-2021,Dumbarton,Montrose,,0-0,1.90,FT,2,draw
06-04-2021,East Fife,Partick Thistle,,2-2,2.20,FT,2,draw
06-04-2021,Forfar,Peterhead,,1-1,2.00,FT,2,draw
06-04-2021,Elgin City,Stranraer,,2-1,1.25,DC,12,home
06-04-2021,Casa Pia,Chaves,,1-2,2.25,FT,2,away
06-04-2021,Real Madrid,Liverpool,,3-1,2.70,FT,1,home
05-04-2021,Blackburn,Bournemouth,,0-2,1.35,DC,X2,away
05-04-2021,Luton,Barnsley,,1-2,2.20,FT,2,away
05-04-2021,Nottingham,QPR,,3-1,1.50,DC,X2,home
05-04-2021,Reading,Derby,,3-1,1.30,DC,1X,home
05-04-2021,Stoke,Millwall,,1-2,1.30,DC,1X,away
05-04-2021,Zulte-Waregem,Eupen,,2-1,2.70,FT,2,home
05-04-2021,Copenhagen,Randers,,2-1,1.90,FT,1,home
05-04-2021,AEK Larnaca,Anorthosis,,2-1,2.45,FT,2,home
05-04-2021,Reggiana,Brescia,,2-2,3.00,FT,X,draw
05-04-2021,Antwerp,Anderlecht,,1-4,2.40,FT,2,away
05-04-2021,Sheffield Wed,Cardiff,,5-0,1.30,FT,2,home
05-04-2021,Apollon Lim.,Omonia,,1-0,2.35,FT,1,home
05-04-2021,Cartagena,Alcorcon,,2-1,1.45,DC,X2,home
05-04-2021,Spal,Venezia,,1-1,3.00,FT,2,draw
05-04-2021,Fuenlabrada,Zaragoza,,0-1,1.30,DC,1X,away
05-04-2021,Wolverhampton,West Ham,,2-3,3.10,FT,X,away
04-04-2021,Belenenses,Boavista,,0-2,1.40,DC,1X,away
04-04-2021,Servette,Lugano,,1-1,2.10,FT,1,draw
04-04-2021,Horsens,Odense,,1-1,1.30,DC,X2,draw
04-04-2021,Emmen,RKC Waalwijk,,3-1,2.20,FT,1,home
04-04-2021,Nimes,St Etienne,,0-2,2.20,FT,2,away
04-04-2021,Aston Villa,Fulham,,3-1,2.25,FT,1,home
04-04-2021,Union Berlin,Hertha Berlin,,1-1,3.20,FT,X,draw
04-04-2021,Rostov,Spartak Moscow,,2-3,1.25,DC,X2,away
04-04-2021,Nordsjaelland,Aarhus,,2-0,1.80,FT,2,home
04-04-2021,Lugo,Malaga,,0-1,2.75,FT,X,away
04-04-2021,Standard Liege,Gent,,2-1,2.60,FT,1,home
04-04-2021,Cadiz,Valencia,,2-1,1.35,DC,X2,home
04-04-2021,AEK,Olympiacos,,1-5,2.15,FT,2,away
04-04-2021,Las Palmas,Mallorca,,1-1,3.10,FT,1,draw
04-04-2021,Sevilla,Atl. Madrid,,1-0,1.40,DC,X2,home
04-04-2021,Famalicao,Ferreira,,2-0,2.70,FT,2,home
03-04-2021,Girona,Ponferradina,,3-1,1.30,DC,1X,home
03-04-2021,Lausanne,Luzern,,2-1,1.40,DC,1X,home
03-04-2021,Castellon,Oviedo,,1-0,2.10,FT,2,home
03-04-2021,RB Leipzig,Bayern Munich,,0-1,1.30,DC,12,away
03-04-2021,Osasuna,Getafe,,0-0,1.30,DC,1X,draw
03-04-2021,St. Truiden,Mechelen,,2-1,2.40,FT,2,home
03-04-2021,Rio Ave,Gil Vicente,,0-2,2.10,FT,1,away
03-04-2021,Bohemians,St. Patricks,,0-1,2.60,FT,1,away
03-04-2021,Drogheda,Finn Harps,,1-1,2.60,FT,1,draw
03-04-2021,Twente,Vitesse,,1-2,1.45,DC,X2,away
03-04-2021,Caen,Pau,,1-1,3.00,FT,X,draw
03-04-2021,Sochaux,Paris,,1-2,2.90,FT,X,away
03-04-2021,St. Gallen,Zurich,,1-1,1.90,FT,1,draw
03-04-2021,Arsenal,Liverpool,,0-3,1.30,DC,12,away
03-04-2021,Sparta,Zwolle,,3-2,2.10,FT,1,home
03-04-2021,Ath Bilbao,Sociedad,,0-1,3.10,FT,X,away
02-04-2021,Bournemouth,Middlesbrough,,3-1,2.15,FT,1,home
02-04-2021,Bristol City,Stoke,,0-2,2.20,FT,2,away
02-04-2021,Cardiff,Nottingham,,0-1,2.20,FT,1,away
02-04-2021,Derby,Luton,,2-0,2.20,FT,1,home
02-04-2021,Millwall,Rotherham,,1-0,1.35,DC,12,home
02-04-2021,QPR,Coventry,,3-0,2.20,FT,1,home
02-04-2021,Pescara,Pisa,,3-1,1.30,DC,X2,home
02-04-2021,Barnsley,Reading,,1-1,1.35,DC,12,draw
02-04-2021,Brescia,Pordenone,,4-1,1.30,DC,1X,home
02-04-2021,Chievo,Spal,,1-1,2.00,FT,1,draw
02-04-2021,Vicenza,Cittadella,,1-0,3.10,FT,X,home
02-04-2021,Birmingham,Swansea,,1-0,1.35,DC,X2,home
02-04-2021,Levante,Huesca,,0-2,2.40,FT,X,away
02-04-2021,Almeria,Rayo Vallecano,,0-1,2.25,FT,1,away
02-04-2021,Antofagasta,Everton,,1-2,2.70,FT,2,away
02-04-2021,Nacional,Portimonense,,1-5,2.90,FT,1,away
01-04-2021,Mallorca,Leganes,,1-0,1.25,DC,1X,home
01-04-2021,Las Palmas,Lugo,,6-1,2.20,FT,1,home
01-04-2021,Zaragoza,Cartagena,,0-0,2.20,FT,1,draw
01-04-2021,River Plate,de Octubre,,0-2,2.10,FT,1,away
01-04-2021,Nacional A.,Guarani Asuncion,,2-0,1.40,DC,1X,home
01-04-2021,CD Equidad,Deportivo Cali,,2-5,1.30,DC,1X,away
01-04-2021,Macarthur,Perth Glory,,2-0,2.10,FT,1,home
01-04-2021,Cerezo Osaka,Sangan,,1-0,1.30,DC,1X,home
01-04-2021,Pohang Steelers,Daegu,,0-0,1.30,DC,1X,draw
01-04-2021,Doncaster,Charlton,,0-1,2.60,FT,1,away
01-04-2021,Scunthorpe,Crawley,,0-0,2.70,FT,2,draw
01-04-2021,Cosenza,Ascoli,,2-1,2.85,FT,X,home
01-04-2021,Bristol City,Stoke,,0-2,2.20,FT,2,away
01-04-2021,Derby,Luton,,2-0,2.10,FT,1,home
01-04-2021,QPR,Coventry,,3-0,2.20,FT,1,home
01-04-2021,Millwall,Rotherham,,1-0,2.10,FT,1,home
31-03-2021,Denmark U21,Russia U21,,3-0,1.30,DC,12,home
31-03-2021,Croatia U21,England U21,,1-2,1.90,FT,2,away
31-03-2021,Switzerland U21,Portugal U21,,0-3,1.90,FT,2,away
31-03-2021,Armenia,Romania,,3-2,2.00,FT,2,home
31-03-2021,Gillingham,Wigan,,1-0,2.00,FT,1,home
31-03-2021,Albacete,Castellon,,0-1,1.40,DC,1X,away
31-03-2021,Sabadell,Girona,,2-2,1.40,DC,X2,draw
31-03-2021,Northern Ireland,Bulgaria,,0-0,1.95,FT,1,draw
31-03-2021,Austria,Denmark,,0-4,1.40,DC,X2,away
31-03-2021,America De Cali,Millonarios,,2-1,1.35,DC,1X,home
31-03-2021,Ayacucho,Sport Huancayo,,3-0,2.10,FT,2,home
31-03-2021,Guayaquil City,Orense,,4-1,3.20,FT,2,home
31-03-2021,Envigado,Patriotas,,3-0,2.05,FT,1,home
31-03-2021,Aguilas,Once Caldas,,2-2,2.80,FT,X,draw
31-03-2021,CC Mariners,Adelaide,,2-1,3.00,FT,2,home
31-03-2021,Mallorca,Leganes,,1-0,2.15,FT,1,home
30-03-2021,Guinea Bissau,Congo,,3-0,1.50,DC,X2,home
30-03-2021,Alcorcon,Oviedo,,1-1,1.40,DC,1X,draw
30-03-2021,Malaga,Almeria,,0-3,2.25,FT,2,away
30-03-2021,Carlisle,Crawley,,2-0,1.30,DC,1X,home
30-03-2021,Villefranche,Red Star,,2-2,2.80,FT,X,draw
30-03-2021,Concarneau,Boulogne,,0-0,2.90,FT,1,draw
30-03-2021,Raith,Dunfermline,,5-1,2.70,FT,1,home
30-03-2021,Montrose,East Fife,,3-0,1.25,DC,12,home
30-03-2021,Peterhead,Clyde,,0-2,2.20,FT,1,away
30-03-2021,Stirling,Stenhousemuir,,1-0,2.05,FT,1,home
30-03-2021,Wales,Czech Republic,,1-0,2.55,FT,2,home
30-03-2021,Ponferradina,Ud Logrones,,2-2,2.00,FT,1,draw
30-03-2021,Mozambique,Cape Verde,,0-1,2.45,FT,1,away
30-03-2021,Rayo Vallecano,Gijon,,0-1,1.25,DC,1X,away
30-03-2021,Alianza Lima,Cusco,,2-2,3.00,FT,X,draw
30-03-2021,Deportes Tolima,Atl. Nacional,,2-1,2.50,FT,1,home
29-03-2021,Mafra,Porto II,,0-4,1.45,DC,1X,away
29-03-2021,Leixoes,Vizela,,0-4,1.30,DC,X2,away
29-03-2021,Sport Boys,Binacional,,3-2,2.20,FT,1,home
29-03-2021,Orleans,Bastia,,2-1,1.30,DC,X2,home
29-03-2021,Den Bosch,Go Ahead,,3-3,1.60,FT,2,draw
29-03-2021,Fuenlabrada,Mallorca,,4-1,1.35,DC,X2,home
29-03-2021,River M.,Progreso,,3-2,1.90,FT,1,home
29-03-2021,Chaves,Penafiel,,2-1,1.20,DC,1X,home
29-03-2021,Montevideo City,P.Colonia,,2-0,2.90,FT,X,home
29-03-2021,Estudiantes,San Lorenzo,,0-2,3.00,FT,X,away
29-03-2021,Dep. Municipal,Univ.Cesar Vallejo,,0-4,2.05,FT,2,away
29-03-2021,Atl. Tucuman,Newells Old Boys,,2-2,2.80,FT,1,draw
29-03-2021,Huracan,Gimnasia L.P.,,1-1,3.15,FT,X,draw
29-03-2021,Deportivo Cali,Deportivo Pasto,,1-1,1.95,FT,1,draw
29-03-2021,Alcorcon,Oviedo,,1-1,2.60,FT,1,draw
29-03-2021,Malaga,Almeria,,0-3,2.65,FT,2,away
28-03-2021,Covilha,Casa Pia,,0-0,2.80,FT,X,draw
28-03-2021,Mas Taborsko,Chrudim,,1-1,1.35,DC,X2,draw
28-03-2021,Pro Sesto,Piacenza,,1-3,2.60,FT,X,away
28-03-2021,Carpi,Virtus V.,,2-2,1.30,DC,12,draw
28-03-2021,Turris,Catanzaro,,1-1,1.30,DC,X2,draw
28-03-2021,Croatia U21,Switzerland U21,,3-2,1.35,DC,X2,home
28-03-2021,Armenia,Iceland,,2-0,2.25,FT,2,home
28-03-2021,NAC Breda,De Graafschap,,3-1,1.25,DC,12,home
28-03-2021,Israel,Scotland,,1-1,3.10,FT,X,draw
28-03-2021,Deportivo Pereira,CD Equidad,,0-0,2.95,FT,X,draw
28-03-2021,Russia U21,France U21,,0-2,1.90,FT,2,away
28-03-2021,Portugal U21,England U21,,2-0,2.60,FT,2,home
28-03-2021,Defensa Justicia,Velez,,1-1,2.50,FT,1,draw
28-03-2021,Tenerife,Las Palmas,,1-1,1.90,FT,1,draw
28-03-2021,Patriotas,Aguilas,,2-1,2.90,FT,2,home
28-03-2021,Independiente,Boca Juniors,,1-1,2.20,FT,2,draw
27-03-2021,Wimbledon,Northampton,,1-0,1.40,DC,1X,home
27-03-2021,Milton Keynes Dons,Doncaster,,1-0,2.00,FT,1,home
27-03-2021,Shrewsbury,Portsmouth,,1-2,2.15,FT,2,away
27-03-2021,Wigan,Ipswich,,0-0,1.30,DC,X2,draw
27-03-2021,Carlisle,Cambridge Utd,,1-2,2.90,FT,2,away
27-03-2021,Colchester,Bradford City,,1-2,1.55,DC,1X,away
27-03-2021,Crawley,Port Vale,,1-3,3.10,FT,2,away
27-03-2021,Grimsby,Walsall,,1-1,1.30,DC,12,draw
27-03-2021,Leyton Orient,Oldham,,2-1,2.15,FT,1,home
27-03-2021,Morecambe,Cheltenham,,1-0,3.20,FT,X,home
27-03-2021,Stevenage,Barrow,,2-1,2.35,FT,1,home
27-03-2021,Tranmere,Mansfield,,1-1,2.40,FT,1,draw
27-03-2021,Benin,Nigeria,,0-1,2.05,FT,2,away
27-03-2021,Norway,Turkey,,0-3,2.80,FT,2,away
27-03-2021,Dundee,Dunfermline,,3-2,1.30,DC,12,home
27-03-2021,Germany U21,Netherlands U21,,1-1,2.40,FT,1,draw
26-03-2021,Cape Verde,Cameroon,,3-1,1.35,DC,12,home
26-03-2021,Congo,Senegal,,0-0,1.90,FT,2,draw
26-03-2021,Academico Viseu,Varzim,,0-1,1.35,DC,1X,away
26-03-2021,Bastia-Borgo,Cholet,,0-0,1.30,DC,1X,draw
26-03-2021,Sete,Villefranche,,0-2,2.70,FT,X,away
26-03-2021,Gijon,Alcorcon,,0-0,2.00,FT,1,draw
26-03-2021,Korona Kielce,Legnica,,0-0,1.30,DC,12,draw
26-03-2021,Oxford Utd,Lincoln,,2-1,1.30,DC,12,home
26-03-2021,Waterford,Sligo Rovers,,1-2,1.70,FT,2,away
26-03-2021,Eindhoven FC,Oss,,0-0,2.35,FT,1,draw
26-03-2021,Union de Santa Fe,Sarmiento Junin,,0-0,1.75,FT,1,draw
26-03-2021,Sangan,Sapporo,,1-5,2.20,FT,2,away
26-03-2021,Tokushima,Oita Trinita,,0-1,2.20,FT,1,away
26-03-2021,Vegalta Sendai,Shimizu SP,,0-1,2.40,FT,2,away
26-03-2021,Yokohama Marinos,Sanfrecce Hiroshima,,5-0,2.00,FT,1,home
26-03-2021,Urawa Reds,Kashiwa R.,,0-1,2.50,FT,2,away
25-03-2021,South Africa,Ghana,,1-1,1.25,DC,1X,draw
25-03-2021,Gabon,D.R. Congo,,3-0,1.25,DC,1X,home
25-03-2021,Kenya,Egypt,,1-1,1.95,FT,2,draw
25-03-2021,Botswana,Zimbabwe,,0-1,1.30,DC,1X,away
25-03-2021,P.Colonia,River M.,,1-0,2.30,FT,1,home
25-03-2021,Zambia,Algeria,,3-3,2.00,FT,2,draw
25-03-2021,Equatorial Guinea,Tanzania,,1-0,2.60,FT,X,home
25-03-2021,Libya,Tunisia,,2-5,2.00,FT,2,away
25-03-2021,Moldova,Faroe Islands,,1-1,1.35,DC,1X,draw
25-03-2021,Scotland,Austria,,2-2,2.20,FT,2,draw
25-03-2021,Hungary,Poland,,3-3,2.10,FT,2,draw
25-03-2021,U. Magdalena,Boca Juniors,,1-1,2.00,FT,1,draw
25-03-2021,San Lorenzo,Defensa y Justicia,,0-2,2.20,FT,2,away
25-03-2021,Bucaramanga,Dep. Cali,,1-0,1.25,DC,X2,home
25-03-2021,Aguilas,Millonarios,,0-0,3.00,FT,X,draw
25-03-2021,Mlada Boleslav,Slovacko,,2-2,2.40,FT,2,draw
24-03-2021,Belarus,Honduras,,1-1,2.35,FT,1,draw
24-03-2021,Finland,Bosnia & Herzegovina,,2-2,1.40,DC,X2,draw
24-03-2021,Cyprus,Slovakia,,0-0,1.85,FT,2,draw
24-03-2021,Deportes Tolima,CPD Junior,,0-1,1.30,DC,1X,away
24-03-2021,Japan,South Korea,,3-0,2.00,FT,1,home
24-03-2021,Comoros,Togo,,0-0,1.75,FT,1,draw
24-03-2021,South Africa,Ghana,,1-1,1.25,DC,1X,draw
24-03-2021,Kenya,Egypt,,1-1,1.95,FT,2,draw
24-03-2021,Botswana,Zimbabwe,,0-1,2.85,FT,X,away
24-03-2021,Zambia,Algeria,,3-3,2.00,FT,2,draw
24-03-2021,Equatorial Guinea,Tanzania,,1-0,2.60,FT,X,home
24-03-2021,Libya,Tunisia,,2-5,2.00,FT,2,away
24-03-2021,Moldova,Faroe Islands,,1-1,1.35,DC,1X,draw
24-03-2021,Scotland,Austria,,2-2,2.20,FT,2,draw
24-03-2021,Hungary,Poland,,3-3,2.05,FT,2,draw
24-03-2021,Bucaramanga,Dep. Cali,,1-0,1.25,DC,X2,home
23-03-2021,Carlisle,Leyton Orient,,0-1,1.30,DC,1X,away
23-03-2021,Northampton,Oxford Utd,,1-0,2.15,FT,2,home
23-03-2021,Burton,Shrewsbury,,1-2,3.10,FT,X,away
23-03-2021,Blackpool,Peterborough,,3-1,1.30,DC,12,home
23-03-2021,Bristol Rovers,Swindon,,0-1,2.05,FT,1,away
23-03-2021,Colchester,Tranmere,,2-2,2.30,FT,2,draw
23-03-2021,Scunthorpe,Bradford City,,2-0,3.00,FT,X,home
23-03-2021,Southend,Walsall,,0-0,2.90,FT,1,draw
23-03-2021,Red Star,Laval,,0-0,1.20,DC,1X,draw
23-03-2021,Aldershot,Chesterfield,,0-1,2.20,FT,2,away
23-03-2021,Dag & Red,Hartlepool,,0-1,2.00,FT,2,away
23-03-2021,Vilafranquense,Chaves,,0-1,1.30,DC,X2,away
23-03-2021,Arbroath,Falkirk,,1-2,2.40,FT,2,away
23-03-2021,Formartine,Annan Athletic,,1-1,2.00,FT,2,draw
23-03-2021,Morton,Dunfermline,,0-0,2.25,FT,2,draw
23-03-2021,Yeovil,Notts County,,2-2,1.30,DC,12,draw
22-03-2021,Munich 1860,Dynamo Dresden,,1-0,2.70,FT,2,home
22-03-2021,Albacete,Cartagena,,2-0,1.40,DC,1X,home
22-03-2021,Hapoel E.H.,Hapoel Haifa,,3-1,1.40,DC,1X,home
22-03-2021,Penafiel,Casa Pia,,1-1,2.35,FT,1,draw
22-03-2021,Fortuna Dusseldorf,Bochum,,0-3,1.40,DC,1X,away
22-03-2021,Pro Vercelli,Alessandria,,0-1,1.30,DC,1X,away
22-03-2021,Zaragoza,Mirandes,,1-0,1.30,DC,1X,home
22-03-2021,Cajamarca,Carlos Mannucci,,2-2,3.10,FT,X,draw
22-03-2021,Arsenal de Sarandi,Platense,,0-0,2.40,FT,1,draw
22-03-2021,Patriotas,CD Equidad,,1-2,2.50,FT,2,away
22-03-2021,Racing Club,Argentinos Jrs,,1-0,2.15,FT,1,home
22-03-2021,Alianza Petrolera,Bucaramanga,,1-3,2.90,FT,X,away
22-03-2021,Annecy,Orleans,,2-0,2.35,FT,2,home
22-03-2021,Northampton,Oxford Utd,,1-0,2.15,FT,2,home
22-03-2021,Burton,Shrewsbury,,1-2,3.10,FT,X,away
22-03-2021,Blackpool,Peterborough,,3-1,2.70,FT,1,home
21-03-2021,West Ham,Arsenal,,3-3,1.30,DC,12,draw
21-03-2021,Valencia,Granada,,2-1,2.05,FT,1,home
21-03-2021,Heracles,Sparta,,1-1,2.15,FT,1,draw
21-03-2021,Altach,Ried,,2-1,2.20,FT,1,home
21-03-2021,Austria Vienna,Wolfsberger,,3-5,1.40,DC,X2,away
21-03-2021,Besiktas,Fenerbahce,,1-1,2.15,FT,1,draw
21-03-2021,Leicester,Manchester Utd,,3-1,1.40,DC,X2,home
21-03-2021,Fiorentina,Milan,,2-3,2.10,FT,2,away
21-03-2021,Boavista,Farense,,0-1,2.25,FT,1,away
21-03-2021,Maritimo,Famalicao,,0-4,1.45,DC,1X,away
21-03-2021,Toluca,Puebla,,4-4,2.10,FT,1,draw
21-03-2021,Aston Villa,Tottenham,,0-2,2.30,FT,2,away
21-03-2021,Roma,Napoli,,0-2,2.60,FT,1,away
21-03-2021,Salernitana,Brescia,,1-0,3.00,FT,2,home
21-03-2021,Braga,Benfica,,0-2,1.25,DC,12,away
21-03-2021,Olympique Lyon,PSG,,2-4,2.25,FT,2,away
20-03-2021,Millwall,Middlesbrough,,1-0,1.40,DC,X2,home
20-03-2021,Stoke,Derby,,1-0,3.00,FT,X,home
20-03-2021,Reading,QPR,,1-1,2.15,FT,1,draw
20-03-2021,Kilmarnock,Motherwell,,4-1,2.80,FT,2,home
20-03-2021,Livingston,Hibernian,,1-1,3.20,FT,X,draw
20-03-2021,Nice,Olympique Marseille,,3-0,1.40,DC,X2,home
20-03-2021,Spezia,Cagliari,,2-1,1.40,DC,1X,home
20-03-2021,Lausanne,St. Gallen,,4-3,2.35,FT,1,home
20-03-2021,Swansea,Cardiff,,0-1,3.00,FT,X,away
20-03-2021,Huesca,Osasuna,,0-0,1.35,DC,12,draw
20-03-2021,Eupen,Kortrijk,,2-0,2.70,FT,2,home
20-03-2021,Banfield,Lanus,,2-0,3.05,FT,X,home
20-03-2021,Lugano,Basel,,2-1,2.60,FT,2,home
20-03-2021,RKC Waalwijk,Groningen,,3-1,1.35,DC,X2,home
20-03-2021,Velez Sarsfield,Independiente,,1-0,2.20,FT,1,home
20-03-2021,Once Caldas,America De Cali,,1-1,2.95,FT,X,draw
19-03-2021,Drogheda,Waterford,,1-0,2.30,FT,1,home
19-03-2021,Heerenveen,Twente,,0-0,1.40,DC,X2,draw
19-03-2021,Volendam,NAC Breda,,2-1,2.70,FT,2,home
19-03-2021,Helmond,Utrecht II,,2-1,2.50,FT,1,home
19-03-2021,Telstar,Roda,,3-1,2.00,FT,2,home
19-03-2021,Le Mans,Concarneau,,0-2,1.30,DC,1X,away
19-03-2021,Red Star 93,Orleans,,1-1,2.90,FT,X,draw
19-03-2021,Grasshoppers,Aarau,,4-1,2.20,FT,1,home
19-03-2021,Parma,Genoa,,1-2,2.35,FT,1,away
19-03-2021,Genk,Standard Liege,,2-2,2.10,FT,1,draw
19-03-2021,Fulham,Leeds,,1-2,1.45,DC,1X,away
19-03-2021,Ascoli,Cremonese,,0-0,2.95,FT,X,draw
19-03-2021,Las Palmas,Girona,,1-2,1.40,DC,1X,away
19-03-2021,Cordoba Santiago,Estudiantes,,1-1,1.30,DC,12,draw
19-03-2021,Jaguares C.,Aguilas,,0-2,2.25,FT,1,away
19-03-2021,Necaxa,Juarez,,1-0,2.20,FT,1,home
18-03-2021,Krasnodar,Dynamo Moscow,,2-3,2.20,FT,1,away
18-03-2021,Shakhtar,Roma,,1-2,2.85,FT,1,away
18-03-2021,Molde,Granada,,2-1,2.30,FT,2,home
18-03-2021,Bogota,Tigres,,0-2,1.25,DC,1X,away
18-03-2021,Boca Juniors Call,U. Magdalena,,1-0,1.40,DC,X2,home
18-03-2021,Llaneros,Atletico Jamundi,,4-0,1.30,DC,12,home
18-03-2021,Young Boys,Ajax,,0-2,2.15,FT,2,away
18-03-2021,Milan,Manchester Utd,,0-1,1.30,DC,X2,away
18-03-2021,Rangers,Slavia Prague,,0-2,2.20,FT,1,away
18-03-2021,Pachuca,Tigres Unal,,1-0,3.05,FT,X,home
18-03-2021,Sydney W.,Perth Glory,,3-0,2.20,FT,1,home
18-03-2021,Voluntari,Hermannstadt,,1-0,3.00,FT,X,home
18-03-2021,Etar,Botev Plovdiv,,0-0,1.35,DC,1X,draw
18-03-2021,Pardubice,M. Boleslav,,2-2,2.30,FT,2,draw
18-03-2021,Piast Gliwice,Cracovia,,2-0,2.10,FT,1,home
18-03-2021,Paderborn,Karlsruher,,2-2,3.10,FT,2,draw
17-03-2021,CSKA,Zenit,,2-3,1.30,DC,X2,away
17-03-2021,Jahn Regensburg,Greuther Furth,,1-2,2.10,FT,2,away
17-03-2021,Antalyaspor,Alanyaspor,,2-0,1.30,DC,X2,home
17-03-2021,Dynamo Dresden,Wehen,,1-0,1.95,FT,1,home
17-03-2021,SV Meppen,Uerdingen,,0-4,2.65,FT,1,away
17-03-2021,Verl,Ingolstadt,,1-1,2.10,FT,2,draw
17-03-2021,QPR,Millwall,,3-2,2.35,FT,1,home
17-03-2021,Birmingham,Reading,,2-1,2.20,FT,2,home
17-03-2021,Sheffield Wed,Huddersfield,,1-1,3.00,FT,X,draw
17-03-2021,Leones,Fortaleza,,2-1,1.30,DC,1X,home
17-03-2021,Chelsea,Atl. Madrid,,2-0,1.30,DC,1X,home
17-03-2021,Astra Giurgiu,Botosani,,1-1,1.45,DC,1X,draw
17-03-2021,Krasnodar,Dynamo Moscow,,2-3,2.20,FT,1,away
17-03-2021,Shakhtar,Roma,,1-2,2.85,FT,1,away
17-03-2021,Dinamo Zagreb,Tottenham,,2-0,2.00,FT,2,home
17-03-2021,Molde,Granada CF,,2-1,2.30,FT,2,home
16-03-2021,Brescia,Reggina,,1-0,2.50,FT,1,home
16-03-2021,Chievo,Frosinone,,0-0,2.20,FT,1,draw
16-03-2021,Hallescher,Duisburg,,1-1,1.30,DC,12,draw
16-03-2021,Wimbledon,Wigan,,1-1,1.30,DC,12,draw
16-03-2021,Cardiff,Stoke,,0-0,2.25,FT,1,draw
16-03-2021,Luton,Coventry,,2-0,1.45,DC,1X,home
16-03-2021,Oxford Utd,Doncaster,,3-0,2.20,FT,1,home
16-03-2021,Peterborough,Portsmouth,,1-0,2.10,FT,1,home
16-03-2021,Mansfield,Carlisle,,1-1,2.45,FT,1,draw
16-03-2021,Scunthorpe,Oldham,,1-1,2.35,FT,1,draw
16-03-2021,Port Vale,Newport,,2-1,2.50,FT,2,home
16-03-2021,Raith,Inverness,,0-1,2.80,FT,2,away
16-03-2021,Bournemouth,Swansea,,3-0,1.30,DC,1X,home
16-03-2021,Fleetwood,Ipswich,,2-0,2.60,FT,1,home
16-03-2021,Pescara,Ascoli,,2-3,1.30,DC,1X,away
16-03-2021,Real Madrid,Atalanta,,3-1,2.25,FT,1,home
15-03-2021,Kasimpasa,Konyaspor,,1-1,1.30,DC,1X,draw
15-03-2021,Al Wehda,Abha,,1-4,1.95,FT,1,away
15-03-2021,Stal Mielec,Bielsko Biala,,2-1,1.30,DC,1X,home
15-03-2021,Renate,Novara,,1-0,1.25,DC,1X,home
15-03-2021,Orleans,Quevilly Rouen,,3-4,1.30,DC,1X,away
15-03-2021,Turkgucu Munchen,Hansa Rostock,,0-3,2.20,FT,2,away
15-03-2021,Mafra,Feirense,,2-1,2.35,FT,2,home
15-03-2021,Din. Bucuresti,SCM Pitesti,,1-2,1.30,DC,12,away
15-03-2021,St. Pauli,Paderborn,,0-2,2.45,FT,1,away
15-03-2021,Caen,Le Havre,,0-2,2.90,FT,X,away
15-03-2021,Pisa,Spal,,3-0,3.00,FT,X,home
15-03-2021,Rosario Central,Arsenal Sarandi,,2-1,2.00,FT,1,home
15-03-2021,Atl. Tucuman,Patronato,,4-2,2.15,FT,1,home
15-03-2021,Bucaramanga,Once Caldas,,1-1,2.20,FT,1,draw
15-03-2021,Cosenza,L.R. Vicenza,,1-1,2.80,FT,X,draw
15-03-2021,Alianza Universidad,Cusco,,1-0,2.85,FT,X,home
14-03-2021,Gijon,Mallorca,,2-0,2.75,FT,X,home
14-03-2021,Moreirense,Rio Ave,,1-1,1.35,DC,12,draw
14-03-2021,Vaduz,Lugano,,0-3,3.00,FT,X,away
14-03-2021,Odense,Brondby,,0-3,2.30,FT,2,away
14-03-2021,St. Polten,Altach,,0-1,1.30,DC,12,away
14-03-2021,Sturm Graz,Austria Vienna,,2-1,2.00,FT,1,home
14-03-2021,Monaco,Lille,,0-0,1.35,DC,1X,draw
14-03-2021,Arsenal,Tottenham,,2-1,1.40,DC,1X,home
14-03-2021,Stuttgart,Hoffenheim,,2-0,2.45,FT,1,home
14-03-2021,Copenhagen,Midtjylland,,0-0,1.40,DC,1X,draw
14-03-2021,Panathinaikos,PAOK,,2-1,2.00,FT,2,home
14-03-2021,Eibar,Villarreal,,1-3,2.40,FT,2,away
14-03-2021,Oviedo,Leganes,,1-3,2.70,FT,X,away
14-03-2021,Milan,Napoli,,0-1,2.60,FT,1,away
14-03-2021,Anderlecht,Genk,,1-2,2.10,FT,1,away
14-03-2021,Sevilla,Betis,,1-0,2.05,FT,1,home
13-03-2021,Crystal Palace,WBA,,1-0,1.35,DC,12,home
13-03-2021,Birmingham,Bristol City,,0-3,2.05,FT,1,away
13-03-2021,Bournemouth,Barnsley,,2-3,2.30,FT,1,away
13-03-2021,Cardiff,Watford,,1-2,1.35,DC,12,away
13-03-2021,Derby,Millwall,,0-1,1.35,DC,1X,away
13-03-2021,Middlesbrough,Stoke,,3-0,2.20,FT,1,home
13-03-2021,Nottingham,Reading,,1-1,2.90,FT,2,draw
13-03-2021,Fuenlabrada,Las Palmas,,1-2,3.10,FT,X,away
13-03-2021,Willem II,Heerenveen,,3-1,2.70,FT,1,home
13-03-2021,Farense,Belenenses,,0-1,3.00,FT,X,away
13-03-2021,Benevento,Fiorentina,,1-4,1.30,DC,X2,away
13-03-2021,Osasuna,Valladolid,,0-0,1.30,DC,1X,draw
13-03-2021,Santa Clara,Portimonense,,2-0,2.90,FT,X,home
13-03-2021,Castellon,Sabadell,,2-1,2.50,FT,1,home
13-03-2021,Genoa,Udinese,,1-1,3.00,FT,X,draw
13-03-2021,Eupen,St. Liege,,0-1,2.40,FT,2,away
12-03-2021,Lok. Plovdiv,Beroe,,1-1,1.25,DC,1X,draw
12-03-2021,Bochum,Hamburger SV,,0-2,1.30,DC,12,away
12-03-2021,Dordrecht,Oss,,1-3,2.00,FT,2,away
12-03-2021,Cartagena,Ponferradina,,1-1,1.30,DC,1X,draw
12-03-2021,Lyngby,Nordsjaelland,,0-3,3.40,FT,X,away
12-03-2021,Xamax,Schaffhausen,,3-0,2.00,FT,2,home
12-03-2021,Kriens,Grasshoppers,,1-2,2.00,FT,2,away
12-03-2021,Winterthur,Thun,,2-3,2.40,FT,2,away
12-03-2021,Augsburg,B. Monchengladbach,,3-1,1.90,FT,2,home
12-03-2021,Jagiellonia,Pogon Szczecin,,0-1,1.90,FT,2,away
12-03-2021,Blackburn,Brentford,,0-1,2.10,FT,2,away
12-03-2021,Inverness,Raith,,0-0,2.10,FT,1,draw
12-03-2021,Newcastle,Aston Villa,,1-1,1.25,DC,X2,draw
12-03-2021,Levante,Valencia,,1-0,2.15,FT,1,home
12-03-2021,Nacional,Maritimo,,1-2,2.70,FT,1,away
12-03-2021,Cienciano,Cajamarca,,1-0,1.50,DC,X2,home
11-03-2021,Al Ahli Jeddah,Al Nassr R.,,1-2,1.30,DC,X2,away
11-03-2021,Dyn. Kyiv,Villarreal,,0-2,1.25,DC,X2,away
11-03-2021,Slavia Prague,Rangers,,1-1,1.35,DC,1X,draw
11-03-2021,Fortaleza,Leones,,0-0,1.35,DC,1X,draw
11-03-2021,Real San Andres,Cortulua,,1-1,1.20,DC,X2,draw
11-03-2021,Real Cartagena,Huila,,2-1,2.20,FT,2,home
11-03-2021,Guarani Asuncion,Atl. Nacional,,0-2,3.10,FT,X,away
11-03-2021,Dep. Cali,America De Cali,,0-2,2.85,FT,X,away
11-03-2021,MVV,AZ Alkmar II,,3-2,2.10,FT,1,home
11-03-2021,Bani Yas,Al Nasr,,3-2,2.10,FT,1,home
11-03-2021,Katokopia,Paphos,,1-0,2.90,FT,X,home
11-03-2021,Al Rayyan,Al Arabi Doha,,2-0,2.40,FT,1,home
11-03-2021,AEK Larnaca,Apollon,,0-2,2.00,FT,2,away
11-03-2021,Lok. Plovdiv,Beroe,,1-1,2.10,FT,1,draw
11-03-2021,Bochum,Hamburger,,0-2,2.50,FT,1,away
11-03-2021,Heidenheim,Holstein Kiel,,Postp,2.60,FT,1,postponed
10-03-2021,Maritzburg Utd,Kaizer Chiefs,,1-1,2.40,FT,2,draw
10-03-2021,Istra 1961,Lok. Zagreb,,3-1,1.50,DC,X2,home
10-03-2021,Debrecen,MTK,,1-2,1.90,FT,2,away
10-03-2021,Randers,Vejle Kolding,,3-1,2.10,FT,1,home
10-03-2021,Bielefeld,Werder,,0-2,2.30,FT,2,away
10-03-2021,Al-Ittihad J.,Al-Shabab R.,,2-1,1.45,DC,1X,home
10-03-2021,Saarbrucken,Zwickau,,1-2,1.30,DC,1X,away
10-03-2021,Bayern II,Verl,,1-2,1.40,DC,1X,away
10-03-2021,Olympique Marseille,Rennes,,1-0,1.45,DC,1X,home
10-03-2021,Liverpool,RB Leipzig,,2-0,2.80,FT,2,home
10-03-2021,PSG,Barcelona,,1-1,2.55,FT,2,draw
10-03-2021,Universidad Catolica,Libertad,,0-1,1.75,FT,1,away
10-03-2021,Sportivo Luqueno,Sol America,,0-0,2.95,FT,X,draw
10-03-2021,Caracas,CPD Junior,,1-2,3.20,FT,X,away
10-03-2021,Universitad Chile,San Lorenzo,,1-1,3.00,FT,1,draw
10-03-2021,Monterrey,Club Leon,,1-1,2.00,FT,1,draw
09-03-2021,VVV Venlo,Sparta Rotterdam,,0-1,1.90,FT,2,away
09-03-2021,Blackburn,Swansea,,1-1,2.75,FT,2,draw
09-03-2021,Uerdingen,Hansa Rostock,,0-1,1.25,DC,X2,away
09-03-2021,Viktoria Koln,Meppen,,1-0,3.10,FT,X,home
09-03-2021,Wimbledon,Burton,,0-1,1.40,DC,X2,away
09-03-2021,Bristol Rovers,Accrington,,4-1,1.40,DC,X2,home
09-03-2021,Crewe,Doncaster,,1-0,2.40,FT,1,home
09-03-2021,Ipswich,Lincoln,,1-1,1.30,DC,12,draw
09-03-2021,Milton Keynes Dons,Blackpool,,0-1,2.50,FT,2,away
09-03-2021,Peterborough,Hull,,1-3,2.60,FT,1,away
09-03-2021,Rochdale,Shrewsbury,,0-2,2.10,FT,2,away
09-03-2021,Swindon,Oxford Utd,,1-2,2.00,FT,2,away
09-03-2021,Forest Green,Morecambe,,2-2,2.30,FT,1,draw
09-03-2021,Fleetwood,Gillingham,,1-0,2.20,FT,1,home
09-03-2021,Portsmouth,Sunderland,,0-2,1.30,DC,12,away
09-03-2021,Dortmund,Sevilla,,2-2,2.20,FT,1,draw
08-03-2021,Benfica II,Arouca,,3-1,1.50,DC,1X,home
08-03-2021,Apollon,AEL Limassol,,0-0,1.30,DC,12,draw
08-03-2021,Warta Poznan,Wisla Plock,,2-0,1.35,DC,12,home
08-03-2021,Zlatibor Cajetina,Napredak,,1-2,3.05,FT,X,away
08-03-2021,Alcorcon,Mirandes,,4-0,1.40,DC,12,home
08-03-2021,Aalborg,Sonderjyske,,1-0,2.10,FT,1,home
08-03-2021,Vilafranquense,Covilha,,2-2,2.80,FT,X,draw
08-03-2021,Voluntari,Din. Bucuresti,,1-1,1.50,DC,1X,draw
08-03-2021,Hamburger,Holstein Kiel,,1-1,3.30,FT,X,draw
08-03-2021,Inter,Atalanta,,1-0,2.10,FT,1,home
08-03-2021,West Ham,Leeds,,2-0,2.10,FT,1,home
08-03-2021,Lugo,Fuenlabrada,,0-0,2.80,FT,X,draw
08-03-2021,Nice,Monaco,,0-2,1.85,FT,2,away
08-03-2021,Varzim,Leixoes,,0-1,2.50,FT,1,away
08-03-2021,Racing Club,Rosario Central,,1-0,2.10,FT,1,home
08-03-2021,Pachuca,Club Tijuana,,2-1,1.85,FT,1,home
07-03-2021,Ponferradina,Gijon,,2-2,1.40,DC,1X,draw
07-03-2021,Lugano,Zurich,,0-1,1.35,DC,1X,away
07-03-2021,Luzern,St. Gallen,,4-2,2.15,FT,1,home
07-03-2021,Honved,Kisvarda,,0-1,1.35,DC,1X,away
07-03-2021,Atl. Madrid,Real Madrid,,1-1,2.90,FT,2,draw
07-03-2021,Vitesse,AZ Alkmaar,,2-1,2.00,FT,2,home
07-03-2021,Spartak Moscow,Krasnodar,,6-1,2.30,FT,1,home
07-03-2021,Bielefeld,Union Berlin,,0-0,2.00,FT,2,draw
07-03-2021,Sampdoria,Cagliari,,2-2,1.60,DC,X2,draw
07-03-2021,Maritimo,Moreirense,,0-2,1.30,DC,1X,away
07-03-2021,Vejle Kolding,Odense,,2-0,2.40,FT,2,home
07-03-2021,Alessandria,AlbinoLeffe,,2-1,2.00,FT,1,home
07-03-2021,Carpi,Modena,,3-0,2.20,FT,2,home
07-03-2021,Reggiana,Lecce,,0-4,1.90,FT,2,away
07-03-2021,Girona,Almeria,,0-1,2.60,FT,2,away
07-03-2021,Rio Ave,Farense,,2-0,1.95,FT,1,home
06-03-2021,Sheffield Utd,Southampton,,0-2,1.30,DC,12,away
06-03-2021,Bristol City,QPR,,0-2,2.40,FT,2,away
06-03-2021,Coventry,Derby,,1-0,3.00,FT,X,home
06-03-2021,Preston,Bournemouth,,1-1,2.10,FT,2,draw
06-03-2021,Swansea,Middlesbrough,,2-1,1.35,DC,1X,home
06-03-2021,Zaragoza,Tenerife,,1-0,2.70,FT,X,home
06-03-2021,WSG Tirol,Sturm Graz,,1-1,2.20,FT,2,draw
06-03-2021,Udinese,Sassuolo,,2-0,3.30,FT,X,home
06-03-2021,Las Palmas,Rayo Vallecano,,1-1,1.55,DC,1X,draw
06-03-2021,Aston Villa,Wolverhampton,,0-0,1.30,DC,12,draw
06-03-2021,Cadiz,Eibar,,1-0,3.10,FT,X,home
06-03-2021,Waasland-Beveren,Beerschot Wilrijk,,1-2,2.15,FT,2,away
06-03-2021,Koper,Domzale,,0-2,3.20,FT,X,away
06-03-2021,Albacete,Ud Logrones,,1-1,2.40,FT,1,draw
06-03-2021,Brighton,Leicester,,1-2,1.50,DC,X2,away
06-03-2021,Boavista,Famalicao,,3-0,3.10,FT,X,home
05-03-2021,Pardubice,Slovacko,,Postp,2.70,FT,1,postponed
05-03-2021,Istra 1961,Sibenik,,3-2,1.30,DC,1X,home
05-03-2021,El Gaish,Enppi,,1-1,2.75,FT,X,draw
05-03-2021,Paderborn,Darmstadt,,2-3,1.30,DC,1X,away
05-03-2021,Wurzburger,Heidenheim,,1-2,2.10,FT,2,away
05-03-2021,Zwickau,Verl,,3-0,2.35,FT,2,home
05-03-2021,Fredericia,Hobro,,1-1,1.60,DC,X2,draw
05-03-2021,Schaffhausen,Stade Lausanne Ouchy,,1-3,1.50,DC,1X,away
05-03-2021,Emmen,Sparta,,1-1,2.90,FT,1,draw
05-03-2021,Diosgyor,MTK,,0-0,1.50,DC,1X,draw
05-03-2021,Wil,Xamax,,1-0,3.30,FT,X,home
05-03-2021,Schalke,Mainz,,0-0,2.10,FT,2,draw
05-03-2021,Wisla Krakow,Gornik,,0-0,2.25,FT,1,draw
05-03-2021,Huddersfield,Cardiff,,0-0,2.05,FT,2,draw
05-03-2021,Charleroi,St. Truiden,,0-0,2.20,FT,1,draw
05-03-2021,Valencia,Villarreal,,2-1,3.30,FT,X,home
04-03-2021,Sonderjyske,Odense,,1-1,2.30,FT,2,draw
04-03-2021,Sion,Lugano,,0-3,3.05,FT,X,away
04-03-2021,Aris,Olympiacos Piraeus,,1-1,1.25,DC,X2,draw
04-03-2021,Zurich,Luzern,,1-2,2.20,FT,2,away
04-03-2021,Stal Mielec,Wisla Plock,,2-2,1.40,DC,1X,draw
04-03-2021,Standard Liege,Club Brugge,,1-0,2.10,FT,2,home
04-03-2021,Levante,Ath Bilbao,,1-1,2.05,FT,2,draw
04-03-2021,Liverpool,Chelsea,,0-1,2.25,FT,1,away
04-03-2021,Chico,Millonarios,,0-1,1.90,FT,2,away
04-03-2021,Necaxa,Pachuca,,2-2,3.00,FT,X,draw
04-03-2021,Santa Fe,Deportes Tolima,,3-2,2.15,FT,1,home
04-03-2021,Pumas Unam,Santos Laguna,,1-0,1.40,DC,X2,home
04-03-2021,Adelaide United,Newcastle Jets,,2-1,2.30,FT,2,home
04-03-2021,Abha,Al-Fateh,,2-1,1.25,DC,12,home
04-03-2021,Al Ain,Al-Faisaly,,1-1,1.90,FT,2,draw
04-03-2021,Al-Ettifaq,Al-Nassr,,1-1,1.25,DC,12,draw
03-03-2021,St. Gallen,Servette,,0-1,2.15,FT,1,away
03-03-2021,Norwich,Brentford,,1-0,1.30,DC,1X,home
03-03-2021,Sassuolo,Napoli,,3-3,2.05,FT,2,draw
03-03-2021,Burnley,Leicester,,1-1,2.05,FT,2,draw
03-03-2021,Sheffield Utd,Aston Villa,,1-0,2.05,FT,2,home
03-03-2021,Metz,Angers,,0-1,1.35,DC,12,away
03-03-2021,St Etienne,Lens,,2-3,1.50,DC,1X,away
03-03-2021,QPR,Barnsley,,1-3,1.30,DC,12,away
03-03-2021,Vaduz,Lausanne,,0-3,2.85,FT,1,away
03-03-2021,Sheffield Wed,Rotherham,,1-2,2.30,FT,1,away
03-03-2021,Benevento,Verona,,0-3,2.30,FT,2,away
03-03-2021,Cagliari,Bologna,,1-0,1.40,DC,1X,home
03-03-2021,Fiorentina,AS Roma,,1-2,2.05,FT,2,away
03-03-2021,Genoa,Sampdoria,,1-1,2.90,FT,1,draw
03-03-2021,Nantes,Reims,,1-2,2.45,FT,1,away
03-03-2021,Stoke,Swansea,,1-2,2.50,FT,1,away
02-03-2021,Gillingham,Milton Keynes Dons,,3-2,1.30,DC,12,home
02-03-2021,Wigan,Charlton,,0-1,2.10,FT,2,away
02-03-2021,Salernitana,Spal,,0-0,3.00,FT,X,draw
02-03-2021,Cardiff,Derby,,4-0,2.10,FT,1,home
02-03-2021,Coventry,Middlesbrough,,1-2,1.35,DC,12,away
02-03-2021,Huddersfield,Birmingham,,1-1,1.35,DC,1X,draw
02-03-2021,Millwall,Preston,,2-1,1.30,DC,1X,home
02-03-2021,Accrington,Ipswich,,1-2,2.80,FT,2,away
02-03-2021,Blackpool,Crewe,,1-1,2.25,FT,1,draw
02-03-2021,Burton,Bristol Rovers,,1-0,2.40,FT,1,home
02-03-2021,Northampton,Plymouth,,2-0,1.30,DC,12,home
02-03-2021,Oxford Utd,Peterborough,,0-0,2.55,FT,2,draw
02-03-2021,Doncaster,Portsmouth,,2-1,2.30,FT,2,home
02-03-2021,B. Monchengladbach,Dortmund,,0-1,1.95,FT,2,away
02-03-2021,Reading,Blackburn,,1-0,2.30,FT,1,home
02-03-2021,Vicenza,Cremonese,,3-1,2.90,FT,X,home
01-03-2021,Aluminij,Koper,,0-1,1.30,DC,X2,away
01-03-2021,CSMS Iasi,Voluntari,,0-2,1.40,DC,1X,away
01-03-2021,Anorthosis,Apollon Lim.,,2-2,1.40,DC,1X,draw
01-03-2021,Alessandria,Carrarese,,1-0,1.20,DC,1X,home
01-03-2021,Excelsior,Ajax II,,5-1,2.15,FT,1,home
01-03-2021,Laval,Quevilly,,1-2,1.40,DC,X2,away
01-03-2021,Mannheim,Bayern II,,2-2,3.20,FT,X,draw
01-03-2021,Mirandes,Malaga,,1-0,2.90,FT,X,home
01-03-2021,St. Pauli,Hamburger,,1-0,3.50,FT,1,home
01-03-2021,Everton,Southampton,,1-0,2.05,FT,1,home
01-03-2021,P. Colonia,Rentistas,,5-0,2.25,FT,1,home
01-03-2021,Moreirense,Belenenses,,2-2,2.90,FT,X,draw
01-03-2021,Guairena,Nacional.,,1-0,2.35,FT,2,home
01-03-2021,Union de Santa Fe,Lanus,,3-2,3.00,FT,1,home
01-03-2021,Deportivo Pereira,Once Caldas,,2-0,2.90,FT,2,home
01-03-2021,Rosario,Godoy Cruz,,2-2,2.05,FT,1,draw
28-02-2021,Gijon,Espanyol,,1-1,1.40,DC,12,draw
28-02-2021,Portimonense,Maritimo,,0-0,1.95,FT,1,draw
28-02-2021,Lausanne,Lugano,,2-0,2.20,FT,1,home
28-02-2021,Sion,Vaduz,,0-2,2.45,FT,1,away
28-02-2021,Cadiz CF,Betis,,0-1,2.00,FT,2,away
28-02-2021,AZ Alkmaar,Feyenoord,,4-2,1.95,FT,1,home
28-02-2021,Trabzonspor,Fenerbahce,,0-1,2.60,FT,2,away
28-02-2021,Chelsea,Manchester Utd,,0-0,2.25,FT,1,draw
28-02-2021,Granada,Elche,,2-1,2.15,FT,1,home
28-02-2021,Tondela,Gil Vicente,,1-0,1.35,DC,12,home
28-02-2021,Panathinaikos,AEK,,1-1,3.10,FT,X,draw
28-02-2021,Roma,Milan,,1-2,1.40,DC,1X,away
28-02-2021,St. Truiden,Eupen,,1-30,1.30,DC,12,away
28-02-2021,Villarreal,Atl. Madrid,,0-2,2.45,FT,2,away
28-02-2021,Oviedo,Zaragoza,,1-0,1.40,DC,12,home
28-02-2021,Fenix,Boston River,,2-1,2.25,FT,1,home
27-02-2021,WBA,Brighton,,1-0,1.95,FT,2,home
27-02-2021,Birmingham,QPR,,2-1,1.50,DC,1X,home
27-02-2021,Rotherham,Reading,,0-1,2.55,FT,2,away
27-02-2021,Sevilla,Barcelona,,0-2,1.35,DC,X2,away
27-02-2021,Famalicao,Farense,,0-0,2.30,FT,1,draw
27-02-2021,Lokomotiv Moscow,CSKA,,2-0,2.20,FT,2,home
27-02-2021,Bologna,Lazio,,2-0,2.00,FT,2,home
27-02-2021,Servette,Zurich,,3-1,2.00,FT,1,home
27-02-2021,Leeds,Aston Villa,,0-1,2.20,FT,1,away
27-02-2021,Alaves,Osasuna,,0-1,2.70,FT,1,away
27-02-2021,Santa Clara,Ferreira,,3-0,1.45,DC,X2,home
27-02-2021,St. Gallen,Basel,,3-1,1.90,FT,1,home
27-02-2021,Castellon,Las Palmas,,4-0,2.65,FT,1,home
27-02-2021,Newcastle,Wolverhampton,,1-1,1.30,DC,X2,draw
27-02-2021,Getafe,Valencia,,3-0,1.35,DC,1X,home
27-02-2021,Porto,Sporting,,0-0,2.10,FT,1,draw
26-02-2021,Darmstadt,Karlsruher,,0-1,1.50,DC,X2,away
26-02-2021,Jahn Regensburg,Paderborn,,1-0,3.30,FT,X,home
26-02-2021,MVV,Telstar,,2-0,2.25,FT,2,home
26-02-2021,Reggiana,Salernitana,,0-0,2.60,FT,2,draw
26-02-2021,Sabadell,Albacete,,0-0,1.25,DC,1X,draw
26-02-2021,Din. Bucuresti,Viitorul,,0-5,2.30,FT,2,away
26-02-2021,Zwolle,Heerenveen,,4-1,1.50,DC,X2,home
26-02-2021,Diosgyor,Mezokovesd,,2-2,2.25,FT,1,draw
26-02-2021,Derby,Nottingham,,1-1,2.95,FT,X,draw
26-02-2021,Charleroi,Genk,,1-2,2.35,FT,2,away
26-02-2021,Den Bosch,Utrecht II,,3-0,2.20,FT,2,home
26-02-2021,Roda,NEC,,1-3,2.20,FT,1,away
26-02-2021,Empoli,Venezia,,1-1,1.30,DC,1X,draw
26-02-2021,Levante,Ath Bilbao,,1-1,1.35,DC,X2,draw
26-02-2021,Cartagena,Leganes,,1-0,2.10,FT,2,home
26-02-2021,Puebla,Necaxa,,1-0,3.00,FT,X,home
25-02-2021,Ajax,Lille,,2-1,2.10,FT,1,home
25-02-2021,Esbjerg,Silkeborg,,1-2,1.30,DC,12,away
25-02-2021,Once Caldas,Deportivo Pasto,,0-1,1.45,DC,X2,away
25-02-2021,Club Brugge,Dyn. Kyiv,,0-1,2.10,FT,1,away
25-02-2021,Dinamo Zagreb,Krasnodar,,1-0,2.25,FT,1,home
25-02-2021,PSV,Olympiacos Piraeus,,2-1,2.00,FT,1,home
25-02-2021,Jaguares C.,Deportivo Pereira,,2-0,1.25,DC,1X,home
25-02-2021,Independiente Medelin,Deportivo Cali,,1-1,1.30,DC,X2,draw
25-02-2021,Atl. San Luis,Tigres Uanl,,2-2,2.20,FT,2,draw
25-02-2021,Perth Glory,Brisbane Roar,,3-1,2.35,FT,1,home
25-02-2021,Genclerbirligi,Malatyaspor,,1-1,2.20,FT,2,draw
25-02-2021,Konyaspor,Gazisehir Gaziantep,,0-0,1.35,DC,1X,draw
25-02-2021,Darmstadt,Karlsruher,,0-1,2.70,FT,2,away
25-02-2021,Jahn Regensburg,Paderborn,,1-0,3.30,FT,X,home
25-02-2021,Reggiana,Salernitana,,0-0,2.60,FT,2,draw
25-02-2021,Sabadell,Albacete,,0-0,3.00,FT,X,draw
24-02-2021,APOEL,Omonia,,1-1,2.60,FT,2,draw
24-02-2021,Celje,Bravo,,2-3,1.25,DC,1X,away
24-02-2021,Vaduz,Luzern,,1-1,1.25,DC,12,draw
24-02-2021,Walsall,Newport,,0-1,1.45,DC,1X,away
24-02-2021,Groningen,Feyenoord,,0-0,2.05,FT,2,draw
24-02-2021,St. Mirren,Motherwell,,0-0,2.00,FT,1,draw
24-02-2021,Nimes,Lorient,,1-0,2.80,FT,1,home
24-02-2021,Maccabi Petah Tikva,Beitar Jerusalem,,0-1,1.40,DC,X2,away
24-02-2021,Dynamo Dresden,Bayern II,,1-1,1.30,DC,1X,draw
24-02-2021,Barnsley,Stoke,,2-0,3.10,FT,X,home
24-02-2021,Blackburn,Watford,,2-3,2.40,FT,2,away
24-02-2021,Bournemouth,Cardiff,,1-2,2.15,FT,1,away
24-02-2021,Preston,QPR,,0-0,2.60,FT,2,draw
24-02-2021,Atalanta,Real Madrid,,0-1,2.30,FT,1,away
24-02-2021,Aguilas,CD Equidad,,1-2,2.80,FT,X,away
24-02-2021,Bucaramanga,Atl. Nacional,,3-2,1.30,DC,X2,home
23-02-2021,Paderborn,Heidenheim,,2-2,2.20,FT,1,draw
23-02-2021,Hartberg,WSG Tirol,,1-0,2.40,FT,2,home
23-02-2021,Leeds,Southampton,,3-0,2.30,FT,1,home
23-02-2021,Wimbledon,Gillingham,,1-0,2.50,FT,2,home
23-02-2021,Derby,Huddersfield,,2-0,2.10,FT,1,home
23-02-2021,Blackpool,Doncaster,,Postp,2.10,FT,1,postponed
23-02-2021,Bristol Rovers,Wigan,,1-2,3.30,FT,X,away
23-02-2021,Crewe,Accrington,,2-0,2.30,FT,1,home
23-02-2021,Northampton,Rochdale,,0-0,2.10,FT,1,draw
23-02-2021,Oxford,Portsmouth,,0-1,3.25,FT,X,away
23-02-2021,Shrewsbury,Milton Keynes Dons,,4-2,3.10,FT,X,home
23-02-2021,Cambridge,Cheltenham,,0-1,1.50,DC,1X,away
23-02-2021,Plymouth,Peterborough,,0-3,1.30,DC,X2,away
23-02-2021,Luton,Millwall,,1-1,1.40,DC,X2,draw
23-02-2021,Rotherham,Nottingham,,0-1,1.40,DC,X2,away
23-02-2021,Atl. Madrid,Chelsea,,0-1,1.40,DC,1X,away
22-02-2021,Fuenlabrada,Oviedo,,2-2,2.70,FT,X,draw
22-02-2021,Varzim,Sp.Covilha,,1-2,1.30,DC,1X,away
22-02-2021,Greuther Furth,Holstein Kiel,,2-1,1.40,DC,1X,home
22-02-2021,Guingamp,Caen,,2-2,3.00,FT,X,draw
22-02-2021,Osasuna,Sevilla,,0-2,1.95,FT,2,away
22-02-2021,Zaragoza,Alcorcon,,0-1,1.25,DC,1X,away
22-02-2021,Danubio,Cerro,,2-1,1.30,DC,12,home
22-02-2021,Feirense,Academica,,1-0,2.35,FT,1,home
22-02-2021,Dep.Maldonado,P.Colonia,,1-1,1.35,DC,X2,draw
22-02-2021,Pachuca,Guadalajara,,1-1,2.10,FT,1,draw
22-02-2021,Oliveirense,Vilafranquense,,2-2,2.45,FT,1,draw
22-02-2021,Leeds,Southampton,,3-0,2.10,FT,1,home
22-02-2021,Derby,Huddersfield,,2-0,2.10,FT,1,home
22-02-2021,Luton,Millwall,,1-1,2.70,FT,2,draw
22-02-2021,Rotherham,Nottingham,,0-1,2.50,FT,2,away
22-02-2021,Atl. Madrid,Chelsea,,0-1,2.60,FT,1,away
21-02-2021,Mallorca,Almeria,,2-0,2.05,FT,1,home
21-02-2021,Ferreira,Guimaraes,,2-1,1.40,DC,1X,home
21-02-2021,Lugano,Luzern,,2-3,1.50,DC,1X,away
21-02-2021,PAS Giannina,OFI,,1-0,1.30,DC,1X,home
21-02-2021,Paks,Kisvarda,,3-0,2.10,FT,1,home
21-02-2021,Hoffenheim,Werder Bremen,,4-0,2.20,FT,1,home
21-02-2021,Huesca,Granada,,3-2,2.20,FT,1,home
21-02-2021,Pumas Unam,Leon,,0-1,2.05,FT,2,away
21-02-2021,Astra Giurgiu,Dinamo Bucuresti,,2-0,2.80,FT,1,home
21-02-2021,CD Equidad,Once Caldas,,0-0,1.50,DC,X2,draw
21-02-2021,Lugo,Ud Logrones,,1-1,1.25,DC,1X,draw
21-02-2021,Ath Bilbao,Villarreal,,1-1,1.40,DC,1X,draw
21-02-2021,Malaga,Rayo Vallecano,,2-0,2.30,FT,2,home
21-02-2021,Santos,Fluminense,,1-1,3.40,FT,2,draw
21-02-2021,Queretaro,Puebla,,1-1,2.20,FT,1,draw
21-02-2021,Goias,Bragantino,,0-0,2.00,FT,2,draw
20-02-2021,Huddersfield,Swansea,,4-1,2.15,FT,2,home
20-02-2021,Nottingham,Blackburn,,1-0,1.45,DC,1X,home
20-02-2021,QPR,Bournemouth,,2-1,3.30,FT,X,home
20-02-2021,Reading,Middlesbrough,,0-2,1.35,DC,1X,away
20-02-2021,Sheffield Wed,Birmingham,,0-1,1.40,DC,1X,away
20-02-2021,Stoke,Luton,,3-0,2.20,FT,1,home
20-02-2021,Eupen,Oostende,,1-1,2.50,FT,2,draw
20-02-2021,Nantes,Olympique Marseille,,1-1,1.40,DC,X2,draw
20-02-2021,Genoa,Verona,,2-2,1.40,DC,1X,draw
20-02-2021,Albacete,Gijon,,0-1,1.25,DC,X2,away
20-02-2021,Valencia,Celta Vigo,,2-0,2.45,FT,1,home
20-02-2021,Gil Vicente,Santa Clara,,1-0,2.90,FT,2,home
20-02-2021,Mouscron,Cercle Brugge,,1-2,2.60,FT,1,away
20-02-2021,Las Palmas,Cartagena,,2-0,2.90,FT,X,home
20-02-2021,Sassuolo,Bologna,,1-1,2.25,FT,1,draw
20-02-2021,Fulham,Sheffield Utd,,1-0,2.20,FT,1,home
19-02-2021,Erzgebirge Aue,Bochum,,1-0,1.80,FT,2,home
19-02-2021,Braunschweig,Jahn Regensburg,,2-0,1.35,DC,X2,home
19-02-2021,Fiorentina,Spezia,,3-0,1.25,DC,1X,home
19-02-2021,SV Meppen,Hallescher,,2-1,1.30,DC,12,home
19-02-2021,MTK,Mezokovesd,,0-0,2.20,FT,1,draw
19-02-2021,Wisla Krakow,Pogon Szczecin,,2-1,2.65,FT,2,home
19-02-2021,Cagliari,Torino,,0-1,1.45,DC,X2,away
19-02-2021,Mechelen,Gent,,1-1,2.30,FT,2,draw
19-02-2021,Wolverhampton,Leeds,,1-0,1.30,DC,12,home
19-02-2021,Helmond,Roda,,1-2,2.15,FT,2,away
19-02-2021,Betis,Getafe,,1-0,2.10,FT,1,home
19-02-2021,Ponferradina,Mirandes,,1-0,2.85,FT,X,home
19-02-2021,Boavista,Moreirense,,1-0,2.20,FT,1,home
19-02-2021,Sao Paulo,Palmeiras,,1-1,2.20,FT,1,draw
19-02-2021,Necaxa,Monterrey,,1-1,2.00,FT,2,draw
19-02-2021,Juarez,Mazatlan,,1-0,2.10,FT,1,home
18-02-2021,Dyn. Kyiv,Club Brugge KV,,1-1,1.30,DC,12,draw
18-02-2021,Sociedad,Manchester Utd,,0-4,2.25,FT,2,away
18-02-2021,Crvena zvezda,Milan,,2-2,1.85,FT,2,draw
18-02-2021,Slavia Prague,Leicester,,0-0,2.15,FT,2,draw
18-02-2021,Braga,AS Roma,,0-2,1.25,DC,12,away
18-02-2021,Krasnodar,Dinamo Zagreb,,2-3,2.25,FT,1,away
18-02-2021,Young Boys,Bayer Leverkusen,,4-3,2.15,FT,2,home
18-02-2021,Olympiacos,PSV,,4-2,2.20,FT,1,home
18-02-2021,Benfica,Arsenal,,1-1,2.25,FT,2,draw
18-02-2021,Antwerp,Rangers,,3-4,1.90,FT,2,away
18-02-2021,Salzburg,Villarreal,,0-2,1.30,DC,12,away
18-02-2021,Granada,Napoli,,2-0,1.30,DC,12,home
18-02-2021,Lille,Ajax,,1-2,1.30,DC,12,away
18-02-2021,JaguaresC.,CD Equidad,,2-1,2.70,FT,X,home
18-02-2021,America De Cali,Santa Fe,,0-0,2.80,FT,X,draw
18-02-2021,Atl. San Luis,Santos Laguna,,1-0,3.20,FT,X,home
17-02-2021,Mansfield,Bolton,,2-3,1.30,DC,1X,away
17-02-2021,Lugano,Servette,,1-1,1.40,DC,1X,draw
17-02-2021,St. Gallen,Luzern,,2-1,2.55,FT,2,home
17-02-2021,Burnley,Fulham,,1-1,1.35,DC,12,draw
17-02-2021,Saarbrucken,Zwickau,,Postp,1.35,DC,1X,postponed
17-02-2021,Leganes,Almeria,,2-1,2.20,FT,1,home
17-02-2021,Oostende,Genk,,3-1,1.40,DC,1X,home
17-02-2021,Sunderland,Lincoln,,1-1,2.35,FT,1,draw
17-02-2021,Coventry,Norwich,,0-2,1.95,FT,2,away
17-02-2021,Millwall,Birmingham,,2-0,2.10,FT,1,home
17-02-2021,Swansea,Nottingham,,1-0,2.00,FT,1,home
17-02-2021,Doncaster,Accrington,,0-1,2.40,FT,1,away
17-02-2021,Barnsley,Blackburn,,2-1,1.30,DC,12,home
17-02-2021,Olympique Marseille,Nice,,3-2,2.25,FT,1,home
17-02-2021,Porto,Juventus,,2-1,2.00,FT,2,home
17-02-2021,Sevilla,Dortmund,,2-3,2.30,FT,1,away
16-02-2021,Tondela,Maritimo,,2-1,1.35,DC,12,home
16-02-2021,Gillingham,Peterborough,,1-3,2.00,FT,2,away
16-02-2021,Preston,Watford,,0-1,2.05,FT,2,away
16-02-2021,Stoke,Sheffield Wed,,1-0,1.25,DC,1X,home
16-02-2021,Harrogate,Carlisle,,1-0,1.30,DC,12,home
16-02-2021,Newport,Exeter,,1-1,2.35,FT,2,draw
16-02-2021,Bradford City,Morecambe,,2-1,2.40,FT,1,home
16-02-2021,Crawley,Stevenage,,0-1,1.50,DC,X2,away
16-02-2021,Aldershot,Solihull Moors,,1-3,1.40,DC,X2,away
16-02-2021,Bristol City,Reading,,0-2,2.00,FT,2,away
16-02-2021,Telstar,Breda,,1-2,2.20,FT,2,away
16-02-2021,RB Leipzig,Liverpool,,0-2,2.30,FT,2,away
16-02-2021,Barcelona,Paris SG,,1-4,2.00,FT,1,away
16-02-2021,Luton,Cardiff,,0-2,2.50,FT,2,away
16-02-2021,Patriotas,Petrolera,,3-1,2.95,FT,X,home
16-02-2021,Once Caldas,Atl. Nacional,,0-1,1.30,DC,X2,away
15-02-2021,AEL Limassol,Apollon Lim.,,2-1,1.55,DC,1X,home
15-02-2021,Warta Poznan,Zaglebie,,1-0,1.30,DC,12,home
15-02-2021,Turkgucu,Magdeburg,,2-1,2.40,FT,1,home
15-02-2021,Castellon,Fuenlabrada,,1-2,1.30,DC,X2,away
15-02-2021,Sochaux,Valenciennes,,2-0,2.85,FT,X,home
15-02-2021,Hapoel T.A.,Bnei Yehuda Tel-Aviv,,0-0,1.30,DC,1X,draw
15-02-2021,Verona,Parma,,2-1,2.10,FT,1,home
15-02-2021,Excelsior,Roda,,1-3,1.25,DC,12,away
15-02-2021,Cosenza,Reggina,,2-2,2.90,FT,X,draw
15-02-2021,Cadiz CF,Ath Bilbao,,0-4,2.05,FT,2,away
15-02-2021,Oviedo,Lugo,,3-1,2.80,FT,X,home
15-02-2021,Danubio,Progreso,,0-1,3.20,FT,X,away
15-02-2021,Ceara CE,Fluminense,,1-3,2.35,FT,1,away
15-02-2021,Sol de America,River Plate,,1-1,2.15,FT,1,draw
15-02-2021,Boston River,Montevideo City,,0-3,2.20,FT,2,away
15-02-2021,Sport Recife,Bragantino,,0-0,1.90,FT,2,draw
14-02-2021,Portimonense,Gil Vicente,,4-1,1.35,DC,1X,home
14-02-2021,Beerschot Wilrijk,Mechelen,,1-2,1.95,FT,2,away
14-02-2021,Zurich,Basel,,2-0,1.30,DC,12,home
14-02-2021,Celje,Domzale,,0-2,3.10,FT,X,away
14-02-2021,OFI,Volos NPS,,1-2,1.25,DC,1X,away
14-02-2021,Reggiana,Ascoli,,1-0,1.45,DC,X2,home
14-02-2021,Wolfsburg,B. Monchengladbach,,0-0,2.40,FT,1,draw
14-02-2021,Crotone,Sassuolo,,1-2,1.95,FT,2,away
14-02-2021,Alcorcon,Ud Logrones,,1-0,2.00,FT,1,home
14-02-2021,Levante,Osasuna,,0-1,1.35,DC,1X,away
14-02-2021,Odense,Aarhus,,0-0,3.20,FT,X,draw
14-02-2021,Vasco da Gama,Internacional,,0-2,2.10,FT,2,away
14-02-2021,Brescia,Chievo,,1-0,2.30,FT,2,home
14-02-2021,Bordeaux,Olympique Marseille,,0-0,2.50,FT,1,draw
14-02-2021,La Serena,Audax Italiano,,0-2,2.35,FT,1,away
14-02-2021,O’Higgins,Colo Colo,,1-1,2.30,FT,1,draw
13-02-2021,Crystal Palace,Burnley,,0-3,1.35,DC,12,away
13-02-2021,Birmingham,Luton,,0-1,1.40,DC,1X,away
13-02-2021,Cardiff,Coventry,,3-1,2.05,FT,1,home
13-02-2021,Derby,Middlesbrough,,2-1,1.35,DC,12,home
13-02-2021,Reading,Millwall,,1-2,1.30,DC,1X,away
13-02-2021,Spal,Empoli,,1-1,1.40,DC,X2,draw
13-02-2021,Cartagena,Rayo Vallecano,,2-2,2.40,FT,2,draw
13-02-2021,Nacional,Farense,,2-3,2.50,FT,1,away
13-02-2021,Napoli,Juventus,,1-0,2.00,FT,2,home
13-02-2021,Mirandes,Girona,,3-3,2.40,FT,1,draw
13-02-2021,Eibar,Valladolid,,1-1,2.05,FT,1,draw
13-02-2021,St. Truiden,Zulte-Waregem,,1-2,2.10,FT,1,away
13-02-2021,Guimaraes,Rio Ave,,1-3,2.15,FT,1,away
13-02-2021,Reims,Lens,,1-1,3.00,FT,X,draw
13-02-2021,Chateauroux,Le Havre,,0-1,2.85,FT,X,away
13-02-2021,Brighton,Aston Villa,,0-0,3.40,FT,X,draw
12-02-2021,Kolding IF,Helsingor,,0-2,1.45,DC,X2,away
12-02-2021,Hannover,Paderborn,,0-0,2.20,FT,1,draw
12-02-2021,RKC Waalwijk,Emmen,,1-0,1.25,DC,12,home
12-02-2021,SCM Pitesti,Viitorul,,1-0,3.00,FT,1,home
12-02-2021,Wil,Stade Lausanne Ouchy,,2-0,2.15,FT,2,home
12-02-2021,Thun,Grasshoppers,,0-2,2.20,FT,1,away
12-02-2021,Ujpest,Diosgyor,,1-0,1.25,DC,12,home
12-02-2021,Slask,Wisla Krakow,,1-1,2.35,FT,2,draw
12-02-2021,Leuven,Kortrijk,,3-1,1.25,DC,12,home
12-02-2021,Blackburn,Preston,,1-2,1.95,FT,1,away
12-02-2021,Sabadell,Zaragoza,,1-1,1.40,DC,X2,draw
12-02-2021,Famalicao,Belenenses,,0-0,2.40,FT,1,draw
12-02-2021,Puebla,Juarez,,4-0,2.90,FT,X,home
12-02-2021,Tijuana,Leon,,2-0,2.75,FT,1,home
12-02-2021,Mazatlan,Atletico San Luis,,0-3,2.30,FT,1,away
12-02-2021,Western United,Sydney,,Postp,2.40,FT,2,postponed
11-02-2021,Beerschot Wilrijk,Mechelen,,0-1,2.15,FT,2,away
11-02-2021,Odense,Midtjylland,,1-2,1.90,FT,2,away
11-02-2021,Bnei Yehuda Tel-Aviv,Hapoel I.K.S.,,Postp,2.25,FT,2,postponed
11-02-2021,Al Ahli Jeddah,Al Itihad J.,,1-1,1.30,DC,12,draw
11-02-2021,Wolverhampton,Southampton,,0-2,1.30,DC,12,away
11-02-2021,Al Ittihad,SC Ismaily,,1-0,2.35,FT,1,home
11-02-2021,Sochaux,St Etienne,,1-0,2.15,FT,2,home
11-02-2021,Konyaspor,Besiktas,,1-1,2.00,FT,2,draw
11-02-2021,Maccabi Netanya,Beitar J.,,1-2,2.25,FT,2,away
11-02-2021,Botosani,CS Universitatea,,0-1,2.10,FT,2,away
11-02-2021,Vejle Kolding,Randers,,0-0,1.30,DC,X2,draw
11-02-2021,St. Gilloise,Anderlecht,,0-5,1.95,FT,2,away
11-02-2021,Ath Bilbao,Levante,,1-1,1.85,FT,1,draw
11-02-2021,Angers,Rennes,,2-1,1.35,DC,X2,home
11-02-2021,Progreso,Defensor Sporting,,3-3,1.45,DC,X2,draw
11-02-2021,River M.,Boston River,,3-1,2.20,FT,1,home
10-02-2021,Fremad Amager,Sonderjyske,,1-2,1.25,DC,X2,away
10-02-2021,Anorthosis,AEL Limassol,,0-0,1.30,DC,1X,draw
10-02-2021,Servette,St. Gallen,,2-2,1.40,DC,1X,draw
10-02-2021,Admira,Altach,,3-1,2.50,FT,1,home
10-02-2021,Koper,Olimpija,,1-2,3.10,FT,X,away
10-02-2021,Kilmarnock,Motherwell,,0-1,1.30,DC,12,away
10-02-2021,Dynamo Dresden,Wehen,,Postp,2.50,FT,1,postponed
10-02-2021,Maccabi Petah Tikva,Hapoel Tel Aviv,,0-2,1.30,DC,1X,away
10-02-2021,Reading,Brentford,,1-3,2.10,FT,2,away
10-02-2021,Luzern,Lugano,,1-1,3.30,FT,X,draw
10-02-2021,Sevilla,Barcelona,,2-0,2.20,FT,2,home
10-02-2021,Everton,Tottenham,,4-4,2.60,FT,1,draw
10-02-2021,Braga,Porto,,1-1,1.35,DC,X2,draw
10-02-2021,Fortaleza,Vasco da Gama,,3-0,2.15,FT,1,home
10-02-2021,Corinthians,Athletico-PR,,3-3,2.10,FT,1,draw
10-02-2021,Fluminense,Atletico Mineiro,,0-0,3.50,FT,1,draw
09-02-2021,Accrington,Plymouth,,0-1,2.20,FT,1,away
09-02-2021,Burnley,Bournemouth,,0-2,2.30,FT,1,away
09-02-2021,Hartberg,WSG Tirol,,Postp,2.40,FT,2,postponed
09-02-2021,Pisa,Salernitana,,2-2,1.25,DC,1X,draw
09-02-2021,Spal,Pordenone,,1-3,1.25,DC,1X,away
09-02-2021,Venezia,Cremonese,,3-1,1.25,DC,1X,home
09-02-2021,Rotherham,Cardiff,,1-2,1.40,DC,X2,away
09-02-2021,Sheffield Wed,Wycombe,,2-0,1.95,FT,1,home
09-02-2021,Bristol Rovers,Oxford Utd,,0-2,1.85,FT,2,away
09-02-2021,Peterborough,Ipswich,,2-1,1.30,DC,1X,home
09-02-2021,Shrewsbury,Sunderland,,2-1,1.25,DC,X2,home
09-02-2021,Northampton,Wigan,,0-1,2.30,FT,1,away
09-02-2021,Boavista,Nacional,,0-1,2.30,FT,1,away
09-02-2021,Fleetwood,Doncaster,,3-1,2.60,FT,2,home
09-02-2021,Juventus,Inter,,0-0,2.45,FT,2,draw
09-02-2021,Ascoli,Frosinone,,1-1,3.00,FT,X,draw
08-02-2021,Piedade,Sp.Covilha,,1-0,1.35,DC,12,home
08-02-2021,Malatyaspor,Trabzonspor,,0-2,2.10,FT,2,away
08-02-2021,Farense,Moreirense,,1-2,1.30,DC,1X,away
08-02-2021,Slaven Belupo,Hnk Gorica,,0-1,3.05,FT,X,away
08-02-2021,Stal Mielec,Wisla Plock,,Postp,3.10,FT,X,postponed
08-02-2021,Panetolikos,PAS Giannina,,1-2,3.10,FT,X,away
08-02-2021,Saarbrucken,Duisburg,,Postp,3.40,FT,2,postponed
08-02-2021,Ponferradina,Alcorcon,,2-0,1.40,DC,1X,home
08-02-2021,Botosani,Cluj,,2-1,2.00,FT,2,home
08-02-2021,Maritimo,Santa Clara,,1-2,1.40,DC,1X,away
08-02-2021,Fortuna Dusseldorf,Holstein Kiel,,0-2,3.30,FT,X,away
08-02-2021,Leeds,Crystal Palace,,2-0,1.90,FT,1,home
08-02-2021,Belenenses,Guimaraes,,1-1,1.35,DC,X2,draw
08-02-2021,Limon,Perez Zeledon,,1-1,3.05,FT,X,draw
08-02-2021,Bucaramanga,CD Equidad,,0-0,2.90,FT,2,draw
08-02-2021,Leon,Guadalajara,,1-3,1.90,FT,1,away
07-02-2021,Malaga,Zaragoza,,1-2,1.40,DC,12,away
07-02-2021,Servette,Luzern,,4-2,2.60,FT,1,home
07-02-2021,Ath Bilbao,Valencia,,1-1,2.10,FT,1,draw
07-02-2021,Volos NPS,Asteras Tripolis,,0-1,1.35,DC,X2,away
07-02-2021,Liverpool,Manchester City,,1-4,2.10,FT,2,away
07-02-2021,Bielefeld,Werder Bremen,,Postp,2.50,FT,2,postponed
07-02-2021,Parma,Bologna,,0-3,2.30,FT,2,away
07-02-2021,Castellon,Mirandes,,0-1,1.40,DC,12,away
07-02-2021,Genk,Anderlecht,,1-2,2.40,FT,2,away
07-02-2021,Osasuna,Eibar,,2-1,1.40,DC,1X,home
07-02-2021,AEK,Aris,,0-2,1.95,FT,1,away
07-02-2021,Ferencvaros,MOL Fehervar,,2-0,2.00,FT,1,home
07-02-2021,Las Palmas,Sabadell,,0-1,1.30,DC,1X,away
07-02-2021,Leko,Como,,4-0,1.45,DC,X2,home
07-02-2021,Reggiana,Virtus Entella,,2-1,3.00,FT,2,home
07-02-2021,Braga,Porto,,2-2,2.20,FT,2,draw
06-02-2021,Burnley,Brighton,,1-1,2.25,FT,2,draw
06-02-2021,Newcastle,Southampton,,3-2,1.30,DC,12,home
06-02-2021,Barnsley,Derby,,Postp,1.35,DC,12,postponed
06-02-2021,Bristol City,Cardiff,,0-2,2.20,FT,2,away
06-02-2021,Luton,Huddersfield,,1-1,1.30,DC,12,draw
06-02-2021,Middlesbrough,Brentford,,1-4,2.30,FT,2,away
06-02-2021,Preston,Rotherham,,1-2,1.30,DC,12,away
06-02-2021,QPR,Blackburn,,1-0,1.30,DC,12,home
06-02-2021,Stoke,Reading,,0-0,3.10,FT,X,draw
06-02-2021,Wycombe,Nottingham,,0-3,2.00,FT,2,away
06-02-2021,Cartagena,Oviedo,,2-0,2.85,FT,X,home
06-02-2021,Lorient,Reims,,1-0,2.50,FT,1,home
06-02-2021,Ud Logrones,Gijon,,0-4,2.80,FT,X,away
06-02-2021,Fulham,West Ham,,0-0,2.15,FT,2,draw
06-02-2021,Fuenlabrada,Almeria,,1-1,2.50,FT,2,draw
06-02-2021,Lens,Rennes,,0-0,1.30,DC,X2,draw
05-02-2021,St. Pauli,Sandhausen,,2-1,2.10,FT,1,home
05-02-2021,Eindhoven,Go Ahead,,0-2,1.85,FT,2,away
05-02-2021,Oss,AZ Alkmar II,,6-0,1.25,DC,12,home
05-02-2021,Gillingham,Lincoln,,0-3,2.05,FT,2,away
05-02-2021,Hansa,Verl,,3-2,1.30,DC,1X,home
05-02-2021,Kriens,Aarau,,0-0,1.30,DC,X2,draw
05-02-2021,Stade Lausanne Ouchy,Winterthur,,4-1,2.00,FT,1,home
05-02-2021,Fortuna S.,Heracles,,0-1,1.30,DC,12,away
05-02-2021,Xamax,Thun,,0-3,2.10,FT,2,away
05-02-2021,Ajaccio,Auxerre,,0-0,1.40,DC,1X,draw
05-02-2021,Valenciennes,Grenoble,,0-1,3.05,FT,1,away
05-02-2021,Mouscron,Kortrijk,,0-3,1.35,DC,X2,away
05-02-2021,Alaves,Valladolid,,1-0,2.50,FT,1,home
05-02-2021,Albacete,Mallorca,,0-1,2.00,FT,2,away
05-02-2021,Swansea,Norwich,,2-0,3.10,FT,X,home
05-02-2021,Boavista,Gil Vicente,,1-2,2.40,FT,1,away
04-02-2021,Enosis P.,Ermis,,1-0,1.35,DC,1X,home
04-02-2021,Luzern,Servette,,3-0,1.30,DC,1X,home
04-02-2021,Al-Duhail,Al Ahly Cairo,,0-1,2.15,FT,2,away
04-02-2021,Nordsjaelland,Brondby,,0-1,1.30,DC,12,away
04-02-2021,Lausanne,Basel,,1-3,2.30,FT,2,away
04-02-2021,Tottenham,Chelsea,,0-1,2.10,FT,2,away
04-02-2021,Betis,Ath Bilbao,,1-1,1.50,DC,X2,draw
04-02-2021,P. Colonia,Cerro,,2-1,2.30,FT,1,home
04-02-2021,Famalicao,Moreirense,,0-2,2.05,FT,1,away
04-02-2021,Montevideo City,Defensor Sporting,,0-0,1.30,DC,1X,draw
04-02-2021,Coquimbo Unido,Cobresal,,0-1,2.70,FT,1,away
04-02-2021,Athletico-PR,Internacional,,0-0,2.30,FT,2,draw
04-02-2021,Atl. San Luis,Tijuana,,2-2,3.20,FT,X,draw
04-02-2021,Independiente Medelin,Millonarios,,0-0,2.80,FT,X,draw
04-02-2021,Queretaro,Pachuca,,3-1,2.25,FT,2,home
04-02-2021,Adelaide,Perth Glory,,1-2,2.65,FT,2,away
03-02-2021,Fulham,Leicester,,0-2,2.00,FT,2,away
03-02-2021,Hamilton,Ross County,,1-2,1.30,DC,X2,away
03-02-2021,Levante,Villarreal,,0-0,1.35,DC,X2,draw
03-02-2021,Bordeaux,Lille,,0-3,2.10,FT,2,away
03-02-2021,Metz,Montpellier,,1-1,2.70,FT,1,draw
03-02-2021,Reims,Angers,,0-0,2.60,FT,1,draw
03-02-2021,Strasbourg,Brest,,2-2,1.30,DC,1X,draw
03-02-2021,Aalborg,FC Copenhagen,,2-3,2.05,FT,2,away
03-02-2021,Leeds,Everton,,1-2,1.30,DC,12,away
03-02-2021,Sion,St. Gallen,,3-2,1.95,FT,2,home
03-02-2021,Jahn Regensburg,Koln,,2-2,2.00,FT,2,draw
03-02-2021,Stuttgart,B. Monchengladbach,,1-2,2.40,FT,2,away
03-02-2021,Napoli,Atalanta,,0-0,2.50,FT,1,draw
03-02-2021,Lens,Marseille,,2-2,1.30,DC,12,draw
03-02-2021,St Etienne,Nantes,,1-1,2.10,FT,1,draw
03-02-2021,Aston Villa,West Ham,,1-3,3.40,FT,X,away
02-02-2021,Holstein Kiel,Darmstadt,,1-1,2.10,FT,1,draw
02-02-2021,Wolverhampton,Arsenal,,2-1,2.20,FT,2,home
02-02-2021,Millwall,Norwich,,0-0,2.15,FT,2,draw
02-02-2021,Swindon,Wigan,,1-0,1.30,DC,12,home
02-02-2021,Aberdeen,Livingston,,0-2,1.30,DC,1X,away
02-02-2021,St. Mirren,Hibernian,,1-2,1.30,DC,X2,away
02-02-2021,Rotherham,Derby,,3-0,2.50,FT,2,home
02-02-2021,Coventry,Nottingham,,1-2,1.40,DC,1X,away
02-02-2021,Wycombe,Birmingham,,0-0,2.40,FT,2,draw
02-02-2021,Accrington,Bristol Rovers,,6-1,2.00,FT,1,home
02-02-2021,Shrewsbury,Crewe,,0-1,2.50,FT,1,away
02-02-2021,Mansfield,Bolton,,Postp,2.10,FT,1,postponed
02-02-2021,Werder Bremen,Greuther Furth,,2-0,2.05,FT,1,home
02-02-2021,Inter,Juventus,,1-2,1.40,DC,1X,away
02-02-2021,Newcastle,Crystal Palace,,1-2,2.80,FT,1,away
02-02-2021,Gil Vicente,Ferreira,,1-2,2.40,FT,2,away
01-02-2021,Santa Clara,Belenenses,,2-0,1.30,DC,1X,home
01-02-2021,Stal Mielec,Slask Wroclaw,,0-0,2.40,FT,2,draw
01-02-2021,AZ Alkmar II,Eindhoven,,3-2,2.40,FT,1,home
01-02-2021,Hallescher,Saarbrucken,,1-1,1.40,DC,1X,draw
01-02-2021,NAC Breda,Almere,,4-0,2.30,FT,2,home
01-02-2021,Reggina,Salernitana,,0-0,2.15,FT,1,draw
01-02-2021,Carpi,Mantova,,2-0,1.35,DC,1X,home
01-02-2021,Betis,Osasuna,,1-0,1.90,FT,1,home
01-02-2021,Sabadell,Ud Logrones,,0-0,1.30,DC,1X,draw
01-02-2021,Sporting,Benfica,,1-0,2.55,FT,2,home
01-02-2021,Millwall,Norwich,,0-0,2.15,FT,2,draw
01-02-2021,Aberdeen,Livingston,,0-2,1.30,DC,1X,away
01-02-2021,Coventry,Nottingham,,1-2,3.00,FT,X,away
01-02-2021,Wycombe,Birmingham,,0-0,2.40,FT,2,draw
01-02-2021,Inter,Juventus,,1-2,2.40,FT,1,away
01-02-2021,Newcastle,Crystal Palace,,1-2,2.80,FT,1,away
31-01-2021,Spal,Monza,,1-1,1.35,DC,X2,draw
31-01-2021,Espanyol,Rayo Vallecano,,2-3,1.95,FT,1,away
31-01-2021,Zulte-Waregem,Oostende,,2-1,2.00,FT,2,home
31-01-2021,Basel,Lugano,,2-2,1.30,DC,1X,draw
31-01-2021,Servette,Lausanne,,1-1,1.35,DC,1X,draw
31-01-2021,PAS Giannina,Atromitos,,0-1,2.80,FT,X,away
31-01-2021,LASK,Rapid Vienna,,1-2,1.85,FT,1,away
31-01-2021,Casa Pia,Leixoes,,1-1,1.45,DC,X2,draw
31-01-2021,Mirandes,Las Palmas,,2-0,3.00,FT,X,home
31-01-2021,Anderlecht,Gent,,0-0,2.30,FT,1,draw
31-01-2021,Granada,Celta Vigo,,0-0,3.20,FT,X,draw
31-01-2021,UTA Arad,Din. Bucuresti,,0-1,2.60,FT,2,away
31-01-2021,Brighton,Tottenham,,1-0,2.30,FT,2,home
31-01-2021,Tenerife,Fuenlabrada,,1-1,2.70,FT,X,draw
31-01-2021,St. Truiden,Cercle Brugge,,3-0,2.10,FT,1,home
31-01-2021,Cittadella,Cremonese,,1-1,1.20,DC,1X,draw
30-01-2021,Crystal Palace,Wolverhampton,,1-0,3.10,FT,X,home
30-01-2021,WBA,Fulham,,2-2,1.30,DC,X2,draw
30-01-2021,Birmingham,Coventry,,1-1,1.40,DC,X2,draw
30-01-2021,Cardiff,Millwall,,1-1,3.10,FT,X,draw
30-01-2021,Derby,Bristol City,,1-0,1.90,FT,1,home
30-01-2021,Huddersfield,Stoke,,1-1,2.30,FT,2,draw
30-01-2021,Nottingham,Barnsley,,0-0,1.30,DC,12,draw
30-01-2021,Rotherham,Swansea,,1-3,2.20,FT,2,away
30-01-2021,Sheffield Wed,Preston,,1-0,2.80,FT,1,home
30-01-2021,Nacional,Famalicao,,2-1,2.90,FT,X,home
30-01-2021,Heracles,Groningen,,1-0,1.55,DC,X2,home
30-01-2021,Arsenal,Manchester Utd,,0-0,2.80,FT,1,draw
30-01-2021,Tondela,Farense,,2-0,2.50,FT,1,home
30-01-2021,Villarreal,Real Sociedad,,1-1,1.35,DC,1X,draw
30-01-2021,Southampton,Aston Villa,,0-1,1.30,DC,12,away
30-01-2021,Portimonense,Boavista,,1-2,2.20,FT,1,away
29-01-2021,Zaglebie,Wisla Plock,,0-2,1.30,DC,12,away
29-01-2021,Mlada Boleslav,Sigma Olomouc,,Postp,2.90,FT,2,postponed
29-01-2021,Helmond,Telstar,,1-1,2.20,FT,2,draw
29-01-2021,PSV II,Ajax II,,1-2,2.45,FT,2,away
29-01-2021,Dynamo Dresden,Bayern II,,Postp,3.20,FT,X,postponed
29-01-2021,Kriens,Wil,,1-2,2.30,FT,1,away
29-01-2021,Stade Lausanne Ouchy,Thun,,1-3,2.10,FT,1,away
29-01-2021,Colchester,Scunthorpe,,0-1,1.45,DC,X2,away
29-01-2021,Lommel,Deinze,,4-2,2.20,FT,1,home
29-01-2021,Schaffhausen,Winterthur,,1-0,2.40,FT,1,home
29-01-2021,Rakow,Pogon Szczecin,,0-1,2.00,FT,1,away
29-01-2021,Torino,Fiorentina,,1-1,1.45,DC,1X,draw
29-01-2021,Reading,Bournemouth,,3-1,1.30,DC,X2,home
29-01-2021,Vicenza,Venezia,,0-0,1.30,DC,X2,draw
29-01-2021,Valladolid,Huesca,,1-3,3.10,FT,X,away
29-01-2021,Zaragoza,Ponferradina,,1-0,2.10,FT,1,home
28-01-2021,Hapoel E.H.,Hapoel I.K.S.,,0-1,1.30,DC,12,away
28-01-2021,Sparta,Twente,,0-0,1.30,DC,12,draw
28-01-2021,St. Pauli,Bochum,,2-3,1.35,DC,X2,away
28-01-2021,Sion,Basel,,2-3,1.85,FT,2,away
28-01-2021,Tottenham,Liverpool,,1-3,1.30,DC,12,away
28-01-2021,Oostende,St. Liege,,2-2,2.60,FT,2,draw
28-01-2021,Deportes Tolima,Dep. Pasto,,1-1,1.15,DC,1X,draw
28-01-2021,Bahia,Corinthians,,2-1,2.30,FT,1,home
28-01-2021,Gremio,Flamengo RJ,,2-4,3.30,FT,X,away
28-01-2021,Sydney W.,Newcastle Jets,,1-1,2.30,FT,1,draw
28-01-2021,Malatyaspor,Karagumruk,,0-0,2.20,FT,1,draw
28-01-2021,AmaZulu,Stellenbosch,,2-1,2.95,FT,X,home
28-01-2021,Gazisehir Gaziantep,Galatasaray,,1-2,1.90,FT,2,away
28-01-2021,Helmond,Telstar,,1-1,2.20,FT,2,draw
28-01-2021,PSV II,Ajax II,,1-2,2.45,FT,2,away
28-01-2021,Dynamo Dresden,Bayern II,,Postp,3.20,FT,X,postponed
27-01-2021,Burnley,Aston Villa,,3-2,1.95,FT,2,home
27-01-2021,Dundee Utd,St. Mirren,,1-5,1.35,DC,X2,away
27-01-2021,Ross County,Motherwell,,1-2,1.35,DC,X2,away
27-01-2021,St Johnstone,Aberdeen,,0-0,2.90,FT,X,draw
27-01-2021,Chievo,Cittadella,,2-1,1.30,DC,1X,home
27-01-2021,Morton,Inverness,,2-2,2.05,FT,2,draw
27-01-2021,Barnsley,Cardiff,,2-2,1.50,DC,X2,draw
27-01-2021,Swansea,Brentford,,1-1,1.35,DC,X2,draw
27-01-2021,RKC Waalwijk,Fortuna Sittard,,1-2,2.50,FT,2,away
27-01-2021,Brighton,Fulham,,0-0,2.05,FT,1,draw
27-01-2021,Karlsruher,Hannover,,1-0,1.30,DC,12,home
27-01-2021,Nurnberg,Jahn Regensburg,,0-1,2.00,FT,1,away
27-01-2021,Paderborn,Holstein Kiel,,1-1,2.35,FT,1,draw
27-01-2021,Livingston,Kilmarnock,,2-0,1.90,FT,1,home
27-01-2021,Lorient,Dijon,,3-2,3.20,FT,2,home
27-01-2021,Everton,Leicester,,1-1,2.60,FT,2,draw
26-01-2021,Zwolle,Heracles,,2-2,1.30,DC,12,draw
26-01-2021,Newcastle,Leeds,,1-2,1.95,FT,2,away
26-01-2021,Crystal Palace,West Ham,,2-3,1.35,DC,X2,away
26-01-2021,Gillingham,Crewe,,4-1,1.35,DC,X2,home
26-01-2021,Bristol City,Huddersfield,,2-1,1.35,DC,12,home
26-01-2021,Millwall,Watford,,0-0,1.30,DC,X2,draw
26-01-2021,Milton Keynes Dons,Charlton,,0-1,3.30,FT,X,away
26-01-2021,Portsmouth,Lincoln,,0-1,2.10,FT,1,away
26-01-2021,Swindon,Plymouth,,0-2,2.60,FT,1,away
26-01-2021,Wigan,Blackpool,,0-5,1.95,FT,2,away
26-01-2021,Braunschweig,Heidenheim,,1-0,2.10,FT,2,home
26-01-2021,Fortuna Dusseldorf,Hamburger,,0-0,2.40,FT,2,draw
26-01-2021,Osnabruck,Greuther Furth,,0-1,1.90,FT,2,away
26-01-2021,Inter,Milan,,2-1,2.05,FT,1,home
26-01-2021,Ipswich,Sunderland,,0-1,2.15,FT,2,away
26-01-2021,Southampton,Arsenal,,1-3,2.20,FT,2,away
25-01-2021,Altinordu,Menemenspor,,2-4,1.25,DC,1X,away
25-01-2021,Rio Ave,Santa Clara,,1-2,1.25,DC,1X,away
25-01-2021,Casa Pia,Piedade,,2-1,1.25,DC,1X,home
25-01-2021,Karmiotissa,Paphos,,0-0,1.95,FT,2,draw
25-01-2021,Ajax II,Go Ahead Eagles,,0-2,2.60,FT,2,away
25-01-2021,CD Equidad,Atl. Nacional,,1-0,2.05,FT,2,home
25-01-2021,Sochaux,Toulouse,,0-1,1.30,DC,X2,away
25-01-2021,Le Mans,Red Star,,2-1,2.65,FT,X,home
25-01-2021,Eindhoven,NEC,,0-1,2.10,FT,2,away
25-01-2021,Brescia,Monza,,0-1,2.00,FT,2,away
25-01-2021,Como,Renate,,2-1,2.30,FT,1,home
25-01-2021,Ath Bilbao,Getafe,,5-1,1.30,DC,1X,home
25-01-2021,Cartagena,Mirandes,,0-2,2.80,FT,X,away
25-01-2021,Once Caldas,Junior,,1-2,2.95,FT,X,away
25-01-2021,Corinthians,Bragantino,,0-2,2.50,FT,1,away
25-01-2021,Pachuca,Cruz Azul,,0-1,2.25,FT,1,away
24-01-2021,Middlesbrough,Blackburn,,0-1,2.45,FT,1,away
24-01-2021,Ud Logrones,R. Oviedo,,0-0,1.25,DC,X2,draw
24-01-2021,Maritimo,Ferreira,,0-3,3.00,FT,X,away
24-01-2021,Feyenoord,AZ Alkmaar,,2-3,2.70,FT,2,away
24-01-2021,Rennes,Lille,,0-1,2.80,FT,1,away
24-01-2021,Manchester Utd,Liverpool,,3-2,2.40,FT,1,home
24-01-2021,Castellon,Gijon,,2-0,2.75,FT,X,home
24-01-2021,Celta Vigo,Eibar,,1-1,2.05,FT,1,draw
24-01-2021,Moreirense,Portimonense,,2-2,2.75,FT,1,draw
24-01-2021,Toluca,Necaxa,,2-0,2.10,FT,1,home
24-01-2021,Ceara,Palmeiras,,2-1,1.40,DC,1X,home
24-01-2021,Internacional,Gremio,,2-1,1.40,DC,1X,home
24-01-2021,Las Palmas,Leganes,,2-1,2.85,FT,X,home
24-01-2021,Parma,Sampdoria,,0-2,1.60,DC,1X,away
24-01-2021,Cremonese,Spal,,1-1,1.30,DC,X2,draw
24-01-2021,Famalicao,Guimaraes,,0-1,1.35,DC,X2,away
23-01-2021,Ipswich,Peterborough,,0-1,1.35,DC,X2,away
23-01-2021,Portsmouth,Hull,,0-4,1.35,DC,1X,away
23-01-2021,Barnsley,Norwich,,1-0,1.35,DC,X2,home
23-01-2021,Millwall,Bristol City,,0-3,2.00,FT,1,away
23-01-2021,Rayo Vallecano,Mallorca,,1-3,1.30,DC,1X,away
23-01-2021,Oss,Excelsior,,1-3,1.25,DC,12,away
23-01-2021,Ried,Austria Vienna,,0-1,2.60,FT,1,away
23-01-2021,Milan,Atalanta,,0-3,3.65,DC,1X,away
23-01-2021,Lugo,Tenerife,,2-0,2.80,FT,X,home
23-01-2021,St Johnstone,Hibernian,,3-0,3.00,FT,X,home
23-01-2021,Hertha Berlin,Werder Bremen,,1-4,2.15,FT,1,away
23-01-2021,Le Havre,Guingamp,,1-1,2.90,FT,X,draw
23-01-2021,Paris FC,Amiens,,4-2,2.90,FT,X,home
23-01-2021,Malaga,Ponferradina,,0-2,2.30,FT,1,away
23-01-2021,Sporting,Braga,,1-0,2.50,FT,1,home
23-01-2021,Heracles,Heerenveen,,1-0,2.95,FT,2,home
22-01-2021,Fortuna Dusseldorf,Greuther Furth,,3-3,2.30,FT,1,draw
22-01-2021,Osnabruck,Erzgebirge Aue,,0-1,1.30,DC,12,away
22-01-2021,MVV,Helmond,,1-1,2.50,FT,2,draw
22-01-2021,Turkgucu,Bayern II,,0-0,2.75,FT,1,draw
22-01-2021,Rapid Vienna,Sturm Graz,,4-1,2.20,FT,1,home
22-01-2021,Fuenlabrada,Alcorcon,,0-0,2.80,FT,X,draw
22-01-2021,Oliveirense,Varzim,,1-1,1.25,DC,1X,draw
22-01-2021,Salford,Harrogate,,2-2,2.00,FT,1,draw
22-01-2021,Willem II,Zwolle,,1-3,2.50,FT,1,away
22-01-2021,B. Monchengladbach,Dortmund,,4-2,2.10,FT,2,home
22-01-2021,Stoke,Watford,,1-2,1.30,DC,X2,away
22-01-2021,Benevento,Torino,,2-2,2.60,FT,2,draw
22-01-2021,Virtus Entella,Pisa,,2-1,1.35,DC,X2,home
22-01-2021,Levante,Valladolid,,2-2,1.25,DC,1X,draw
22-01-2021,Albacete,Zaragoza,,1-0,1.35,DC,X2,home
22-01-2021,Penafiel,Feirense,,2-2,2.90,FT,X,draw
21-01-2021,NEC,Fortuna Sittard,,1-1,1.25,DC,12,draw
21-01-2021,Zulte-Waregem,Leuven,,2-3,2.30,FT,1,away
21-01-2021,Valencia,Osasuna,,1-1,2.10,FT,1,draw
21-01-2021,VVV Venlo,Go Ahead Eagles,,1-0,1.25,DC,12,home
21-01-2021,Genk,Gent,,1-1,1.25,DC,12,draw
21-01-2021,P. Colonia,Progreso,,0-1,2.85,FT,X,away
21-01-2021,Chapecoense,Ponte Preta,,1-0,3.20,FT,2,home
21-01-2021,Flamengo,Palmeiras,,2-0,2.15,FT,1,home
21-01-2021,Fortaleza,Santos,,2-0,2.20,FT,1,home
21-01-2021,Goias,Ceara,,0-4,1.30,DC,12,away
21-01-2021,Atl. San Luis,Guadalajara Chivas,,3-1,2.40,FT,2,home
21-01-2021,Fortuna Dusseldorf,Greuther Furth,,3-3,2.30,FT,1,draw
21-01-2021,Osnabruck,Erzgebirge Aue,,0-1,1.30,DC,12,away
21-01-2021,MVV,Helmond,,1-1,2.50,FT,2,draw
21-01-2021,Turkgucu,Bayern II,,0-0,2.75,FT,1,draw
21-01-2021,Rapid Vienna,Sturm Graz,,4-1,2.20,FT,1,home
20-01-2021,Schalke,FC Koln,,1-2,1.30,DC,12,away
20-01-2021,Nancy,Sochaux,,0-1,2.95,FT,X,away
20-01-2021,Mechelen,St. Liege,,0-4,1.25,DC,12,away
20-01-2021,Duisburg,Magdeburg,,1-2,2.70,FT,1,away
20-01-2021,Hallescher,Mannheim,,0-0,2.40,FT,1,draw
20-01-2021,Cardiff,QPR,,0-1,1.30,DC,1X,away
20-01-2021,Huddersfield,Millwall,,0-1,1.30,DC,12,away
20-01-2021,Nottingham,Middlesbrough,,1-2,1.40,DC,1X,away
20-01-2021,Freiburg,Eintracht Frankfurt,,2-2,2.45,FT,2,draw
20-01-2021,Birmingham,Preston,,0-1,3.00,FT,X,away
20-01-2021,Braga,Benfica,,2-1,2.20,FT,1,home
20-01-2021,Juventus,Napoli,,2-0,3.40,FT,X,home
20-01-2021,Betis,Celta Vigo,,2-1,2.10,FT,1,home
20-01-2021,Guingamp,Caen,,1-3,3.00,FT,X,away
20-01-2021,Olympique Marseille,Lens,,0-1,2.00,FT,1,away
20-01-2021,Botafogo,Atletico GO,,1-3,2.35,FT,1,away
19-01-2021,Derby,Bournemouth,,1-0,1.30,DC,X2,home
19-01-2021,Reading,Coventry,,3-0,2.10,FT,1,home
19-01-2021,Cadiz CF,Levante,,2-2,3.05,FT,X,draw
19-01-2021,Mirandes,Rayo Vallecano,,0-2,1.30,DC,X2,away
19-01-2021,Blackburn,Swansea,,Postp,1.50,DC,X2,postponed
19-01-2021,Milton Keynes Dons,Fleetwood,,3-1,1.50,DC,X2,home
19-01-2021,Leverkusen,Dortmund,,2-1,2.10,FT,2,home
19-01-2021,Hertha,Hoffenheim,,0-3,2.30,FT,1,away
19-01-2021,Rotherham,Stoke,,3-3,1.35,DC,X2,draw
19-01-2021,Sporting,FC Porto,,2-1,2.40,FT,1,home
19-01-2021,Huachipato,U. Espanola,,4-1,3.25,FT,X,home
19-01-2021,Leicester,Chelsea,,2-0,2.90,FT,1,home
19-01-2021,Schalke,FC Koln,,1-2,2.80,FT,2,away
19-01-2021,Huddersfield,Millwall,,0-1,2.40,FT,2,away
19-01-2021,Nottingham,Middlesbrough,,1-2,3.00,FT,X,away
19-01-2021,Birmingham,Preston,,0-1,3.00,FT,X,away
18-01-2021,Utrecht II,Ajax II,,1-2,1.45,DC,1X,away
18-01-2021,P. Colonia,Liverpool M.,,0-0,1.30,DC,X2,draw
18-01-2021,Portimonense,Belenenses,,1-0,1.35,DC,1X,home
18-01-2021,Palmeiras,Corinthians,,4-0,2.00,FT,1,home
18-01-2021,Boston River,Dep.Maldonado,,5-0,1.30,DC,1X,home
18-01-2021,CC Mariners,Sydney W.,,0-1,2.10,FT,2,away
18-01-2021,Voluntari,UTA Arad,,0-1,3.10,FT,X,away
18-01-2021,Cadiz,Levante,,2-2,3.05,FT,X,draw
18-01-2021,Milton Keynes Dons,Fleetwood,,3-1,3.20,FT,X,home
18-01-2021,Cheltenham,Newport,,1-1,3.05,FT,X,draw
18-01-2021,Tranmere,Forest Green,,3-2,2.40,FT,2,home
18-01-2021,Blackburn,Swansea,,Postp,1.50,DC,X2,postponed
18-01-2021,Leverkusen,Dortmund,,2-1,2.10,FT,2,home
18-01-2021,Hertha,Hoffenheim,,0-3,2.30,FT,1,away
18-01-2021,Rotherham,Stoke,,3-3,2.40,FT,2,draw
18-01-2021,Leicester,Chelsea,,2-0,2.90,FT,1,home
17-01-2021,Nacional,Moreirense,,0-1,1.55,DC,X2,away
17-01-2021,Sion,Lugano,,1-1,1.30,DC,X2,draw
17-01-2021,Wolfsberger,Sturm Graz,,0-0,2.70,FT,2,draw
17-01-2021,Besiktas,Galatasaray,,2-0,2.30,FT,1,home
17-01-2021,Liverpool,Manchester Utd,,0-0,1.25,DC,12,draw
17-01-2021,Paganese,Casertana,,1-3,2.80,FT,X,away
17-01-2021,Viterbese,Teramo,,1-0,2.90,FT,X,home
17-01-2021,Varzim,Casa Pia,,0-1,1.35,DC,1X,away
17-01-2021,Sepsi,Cluj,,0-1,2.30,FT,2,away
17-01-2021,Santa Clara,Famalicao,,1-2,2.35,FT,1,away
17-01-2021,Aris,Panathinaikos,,0-1,2.15,FT,1,away
17-01-2021,Ostrava,Sparta Prague,,0-0,2.40,FT,2,draw
17-01-2021,Athletico-PR,Sao Paulo,,1-1,2.20,FT,2,draw
17-01-2021,Inter,Juventus,,2-0,2.40,FT,1,home
17-01-2021,St. Truiden,Leuven,,3-1,2.10,FT,1,home
17-01-2021,Gil Vicente,Maritimo,,0-1,1.35,DC,12,away
16-01-2021,Leeds,Brighton,,0-1,2.10,FT,1,away
16-01-2021,Bristol City,Preston,,2-0,1.45,DC,X2,home
16-01-2021,Cardiff,Norwich,,1-2,2.20,FT,2,away
16-01-2021,Nottingham,Millwall,,3-1,2.45,FT,1,home
16-01-2021,Bristol Rovers,Charlton,,0-1,1.40,DC,X2,away
16-01-2021,Burton,Ipswich,,0-1,2.30,FT,2,away
16-01-2021,Fleetwood,Portsmouth,,0-1,1.35,DC,X2,away
16-01-2021,Peterborough,MK Dons,,3-0,2.20,FT,1,home
16-01-2021,Plymouth,Crewe,,1-1,1.30,DC,12,draw
16-01-2021,Rochdale,Wigan,,3-3,2.20,FT,1,draw
16-01-2021,Hamilton,Dundee Utd,,0-0,2.10,FT,2,draw
16-01-2021,St Johnstone,St. Mirren,,1-0,3.10,FT,X,home
16-01-2021,Stuttgart,B. Monchengladbach,,2-2,2.30,FT,2,draw
16-01-2021,Barnsley,Swansea,,0-2,1.40,DC,X2,away
16-01-2021,Sampdoria,Udinese,,2-1,2.45,FT,2,home
16-01-2021,Tondela,Boavista,,3-1,2.30,FT,2,home
15-01-2021,Cholet,Villefranche,,1-2,2.75,FT,X,away
15-01-2021,Quevilly,Le Mans,,2-0,3.00,FT,X,home
15-01-2021,Red Star,Boulogne,,0-0,1.30,DC,1X,draw
15-01-2021,Briochin,Concarneau,,0-0,1.25,DC,1X,draw
15-01-2021,Ermis,Karmiotissa,,2-0,1.45,DC,X2,home
15-01-2021,Wurzburger,Braunschweig,,0-0,3.20,FT,X,draw
15-01-2021,Avranches,Laval,,2-1,1.30,DC,X2,home
15-01-2021,Excelsior,Eindhoven,,1-0,2.20,FT,1,home
15-01-2021,Roda,De Graafschap,,1-3,1.35,DC,X2,away
15-01-2021,Viktoria Koln,Turkgucu,,0-2,2.60,FT,2,away
15-01-2021,Union Berlin,Leverkusen,,1-0,2.10,FT,2,home
15-01-2021,Morton,Dunfermline,,0-0,1.30,DC,X2,draw
15-01-2021,Lazio,Roma,,3-0,3.50,FT,X,home
15-01-2021,Vicenza,Frosinone,,0-0,2.90,FT,X,draw
15-01-2021,La Serena,Union La Calera,,0-3,2.85,FT,1,away
15-01-2021,Porto,Benfica,,1-1,2.30,FT,1,draw
