date,home_team,away_team,league,score,odds,result
15-11-2022,Gillingham,AFC Fylde,,1-0,1.85,home
15-11-2022,Hartlepool,Solihull,,1-1,2.30,draw
15-11-2022,Oxford City,Dover Athletic,,3-1,1.80,home
15-11-2022,Braintree,Farnborough,,0-0,2.60,draw
15-11-2022,Buxton,Scarborough,,0-1,1.35,away
15-11-2022,Hereford,Peterborough Sports,,0-1,2.05,away
15-11-2022,Southport,King’s Lynn,,1-1,1.25,draw
15-11-2022,Hendon,Merthyr Town,,1-1,1.25,draw
15-11-2022,Gibraltar,Liechtenstein,,2-0,2.00,home
15-11-2022,Cyprus,Bulgaria,,0-2,2.25,away
15-11-2022,Poland,Chile,,1-0,2.10,home
15-11-2022,ADO Den Haag,Roda,,0-1,2.45,away
15-11-2022,Mexico,Sweden,,1-2,2.15,away
15-11-2022,Salford,Peterborough,,0-3,1.90,away
15-11-2022,Deportivo Pereira,Millonarios,,Postp,3.60,postponed
15-11-2022,Peru,Paraguay,,1-0,2.00,home
14-11-2022,Botev Vratsa,Septemvri Sofia,,0-0,2.25,draw
14-11-2022,Univ. Cluj,FC Arges,,1-1,2.00,draw
14-11-2022,Goztepe,Keciorengucu,,2-1,2.50,home
14-11-2022,Sakaryaspor,Rizespor,,1-1,2.20,draw
14-11-2022,OFI,Levadiakos,,2-1,3.10,home
14-11-2022,Munich 1860,RW Essen,,1-1,1.30,draw
14-11-2022,Mafra,Leixoes,,1-1,3.20,draw
14-11-2022,Tondela,Moreirense,,1-1,3.10,draw
14-11-2022,Sonderjyske,Vejle Kolding,,0-1,2.50,away
14-11-2022,Beitar Jerusalem,Bnei Sakhnin,,2-1,3.10,home
14-11-2022,Utrecht II,MVV,,3-0,1.25,home
14-11-2022,Botosani,Hermannstadt,,0-0,2.80,draw
14-11-2022,Virtus Entella,Cesena,,0-0,2.90,draw
14-11-2022,Chelmsford,Barnet,,0-1,2.45,away
14-11-2022,Santa Clara,Estoril,,3-1,3.10,home
14-11-2022,Hartlepool,Solihull,,1-1,2.30,draw
13-11-2022,Standard Liege,St.Gilloise,,2-3,2.00,away
13-11-2022,Brondby,Viborg,,0-2,3.50,away
13-11-2022,Ferreira,Vizela,,0-2,3.20,away
13-11-2022,LASK,Sturm Graz,,1-1,1.25,draw
13-11-2022,Sandefjord,Haugesund,,2-2,1.95,draw
13-11-2022,Valerenga,Molde,,1-2,2.10,away
13-11-2022,Strasbourg,Lorient,,1-1,2.10,draw
13-11-2022,Fulham,Manchester Utd,,1-2,1.90,away
13-11-2022,Freiburg,Union Berlin,,4-1,2.00,home
13-11-2022,Dynamo Moscow,CSKA,,2-1,3.40,home
13-11-2022,Anderlecht,Genk,,0-2,1.30,away
13-11-2022,Casa Pia,Chaves,,1-2,2.00,away
13-11-2022,Go Head,Vitesse,,2-2,1.50,draw
13-11-2022,Randers,Midtjylland,,0-0,2.20,draw
13-11-2022,Juventus,Lazio,,3-0,2.00,home
13-11-2022,Monaco,Olympique Marseille,,2-3,2.90,away
12-11-2022,Bournemouth,Everton,,3-0,1.35,home
12-11-2022,Nottingham,Crystal Palace,,1-0,2.40,home
12-11-2022,West Ham,Leicester,,0-2,3.60,away
12-11-2022,Bristol City,Watford,,0-0,2.35,draw
12-11-2022,Cardiff,Sheffield Utd,,0-1,1.30,away
12-11-2022,Coventry,QPR,,2-0,2.35,home
12-11-2022,Huddersfield,Swansea,,0-0,2.35,draw
12-11-2022,Hull,Reading,,1-2,2.40,away
12-11-2022,Norwich,Middlesbrough,,1-2,1.30,away
12-11-2022,Preston,Millwall,,2-4,2.50,away
12-11-2022,WBA,Stoke,,2-0,1.95,home
12-11-2022,Wigan,Blackpool,,2-1,2.20,home
12-11-2022,Sampdoria,Lecce,,0-2,2.60,away
12-11-2022,Sion,St. Gallen,,2-7,2.60,away
12-11-2022,Newcastle,Chelsea,,1-0,2.30,home
12-11-2022,Bologna,Sassuolo,,3-0,2.30,home
11-11-2022,Alanyaspor,Adana Demirspor,,0-0,2.50,draw
11-11-2022,Ankaragucu,Trabzonspor,,1-1,3.35,draw
11-11-2022,Fortuna Dusseldorf,Kaiserslautern,,1-2,2.00,away
11-11-2022,Holstein Kiel,Hannover,,1-1,1.95,draw
11-11-2022,Cholet,Chateauroux,,0-0,2.10,draw
11-11-2022,Xamax,Lausanne Ouchy,,2-1,1.35,home
11-11-2022,Yverdon,Vaduz,,3-1,2.10,home
11-11-2022,Sparta,Twente,,1-1,2.10,draw
11-11-2022,Telstar,ADO Den Haag,,0-0,2.70,draw
11-11-2022,Oss,AZ Alkmar II,,2-1,2.50,home
11-11-2022,VVV Venlo,Willem II,,0-0,1.25,draw
11-11-2022,B. Monchengladbach,Dortmund,,4-2,2.10,home
11-11-2022,Ascoli,Frosinone,,0-1,2.30,away
11-11-2022,Empoli,Cremonese,,2-0,3.40,home
11-11-2022,Hamilton,Ayr,,2-3,2.00,away
11-11-2022,Birmingham,Sunderland,,1-2,1.35,away
10-11-2022,Rayo Vallecano,Celta Vigo,,0-0,2.20,draw
10-11-2022,Oster,Varberg BoIS FC,,1-2,1.40,away
10-11-2022,Falkenberg,Ostersund,,1-1,2.20,draw
10-11-2022,Sandviken,Orgryte,,0-2,1.40,away
10-11-2022,Aarhus,Nordsjaelland,,0-2,2.20,away
10-11-2022,Valencia,Betis,,3-0,1.45,home
10-11-2022,RWD Molenbeek,Kortrijk,,1-3,2.20,away
10-11-2022,Magdeburg,Darmstadt,,0-1,3.10,away
10-11-2022,Botafogo,Santos,,3-0,1.80,home
10-11-2022,Fortuna Dusseldorf,Kaiserslautern,,1-2,2.00,away
10-11-2022,Holstein Kiel,Hannover,,1-1,1.95,draw
10-11-2022,Sparta,Twente,,1-1,2.10,draw
10-11-2022,B. Monchengladbach,Dortmund,,4-2,2.10,home
10-11-2022,Ascoli,Frosinone,,0-1,2.30,away
10-11-2022,Empoli,Cremonese,,2-0,3.40,home
10-11-2022,Birmingham,Sunderland,,1-2,2.30,away
09-11-2022,Koln,Leverkusen,,1-2,2.20,away
09-11-2022,Greuther Furth,Hamburger,,1-0,2.20,home
09-11-2022,Hansa,Nurnberg,,1-1,2.45,draw
09-11-2022,Sandhausen,Heidenheim,,3-4,2.10,away
09-11-2022,Sassuolo,Roma,,1-1,1.30,draw
09-11-2022,Almeria,Getafe,,1-0,2.20,home
09-11-2022,Sevilla,Sociedad,,1-2,2.80,away
09-11-2022,Espanyol,Villarreal,,0-1,2.30,away
09-11-2022,Eintracht Frankfurt,Hoffenheim,,4-2,1.90,home
09-11-2022,Schalke,Mainz,,1-0,1.25,home
09-11-2022,Shrewsbury,Oxford,,1-1,2.45,draw
09-11-2022,Nottingham Forest,Tottenham,,2-0,2.20,home
09-11-2022,Wolverhampton,Leeds,,1-0,2.90,home
09-11-2022,Dundee Utd,Kilmarnock,,4-0,2.20,home
09-11-2022,St. Mirren,St Johnstone,,2-0,2.00,home
09-11-2022,Mallorca,Atl. Madrid,,1-0,1.25,home
08-11-2022,Wolfsburg,Dortmund,,2-0,2.05,home
08-11-2022,Hannover,Fortuna Dusseldorf,,2-0,1.40,home
08-11-2022,Kaiserslautern,Karlsruher,,2-0,2.25,home
08-11-2022,St. Pauli,Holstein Kiel,,0-0,2.00,draw
08-11-2022,Elche,Girona,,1-2,1.40,away
08-11-2022,Gil Vicente,Arouca,,1-4,2.15,away
08-11-2022,Bochum,B. Monchengladbach,,2-1,3.20,home
08-11-2022,Stuttgart,Hertha Berlin,,2-1,1.95,home
08-11-2022,Coventry,Wigan,,2-0,2.00,home
08-11-2022,Birmingham,Swansea,,2-2,2.40,draw
08-11-2022,Blackpool,Middlesbrough,,0-3,2.20,away
08-11-2022,Cardiff,Hull,,2-3,2.00,away
08-11-2022,Stoke,Luton,,2-0,2.15,home
08-11-2022,Bournemouth,Everton,,4-1,1.30,home
08-11-2022,Stevenage,Charlton,,1-1,2.50,draw
08-11-2022,Livingston,Aberdeen,,2-1,3.10,home
07-11-2022,Hatayspor,Basaksehir,,3-3,1.25,draw
07-11-2022,Midtjylland,Nordsjaelland,,0-0,2.10,draw
07-11-2022,AZ Alkmar II,Roda,,2-0,2.20,home
07-11-2022,PSV II,Almere City,,0-1,2.20,away
07-11-2022,Utrecht II,Eindhoven,,0-1,2.00,away
07-11-2022,Reggina,Genoa,,2-1,2.20,home
07-11-2022,Metz,St Etienne,,3-2,3.30,home
07-11-2022,Lugo,Cartagena,,1-1,2.50,draw
07-11-2022,Chaves,Santa Clara,,0-0,2.30,draw
07-11-2022,Wolfsburg,Dortmund,,2-0,2.05,home
07-11-2022,Hannover,Fortuna Dusseldorf,,2-0,1.40,home
07-11-2022,Kaiserslautern,Karlsruher,,2-0,2.25,home
07-11-2022,St. Pauli,Holstein Kiel,,0-0,2.00,draw
07-11-2022,Elche,Girona,,1-2,1.40,away
07-11-2022,Coventry,Wigan,,2-0,2.00,home
07-11-2022,Birmingham,Swansea,,2-2,2.40,draw
06-11-2022,Hearts,Motherwell,,3-2,2.00,home
06-11-2022,Como,Venezia,,1-0,1.45,home
06-11-2022,Sociedad,Valencia,,1-1,1.25,draw
06-11-2022,Oviedo,Granada,,1-0,1.40,home
06-11-2022,Rio Ave,Boavista,,1-0,3.05,home
06-11-2022,Rapid,LASK,,1-0,2.40,home
06-11-2022,Lille,Rennes,,1-1,2.45,draw
06-11-2022,Tottenham,Liverpool,,1-2,2.15,away
06-11-2022,Roma,Lazio,,0-1,2.00,away
06-11-2022,Las Palmas,Eibar,,1-1,2.00,draw
06-11-2022,Malaga,Gijon,,1-1,2.90,draw
06-11-2022,Maritimo,Famalicao,,0-0,3.10,draw
06-11-2022,Juventus,Inter,,2-0,2.35,home
06-11-2022,Olympique Marseille,Olympique Lyon,,1-0,3.50,home
06-11-2022,Betis,Sevilla,,1-1,2.15,draw
06-11-2022,Albacete,Levante,,2-3,2.60,away
05-11-2022,Nottingham,Brentford,,2-2,3.30,draw
05-11-2022,Wolverhampton,Brighton,,2-3,1.30,away
05-11-2022,Blackpool,Luton,,0-1,1.40,away
05-11-2022,Millwall,Hull,,0-0,1.85,draw
05-11-2022,QPR,WBA,,0-1,2.50,away
05-11-2022,Rotherham,Norwich,,1-2,1.90,away
05-11-2022,Stoke,Birmingham,,1-2,3.40,away
05-11-2022,Sunderland,Cardiff,,0-1,2.15,away
05-11-2022,Swansea,Wigan,,2-2,1.90,draw
05-11-2022,Watford,Coventry,,0-1,1.90,away
05-11-2022,Vitesse,Sparta Rotterdam,,0-4,1.90,away
05-11-2022,AC Ajaccio,Strasbourg,,4-2,1.40,home
05-11-2022,Atalanta,Napoli,,1-2,2.20,away
05-11-2022,Galatasaray,Besiktas,,2-1,3.25,home
05-11-2022,Everton,Leicester,,0-2,3.30,away
05-11-2022,Celta Vigo,Osasuna,,1-2,3.30,away
04-11-2022,B.Bystrica,Podbrezova,,0-2,2.20,away
04-11-2022,Kasimpasa,Ankaragucu,,1-1,1.30,draw
04-11-2022,Stal Mielec,Zaglebie,,3-0,2.55,home
04-11-2022,Hansa,Sandhausen,,0-1,1.90,away
04-11-2022,Horsens,Randers,,5-1,1.35,home
04-11-2022,Cambuur,NEC,,0-1,3.40,away
04-11-2022,Aarau,Yverdon,,3-2,1.65,home
04-11-2022,Schaffhausen,Lausanne,,0-0,1.90,draw
04-11-2022,Aberdeen,Hibernian,,4-1,2.55,home
04-11-2022,Monchengladbach,Stuttgart,,3-1,2.15,home
04-11-2022,Kilmarnock,Livingston,,2-3,2.55,away
04-11-2022,Reading,Preston,,1-2,2.25,away
04-11-2022,Girona,Ath Bilbao,,2-1,2.05,home
04-11-2022,Alaves,Zaragoza,,1-0,1.90,home
04-11-2022,Troyes,Auxerre,,1-1,2.00,draw
04-11-2022,Gil Vicente,Portimonense,,1-2,2.20,away
03-11-2022,Sociedad,Manchester Utd,,0-1,1.35,away
03-11-2022,Sheriff Tiraspol,Omonia,,1-0,1.90,home
03-11-2022,Feyenoord,Lazio,,1-0,2.20,home
03-11-2022,Midtjylland,Sturm Graz,,2-0,2.00,home
03-11-2022,Olympiacos,Nantes,,0-2,2.25,away
03-11-2022,Qarabag,Freiburg,,1-1,1.95,draw
03-11-2022,Gent,Molde,,4-0,1.25,home
03-11-2022,Pyunik,Basel,,1-2,1.25,away
03-11-2022,Zalgiris,Slovan Bratislava,,1-2,2.20,away
03-11-2022,Gijon,Albacete,,2-2,2.20,draw
03-11-2022,Granada,Levante,,0-0,3.15,draw
03-11-2022,Bodo/Glimt,PSV,,1-2,2.10,away
03-11-2022,St.Gilloise,Union Berlin,,0-1,1.95,away
03-11-2022,Silkeborg,Anderlecht,,0-2,2.80,away
03-11-2022,Lech Poznan,Villarreal,,3-0,3.30,home
03-11-2022,Koln,Nice,,2-2,3.50,draw
02-11-2022,Villarreal II,Oviedo,,2-1,2.45,home
02-11-2022,America MG,Internacional,,1-0,1.40,home
02-11-2022,Birmingham,Millwall,,0-0,2.50,draw
02-11-2022,Cardiff,Watford,,1-2,2.50,away
02-11-2022,Huddersfield,Sunderland,,0-2,2.60,away
02-11-2022,Norwich,QPR,,0-0,1.90,draw
02-11-2022,Wigan,Stoke,,0-1,1.30,away
02-11-2022,Mirandes,Tenerife,,1-0,2.30,home
02-11-2022,Racing Club,Tigre,,2-2,3.20,draw
02-11-2022,Atletico GO,Santos,,2-3,2.25,away
02-11-2022,Avai,Bragantino,,1-2,3.20,away
02-11-2022,Juventude,Coritiba,,0-1,2.40,away
02-11-2022,Union Espanola,Universitad Chile,,1-0,3.05,home
02-11-2022,Sociedad,Manchester Utd,,0-1,1.35,away
02-11-2022,Feyenoord,Lazio,,1-0,2.20,home
02-11-2022,Olympiacos,Nantes,,0-2,2.25,away
01-11-2022,Santander,Alaves,,1-1,2.90,draw
01-11-2022,Porto,Atl. Madrid,,2-1,1.30,home
01-11-2022,Coventry,Blackburn,,1-0,2.40,home
01-11-2022,Hull,Middlesbrough,,1-3,2.30,away
01-11-2022,Luton,Reading,,0-0,1.95,draw
01-11-2022,Preston,Swansea,,1-0,3.20,home
01-11-2022,Wycombe,Port Vale,,2-2,2.15,draw
01-11-2022,Tranmere,Stockport,,0-0,3.10,draw
01-11-2022,Barnet,Southend,,0-3,2.00,away
01-11-2022,Halifax,Dorking Wanderers,,Postp,2.00,postponed
01-11-2022,Torquay,Aldershot,,6-1,2.20,home
01-11-2022,Bristol City,Sheffield Utd,,0-1,2.20,away
01-11-2022,Ibiza,Leganes,,0-2,2.50,away
01-11-2022,Rangers,Ajax,,1-3,2.20,away
01-11-2022,Olympique Marseille,Tottenham,,1-2,1.30,away
01-11-2022,Sporting,Eintracht Frankfurt,,1-2,1.30,away
31-10-2022,PAS Giannina,Asteras Tripolis,,2-1,1.50,home
31-10-2022,Dacia Mioveni,Hermannstadt,,0-2,2.80,away
31-10-2022,Sivasspor,Antalyaspor,,0-2,1.60,away
31-10-2022,Katakopia,Aris Limmasol,,1-2,1.75,away
31-10-2022,Omonia,Anorthosis,,2-0,1.35,home
31-10-2022,Estrela Amadora,Vilafranquense,,1-1,3.15,draw
31-10-2022,Radomiak,Warta Poznan,,2-3,2.20,away
31-10-2022,Norrkoping,Djurgarden,,0-1,2.00,away
31-10-2022,Hapoel B.S.,Maccabi T.A.,,2-0,1.95,home
31-10-2022,Ajax II,Willem II,,1-2,2.50,away
31-10-2022,Piacenza,Padova,,1-1,1.90,draw
31-10-2022,Monza,Bologna,,1-2,2.10,away
31-10-2022,Plymouth,Exeter,,4-2,2.00,home
31-10-2022,Elche,Getafe,,0-1,2.90,away
31-10-2022,Levante,Gijon,,1-0,1.80,home
31-10-2022,Guimaraes,Famalicao,,3-2,2.20,home
30-10-2022,Ross County,Hearts,,1-2,1.95,away
30-10-2022,Perugia,Cittadella,,0-2,1.30,away
30-10-2022,Malaga,Eibar,,0-1,1.30,away
30-10-2022,Boavista,Vizela,,2-2,3.20,draw
30-10-2022,Portimonense,Estoril,,1-1,2.95,draw
30-10-2022,Lorient,Nice,,1-2,3.35,away
30-10-2022,Schalke,Freiburg,,0-2,1.25,away
30-10-2022,Ath Bilbao,Villarreal,,1-0,3.40,home
30-10-2022,Cartagena,Granada,,0-0,3.20,draw
30-10-2022,Leuven,Gent,,1-1,2.00,draw
30-10-2022,Casa Pia,Rio Ave,,1-0,3.20,home
30-10-2022,Koln,Hoffenheim,,1-1,2.30,draw
30-10-2022,Torino,Milan,,2-1,2.10,home
30-10-2022,Olympique Lyon,Lille,,1-0,2.05,home
30-10-2022,Sociedad,Betis,,0-2,3.40,away
30-10-2022,Charleroi,Antwerp,,1-0,2.10,home
29-10-2022,Brentford,Wolverhampton,,1-1,1.30,draw
29-10-2022,Brighton,Chelsea,,4-1,1.40,home
29-10-2022,Crystal Palace,Southampton,,1-0,1.95,home
29-10-2022,Cardiff,Rotherham,,1-0,2.10,home
29-10-2022,Coventry,Blackpool,,1-2,2.45,away
29-10-2022,Huddersfield,Millwall,,1-0,1.35,home
29-10-2022,Hull,Blackburn,,0-1,2.50,away
29-10-2022,Luton,Sunderland,,1-1,2.00,draw
29-10-2022,Norwich,Stoke,,3-1,2.00,home
29-10-2022,Preston,Middlesbrough,,2-1,2.90,home
29-10-2022,Wigan,Watford,,0-1,2.35,away
29-10-2022,Fulham,Everton,,0-0,2.35,draw
29-10-2022,Eintracht Frankfurt,Dortmund,,1-2,2.35,away
29-10-2022,Sevilla,Rayo Vallecano,,0-1,2.00,away
29-10-2022,Alanyaspor,Gaziantep,,2-0,1.90,home
29-10-2022,Strasbourg,Olympique Marseille,,2-2,2.35,draw
28-10-2022,Greuther Furth,Bielefeld,,1-0,1.25,home
28-10-2022,Magdeburg,Heidenheim,,1-1,1.30,draw
28-10-2022,Karagumruk,Galatasaray,,0-2,1.85,away
28-10-2022,Almere,Heracles,,3-2,2.20,home
28-10-2022,Den Bosch,NAC Breda,,3-2,1.25,home
28-10-2022,Eindhoven,PSV II,,2-2,1.90,draw
28-10-2022,Helmond,ADO Den Haag,,2-1,2.25,home
28-10-2022,VVV Venlo,AZ Alkmar II,,1-2,2.10,away
28-10-2022,Werder,Hertha,,1-0,2.05,home
28-10-2022,Bari,Ternana,,0-0,2.15,draw
28-10-2022,Morton,Inverness,,4-0,2.15,home
28-10-2022,Queen’s Park,Dundee,,2-2,2.10,draw
28-10-2022,Birmingham,QPR,,2-0,3.30,home
28-10-2022,Mallorca,Espanyol,,1-1,2.25,draw
28-10-2022,Tenerife,Zaragoza,,0-2,2.85,away
28-10-2022,Ferreira,Maritimo,,0-1,2.30,away
27-10-2022,Foolad,Gol Gohar,,1-2,2.55,away
27-10-2022,PSV,Arsenal,,2-0,2.70,home
27-10-2022,Zurich,Bodo/Glimt,,2-1,2.00,home
27-10-2022,AEK Larnaca,Dyn. Kyiv,,3-3,2.20,draw
27-10-2022,Fenerbahce,Rennes,,3-3,2.60,draw
27-10-2022,Ludogorets,Betis,,0-1,1.30,away
27-10-2022,Malmo,St.Gilloise,,0-2,2.00,away
27-10-2022,Austria Vienna,Lech Poznan,,1-1,2.50,draw
27-10-2022,Slovacko,Koln,,0-1,1.90,away
27-10-2022,FAR Rabat,Hassania Agadir,,2-1,1.30,home
27-10-2022,Sturm Graz,Feyenoord,,1-0,2.00,home
27-10-2022,Nantes,Qarabag,,2-1,3.50,home
27-10-2022,Crvena zvezda,Trabzonspor,,2-1,2.10,home
27-10-2022,Ferencvaros,Monaco,,1-1,1.25,draw
27-10-2022,Dnipro-1,Apollon Lim.,,1-0,2.10,home
27-10-2022,Sivasspor,Cluj,,3-0,2.20,home
26-10-2022,Club Brugge,Porto,,0-4,2.20,away
26-10-2022,Ajax,Liverpool,,0-3,1.25,away
26-10-2022,Barcelona,Bayern Munich,,0-3,1.25,away
26-10-2022,Eintracht Frankfurt,Marseille,,2-1,2.30,home
26-10-2022,Banfield,Talleres Cordoba,,0-1,2.15,away
26-10-2022,Botafogo,Bragantino,,2-1,2.40,home
26-10-2022,Patronato,Boca Juniors,,1-1,2.15,draw
26-10-2022,Corinthians,Fluminense,,0-2,2.20,away
26-10-2022,Goias,America MG,,2-2,3.10,draw
26-10-2022,PSV,Arsenal,,2-0,2.70,home
26-10-2022,Zurich,Bodo/Glimt,,2-1,2.00,home
26-10-2022,AEK Larnaca,Dyn. Kyiv,,3-3,2.20,draw
26-10-2022,Fenerbahce,Rennes,,3-3,2.60,draw
26-10-2022,Ludogorets,Betis,,0-1,1.30,away
26-10-2022,Malmo,St.Gilloise,,0-2,2.00,away
26-10-2022,Slovacko,Koln,,0-1,1.90,away
25-10-2022,Cheltenham,Morecambe,,1-0,3.30,home
25-10-2022,Derby,Exeter,,0-0,1.90,draw
25-10-2022,Portsmouth,Oxford Utd,,1-1,1.30,draw
25-10-2022,Wimbledon,Crewe,,1-1,3.15,draw
25-10-2022,Barrow,Grimsby,,1-0,2.80,home
25-10-2022,Bradford City,Swindon,,1-1,3.10,draw
25-10-2022,Colchester,Crawley,,2-2,3.30,draw
25-10-2022,Hartlepool,Salford,,0-2,3.30,away
25-10-2022,Northampton,Sutton,,2-2,1.30,draw
25-10-2022,Stockport County,Carlisle,,2-0,1.95,home
25-10-2022,Tranmere,Rochdale,,1-1,1.85,draw
25-10-2022,Doncaster,Stevenage,,0-1,2.05,away
25-10-2022,Burnley,Norwich,,1-0,2.10,home
25-10-2022,Celtic,Shakhtar Donetsk,,1-1,1.75,draw
25-10-2022,RB Leipzig,Real Madrid,,3-2,1.30,home
25-10-2022,Benfica,Juventus,,4-3,2.00,home
24-10-2022,Cremonese,Sampdoria,,0-1,3.00,away
24-10-2022,Orleans,Red Star 93,,0-0,3.00,draw
24-10-2022,Hallescher,Bayreuth,,3-0,2.05,home
24-10-2022,Leixoes,Tondela,,1-1,3.15,draw
24-10-2022,Giresunspor,Ankaragucu,,1-1,2.80,draw
24-10-2022,Aalborg,Viborg,,1-3,1.40,away
24-10-2022,Mjallby,Varberg BoIS FC,,4-1,3.10,home
24-10-2022,Sirius,Kalmar,,0-0,2.20,draw
24-10-2022,Varnamo,Norrkoping,,1-1,2.45,draw
24-10-2022,Goteborg,AIK,,1-0,2.20,home
24-10-2022,AZ Alkmar II,Telstar,,0-0,2.30,draw
24-10-2022,Ascoli,Cagliari,,2-1,2.55,home
24-10-2022,Sassuolo,Verona,,2-1,2.00,home
24-10-2022,Le Havre,Metz,,2-0,1.25,home
24-10-2022,Oviedo,Malaga,,1-0,1-0,home
24-10-2022,Rio Ave,Portimonense,,1-0,3.10,home
23-10-2022,Palermo,Cittadella,,0-0,1.35,draw
23-10-2022,Pisa,Modena,,4-2,2.10,home
23-10-2022,Betis,Atl. Madrid,,1-2,2.35,away
23-10-2022,Lugo,Burgos,,2-0,2.85,home
23-10-2022,Maritimo,Arouca,,1-1,1.45,draw
23-10-2022,Vizela,Santa Clara,,0-1,2.00,away
23-10-2022,LASK,Austria Vienna,,2-2,1.90,draw
23-10-2022,Tottenham,Newcastle,,1-2,2.05,away
23-10-2022,Atalanta,Lazio,,0-2,2.00,away
23-10-2022,Girona,Osasuna,,1-1,2.55,draw
23-10-2022,Eibar,Albacete,,1-1,1.95,draw
23-10-2022,Leganes,Tenerife,,2-1,2.85,home
23-10-2022,Chaves,Gil Vicente,,3-1,2.90,home
23-10-2022,Volendam,Heerenveen,,1-3,2.10,away
23-10-2022,Roma,Napoli,,0-1,3.50,away
23-10-2022,Guimaraes,Boavista,,3-2,1.25,home
22-10-2022,Everton,Crystal Palace,,3-0,3.20,home
22-10-2022,Blackburn,Birmingham,,2-1,2.05,home
22-10-2022,Millwall,WBA,,2-1,2.60,home
22-10-2022,QPR,Wigan,,2-1,1.95,home
22-10-2022,Reading,Bristol City,,2-0,2.80,home
22-10-2022,Rotherham,Hull,,2-4,2.25,away
22-10-2022,Sheffield Utd,Norwich,,2-2,2.35,draw
22-10-2022,Stoke,Coventry,,0-2,2.15,away
22-10-2022,Sunderland,Burnley,,2-4,1.35,away
22-10-2022,Kortrijk,Westerlo,,0-2,2.30,away
22-10-2022,Valladolid,Real Sociedad,,1-0,2.10,home
22-10-2022,Montpellier,Olympique Lyon,,1-2,1.85,away
22-10-2022,Mechelen,Eupen,,2-1,1.90,home
22-10-2022,Chelsea,Manchester Utd,,1-1,3.50,draw
22-10-2022,Fiorentina,Inter,,3-4,1.30,away
22-10-2022,Olympique Marseille,Lens,,0-1,1.30,away
21-10-2022,Hajduk,Dinamo Zagreb,,1-1,1.35,draw
21-10-2022,Hansa,Kaiserslautern,,0-2,2.45,away
21-10-2022,Zwickau,Freiburg II,,0-1,2.30,away
21-10-2022,Odense,Lyngby,,3-1,2.15,home
21-10-2022,Le Mans,Martigues,,1-1,2.05,draw
21-10-2022,Nancy,Briochin,,2-1,1.95,home
21-10-2022,ADO Den Haag,De Graafschap,,2-2,1.25,draw
21-10-2022,Oss,Roda,,3-0,1.90,home
21-10-2022,Willem II,Almere City,,1-1,1.95,draw
21-10-2022,Mainz,Koln,,5-0,3.30,home
21-10-2022,Widzew,Legnica,,1-0,1.95,home
21-10-2022,Cercle Brugge,Charleroi,,4-1,2.10,home
21-10-2022,Dundalk,Sligo Rovers,,3-3,2.10,draw
21-10-2022,UCD,Drogheda,,2-1,2.50,home
21-10-2022,Granada,Zaragoza,,1-0,2.00,home
21-10-2022,Porto,Benfica,,0-1,1.55,away
20-10-2022,Sochi,Ural,,2-3,2.05,away
20-10-2022,Haras,Future,,0-2,2.00,away
20-10-2022,Petrolul,Sepsi,,1-3,2.05,away
20-10-2022,TPS,Lahti,,1-1,2.30,draw
20-10-2022,Cantolao,Cienciano,,3-1,2.40,home
20-10-2022,Almeria,Girona,,3-2,2.45,home
20-10-2022,Degerfors,Goteborg,,3-1,2.70,home
20-10-2022,Malmo,Djurgarden,,2-3,1.30,away
20-10-2022,BFC Dynamo,Babelsberg,,2-1,1.25,home
20-10-2022,Osasuna,Espanyol,,1-0,2.20,home
20-10-2022,Univ. Cluj,Cluj,,1-1,2.70,draw
20-10-2022,Fulham,Aston Villa,,3-0,1.40,home
20-10-2022,Basel,Zurich,,0-0,1.85,draw
20-10-2022,Grasshoppers,Servette,,2-3,2.15,away
20-10-2022,GKS Katowice,Gornik,,1-2,2.00,away
20-10-2022,Leicester,Leeds,,2-0,2.15,home
19-10-2022,Paderborn,Werder,,2-2,1.25,draw
19-10-2022,Sandhausen,Karlsruher,,2-2,2.20,draw
19-10-2022,Parma,Bari,,1-0,1.25,home
19-10-2022,Cadiz,Betis,,0-0,2.10,draw
19-10-2022,Valladolid,Celta Vigo,,4-1,1.45,home
19-10-2022,Bournemouth,Southampton,,0-1,3.20,away
19-10-2022,Birmingham,Burnley,,1-1,2.05,draw
19-10-2022,Blackpool,Hull,,1-3,3.50,away
19-10-2022,Coventry,Sheffield Utd,,1-0,2.40,home
19-10-2022,QPR,Cardiff,,3-0,2.10,home
19-10-2022,Wigan,Middlesbrough,,1-4,2.50,away
19-10-2022,Arbroath,Raith,,0-1,2.30,away
19-10-2022,Jahn Regensburg,Fortuna Dusseldorf,,0-3,2.05,away
19-10-2022,Mechelen,Standard Liege,,2-0,2.60,home
19-10-2022,Millwall,Watford,,3-0,2.80,home
19-10-2022,Manchester Utd,Tottenham,,2-0,3.50,home
18-10-2022,Mannheim,Nurnberg,,0-1,2.20,away
18-10-2022,Sevilla,Valencia,,1-1,2.25,draw
18-10-2022,Getafe,Ath Bilbao,,2-2,1.90,draw
18-10-2022,Huddersfield,Preston,,0-1,3.10,away
18-10-2022,Norwich,Luton,,0-1,1.30,away
18-10-2022,Swansea,Reading,,3-2,2.00,home
18-10-2022,RFC Seraing,Cercle Brugge,,0-1,1.95,away
18-10-2022,Hednesford,Tamworth,,0-1,1.85,away
18-10-2022,Herne Bay,Billericay,,Postp,2.10,postponed
18-10-2022,Lewes,Aveley,,Postp,3.25,postponed
18-10-2022,Kilmarnock,Dundee Utd,,2-1,2.20,home
18-10-2022,Darmstadt,B. Monchengladbach,,2-1,2.00,home
18-10-2022,Elversberg,Bochum,,0-1,1.25,away
18-10-2022,Blackburn,Sunderland,,2-0,3.20,home
18-10-2022,Stoke,Rotherham,,0-1,1.90,away
18-10-2022,Crystal Palace,Wolverhampton,,2-1,1.30,home
17-10-2022,Kongsvinger,Sandnes,,3-1,1.35,home
17-10-2022,Raufoss,Kfum,,0-3,2.15,away
17-10-2022,Stjordals,Fredrikstad,,1-2,1.70,away
17-10-2022,Sivasspor,Giresunspor,,3-0,2.05,home
17-10-2022,Landskrona,Vasteras,,1-0,1.40,home
17-10-2022,Trelleborg,Orebro,,2-1,1.25,home
17-10-2022,Utsikten,Halmstad,,2-1,1.85,home
17-10-2022,Cluj,Sepsi,,2-1,2.10,home
17-10-2022,Thun,Yverdon,,1-3,2.10,away
17-10-2022,Xamax,Schaffhausen,,1-1,2.70,draw
17-10-2022,Mantova,Pordenone,,2-1,2.00,home
17-10-2022,Lecce,Fiorentina,,1-1,2.00,draw
17-10-2022,Bastia,Bordeaux,,1-1,2.50,draw
17-10-2022,Charlton,Portsmouth,,3-0,3.30,home
17-10-2022,Gijon,Eibar,,2-0,2.70,home
17-10-2022,Velez,Estudiantes,,4-0,2.15,home
16-10-2022,Hull,Birmingham,,0-2,1.35,away
16-10-2022,Aberdeen,Hearts,,2-0,2.15,home
16-10-2022,Nordsjaelland,Aarhus,,1-1,2.10,draw
16-10-2022,Perugia,Sudtirol,,1-2,3.25,away
16-10-2022,Real Madrid,Barcelona,,3-1,2.25,home
16-10-2022,Servette,Basel,,0-0,2.80,draw
16-10-2022,Zurich,Young Boys,,0-0,1.90,draw
16-10-2022,AZ Alkmaar,Feyenoord,,1-3,3.50,away
16-10-2022,Liverpool,Manchester City,,1-0,1.90,home
16-10-2022,Union Berlin,Dortmund,,2-0,2.30,home
16-10-2022,Sakaryaspor,Adanaspor,,3-2,2.10,home
16-10-2022,Espanyol,Valladolid,,1-0,1.30,home
16-10-2022,Malaga,Lugo,,3-2,2.10,home
16-10-2022,Anderlecht,Club Brugge,,0-1,1.30,away
16-10-2022,Besiktas,Trabzonspor,,2-2,1.95,draw
16-10-2022,Tenerife,Granada,,2-0,2.40,home
15-10-2022,Fulham,Bournemouth,,2-2,1.90,draw
15-10-2022,Bristol City,Millwall,,1-2,2.40,away
15-10-2022,Cardiff,Coventry,,0-1,2.20,away
15-10-2022,Middlesbrough,Blackburn,,1-2,2.00,away
15-10-2022,Preston,Stoke,,0-2,2.35,away
15-10-2022,Reading,WBA,,0-2,2.10,away
15-10-2022,Sunderland,Wigan,,2-1,2.15,home
15-10-2022,Bolton,Barnsley,,0-0,1.30,draw
15-10-2022,Cheltenham,Bristol Rovers,,1-4,1.30,away
15-10-2022,Exeter,Oxford Utd,,2-4,3.00,away
15-10-2022,Fleetwood,Shrewsbury,,0-1,2.35,away
15-10-2022,Wycombe,Peterborough,,3-1,2.35,home
15-10-2022,Torino,Juventus,,0-1,2.40,away
15-10-2022,Mallorca,Sevilla,,0-1,2.50,away
15-10-2022,Watford,Norwich,,2-1,2.50,home
15-10-2022,Ath Bilbao,Atl. Madrid,,0-1,1.40,away
14-10-2022,Greuther Furth,Hansa Rostock,,2-2,2.15,draw
14-10-2022,St. Pauli,Hamburger SV,,3-0,2.20,home
14-10-2022,Alanyaspor,Antalyaspor,,3-2,2.20,home
14-10-2022,Lyngby,Aalborg,,0-2,1.55,away
14-10-2022,Yverdon,Schaffhausen,,3-0,1.25,home
14-10-2022,NAC Breda,ADO Den Haag,,1-2,1.25,away
14-10-2022,Helmond,Willem II,,1-3,3.10,away
14-10-2022,Telstar,Roda,,2-1,2.20,home
14-10-2022,Zwolle,Heracles,,3-2,2.90,home
14-10-2022,Schalke,Hoffenheim,,0-3,1.95,away
14-10-2022,Venezia,Frosinone,,1-3,2.50,away
14-10-2022,Tranmere,Crewe,,3-0,2.00,home
14-10-2022,Queen’s Park,Arbroath,,1-1,3.20,draw
14-10-2022,Brentford,Brighton,,2-0,2.30,home
14-10-2022,Rayo Vallecano,Getafe,,0-0,2.00,draw
14-10-2022,Strasbourg,Lille,,0-3,2.40,away
13-10-2022,Betis,Roma,,1-1,1.30,draw
13-10-2022,St.Gilloise,Braga,,3-3,2.30,draw
13-10-2022,Nantes,Freiburg,,0-4,2.05,away
13-10-2022,Partizan,Koln,,2-0,1.25,home
13-10-2022,Djurgarden,Gent,,4-2,2.30,home
13-10-2022,Cluj,Slavia Prague,,2-0,1.30,home
13-10-2022,Slovan Bratislava,Basel,,3-3,2.50,draw
13-10-2022,Mirandes,Levante,,0-1,2.00,away
13-10-2022,Ibiza,Eibar,,1-2,2.30,away
13-10-2022,Ferencvaros,Crvena zvezda,,2-1,2.80,home
13-10-2022,Trabzonspor,Monaco,,4-0,2.05,home
13-10-2022,FCSB,Silkeborg,,0-5,2.80,away
13-10-2022,Hapoel B.S.,Lech Poznan,,1-1,3.30,draw
13-10-2022,Vaduz,Dnipro-1,,1-2,2.05,away
13-10-2022,Ballkani,Sivasspor,,1-2,2.90,away
13-10-2022,Zalgiris,Pyunik,,2-1,1.95,home
12-10-2022,Andorra FC,Burgos,,0-1,1.30,away
12-10-2022,Zemplin,Podbrezova,,1-0,2.50,home
12-10-2022,Alaves,Albacete,,0-0,2.00,draw
12-10-2022,Oviedo,Huesca,,0-1,1.30,away
12-10-2022,Tenerife,Cartagena,,0-0,3.15,draw
12-10-2022,Aldosivi,Banfield,,0-1,2.30,away
12-10-2022,Avranches,Martigues,,1-1,3.20,draw
12-10-2022,Chateauroux,Nancy,,3-1,3.05,home
12-10-2022,Red Star 93,Bourg Peronnas,,0-1,2.10,away
12-10-2022,Sedan,Orleans,,2-1,3.00,home
12-10-2022,Versailles,Le Mans,,2-1,2.20,home
12-10-2022,Bristol City,Preston,,2-1,3.00,home
12-10-2022,Lugo,Las Palmas,,0-1,1.25,away
12-10-2022,Santander,Zaragoza,,1-0,2.90,home
12-10-2022,Leverkusen,Porto,,0-3,2.10,away
12-10-2022,Sporting,Olympique Marseille,,0-2,2.35,away
11-10-2022,Jonkoping Sodra,Brage,,1-1,2.10,draw
11-10-2022,Wigan,Blackburn,,1-0,1.35,home
11-10-2022,Fenix,Dep.Maldonado,,0-1,2.90,away
11-10-2022,Milan,Chelsea,,0-2,3.40,away
11-10-2022,Dinamo Zagreb,Salzburg,,1-1,1.30,draw
11-10-2022,Celtic,RB Leipzig,,0-2,2.05,away
11-10-2022,Patriotas,Dep. Pasto,,1-1,2.35,draw
11-10-2022,Tokyo,Cerezo Osaka,,4-0,2.35,home
11-10-2022,Vissel Kobe,Bellmare S.,,1-0,2.20,home
11-10-2022,Villarreal II,Ponferradina,,2-2,3.30,draw
11-10-2022,Andorra,Burgos,,0-1,1.30,away
11-10-2022,Oviedo,Huesca,,0-1,2.90,away
11-10-2022,Tenerife,Cartagena,,0-0,3.15,draw
11-10-2022,Bristol City,Preston,,2-1,3.00,home
11-10-2022,Leverkusen,Porto,,0-3,2.10,away
11-10-2022,Sporting,Olympique Marseille,,0-2,2.35,away
10-10-2022,SJK,Honka,,0-0,1.25,draw
10-10-2022,Asane,Raufoss,,1-0,2.25,home
10-10-2022,KFUM Oslo,Stabaek,,0-0,1.25,draw
10-10-2022,Ranheim,Kongsvinger,,0-2,1.20,away
10-10-2022,AEL Limassol,Omonia,,1-0,2.35,home
10-10-2022,Anorthosis,Apollon,,0-1,3.05,away
10-10-2022,Horsens,Aalborg,,0-0,2.30,draw
10-10-2022,Fiorentina,Lazio,,0-4,3.30,away
10-10-2022,Nottingham,Aston Villa,,1-1,2.05,draw
10-10-2022,Elche,Mallorca,,1-1,2.60,draw
10-10-2022,Arouca,Famalicao,,4-1,3.10,home
10-10-2022,Argentinos Jrs,Huracan,,1-1,2.95,draw
10-10-2022,Rosario Central,Defensa y Justicia,,0-0,2.10,draw
10-10-2022,Estudiantes L.P.,Lanus,,2-0,2.00,home
10-10-2022,Cordoba Santiago,Newells Old Boys,,0-3,3.00,away
10-10-2022,Alianza Petrolera,Santa Fe,,4-0,2.65,home
09-10-2022,Crystal Palace,Leeds,,2-1,2.05,home
09-10-2022,Salernitana,Verona,,2-1,2.40,home
09-10-2022,Udinese,Atalanta,,2-2,1.45,draw
09-10-2022,M’ gladbach,Koln,,5-2,2.00,home
09-10-2022,Kilmarnock,Hearts,,2-2,1.30,draw
09-10-2022,Odense,Silkeborg,,1-1,2.80,draw
09-10-2022,Cadiz,Espanyol,,2-2,2.50,draw
09-10-2022,Lugano,Basel,,1-0,1.25,home
09-10-2022,Arsenal,Liverpool,,3-2,2.50,home
09-10-2022,Hertha,Freiburg,,2-2,2.30,draw
09-10-2022,Randers,Brondby,,2-3,2.30,away
09-10-2022,Sociedad,Villarreal,,1-0,3.30,home
09-10-2022,Stuttgart,Union Berlin,,0-1,2.70,away
09-10-2022,Everton,Manchester Utd,,1-2,2.05,away
09-10-2022,Chicago,New England,,1-1,2.05,draw
09-10-2022,Inter Miami,Montreal,,1-3,2.30,away
08-10-2022,Bournemouth,Leicester,,2-1,2.05,home
08-10-2022,Birmingham,Bristol City,,3-0,2.65,home
08-10-2022,Blackpool,Watford,,3-1,1.30,home
08-10-2022,Coventry,Burnley,,0-1,1.35,away
08-10-2022,Millwall,Middlesbrough,,2-0,3.10,home
08-10-2022,Stoke,Sheffield Utd,,3-1,2.35,home
08-10-2022,Swansea,Sunderland,,2-1,2.30,home
08-10-2022,Wigan,Cardiff,,1-3,1.30,away
08-10-2022,Antalyaspor,Konyaspor,,1-1,2.50,draw
08-10-2022,Milan,Juventus,,2-0,3.30,home
08-10-2022,Grasshoppers,Sion,,4-4,2.40,draw
08-10-2022,RFC Seraing,Oostende,,1-1,2.40,draw
08-10-2022,Zulte-Waregem,Leuven,,2-5,2.60,away
08-10-2022,Brighton,Tottenham,,0-1,2.10,away
08-10-2022,Sevilla,Ath Bilbao,,1-1,2.40,draw
08-10-2022,Bologna,Sampdoria,,1-1,2.00,draw
07-10-2022,Podbrezova,Ruzomberok,,0-2,3.30,away
07-10-2022,Bielefeld,Karlsruher,,1-2,2.20,away
07-10-2022,Jahn Regensburg,Greuther Furth,,2-2,1.35,draw
07-10-2022,Gaziantep,Demirspor,,1-1,2.25,draw
07-10-2022,Lyngby,Viborg,,1-1,2.15,draw
07-10-2022,Groningen,RKC Waalwijk,,2-3,3.10,away
07-10-2022,ADO Den Haag,Eindhoven,,1-0,2.20,home
07-10-2022,AZ Alkmar II,NAC Breda,,4-0,2.20,home
07-10-2022,Utrecht II,Almere,,0-2,2.20,away
07-10-2022,Oss,MVV,,0-1,1.25,away
07-10-2022,Hoffenheim,Werder,,1-2,2.00,away
07-10-2022,Jagiellonia,Wisla Plock,,1-1,2.10,draw
07-10-2022,Dundalk,St. Patricks,,1-2,1.30,away
07-10-2022,Cliftonville,Crusaders,,0-0,2.10,draw
07-10-2022,Osasuna,Valencia,,1-2,3.20,away
07-10-2022,Gil Vicente,Estoril,,0-1,3.30,away
06-10-2022,Helsinki,Ludogorets,,1-1,2.05,draw
06-10-2022,Malmo,Union Berlin,,0-1,2.00,away
06-10-2022,Anderlecht,West Ham,,0-1,2.00,away
06-10-2022,Lech Poznan,Hapoel B.S.,,0-0,1.95,draw
06-10-2022,Pyunik,Zalgiris,,2-0,2.40,home
06-10-2022,Sport Boys,Alianza Atl.,,2-0,3.25,home
06-10-2022,Midtjylland,Feyenoord,,2-2,2.20,draw
06-10-2022,Sol de America,Nacional Asuncion,,2-3,1.25,away
06-10-2022,Dep. Tachira,Port.Acarigua,,0-0,1.60,draw
06-10-2022,Lanus,Argentinos Jrs,,0-4,1.40,away
06-10-2022,Avai,Botafogo,,1-2,1.45,away
06-10-2022,Bucaramanga,Aguilas,,0-1,2.90,away
06-10-2022,America MG,Sao Paulo,,1-2,3.10,away
06-10-2022,de Octubre,Guarani Asuncion,,0-1,2.10,away
06-10-2022,Puerto Cabello,Dep.Lara,,3-1,2.90,home
06-10-2022,Gimnasia L.P.,Boca Juniors,,Abn,2.50,abandoned
05-10-2022,AmaZulu,Richards Bay,,0-1,1.30,away
05-10-2022,IBV,Hafnarfjordur,,2-1,1.25,home
05-10-2022,Swallows,Kaizer Chiefs,,1-2,1.25,away
05-10-2022,Hull,Wigan,,2-1,2.70,home
05-10-2022,Rotherham,Millwall,,1-1,2.70,draw
05-10-2022,Watford,Swansea,,1-2,1.85,away
05-10-2022,Preston,WBA,,1-0,2.30,home
05-10-2022,Sevilla,Dortmund,,1-4,2.45,away
05-10-2022,Colon,Patronato,,1-0,2.35,home
05-10-2022,Atl. Tucuman,Platense,,2-1,1.95,home
05-10-2022,Defensa y Justicia,Racing Club,,3-3,3.20,draw
05-10-2022,Atletico GO,Fluminense,,3-2,3.20,home
05-10-2022,Athletico-PR,Fortaleza,,1-1,2.10,draw
05-10-2022,Charlotte FC,Columbus,,2-2,3.20,draw
05-10-2022,Inter Miami,Orlando City,,4-1,2.70,home
05-10-2022,Santos,Atletico-MG,,1-2,3.10,away
04-10-2022,Olympique Marseille,Sporting,,4-1,1.30,home
04-10-2022,Aldosivi,Barracas,,2-0,1.35,home
04-10-2022,Universidad San Martin,Cantolao,,1-3,1.35,away
04-10-2022,Bristol City,Coventry,,0-0,2.20,draw
04-10-2022,Cheltenham,Bolton,,1-0,2.00,home
04-10-2022,Plymouth,Sheffield Wed,,2-1,2.40,home
04-10-2022,Ross County,Motherwell,,0-5,3.10,away
04-10-2022,Cardiff,Blackburn,,1-0,2.50,home
04-10-2022,Reading,Norwich,,1-1,1.95,draw
04-10-2022,Ajax,Napoli,,1-6,3.00,away
04-10-2022,Club Brugge,Atl. Madrid,,2-0,1.95,home
04-10-2022,Porto,Bayer Leverkusen,,2-0,2.10,home
04-10-2022,Eintracht Frankfurt,Tottenham,,0-0,2.15,draw
04-10-2022,Godoy Cruz,San Lorenzo,,0-0,3.00,draw
04-10-2022,Newells Old Boys,Arsenal Sarandi,,0-0,2.10,draw
04-10-2022,Juventude,Corinthians,,2-2,2.15,draw
03-10-2022,PAS Giannina,Panetolikos,,1-4,1.35,away
03-10-2022,Botosani,Univ. Cluj,,1-1,2.55,draw
03-10-2022,Kongsvinger,Sogndal,,0-0,2.00,draw
03-10-2022,Karmiotissa,Olympiakos N.,,1-0,1.35,home
03-10-2022,Enosis P.,Nea Salamis,,2-0,2.35,home
03-10-2022,Krylya Sovetov,Krasnodar,,0-0,2.00,draw
03-10-2022,Chrobry Glogow,Odra Opole,,2-2,2.05,draw
03-10-2022,Nordsjaelland,Randers,,3-1,2.05,home
03-10-2022,Varnamo,Mjallby,,2-1,3.20,home
03-10-2022,Slask,Warta Poznan,,0-2,3.10,away
03-10-2022,Goteborg,Elfsborg,,1-3,1.35,away
03-10-2022,Chindia T.,Rapid Bucuresti,,2-1,2.20,home
03-10-2022,Verona,Udinese,,1-2,2.20,away
03-10-2022,Laval,Bordeaux,,1-2,2.30,away
03-10-2022,Zaragoza,Eibar,,0-0,2.90,draw
03-10-2022,Maritimo,Casa Pia,,1-2,2.45,away
02-10-2022,Hertha,Hoffenheim,,1-1,2.80,draw
02-10-2022,Celta,Betis,,1-0,2.85,home
02-10-2022,Rio Ave,Santa Clara,,1-0,3.10,home
02-10-2022,RKC Waalwijk,Sparta,,2-2,1.30,draw
02-10-2022,Austria Vienna,Sturm Graz,,0-3,2.40,away
02-10-2022,Aalesund,Viking,,2-1,1.25,home
02-10-2022,Leeds,Aston Villa,,0-0,2.35,draw
02-10-2022,Schalke,Augsburg,,2-3,2.00,away
02-10-2022,Akhmat Grozny,Dynamo Moscow,,2-1,3.45,home
02-10-2022,Girona,Sociedad,,3-5,2.30,away
02-10-2022,Ferreira,Arouca,,1-1,3.10,draw
02-10-2022,Besiktas,Fenerbahce,,0-0,2.70,draw
02-10-2022,Emmen,Heerenveen,,0-0,2.80,draw
02-10-2022,Patronato,Atl. Tucuman,,2-1,2.70,home
02-10-2022,Lens,Lyon,,1-0,1.25,home
02-10-2022,Portland,Los Angeles,,1-2,2.70,away
01-10-2022,Wolfsburg,Stuttgart,,3-2,2.90,home
01-10-2022,Bournemouth,Brentford,,0-0,2.20,draw
01-10-2022,Fulham,Newcastle,,1-4,1.35,away
01-10-2022,Southampton,Everton,,1-2,3.40,away
01-10-2022,Blackburn,Millwall,,2-1,2.20,home
01-10-2022,Bristol City,QPR,,1-2,3.40,away
01-10-2022,Cardiff,Burnley,,1-1,2.40,draw
01-10-2022,Coventry,Middlesbrough,,1-0,2.45,home
01-10-2022,Reading,Huddersfield,,3-1,2.15,home
01-10-2022,Rotherham,Wigan,,0-2,3.20,away
01-10-2022,Sunderland,Preston,,0-0,2.30,draw
01-10-2022,Getafe,Valladolid,,2-3,2.30,away
01-10-2022,Strasbourg,Rennes,,1-3,1.40,away
01-10-2022,Inter,Roma,,1-2,3.50,away
01-10-2022,Werder,B. Monchengladbach,,5-1,2.55,home
01-10-2022,Sevilla,Atl. Madrid,,0-2,1.40,away
30-09-2022,Radomiak,Cracovia K.,,0-2,3.05,away
30-09-2022,Dornbirn,Austria Vienna II,,3-1,2.30,home
30-09-2022,Vorwarts,Horn,,1-3,2.15,away
30-09-2022,Hannover,Hamburger,,1-2,2.10,away
30-09-2022,Paderborn,Darmstadt,,1-2,1.25,away
30-09-2022,Aalborg,Odense,,1-1,2.15,draw
30-09-2022,Yverdon,Aarau,,2-2,1.25,draw
30-09-2022,Almere,Roda,,2-1,2.45,home
30-09-2022,Helmond,Oss,,1-2,2.05,away
30-09-2022,Virton,Club Brugge II,,3-3,3.30,draw
30-09-2022,Cosenza,Como,,3-1,3.20,home
30-09-2022,Wisla Plock,Piast Gliwice,,1-0,1.35,home
30-09-2022,St. Patricks,Derry City,,0-1,3.20,away
30-09-2022,Tenerife,Gijon,,1-1,2.20,draw
30-09-2022,Finn Harps,Shelbourne,,1-1,2.70,draw
30-09-2022,Toronto,Inter Miami,,0-1,2.00,away
29-09-2022,Fakel,Krylya Sovetov,,0-1,1.30,away
29-09-2022,Honka,Helsinki,,3-1,1.35,home
29-09-2022,Barracas,Gimnasia L.P.,,1-1,3.05,draw
29-09-2022,Cobreloa,Magallanes,,1-1,2.05,draw
29-09-2022,Santa Fe,Atl. Nacional,,1-1,2.35,draw
29-09-2022,Veres,Rukh Lviv,,2-2,2.50,draw
29-09-2022,Radomiak,Cracovia K.,,0-2,3.05,away
29-09-2022,Dornbirn,Austria Vienna II,,3-1,2.30,home
29-09-2022,Vorwarts,Horn,,1-3,2.15,away
29-09-2022,Hannover,Hamburger,,1-2,2.10,away
29-09-2022,Paderborn,Darmstadt,,1-2,1.25,away
29-09-2022,Yverdon,Aarau,,2-2,2.25,draw
29-09-2022,Almere,Roda,,2-1,2.45,home
29-09-2022,Helmond,Oss,,1-2,2.05,away
29-09-2022,Alianza Atl.,Universitario,,2-2,2.45,draw
29-09-2022,Cosenza,Como,,3-1,3.20,home
28-09-2022,Khimki,Lokomotiv Moscow,,0-5,2.20,away
28-09-2022,Orenburg,Dynamo Moscow,,2-2,1.30,draw
28-09-2022,Lahti,VPS,,0-2,2.05,away
28-09-2022,Inter Turku,Haka,,0-1,1.30,away
28-09-2022,SJK,KuPS,,3-1,1.95,home
28-09-2022,CSKA,Sochi,,2-1,2.10,home
28-09-2022,Cantolao,Carlos Stein,,3-2,1.80,home
28-09-2022,Independiente,Talleres,,0-0,1.35,draw
28-09-2022,Coritiba,Ceara,,1-0,3.00,home
28-09-2022,Fortaleza,Flamengo RJ,,3-2,2.15,home
28-09-2022,Ponte Preta,Cruzeiro,,1-4,3.00,away
28-09-2022,Cuiaba,America MG,,2-1,3.00,home
28-09-2022,Cartagines,Alajuelense,,1-2,3.30,away
28-09-2022,Atletico-MG,Palmeiras,,0-1,3.15,away
28-09-2022,Goias,Botafogo RJ,,0-1,3.10,away
28-09-2022,Puntarenas,Guadalupe FC,,0-2,1.75,away
27-09-2022,Denmark U21,Croatia U21,,2-1,2.00,home
27-09-2022,Qatar,Chile,,2-2,1.80,draw
27-09-2022,Israel U21,R.Ireland U21,,0-0,2.20,draw
27-09-2022,Saudi Arabia,USA,,0-0,1.90,draw
27-09-2022,Braintree,St. Albans,,1-0,2.25,home
27-09-2022,Haverfordwest,Cardiff M.,,1-0,1.30,home
27-09-2022,Newtown,Bala,,0-2,2.00,away
27-09-2022,Portugal,Spain,,0-1,2.30,away
27-09-2022,Ukraine,Scotland,,0-0,2.30,draw
27-09-2022,Albania,Iceland,,1-1,2.10,draw
27-09-2022,Norway,Serbia,,0-2,3.00,away
27-09-2022,CA Atlanta,Chaco For Ever,,3-1,1.40,home
27-09-2022,Santos,Athletico-PR,,2-0,2.05,home
27-09-2022,Seattle,Cincinnati,,1-1,2.80,draw
27-09-2022,Khimki,Lokomotiv Moscow,,0-5,2.20,away
27-09-2022,Inter Turku,Haka,,0-1,1.30,away
26-09-2022,Chateauroux,Dunkerque,,1-0,1.50,home
26-09-2022,England,Germany,,3-3,2.40,draw
26-09-2022,Cartagena,Alaves,,1-1,3.15,draw
26-09-2022,Albion Montevideo,Fenix,,1-1,2.30,draw
26-09-2022,Colon,Argentinos Jrs,,0-4,3.10,away
26-09-2022,Dep. Cali,La Equidad,,1-2,1.40,away
26-09-2022,Aldosivi,Cordoba Santiago,,0-3,1.40,away
26-09-2022,Jaguares de Cordoba,Aguilas,,0-0,2.45,draw
26-09-2022,Portugal,Spain,,0-1,2.30,away
26-09-2022,Lahti,VPS,,0-2,2.05,away
26-09-2022,Mariehamn,AC Oulu,,2-4,1.90,away
26-09-2022,Coritiba,Ceara,,1-0,3.00,home
26-09-2022,Fortaleza,Flamengo RJ,,3-2,2.15,home
26-09-2022,Cuiaba,America MG,,2-1,3.00,home
26-09-2022,Atletico-MG,Palmeiras,,0-1,3.20,away
26-09-2022,Goias,Botafogo RJ,,0-1,3.10,away
25-09-2022,Rentistas,P.Colonia,,0-1,2.75,away
25-09-2022,Lugo,Oviedo,,0-0,2.90,draw
25-09-2022,Gimnastic,Amorebieta,,1-0,2.00,home
25-09-2022,Numancia,La Nucia,,2-0,2.05,home
25-09-2022,Albacete,Andorra FC,,1-1,1.25,draw
25-09-2022,Gimnasia L.P.,Tigre,,0-1,3.10,away
25-09-2022,Rosario,Platense,,1-1,1.30,draw
25-09-2022,Austria,Croatia,,1-3,2.50,away
25-09-2022,Denmark,France,,2-0,2.20,home
25-09-2022,Las Palmas,Granada,,2-0,1.30,home
25-09-2022,Envigado,Ind. Medellin,,1-2,2.55,away
25-09-2022,Guanacasteca,Puntarenas,,1-1,2.85,draw
25-09-2022,U. Magdalena,Santa Fe,,0-2,2.15,away
25-09-2022,Criciuma,Chapecoense,,2-0,2.85,home
25-09-2022,Alianza Petrolera,CPD Junior,,0-1,2.55,away
25-09-2022,Atl. Tucuman,Estudiantes,,3-1,2.20,home
24-09-2022,Barnsley,Charlton,,3-1,2.25,home
24-09-2022,Bristol Rovers,Accrington,,0-1,3.40,away
24-09-2022,Morecambe,Cambridge Utd,,1-2,3.25,away
24-09-2022,Peterborough,Port Vale,,3-0,1.90,home
24-09-2022,Shrewsbury,Burton,,2-1,2.00,home
24-09-2022,Barrow,Leyton Orient,,0-2,1.45,away
24-09-2022,Colchester,Rochdale,,0-1,2.15,away
24-09-2022,Crewe,Mansfield,,1-2,1.30,away
24-09-2022,Mirandes,Zaragoza,,2-0,1.40,home
24-09-2022,Finn Harps,Bohemians,,0-2,2.00,away
24-09-2022,Slovenia,Norway,,2-1,1.90,home
24-09-2022,Malaga,Villarreal II,,1-1,2.15,draw
24-09-2022,Ponferradina,Tenerife,,2-2,2.55,draw
24-09-2022,Scotland,Ireland,,2-1,2.05,home
24-09-2022,Israel,Albania,,2-1,2.30,home
24-09-2022,Serbia,Sweden,,4-1,1.85,home
23-09-2022,Georgia,Macedonia,,2-0,2.05,home
23-09-2022,Estonia,Malta,,2-1,1.90,home
23-09-2022,Iran,Uruguay,,1-0,1.90,home
23-09-2022,Croatia U21,Denmark U21,,2-1,2.30,home
23-09-2022,Iceland U21,Czech U21,,1-2,2.40,away
23-09-2022,Slovakia U21,Ukraine U21,,3-2,1.30,home
23-09-2022,Canada,Qatar,,2-0,1.90,home
23-09-2022,R.Ireland U21,Israel U21,,1-1,2.25,draw
23-09-2022,Alloa,Airdrieonians,,1-0,1.20,home
23-09-2022,Falkirk,Partick,,2-0,1.75,home
23-09-2022,Italy,England,,1-0,2.60,home
23-09-2022,Finland,Romania,,1-1,2.25,draw
23-09-2022,Dordrecht,MVV,,1-2,2.20,away
23-09-2022,VVV Venlo,Telstar,,1-1,2.10,draw
23-09-2022,TNS,Dundee,,0-3,2.60,away
23-09-2022,Morocco,Chile,,2-0,1.40,home
22-09-2022,Italy U21,England U21,,0-2,2.40,away
22-09-2022,Venezuela,Iceland,,0-1,2.30,away
22-09-2022,Hapoel Akko,Maccabi Kabilio,,4-2,2.85,home
22-09-2022,Hapoel K.F.,Kfar Kasem,,3-2,1.35,home
22-09-2022,Ironi Tiberias,Hapoel R.G.,,2-0,2.25,home
22-09-2022,Macabi Naz.,Ironi Ramat,,0-2,2.90,away
22-09-2022,Hapoel Nazaret,Hapoel Rishon,,2-1,3.30,home
22-09-2022,Japan U21,Switzerland U21,,1-2,2.00,away
22-09-2022,Morton,Ayr,,1-1,2.00,draw
22-09-2022,Croatia,Denmark,,2-1,1.30,home
22-09-2022,Poland,Netherlands,,0-2,2.05,away
22-09-2022,Lithuania,Faroe Islands,,1-1,2.15,draw
22-09-2022,Liechtenstein,Andorra,,0-2,1.25,away
22-09-2022,Patriotas,Alianza Petrolera,,0-0,2.00,draw
22-09-2022,Ind. Medellin,Deportivo Pereira,,2-1,3.15,home
22-09-2022,Vila Nova,CRB,,1-0,2.20,home
21-09-2022,Agudat Sport Ashdod,Hapoel Afula,,2-1,2.40,home
21-09-2022,Bnei Yehuda Tel-Aviv,Hapoel Umm al-Fahm,,1-1,1.35,draw
21-09-2022,Municipal Grecia,Guanacasteca,,4-1,1.95,home
21-09-2022,Kingstonian,Bognor Regis,,2-2,2.70,draw
21-09-2022,Cortulua,Dep. Cali,,2-0,2.50,home
21-09-2022,CD Equidad,Dep. Pasto,,2-3,1.25,away
21-09-2022,Guadalupe,San Carlos,,2-1,3.00,home
21-09-2022,America De Cali,Deportes Tolima,,0-0,1.35,draw
21-09-2022,Alianza Lima,Melgar,,2-0,3.20,home
21-09-2022,CPD Junior,Millonarios,,0-1,2.95,away
21-09-2022,Santos G.,Deportivo Saprissa,,0-1,1.75,away
21-09-2022,Kazakhstan,Belarus,,2-1,2.25,home
21-09-2022,Croatia,Denmark,,2-1,2.95,home
21-09-2022,Poland,Netherlands,,0-2,2.05,away
21-09-2022,Lithuania,Faroe Islands,,1-1,2.15,draw
21-09-2022,Liechtenstein,Andorra,,0-2,2.05,away
20-09-2022,Leyton Orient,Sutton,,3-1,2.15,home
20-09-2022,Northampton,Cambridge Utd,,0-2,2.50,away
20-09-2022,Morecambe,Hartlepool,,0-0,3.40,draw
20-09-2022,Tranmere,Bolton,,2-2,2.30,draw
20-09-2022,Shrewsbury,Port Vale,,0-4,2.25,away
20-09-2022,Carlisle,Fleetwood,,1-1,2.65,draw
20-09-2022,Cheltenham,Walsall,,2-1,1.25,home
20-09-2022,Stevenage,Wycombe,,3-0,2.20,home
20-09-2022,Swindon,Plymouth,,1-3,2.20,away
20-09-2022,Salford,Accrington,,0-0,1.25,draw
20-09-2022,Grimsby,Mansfield,,2-0,2.35,home
20-09-2022,East Fife,Stenhousemuir,,1-2,3.15,away
20-09-2022,Stranraer,Dumbarton,,3-2,2.15,home
20-09-2022,Wimbledon,Crawley,,3-2,1.25,home
20-09-2022,Newport,Forest Green,,1-2,2.15,away
20-09-2022,Guiseley,Matlock,,2-1,2.00,home
19-09-2022,RW Essen,Saarbrucken,,1-0,2.15,home
19-09-2022,FC Arges,Cluj,,0-1,1.80,away
19-09-2022,Tenerife,Malaga,,3-1,1.20,home
19-09-2022,Arsenal Sarandi,Aldosivi,,3-0,1.85,home
19-09-2022,Boston River,Danubio,,0-1,2.90,away
19-09-2022,Ayacucho,Alianza Atl.,,2-0,1.90,home
19-09-2022,Boca Juniors,Huracan,,0-0,1.25,draw
19-09-2022,Union de Santa Fe,Independiente,,0-1,3.00,away
19-09-2022,Montevideo City,Liverpool M.,,0-2,2.20,away
19-09-2022,Atletico GO,Internacional,,1-2,1.30,away
19-09-2022,Argentinos Jrs,Atl. Tucuman,,1-2,3.05,away
19-09-2022,Pereira,Aguilas,,2-2,2.85,draw
19-09-2022,Leyton Orient,Sutton,,3-1,2.15,home
19-09-2022,Northampton,Cambridge Utd,,0-2,2.50,away
19-09-2022,Morecambe,Hartlepool,,0-0,3.40,draw
19-09-2022,Tranmere,Bolton,,2-2,2.30,draw
18-09-2022,Motherwell,Hearts,,0-3,2.40,away
18-09-2022,Eupen,St.Gilloise,,1-2,1.85,away
18-09-2022,Viborg,Brondby,,0-0,2.15,draw
18-09-2022,Ternana,Perugia,,1-0,2.35,home
18-09-2022,Alaves,Huesca,,2-1,1.20,home
18-09-2022,Nantes,Lens,,0-0,2.25,draw
18-09-2022,Bochum,Koln,,1-1,2.20,draw
18-09-2022,Roma,Atalanta,,0-1,3.50,away
18-09-2022,Midtjylland,Copenhagen,,2-1,1.30,home
18-09-2022,Santander,Las Palmas,,0-0,2.95,draw
18-09-2022,Standard,Club Brugge,,3-0,1.90,home
18-09-2022,Casa Pia,Famalicao,,1-0,2.35,home
18-09-2022,Hoffenheim,Freiburg,,0-0,2.10,draw
18-09-2022,Milan,Napoli,,1-2,2.10,away
18-09-2022,Atl. Madrid,Real Madrid,,1-2,2.25,away
18-09-2022,Albacete,Ponferradina,,0-1,2.20,away
17-09-2022,Birmingham,Coventry,,0-0,2.80,draw
17-09-2022,Huddersfield,Cardiff,,1-0,2.60,home
17-09-2022,Luton,Blackburn,,2-0,2.20,home
17-09-2022,Millwall,Blackpool,,2-1,1.95,home
17-09-2022,Norwich,WBA,,1-1,2.15,draw
17-09-2022,Preston,Sheffield Utd,,0-2,1.35,away
17-09-2022,QPR,Stoke,,0-0,3.30,draw
17-09-2022,Watford,Sunderland,,2-2,2.00,draw
17-09-2022,Wigan,Reading,,0-1,2.05,away
17-09-2022,Livingston,Kilmarnock,,1-0,3.80,home
17-09-2022,St Johnstone,Ross County,,0-0,2.40,draw
17-09-2022,Montpellier,Strasbourg,,2-1,1.30,home
17-09-2022,Spezia,Sampdoria,,2-1,1.45,home
17-09-2022,B. Monchengladbach,RB Leipzig,,3-0,2.20,home
17-09-2022,Valencia,Celta Vigo,,3-0,2.35,home
17-09-2022,Torino,Sassuolo,,0-1,1.80,away
16-09-2022,Braunschweig,Karlsruher,,2-1,2.20,home
16-09-2022,Sandhausen,Hannover,,2-3,2.35,away
16-09-2022,Hatayspor,Kayserispor,,0-4,3.30,away
16-09-2022,Horsens,Nordsjaelland,,1-0,2.25,home
16-09-2022,Eindhoven,Roda,,3-3,2.20,draw
16-09-2022,Helmond,Dordrecht,,2-1,1.80,home
16-09-2022,MVV,Ajax II,,4-1,1.20,home
16-09-2022,Telstar,Heracles,,0-3,1.85,away
16-09-2022,VVV Venlo,PSV II,,1-1,2.20,draw
16-09-2022,Brescia,Benevento,,1-0,1.30,home
16-09-2022,Salernitana,Lecce,,1-2,2.20,away
16-09-2022,Aston Villa,Southampton,,1-0,2.05,home
16-09-2022,Nottingham,Fulham,,2-3,1.45,away
16-09-2022,Valladolid,Cadiz,,0-1,2.05,away
16-09-2022,Auxerre,Lorient,,1-3,2.50,away
16-09-2022,Portimonense,Chaves,,1-0,3.10,home
15-09-2022,Midtjylland,Lazio,,5-1,1.90,home
15-09-2022,Olympiacos,Freiburg,,0-3,1.40,away
15-09-2022,Qarabag,Nantes,,3-0,3.30,home
15-09-2022,Trabzonspor,Crvena zvezda,,2-1,1.30,home
15-09-2022,Djurgarden,Molde,,3-2,3.30,home
15-09-2022,Cluj,Sivasspor,,0-1,2.00,away
15-09-2022,Pyunik,Slovan Bratislava,,2-0,2.00,home
15-09-2022,Zalgiris,Basel,,0-1,2.00,away
15-09-2022,Braga,Union Berlin,,1-0,2.10,home
15-09-2022,Basaksehir,Fiorentina,,3-0,1.45,home
15-09-2022,Rigas,Hearts,,0-2,2.35,away
15-09-2022,FCSB,Anderlecht,,0-0,2.40,draw
15-09-2022,Lech Poznan,Austria Vienna,,4-1,1.95,home
15-09-2022,Partizan,Nice,,1-1,2.40,draw
15-09-2022,Corinthians,Fluminense,,3-0,2.30,home
15-09-2022,Velez,Independiente,,0-2,2.90,away
14-09-2022,Shakhtar Donetsk,Celtic,,1-1,2.20,draw
14-09-2022,Aldosivi,Newells Old Boys,,1-2,1.40,away
14-09-2022,Monopoli,Avellino,,2-1,2.80,home
14-09-2022,Luton,Coventry,,2-2,2.10,draw
14-09-2022,Millwall,QPR,,0-2,1.35,away
14-09-2022,Rotherham,Blackpool,,3-0,2.25,home
14-09-2022,Reading,Sunderland,,0-3,2.60,away
14-09-2022,Rangers,Napoli,,0-3,1.85,away
14-09-2022,Copenhagen,Sevilla,,0-0,3.60,draw
14-09-2022,Juventus,Benfica,,1-2,1.30,away
14-09-2022,Lucchese,Pontedera,,1-1,2.00,draw
14-09-2022,Messina,Viterbese,,1-1,2.90,draw
14-09-2022,Pescara,Crotone,,0-1,2.20,away
14-09-2022,Colon Santa Fe,San Lorenzo,,0-0,3.05,draw
14-09-2022,Cobresal,Colo Colo,,0-2,1.30,away
14-09-2022,Orlando City,Atlanta Utd,,0-1,3.20,away
13-09-2022,Sporting,Tottenham,,2-0,2.15,home
13-09-2022,Blackburn,Watford,,2-0,2.45,home
13-09-2022,Huddersfield,Wigan,,1-2,2.60,away
13-09-2022,Hull,Stoke,,0-3,2.50,away
13-09-2022,Swansea,Sheffield Utd,,0-1,2.15,away
13-09-2022,Barnsley,Port Vale,,1-1,2.10,draw
13-09-2022,Cheltenham,Cambridge Utd,,2-1,2.30,home
13-09-2022,Lincoln,Derby,,2-0,1.90,home
13-09-2022,Milton Keynes Dons,Bolton,,0-2,2.40,away
13-09-2022,Plymouth,Oxford Utd,,1-0,2.00,home
13-09-2022,Shrewsbury,Exeter,,3-2,1.35,home
13-09-2022,Wycombe,Accrington,,1-0,1.95,home
13-09-2022,Wimbledon,Northampton,,0-2,1.40,away
13-09-2022,Preston,Burnley,,1-1,1.35,draw
13-09-2022,Leverkusen,Atl. Madrid,,2-0,2.65,home
13-09-2022,Olympique Marseille,Eintracht Frankfurt,,0-1,1.90,away
12-09-2022,Besiktas,Basaksehir,,0-1,2.00,away
12-09-2022,Kongsvinger,KFUM Oslo,,3-1,2.30,home
12-09-2022,Verl,Meppen,,2-2,2.30,draw
12-09-2022,Estrela Amadora,Academico Viseu,,2-1,2.50,home
12-09-2022,Kalmar,Hacken,,1-1,3.45,draw
12-09-2022,Beitar Jerusalem,Hapoel Jerusalem,,0-1,2.85,away
12-09-2022,Almere City,Eindhoven FC,,1-1,2.50,draw
12-09-2022,PSV II,Den Bosch,,3-1,1.75,home
12-09-2022,Utrecht II,ADO Den Haag,,1-1,2.15,draw
12-09-2022,Roda,De Graafschap,,3-2,2.90,home
12-09-2022,Demirspor,Trabzonspor,,3-2,3.45,home
12-09-2022,Metz,Guingamp,,3-6,2.10,away
12-09-2022,Almeria,Osasuna,,0-1,1.40,away
12-09-2022,Eibar,Granada,,4-0,1.30,home
12-09-2022,Vizela,Estoril,,0-1,2.15,away
12-09-2022,Sarmiento,Independiente,,1-2,1.40,away
11-09-2022,Cercle Brugge,Antwerp,,0-2,2.30,away
11-09-2022,Spal,Venezia,,2-0,1.35,home
11-09-2022,Elche,Ath Bilbao,,1-4,1.95,away
11-09-2022,Ibiza,Tenerife,,1-0,1.40,home
11-09-2022,Ferreira,Casa Pia,,2-3,3.00,away
11-09-2022,AZ Alkmaar,Twente,,1-1,1.90,draw
11-09-2022,Austria Kl.,Sturm Graz,,0-2,2.10,away
11-09-2022,Freiburg,B. Monchengladbach,,0-0,1.30,draw
11-09-2022,Getafe,Sociedad,,2-1,2.10,home
11-09-2022,Ponferradina,Zaragoza,,1-2,1.40,away
11-09-2022,St.Gilloise,Genk,,1-2,2.00,away
11-09-2022,Arouca,Boavista,,1-2,3.05,away
11-09-2022,Maritimo,Gil Vicente,,1-2,2.55,away
11-09-2022,Monaco,Lyon,,2-1,3.60,home
11-09-2022,Betis,Villarreal,,1-0,2.40,home
11-09-2022,Huesca,Malaga,,1-0,1.25,home
10-09-2022,Kortrijk,Mechelen,,1-4,2.40,away
10-09-2022,Perugia,Ascoli,,1-0,2.10,home
10-09-2022,Espanyol,Sevilla,,2-3,1.45,away
10-09-2022,Burgos,Oviedo,,0-0,2.80,draw
10-09-2022,NEC,Fortuna S.,,1-1,1.20,draw
10-09-2022,Rapid,Wolfsberger,,1-3,1.85,away
10-09-2022,Oostende,Eupen,,1-0,1.35,home
10-09-2022,Schalke,Bochum,,3-1,2.00,home
10-09-2022,Cartagena,Albacete,,2-1,1.25,home
10-09-2022,Caen,Amiens,,3-1,3.20,home
10-09-2022,Nimes,Bastia,,0-0,1.40,draw
10-09-2022,Niort,Le Havre,,0-1,2.20,away
10-09-2022,Winterthur,Luzern,,0-6,2.20,away
10-09-2022,Leuven,Charleroi,,3-2,2.20,home
10-09-2022,Excelsior,Emmen,,2-1,2.10,home
10-09-2022,Olympique Marseille,Lille,,2-1,2.10,home
09-09-2022,Holstein Kiel,Hamburger,,2-3,1.95,away
09-09-2022,Nurnberg,Bielefeld,,1-0,3.50,home
09-09-2022,Sochi,Dynamo Moscow,,2-1,1.30,home
09-09-2022,Volendam,Go Head,,2-3,2.60,away
09-09-2022,De Graafschap,NAC Breda,,1-1,1.25,draw
09-09-2022,Dordrecht,Den Bosch,,2-1,2.20,home
09-09-2022,Utrecht II,Helmond,,2-0,2.20,home
09-09-2022,Oss,Ajax II,,1-1,1.25,draw
09-09-2022,Palermo,Genoa,,1-0,1.90,home
09-09-2022,St. Truiden,Standard,,1-2,1.30,away
09-09-2022,Girona,Valladolid,,2-1,1.30,home
09-09-2022,Las Palmas,Leganes,,1-0,1.95,home
09-09-2022,Guimaraes,Santa Clara,,1-0,1.95,home
09-09-2022,Patronato,Platense,,1-0,3.05,home
09-09-2022,Estudiantes,Racing Club,,1-0,3.10,home
09-09-2022,Tigre,Huracan,,1-1,3.00,draw
08-09-2022,Malmo,Braga,,0-2,2.15,away
08-09-2022,Hearts,Basaksehir,,0-4,2.05,away
08-09-2022,Austria Vienna,Hapoel B.S.,,0-0,1.35,draw
08-09-2022,Nice,Koln,,1-1,1.45,draw
08-09-2022,Slovacko,Partizan,,3-3,1.45,draw
08-09-2022,Ballkani,Cluj,,1-1,2.15,draw
08-09-2022,Omonia,Sheriff Tiraspol,,0-3,2.20,away
08-09-2022,Lazio,Feyenoord,,4-2,2.00,home
08-09-2022,Sturm Graz,Midtjylland,,1-0,2.60,home
08-09-2022,Nantes,Olympiacos,,2-1,1.35,home
08-09-2022,Crvena zvezda,Monaco,,0-1,2.10,away
08-09-2022,Ferencvaros,Trabzonspor,,3-2,2.20,home
08-09-2022,Vaduz,Apollon Lim.,,0-0,1.30,draw
08-09-2022,Molde,Gent,,0-0,2.15,draw
08-09-2022,Shamrock,Djurgarden,,0-0,2.00,draw
08-09-2022,Sivasspor,Slavia Prague,,1-1,2.05,draw
07-09-2022,Eintracht Frankfurt,Sporting,,0-3,2.05,away
07-09-2022,MS Ashdod,Beitar J.,,2-2,2.55,draw
07-09-2022,Panevezys,Riteriai,,0-1,2.05,away
07-09-2022,Napoli,Liverpool,,4-1,1.30,home
07-09-2022,Club Brugge,Leverkusen,,1-0,2.10,home
07-09-2022,Quilmes,Deportivo Madryn,,1-1,1.30,draw
07-09-2022,U. De Chile,Coquimbo,,0-0,2.00,draw
07-09-2022,Ponte Preta,Sport Recife,,1-0,1.30,home
07-09-2022,Puebla,Pachuca,,2-2,1.30,draw
07-09-2022,Talleres,Newells Old Boys,,2-1,2.25,home
07-09-2022,Sampaio Correa,Novorizontino,,2-1,1.30,home
07-09-2022,FBC Melgar,Ind. del Valle,,0-3,2.10,away
07-09-2022,Audax Italiano,Cobresal,,2-2,2.00,draw
07-09-2022,Mazatlan,Atlas,,1-0,3.10,home
07-09-2022,Tijuana,Guadalajara,,1-2,2.40,away
07-09-2022,Pumas Unam,Queretaro,,4-1,1.95,home
06-09-2022,Jonkopings Sodra,Oster,,2-1,1.20,home
06-09-2022,Suduva,Hegelmann,,2-1,3.00,home
06-09-2022,Hammarby TFF,Sollentuna,,2-2,1.55,draw
06-09-2022,Al-Gharafa Doha,Umm-Salal,,2-2,2.00,draw
06-09-2022,Cape Town City,Sekhukhune,,0-0,1.25,draw
06-09-2022,Forest Green,Accrington,,2-1,2.30,home
06-09-2022,Bamber Bridge,Marine,,1-1,2.00,draw
06-09-2022,Hyde,FC United,,1-0,2.05,home
06-09-2022,Liversedge,Atherton,,0-1,2.90,away
06-09-2022,Matlock,Stafford,,3-1,1.25,home
06-09-2022,South Shields,Guiseley,,2-1,3.20,home
06-09-2022,Chippenham,Oxford City,,1-0,2.05,home
06-09-2022,Salzburg,Milan,,1-1,2.00,draw
06-09-2022,Envigado,Aguilas,,0-1,3.00,away
06-09-2022,Leon,Juarez,,1-0,2.00,home
06-09-2022,Vila Nova,Guarani,,2-1,2.80,home
No date found,Raufoss,Fredrikstad,,2-1,1.35,home
No date found,Stjordals,Kongsvinger,,1-4,1.25,away
No date found,Salernitana,Empoli,,2-2,1.30,draw
No date found,Saarbrucken,Wehen,,2-2,2.60,draw
No date found,Aarhus,Nordsjaelland,,2-3,1.30,away
No date found,Mjallby,Goteborg,,1-4,3.05,away
No date found,Varnamo,Helsingborg,,3-2,2.00,home
No date found,Brage,Utsikten,,1-2,2.30,away
No date found,Dalkurd,Brommapojkarna,,0-2,1.75,away
No date found,Norrkoping,Hammarby,,4-1,1.85,home
No date found,Ajax II,Heracles,,4-0,2.10,home
No date found,Boavista,Ferreira,,1-0,2.00,home
No date found,Valladolid,Almeria,,1-0,1.35,home
No date found,Oviedo,Levante,,1-1,2.95,draw
No date found,Le Mans,Red Star,,0-0,3.15,draw
No date found,Chaves,Rio Ave,,1-1,3.00,draw
No date found,Huddersfield,Blackpool,,0-1,2.50,away
No date found,Hull,Sheffield Utd,,0-2,1.90,away
No date found,Sudtirol,Pisa,,2-1,1.45,home
No date found,Malaga,Albacete,,1-2,2.00,away
No date found,Casa Pia,Arouca,,0-0,1.25,draw
No date found,Groningen,Vitesse,,0-1,2.35,away
No date found,Manchester Utd,Arsenal,,3-1,2.55,home
No date found,Monchengladbach,Mainz,,0-1,1.30,away
No date found,Verona,Sampdoria,,2-1,1.30,home
No date found,Burgos,Cartagena,,1-0,3.00,home
No date found,Huesca,Ibiza,,3-0,3.30,home
No date found,Santa Clara,Maritimo,,2-1,2.00,home
No date found,Udinese,Roma,,4-0,2.00,home
No date found,Nice,Monaco,,0-1,1.40,away
No date found,Valencia,Getafe,,5-1,1.95,home
No date found,Portimonense,Famalicao,,1-0,3.10,home
31-08-2022,Empoli,Verona,,1-1,3.30,draw
31-08-2022,Sampdoria,Lazio,,1-1,1.90,draw
31-08-2022,Udinese,Fiorentina,,1-0,1.50,home
31-08-2022,Angers,Reims,,2-4,1.50,away
31-08-2022,Montpellier,Ajaccio,,2-0,2.05,home
31-08-2022,Strasbourg,Nantes,,1-1,1.85,draw
31-08-2022,Bournemouth,Wolverhampton,,0-0,2.10,draw
31-08-2022,Antwerp,St.Gilloise,,4-2,1.30,home
31-08-2022,West Ham,Tottenham,,1-1,2.00,draw
31-08-2022,Bristol City,Huddersfield,,2-0,1.85,home
31-08-2022,Coventry,Preston,,0-1,1.30,away
31-08-2022,Sunderland,Rotherham,,3-0,2.05,home
31-08-2022,Stoke,Swansea,,1-1,2.05,draw
31-08-2022,Livingston,Dundee Utd,,1-2,1.95,away
31-08-2022,Blackpool,Blackburn,,0-1,1.30,away
31-08-2022,Lille,Nice,,1-2,2.00,away
30-08-2022,Exeter,Newport,,1-2,1.30,away
30-08-2022,Fulham,Brighton,,2-1,1.35,home
30-08-2022,Crystal Palace,Brentford,,1-1,2.15,draw
30-08-2022,Port Vale,Stockport County,,1-0,3.10,home
30-08-2022,Bradford City,Sheffield Wed,,3-1,1.95,home
30-08-2022,Birmingham,Norwich,,1-2,1.85,away
30-08-2022,Cardiff,Luton,,1-2,1.40,away
30-08-2022,QPR,Hull,,3-1,1.85,home
30-08-2022,Wigan,WBA,,1-1,2.00,draw
30-08-2022,Partick,Arbroath,,1-0,1.30,home
30-08-2022,Oxford,Leyton,,5-0,2.00,home
30-08-2022,Accrington,Rochdale,,3-3,1.80,draw
30-08-2022,Barnsley,Lincoln,,0-3,3.10,away
30-08-2022,Crawley,Portsmouth,,2-2,1.90,draw
30-08-2022,Leeds,Everton,,1-1,1.30,draw
30-08-2022,Watford,Middlesbrough,,2-1,2.90,home
29-08-2022,Bryne,Raufoss,,5-0,2.25,home
29-08-2022,Mjondalen,Sandnes,,4-1,2.30,home
29-08-2022,Skeid,KFUM Oslo,,1-5,1.95,away
29-08-2022,Konyaspor,Fenerbahce,,1-0,2.00,home
29-08-2022,Duisburg,Oldenburg,,1-1,2.00,draw
29-08-2022,Mafra,Farense,,0-3,1.40,away
29-08-2022,Brondby,Midtjylland,,0-2,2.10,away
29-08-2022,Cadiz,Ath Bilbao,,0-4,2.10,away
29-08-2022,Guimaraes,Casa Pia,,0-1,1.25,away
29-08-2022,Como,Brescia,,0-1,1.40,away
29-08-2022,Shelbourne,Derry City,,0-1,1.25,away
29-08-2022,Sligo Rovers,Dundalk,,2-0,1.55,home
29-08-2022,Bohemians,St. Patricks,,1-3,3.20,away
29-08-2022,Sedan,Red Star,,0-2,3.10,away
29-08-2022,Valencia,Atl. Madrid,,0-1,2.00,away
29-08-2022,Vizela,Gil Vicente,,2-2,3.20,draw
28-08-2022,Famalicao,Santa Clara,,1-0,2.10,home
28-08-2022,Austria Kl.,Austria Vienna,,3-3,2.20,draw
28-08-2022,Rapid,Sturm,,1-2,3.40,away
28-08-2022,WSG Tirol,Wolfsberger,,1-3,2.70,away
28-08-2022,Bremen,Eintracht Frankfurt,,3-4,2.45,away
28-08-2022,Getafe,Villarreal,,0-0,1.90,draw
28-08-2022,Santander,Oviedo,,0-1,2.85,away
28-08-2022,Salernitana,Sampdoria,,4-0,1.55,home
28-08-2022,Fiorentina,Napoli,,0-0,2.15,draw
28-08-2022,Lecce,Empoli,,1-1,3.40,draw
28-08-2022,Benevento,Frosinone,,2-1,1.55,home
28-08-2022,Cittadella,Venezia,,1-1,1.55,draw
28-08-2022,Perugia,Bari,,1-3,3.10,away
28-08-2022,Pisa,Genoa,,0-1,1.25,away
28-08-2022,Reggina,Sudtirol,,4-0,1.25,home
28-08-2022,Ibiza,Alaves,,1-1,2.50,draw
27-08-2022,Brentford,Everton,,1-1,2.00,draw
27-08-2022,Brighton,Leeds,,1-0,1.25,home
27-08-2022,Blackburn,Stoke,,0-1,2.50,away
27-08-2022,Blackpool,Bristol City,,3-3,1.30,draw
27-08-2022,Cardiff,Preston,,0-0,3.00,draw
27-08-2022,Huddersfield,WBA,,2-2,2.00,draw
27-08-2022,Hull,Coventry,,3-2,1.30,home
27-08-2022,Rotherham,Birmingham,,2-0,2.00,home
27-08-2022,Wigan,Burnley,,1-5,1.35,away
27-08-2022,Auxerre,Strasbourg,,1-0,2.05,home
27-08-2022,Elche,Real Sociedad,,0-1,2.20,away
27-08-2022,Cremonese,Torino,,1-2,1.35,away
27-08-2022,Juventus,AS Roma,,1-1,3.20,draw
27-08-2022,Spezia,Sassuolo,,2-2,2.25,draw
27-08-2022,Lens,Rennes,,2-1,3.50,home
27-08-2022,Almeria,Sevilla,,2-1,2.25,home
26-08-2022,Bielefeld,Braunschweig,,4-1,1.95,home
26-08-2022,Monza,Udinese,,1-2,1.60,away
26-08-2022,Horsens,Aarhus,,2-1,2.35,home
26-08-2022,NEC,Groningen,,1-1,2.10,draw
26-08-2022,Girona,Celta Vigo,,0-1,1.40,away
26-08-2022,Albacete,Huesca,,2-1,3.00,home
26-08-2022,Gaziantep,Antalyaspor,,5-2,3.30,home
26-08-2022,Telstar,Helmond,,2-1,2.20,home
26-08-2022,Oss,VVV Venlo,,1-2,2.00,away
26-08-2022,Lazio,Inter,,3-1,1.85,home
26-08-2022,Charleroi,Club Brugge,,1-3,1.85,away
26-08-2022,Luton,Sheffield Utd,,1-1,2.30,draw
26-08-2022,Ajaccio,Lille,,1-3,2.30,away
26-08-2022,Ferreira,Estoril,,0-3,1.45,away
26-08-2022,Betis,Osasuna,,1-0,1.90,home
26-08-2022,Cartagena,Zaragoza,,1-0,1.35,home
25-08-2022,KPV,TPS,,1-1,2.00,draw
25-08-2022,Al Naser,Al Arabi,,1-1,2.00,draw
25-08-2022,Zalgiris,Ludogorets,,3-2,2.00,home
25-08-2022,Sivasspor,Malmo,,0-2,1.50,away
25-08-2022,AIK,Slovacko,,0-1,2.10,away
25-08-2022,Twente,Fiorentina,,0-0,2.40,draw
25-08-2022,Viking,FCSB,,1-3,1.30,away
25-08-2022,Wolfsberger,Molde,,0-4,2.10,away
25-08-2022,Anderlecht,Young Boys,,0-1,2.10,away
25-08-2022,Ballkani,Shkupi,,0-1,2.05,away
25-08-2022,Antwerp,Basaksehir,,1-3,2.20,away
25-08-2022,Linfield,Rigas,,0-0,1.30,draw
25-08-2022,Hearts,Zurich,,0-1,1.30,away
25-08-2022,Shamrock,Ferencvaros,,1-0,2.05,home
25-08-2022,Gil Vicente,AZ Alkmaar,,1-2,2.20,away
25-08-2022,Tijuana,Santos Laguna,,0-2,2.70,away
24-08-2022,Helsingor,Lyngby,,2-0,1.25,home
24-08-2022,AmaZulu,Golden Arrows,,0-1,1.20,away
24-08-2022,Chippa Utd.,TS Galaxy,,0-0,2.60,draw
24-08-2022,Royal AM,Maritzburg Utd,,1-0,2.35,home
24-08-2022,Wycombe,Bristol City,,1-3,2.30,away
24-08-2022,D. Zagreb,Bodo/Glimt,,2-1,1.80,home
24-08-2022,Trabzonspor,Copenhagen,,0-0,1.30,draw
24-08-2022,Fluminense,Corinthians,,2-2,1.90,draw
24-08-2022,Sao Paulo,Flamengo RJ,,1-3,2.00,away
24-08-2022,Pumas Unam,Tigres Uanl,,1-1,2.00,draw
24-08-2022,Jeonbuk,Urawa Reds,,1-1,2.20,draw
24-08-2022,Zalgiris,Ludogorets,,3-2,2.00,home
24-08-2022,Sivasspor,Malmo,,0-2,1.50,away
24-08-2022,AIK,Slovacko,,0-1,2.10,away
24-08-2022,Twente,Fiorentina,,0-0,2.40,draw
24-08-2022,Viking,FCSB,,1-3,1.35,away
23-08-2022,APOEL Nicosia,Djurgarden,,3-2,2.35,home
23-08-2022,Orebro,Skovde,,0-1,2.05,away
23-08-2022,Orgryte,Norrby,,5-1,1.45,home
23-08-2022,Walsall,Charlton,,0-1,1.35,away
23-08-2022,Shrewsbury,Burnley,,0-1,1.80,away
23-08-2022,Barrow,Lincoln,,2-2,2.70,draw
23-08-2022,Bradford City,Blackburn,,1-2,1.30,away
23-08-2022,Gillingham,Exeter,,0-0,2.20,draw
23-08-2022,Newport,Portsmouth,,3-2,2.35,home
23-08-2022,Norwich,Bournemouth,,2-2,2.65,draw
23-08-2022,Stevenage,Peterborough,,1-0,2.85,home
23-08-2022,Derby,WBA,,1-0,1.30,home
23-08-2022,East Kilbride,Annan Athletic,,1-1,2.35,draw
23-08-2022,Elgin City,Stenhousemuir,,3-1,2.40,home
23-08-2022,Forfar,Kelty Hearts,,1-2,2.60,away
23-08-2022,Plzen,Qarabag,,2-1,1.30,home
22-08-2022,Asane,Mjondalen,,3-1,1.45,home
22-08-2022,Grorud,Skeid,,1-1,1.40,draw
22-08-2022,Raufoss,Kongsvinger,,0-1,3.45,away
22-08-2022,Le Mans,Sedan,,6-1,3.30,home
22-08-2022,Zwickau,Bayreuth,,2-0,2.10,home
22-08-2022,Penafiel,Belenenses,,3-3,2.10,draw
22-08-2022,Kalmar,Goteborg,,1-0,1.90,home
22-08-2022,Ajax II,Graafschap,,5-1,2.30,home
22-08-2022,AZ Alkmar II,Almere City,,3-2,1.25,home
22-08-2022,PSV II,Heracles,,0-3,1.95,away
22-08-2022,Elche,Almeria,,1-1,1.35,draw
22-08-2022,Ponferradina,UD Ibiza,,2-1,1.25,home
22-08-2022,Grenoble,Bordeaux,,0-0,2.70,draw
22-08-2022,Gil Vicente,Famalicao,,0-0,3.30,draw
22-08-2022,Girona,Getafe,,3-1,2.70,home
22-08-2022,Malaga,Las Palmas,,0-4,2.80,away
21-08-2022,West Ham,Brighton,,0-2,3.40,away
21-08-2022,Zulte-Waregem,Charleroi,,1-3,2.15,away
21-08-2022,Ried,WSG Tirol,,1-2,2.60,away
21-08-2022,Wolfsberger,Austria Vienna,,1-2,1.50,away
21-08-2022,Oviedo,Leganes,,1-0,2.10,home
21-08-2022,Empoli,Fiorentina,,0-0,1.95,draw
21-08-2022,Standard,Leuven,,1-3,1.95,away
21-08-2022,Atl. Madrid,Villarreal,,0-2,1.90,away
21-08-2022,Huesca,Cartagena,,2-3,1.30,away
21-08-2022,Atalanta,Milan,,1-1,2.50,draw
21-08-2022,Bologna,Verona,,1-1,2.15,draw
21-08-2022,Cosenza,Modena,,2-1,1.50,home
21-08-2022,Frosinone,Brescia,,3-0,1.50,home
21-08-2022,Ternana,Reggina,,1-0,3.25,home
21-08-2022,Mechelen,Westerlo,,5-4,1.30,home
21-08-2022,Sociedad,Barcelona,,1-4,2.10,away
20-08-2022,Crystal Palace,Aston Villa,,3-1,1.50,home
20-08-2022,Everton,Nottingham,,1-1,1.95,draw
20-08-2022,Fulham,Brentford,,3-2,1.30,home
20-08-2022,Birmingham,Wigan,,0-1,1.35,away
20-08-2022,Preston,Watford,,0-0,3.10,draw
20-08-2022,QPR,Rotherham,,1-1,2.05,draw
20-08-2022,Reading,Middlesbrough,,1-0,1.30,home
20-08-2022,Stoke,Sunderland,,0-1,1.30,away
20-08-2022,Swansea,Luton,,0-2,2.40,away
20-08-2022,Fleetwood,Derby,,0-0,2.00,draw
20-08-2022,Shrewsbury,Ipswich,,0-3,2.05,away
20-08-2022,Osasuna,Cadiz CF,,2-0,1.95,home
20-08-2022,Union Berlin,RB Leipzig,,2-1,2.05,home
20-08-2022,Torino,Lazio,,0-0,3.45,draw
20-08-2022,Mallorca,Real Betis,,1-2,2.40,away
20-08-2022,FC Porto,Sporting,,3-0,2.05,home
19-08-2022,Jagiellonia,Legnica,,2-1,1.85,home
19-08-2022,Hamburger,Darmstadt,,1-2,2.00,away
19-08-2022,Magdeburg,Hannover,,0-4,1.45,away
19-08-2022,Swallows,AmaZulu,,2-3,2.65,away
19-08-2022,Espanyol,Rayo Vallecano,,0-2,1.35,away
19-08-2022,Villarreal II,Eibar,,2-2,1.35,draw
19-08-2022,Dordrecht,Utrecht II,,2-1,2.40,home
19-08-2022,MVV,ADO Den Haag,,3-1,2.00,home
19-08-2022,Umraniyespor,Galatasaray,,0-1,1.90,away
19-08-2022,Podbrezova,Banska Bystrica,,3-1,1.25,home
19-08-2022,Partick Thistle,Inverness,,4-1,3.10,home
19-08-2022,Bari,Palermo,,1-1,1.25,draw
19-08-2022,Shelbourne,Bohemians,,1-1,2.55,draw
19-08-2022,Norwich,Millwall,,2-0,1.90,home
19-08-2022,Finn Harps,Sligo Rovers,,3-2,2.30,home
19-08-2022,Estoril,Rio Ave,,2-2,2.10,draw
18-08-2022,Helsinki,Silkeborg,,1-0,1.35,home
18-08-2022,Rakow,Slavia Prague,,2-1,1.35,home
18-08-2022,Apollon Lim.,Olympiacos,,1-1,2.10,draw
18-08-2022,Malmo,Sivasspor,,3-1,1.70,home
18-08-2022,Pyunik,Sheriff Tiraspol,,0-0,1.35,draw
18-08-2022,CSKA Sofia,Basel,,1-0,1.30,home
18-08-2022,Maccabi T.A.,Nice,,1-0,2.30,home
18-08-2022,Slovacko,AIK,,3-0,1.85,home
18-08-2022,Young Boys,Anderlecht,,0-1,1.95,away
18-08-2022,CS Universitatea,Hapoel B.S.,,1-1,1.60,draw
18-08-2022,Basaksehir,Antwerp,,1-1,1.95,draw
18-08-2022,Dnipro-1,AEK Larnaca,,1-2,3.15,away
18-08-2022,Zrinjski,Slovan B.,,1-0,2.40,home
18-08-2022,Maribor,Cluj,,0-0,2.30,draw
18-08-2022,Austria Vienna,Fenerbahce,,0-2,2.10,away
18-08-2022,Shkupi,Ballkani,,1-2,2.20,away
17-08-2022,Enppi,El Gaish,,0-1,2.65,away
17-08-2022,Qarabag,Plzen,,0-0,1.30,draw
17-08-2022,Royal AM,Orlando Pirates,,0-1,2.80,away
17-08-2022,Stoke,Middlesbrough,,2-2,1.45,draw
17-08-2022,Reading,Blackburn,,3-0,2.25,home
17-08-2022,Maccabi Haifa,Crvena zvezda,,3-2,2.80,home
17-08-2022,Newells Old Boys,Lanus,,2-0,2.00,home
17-08-2022,Tigre,Atl. Tucuman,,0-0,3.15,draw
17-08-2022,Antofagasta,Curico Unido,,4-2,3.05,home
17-08-2022,Nublense,Colo Colo,,2-1,1.30,home
17-08-2022,Atlanta Utd,New York,,1-2,2.20,away
17-08-2022,Toronto,New England,,2-2,1.90,draw
17-08-2022,Toluca,Monterrey,,1-1,3.45,draw
17-08-2022,O’Higgins,U. Espanola,,1-3,1.50,away
17-08-2022,Dallas,Philadelphia,,1-0,2.20,home
17-08-2022,Vancouver,Colorado,,2-1,2.75,home
16-08-2022,Birmingham,Watford,,1-1,2.05,draw
16-08-2022,Bristol City,Luton,,2-0,2.60,home
16-08-2022,Preston,Rotherham,,0-0,1.95,draw
16-08-2022,Swansea,Millwall,,2-2,1.35,draw
16-08-2022,Barnsley,Bristol Rovers,,3-0,1.25,home
16-08-2022,Charlton,Plymouth,,5-1,3.30,home
16-08-2022,Exeter,Wycombe,,3-1,2.40,home
16-08-2022,Fleetwood,Cheltenham,,0-0,2.10,draw
16-08-2022,Forest Green,Accrington,,Postp,2.20,postponed
16-08-2022,Milton Keynes Dons,Port Vale,,2-1,2.20,home
16-08-2022,Peterborough,Sheffield Wed,,2-0,2.40,home
16-08-2022,Shrewsbury,Derby,,0-0,1.30,draw
16-08-2022,QPR,Blackpool,,0-1,1.95,away
16-08-2022,Bodo/Glimt,Dinamo Zagreb,,1-0,1.30,home
16-08-2022,Copenhagen,Trabzonspor,,2-1,2.20,home
16-08-2022,Rangers,PSV,,2-2,1.30,draw
15-08-2022,Maritimo,Chaves,,1-2,1.30,away
15-08-2022,Konyaspor,Basaksehir,,0-0,2.40,draw
15-08-2022,Verona,Napoli,,2-5,2.05,away
15-08-2022,Nancy,Bourg en Bresse,,1-2,1.30,away
15-08-2022,Duisburg,Freiburg II,,3-1,3.30,home
15-08-2022,Arouca,Gil Vicente,,1-0,3.25,home
15-08-2022,Mafra,Penafiel,,3-0,2.25,home
15-08-2022,Aarhus,Lyngby,,1-0,2.00,home
15-08-2022,Goteborg,Hammarby,,0-1,1.85,away
15-08-2022,Getafe,Atl. Madrid,,0-3,1.20,away
15-08-2022,Lugo,Albacete,,1-2,2.20,away
15-08-2022,Quevilly,St Etienne,,2-2,1.95,draw
15-08-2022,Kasimpasa,Fenerbahce,,0-6,2.00,away
15-08-2022,Ferreira,Portimonense,,0-3,1.35,away
15-08-2022,Leixoes,Trofense,,1-0,1.35,home
15-08-2022,Cartagena,Ponferradina,,2-3,2.05,away
14-08-2022,Nottingham,West Ham,,1-0,1.90,home
14-08-2022,Middlesbrough,Sheffield Utd,,2-2,2.85,draw
14-08-2022,Ajaccio,Lens,,0-0,2.35,draw
14-08-2022,Auxerre,Angers,,2-2,2.20,draw
14-08-2022,Reims,Clermont,,2-4,2.10,away
14-08-2022,Troyes,Toulouse,,0-3,3.20,away
14-08-2022,Mainz,Union Berlin,,0-0,1.30,draw
14-08-2022,Blackburn,WBA,,2-1,3.20,home
14-08-2022,Sparta,AZ Alkmaar,,2-3,1.20,away
14-08-2022,A. Lustenau,Hartberg,,4-1,1.30,home
14-08-2022,Nice,Strasbourg,,1-1,2.20,draw
14-08-2022,Chelsea,Tottenham,,2-2,2.25,draw
14-08-2022,Cadiz,Sociedad,,0-1,2.15,away
14-08-2022,Spezia,Empoli,,1-0,2.45,home
14-08-2022,Ascoli,Ternana,,2-1,1.30,home
14-08-2022,Venezia,Genoa,,1-2,2.15,away
13-08-2022,Brighton,Newcastle,,0-0,1.40,draw
13-08-2022,Southampton,Leeds,,2-2,2.30,draw
13-08-2022,Wolverhampton,Fulham,,0-0,1.35,draw
13-08-2022,Blackpool,Swansea,,0-1,2.95,away
13-08-2022,Huddersfield,Stoke,,3-1,2.60,home
13-08-2022,Hull,Norwich,,2-1,2.05,home
13-08-2022,Luton,Preston,,0-1,2.25,away
13-08-2022,Millwall,Coventry,,3-2,1.50,home
13-08-2022,Rotherham,Reading,,4-0,1.30,home
13-08-2022,Sunderland,QPR,,2-2,2.10,draw
13-08-2022,Wigan,Bristol City,,1-1,3.30,draw
13-08-2022,Monaco,Rennes,,1-1,2.15,draw
13-08-2022,Brentford,Manchester Utd,,4-0,2.00,home
13-08-2022,Schalke,B. Monchengladbach,,2-2,2.20,draw
13-08-2022,Sampdoria,Atalanta,,0-2,1.75,away
13-08-2022,Valladolid,Villarreal,,0-3,1.90,away
12-08-2022,Kaiserslautern,Paderborn,,0-1,2.45,away
12-08-2022,Nurnberg,Heidenheim,,0-3,2.15,away
12-08-2022,Hallescher,Oldenburg,,2-0,2.65,home
12-08-2022,Maritzburg Utd,Swallows,,0-0,2.70,draw
12-08-2022,Excelsior,Vitesse,,3-1,2.05,home
12-08-2022,Freiburg,Dortmund,,1-3,2.20,away
12-08-2022,Parma,Bari,,2-2,1.20,draw
12-08-2022,Dundee FC,Arbroath,,4-2,1.90,home
12-08-2022,Bohemians,Dundalk,,0-1,3.10,away
12-08-2022,Derry City,Shamrock Rovers,,0-0,2.60,draw
12-08-2022,Drogheda,Shelbourne,,3-1,2.10,home
12-08-2022,UCD,Finn Harps,,2-1,3.10,home
12-08-2022,Watford,Burnley,,1-0,1.35,home
12-08-2022,Osasuna,Sevilla,,2-1,1.35,home
12-08-2022,Nantes,Lille,,1-1,1.40,draw
12-08-2022,Famalicao,Braga,,0-3,2.00,away
11-08-2022,Tobol Kostanay,Zrinjski,,1-1,1.40,draw
11-08-2022,Helsinki,Maribor,,1-0,1.95,home
11-08-2022,SC Ismaily,Al Ittihad,,1-0,1.15,home
11-08-2022,Al Arabi Doha,Al Rayyan,,2-1,1.75,home
11-08-2022,Slovacko,Fenerbahce,,1-1,2.25,draw
11-08-2022,Hapoel B.S.,Lugano,,3-1,2.00,home
11-08-2022,CS Universitatea,Zorya,,3-0,1.25,home
11-08-2022,Panathinaikos,Slavia Prague,,1-1,1.35,draw
11-08-2022,Dudelange,Malmo,,2-2,1.55,draw
11-08-2022,Ki Klaksvik,Ballkani,,2-1,2.20,home
11-08-2022,Aris,Maccabi T.A.,,2-1,1.30,home
11-08-2022,Hibernians,Rigas,,1-3,2.35,away
11-08-2022,Shkendija,AIK,,1-1,2.20,draw
11-08-2022,Slovan B.,Olympiacos,,1-1,2.40,draw
11-08-2022,St. Patricks,CSKA Sofia,,0-2,2.15,away
11-08-2022,WBA,Sheffield Utd,,1-0,3.10,home
10-08-2022,AmaZulu,Supersport Utd,,2-1,2.80,home
10-08-2022,Guimaraes,Hajduk,,1-0,1.35,home
10-08-2022,Al Moqawloon,El Gouna,,0-0,1.20,draw
10-08-2022,Smouha,Future,,1-1,1.30,draw
10-08-2022,Mannheim,Erzgebirge Aue,,1-0,2.15,home
10-08-2022,Saarbrucken,Dortmund II,,1-0,1.90,home
10-08-2022,Osnabruck,Ingolstadt,,0-1,2.25,away
10-08-2022,Selfoss,Thor,,2-1,1.95,home
10-08-2022,Chippa Utd.,Royal AM,,1-3,2.85,away
10-08-2022,Sekhukhune,Golden Arrows,,1-0,2.65,home
10-08-2022,Stellenbosch,Orlando Pirates,,1-1,1.20,draw
10-08-2022,Coventry,Bristol City,,1-4,2.10,away
10-08-2022,Plymouth,Peterborough,,0-2,1.25,away
10-08-2022,Port Vale,Rotherham,,1-2,2.20,away
10-08-2022,Sheffield Wed,Sunderland,,2-0,2.40,home
10-08-2022,Deportivo Iztapa,Coban Imperial,,4-3,1.95,home
09-08-2022,Accrington,Tranmere,,2-2,1.95,draw
09-08-2022,Wimbledon,Gillingham,,0-2,2.30,away
09-08-2022,Bradford City,Hull,,2-1,2.20,home
09-08-2022,Cardiff,Portsmouth,,0-3,1.30,away
09-08-2022,Charlton,QPR,,1-1,2.30,draw
09-08-2022,Cheltenham,Exeter,,0-7,1.40,away
09-08-2022,Crawley,Bristol Rovers,,1-0,2.20,home
09-08-2022,Doncaster,Lincoln,,0-3,2.70,away
09-08-2022,Forest Green,Leyton Orient,,2-0,1.95,home
09-08-2022,Grimsby,Crewe,,4-0,1.30,home
09-08-2022,Huddersfield,Preston,,1-4,1.45,away
09-08-2022,Mansfield,Derby,,1-2,2.50,away
09-08-2022,Northampton,Wycombe,,1-2,2.50,away
09-08-2022,Oxford Utd,Swansea,,2-2,2.40,draw
09-08-2022,Rochdale,Burton,,2-0,2.45,home
09-08-2022,Walsall,Swindon,,2-0,2.60,home
08-08-2022,Hermannstadt,Voluntari,,2-1,2.25,home
08-08-2022,Genoa,Benevento,,3-2,1.95,home
08-08-2022,Modena,Sassuolo,,3-2,1.95,home
08-08-2022,Asane,Fredrikstad,,4-3,1.40,home
08-08-2022,Basaksehir,Kasimpasa,,4-0,1.80,home
08-08-2022,Penafiel,Leixoes,,0-0,1.30,draw
08-08-2022,Varbergs Bois FC,Goteborg,,0-4,1.35,away
08-08-2022,AFC Eskilstuna,Jonkoping Sodra,,0-2,1.90,away
08-08-2022,Orebro,Orgryte,,0-1,1.95,away
08-08-2022,Vasteras,Brommapojkarna,,0-1,1.40,away
08-08-2022,AZ Alkmar II,MVV,,3-1,1.80,home
08-08-2022,Botosani,Farul Constanta,,1-1,2.95,draw
08-08-2022,Caen,Metz,,1-0,2.90,home
08-08-2022,Ankaragucu,Konyaspor,,0-0,1.30,draw
08-08-2022,WBA,Watford,,1-1,3.15,draw
08-08-2022,Leiknir,Keflavik,,1-2,2.20,away
07-08-2022,Dundee Utd,Livingston,,0-1,1.35,away
07-08-2022,Santa Clara,Casa Pia,,0-0,2.10,draw
07-08-2022,Basel,Young Boys,,0-0,1.35,draw
07-08-2022,Lugano,Luzern,,1-2,2.30,away
07-08-2022,Altach,Austria Vienna,,3-2,1.25,home
07-08-2022,WSG Tirol,Austria Kl.,,2-2,2.00,draw
07-08-2022,Mjallby,Elfsborg,,1-1,3.40,draw
07-08-2022,Venezia,Ascoli,,2-3,2.25,away
07-08-2022,Odense,Aarhus,,1-2,2.55,away
07-08-2022,Karagumruk,Alanyaspor,,2-4,2.60,away
07-08-2022,Giresunspor,Demirspor,,2-3,2.20,away
07-08-2022,Braga,Sporting,,3-3,1.30,draw
07-08-2022,Antalyaspor,Galatasaray,,0-1,2.30,away
07-08-2022,Monza,Frosinone,,3-1,1.80,home
07-08-2022,Chaves,Guimaraes,,0-1,1.55,away
07-08-2022,Portimonense,Boavista,,0-1,2.15,away
06-08-2022,Bournemouth,Aston Villa,,2-0,1.25,home
06-08-2022,Leeds,Wolverhampton,,2-1,1.60,home
06-08-2022,Bristol City,Sunderland,,2-3,3.25,away
06-08-2022,Preston,Hull,,0-0,1.95,draw
06-08-2022,QPR,Middlesbrough,,3-2,2.45,home
06-08-2022,Reading,Cardiff,,2-1,2.50,home
06-08-2022,Sheffield Utd,Millwall,,2-0,1.80,home
06-08-2022,Stoke,Blackpool,,2-0,1.25,home
06-08-2022,Swansea,Blackburn,,0-3,3.20,away
06-08-2022,Bolton,Wycombe,,3-0,1.50,home
06-08-2022,Burton,Bristol Rovers,,0-4,2.70,away
06-08-2022,Charlton,Derby,,1-0,2.60,home
06-08-2022,Exeter,Port Vale,,4-0,3.15,home
06-08-2022,Fleetwood,Plymouth,,2-1,2.20,home
06-08-2022,Strasbourg,Monaco,,1-2,1.45,away
06-08-2022,Dortmund,Leverkusen,,1-0,2.05,home
05-08-2022,Cagliari,Perugia,,3-2,1.85,home
05-08-2022,Randers,Horsens,,1-0,1.30,home
05-08-2022,Stal Mielec,Cracovia,,2-0,2.20,home
05-08-2022,Sandhausen,Fortuna Dusseldorf,,1-0,2.40,home
05-08-2022,Duisburg,RW Essen,,2-2,2.40,draw
05-08-2022,Helsingor,Fredericia,,3-2,1.85,home
05-08-2022,Schaffhausen,Wil,,0-1,2.55,away
05-08-2022,Heerenveen,Sparta,,0-0,1.95,draw
05-08-2022,Thun,Aarau,,2-2,2.15,draw
05-08-2022,Xamax,Yverdon,,2-3,2.20,away
05-08-2022,Legia,Piast Gliwice,,2-0,1.90,home
05-08-2022,Trencin,Zemplin,,3-1,1.85,home
05-08-2022,Birmingham,Huddersfield,,2-1,3.10,home
05-08-2022,Dundalk,Derry City,,1-1,1.40,draw
05-08-2022,Queen’s Park,Ayr,,2-3,1.45,away
05-08-2022,Finn Harps,Drogheda,,3-0,1.30,home
04-08-2022,AEK Larnaca,Partizan,,2-1,1.55,home
04-08-2022,Trnava,Rakow,,0-2,1.25,away
04-08-2022,Sh.Soligorsk,Cluj,,0-0,1.90,draw
04-08-2022,Lillestrom,Antwerp,,1-3,2.20,away
04-08-2022,Maccabi T.A.,Aris,,2-0,3.10,home
04-08-2022,Neftci,Rapid,,2-1,2.00,home
04-08-2022,Zorya,CS Universitatea,,1-0,2.30,home
04-08-2022,Ballkani,Klaksvik,,3-2,2.05,home
04-08-2022,Sepsi,Djurgarden,,1-3,1.35,away
04-08-2022,Lugano,Hapoel B.S.,,0-2,3.40,away
04-08-2022,Cukaricki,Twente,,1-3,2.05,away
04-08-2022,Maribor,HJK,,0-2,1.60,away
04-08-2022,Brondby,Basel,,1-0,3.20,home
04-08-2022,Shamrock,Shkupi,,3-1,2.15,home
04-08-2022,Zrinjski,Tobol Kostanay,,1-0,2.00,home
04-08-2022,Hajduk,Guimaraes,,3-1,2.30,home
03-08-2022,Kristiansund,Tromso,,1-1,1.25,draw
03-08-2022,Qarabag,Ferencvaros,,1-1,2.00,draw
03-08-2022,Dalkurd,Norrby,,2-1,2.15,home
03-08-2022,Landskrona,Skovde,,0-1,3.40,away
03-08-2022,Trelleborg,Halmstad,,0-4,1.30,away
03-08-2022,Riga,Gil Vicente,,1-1,1.25,draw
03-08-2022,Dyn. Kyiv,Sturm Graz,,1-0,2.05,home
03-08-2022,Dun. Streda,FCSB,,0-1,2.85,away
03-08-2022,Fram,Stjarnan,,2-2,1.35,draw
03-08-2022,Valur,Hafnarfjordur,,2-0,2.05,home
03-08-2022,Columbus,Montreal,,1-2,2.05,away
03-08-2022,Juarez,Atl. San Luis,,1-1,2.35,draw
03-08-2022,Aldosivi,Newells Old Boys,,2-4,1.90,away
03-08-2022,Atletico-MG,Palmeiras,,2-2,1.55,draw
03-08-2022,Velez,Talleres,,3-2,1.95,home
03-08-2022,Portland,Nashville,,1-1,2.10,draw
02-08-2022,Kauno Zalgiris,Suduva,,2-2,3.10,draw
02-08-2022,Al Moqawloon,Future,,0-1,1.30,away
02-08-2022,Al Gharafa Doha,Al Sailiya,,2-1,2.05,home
02-08-2022,Sheriff Tiraspol,Plzen,,1-2,2.90,away
02-08-2022,Ludogorets,D. Zagreb,,1-2,1.40,away
02-08-2022,KA Akureyri,KR Reykjavik,,0-1,2.10,away
02-08-2022,Monaco,PSV,,1-1,1.35,draw
02-08-2022,Cambridge Utd,Millwall,,1-0,1.80,home
02-08-2022,St.Gilloise,Rangers,,2-0,3.30,home
02-08-2022,Nacional M.,Atletico GO,,0-1,1.85,away
02-08-2022,Def. de Belgrano,San Martin,,2-0,2.75,home
02-08-2022,Sport Recife,Criciuma,,1-1,1.20,draw
02-08-2022,Dep. Tachira,Ind. del Valle,,0-1,3.20,away
02-08-2022,Corinthians,Flamengo,,0-2,2.35,away
02-08-2022,Toluca,Puebla,,1-1,2.20,draw
02-08-2022,Seattle,Dallas,,1-0,1.85,home
01-08-2022,Arda Kardzhall,Septemvri Sofia,,3-2,1.85,home
01-08-2022,Ingolstadt,Darmstadt,,0-3,1.90,away
01-08-2022,NB Egypt,El Gouna,,1-1,1.25,draw
01-08-2022,Goteborg,Norrkoping,,2-0,2.50,home
01-08-2022,Rubin Kazan,Ufa,,0-0,1.30,draw
01-08-2022,Korona Kielce,Slask Wroclaw,,3-1,2.10,home
01-08-2022,Hermannstadt,Botosani,,1-1,1.35,draw
01-08-2022,Magdeburg,Eintracht Frankfurt,,0-4,1.65,away
01-08-2022,Sochaux,Paris,,0-0,1.25,draw
01-08-2022,Watford,Sheffield Utd,,1-0,3.00,home
01-08-2022,Zamalek,Pyramids,,3-0,2.80,home
01-08-2022,Defensa y Justicia,Arsenal Sarandi,,0-0,1.85,draw
01-08-2022,Rosario,Cordoba Santiago,,0-3,2.00,away
01-08-2022,Santos,Fluminense,,2-2,3.00,draw
01-08-2022,Colon,Independiente,,0-3,2.30,away
01-08-2022,Instituto,All Boys,,2-0,2.90,home
31-07-2022,St. Mirren,Motherwell,,0-1,3.10,away
31-07-2022,Viborg,Copenhagen,,4-2,1.85,home
31-07-2022,Winterthur,Lugano,,1-4,2.70,away
31-07-2022,Austria Kl.,Rapid,,0-1,2.00,away
31-07-2022,Austria Vienna,LASK,,1-1,1.45,draw
31-07-2022,WSG Tirol,Hartberg,,2-1,2.15,home
31-07-2022,Petrolul,Sepsi,,1-1,2.25,draw
31-07-2022,Mannheim,Holstein Kiel,,0-0,2.50,draw
31-07-2022,Silkeborg,Brondby,,2-0,1.85,home
31-07-2022,Paks,Fehervar,,2-0,2.35,home
31-07-2022,England W,Germany W,,1-1,2.80,draw
31-07-2022,RFC Seraing,Kortrijk,,0-1,1.40,away
31-07-2022,Rostov,Khimki,,1-0,1.80,home
31-07-2022,CS Universitatea,FC Rapid Buc.,,0-1,1.30,away
31-07-2022,Athletico-PR,Sao Paulo,,1-0,1.50,home
31-07-2022,Internacional,Atletico-MG,,3-0,1.40,home
30-07-2022,Blackburn,QPR,,1-0,2.00,home
30-07-2022,Blackpool,Reading,,1-0,2.00,home
30-07-2022,Cardiff,Norwich,,1-0,2.35,home
30-07-2022,Hull,Bristol City,,2-1,2.90,home
30-07-2022,Luton,Birmingham,,0-0,1.85,draw
30-07-2022,Millwall,Stoke,,2-0,1.35,home
30-07-2022,Rotherham,Swansea,,1-1,1.50,draw
30-07-2022,Wigan,Preston,,0-0,3.10,draw
30-07-2022,Accrington,Charlton,,2-2,2.55,draw
30-07-2022,Bristol Rovers,Forest Green,,1-2,1.35,away
30-07-2022,Cambridge Utd,Milton Keynes Dons,,1-0,2.05,home
30-07-2022,Cheltenham,Peterborough,,2-3,2.20,away
30-07-2022,Liverpool,Manchester City,,3-1,2.35,home
30-07-2022,Middlesbrough,WBA,,1-1,1.35,draw
30-07-2022,Ajax,PSV,,3-5,1.25,away
30-07-2022,RB Leipzig,Bayern Munich,,3-5,1.90,away
29-07-2022,Lahti,Ilves,,1-1,1.90,draw
29-07-2022,Ural,Krasnodar,,1-3,2.65,away
29-07-2022,FC Arges,Univ. Cluj,,3-1,1.30,home
29-07-2022,Piast Gliwice,Zaglebie,,0-1,1.25,away
29-07-2022,Dornbirn,Amstetten,,1-3,1.70,away
29-07-2022,Kapfenberg,Horn,,0-1,2.05,away
29-07-2022,Rapid II,St. Polten,,1-5,2.10,away
29-07-2022,Hobro,Helsingor,,1-0,1.65,home
29-07-2022,Odense,Midtjylland,,1-5,2.05,away
29-07-2022,Yverdon,Thun,,3-1,2.15,home
29-07-2022,Honved,Zalaegerszegi,,0-1,2.00,away
29-07-2022,Aarau,Lausanne,,1-2,2.60,away
29-07-2022,Cracovia K.,Legia,,3-0,3.00,home
29-07-2022,Admira,GAK,,4-3,1.90,home
29-07-2022,Huddersfield,Burnley,,0-1,1.40,away
29-07-2022,Finn Harps,Bohemians D.,,1-3,2.00,away
28-07-2022,Elfsborg,Molde,,1-2,2.30,away
28-07-2022,Maccabi Netanya,Basaksehir,,0-1,1.25,away
28-07-2022,Viking,Sparta Prague,,2-1,1.90,home
28-07-2022,Neftci,Aris Limmasol,,3-0,2.10,home
28-07-2022,Dinamo Batumi,Lech Poznan,,1-1,2.30,draw
28-07-2022,Olimpija,Sepsi,,2-0,1.40,home
28-07-2022,Riga,Ruzomberok,,2-1,2.00,home
28-07-2022,Lechia Gdansk,Rapid,,1-2,2.40,away
28-07-2022,Vaduz,Koper,,0-1,2.50,away
28-07-2022,Brondby,Pogon Szczecin,,4-0,2.30,home
28-07-2022,Hamrun,Velez Mostar,,1-0,1.40,home
28-07-2022,Laci,Petrocub,,1-4,3.00,away
28-07-2022,Mura,St. Patricks,,0-0,1.80,draw
28-07-2022,Sligo,Motherwell,,2-0,2.05,home
28-07-2022,Buducnost,Breidablik,,2-1,2.60,home
28-07-2022,Puskas,Guimaraes,,0-0,1.35,draw
27-07-2022,Smouha,Al Moqawloon,,1-1,1.30,draw
27-07-2022,Sandefjord,Kristiansund,,2-0,2.10,home
27-07-2022,Fredrikstad,Raufoss,,0-4,1.90,away
27-07-2022,Fenerbahce,Dyn. Kyiv,,1-1,1.75,draw
27-07-2022,Zurich,Qarabag,,2-1,2.10,home
27-07-2022,Carlos Stein,Sport Boys,,3-2,3.20,home
27-07-2022,U. San Martin,Ayacucho,,3-3,1.25,draw
27-07-2022,Slovan B.,Ferencvaros,,1-4,2.30,away
27-07-2022,Universitario,Royal Pari,,1-0,2.60,home
27-07-2022,Orlando City,New York,,5-1,1.50,home
27-07-2022,Necaxa,Pachuca,,2-0,2.40,home
27-07-2022,Queretaro,Guadalajara,,2-2,2.50,draw
27-07-2022,The Strongest,Always Ready,,4-2,1.70,home
27-07-2022,Atletico GO,Corinthians,,2-0,2.70,home
27-07-2022,Univ.Cesar Vallejo,Universitario,,1-0,1.90,home
27-07-2022,Sacramento,Kansas City,,0-0,1.40,draw
26-07-2022,AEK Larnaca,Midtjylland,,1-1,1.95,draw
26-07-2022,Lincoln RI,Tobol Kostanay,,0-1,1.30,away
26-07-2022,Ghazl El Mahallah,Ceramica Cleopatra,,0-0,2.80,draw
26-07-2022,Orgryte,Vasteras,,1-1,2.45,draw
26-07-2022,TNS,Vikingur,,0-0,1.35,draw
26-07-2022,Dudelange,Pyunik,,1-4,2.40,away
26-07-2022,Fjolnir,Fylkir,,0-2,2.20,away
26-07-2022,Al Ittihad,Enppi,,2-1,2.90,home
26-07-2022,Shamrock,Ludogorets,,2-1,1.50,home
26-07-2022,Selfoss,Afturelding,,1-4,1.20,away
26-07-2022,Chapecoense,Gremio,,0-0,1.20,draw
26-07-2022,Arsenal Sarandi,Rosario,,0-3,3.10,away
26-07-2022,Barracas,Patronato,,2-1,2.50,home
26-07-2022,Juarez,Tigres Uanl,,0-1,2.15,away
26-07-2022,Atl. San Luis,Cruz Azul,,0-0,3.05,draw
26-07-2022,Leon,Toluca,,0-1,1.90,away
25-07-2022,Inter Turku,Honka,,0-1,1.40,away
25-07-2022,SJK II,KPV,,1-1,2.65,draw
25-07-2022,Chindia T.,Hermannstadt,,1-1,1.45,draw
25-07-2022,Kfum,Ranheim,,1-2,1.90,away
25-07-2022,Sogndal,Stabaek,,4-3,2.15,home
25-07-2022,Stjordals,Bryne,,0-2,2.10,away
25-07-2022,Wehen,Dortmund II,,1-1,2.00,draw
25-07-2022,Horsens,Lyngby,,1-0,1.30,home
25-07-2022,Norrkoping,Goteborg,,0-2,1.85,away
25-07-2022,Trelleborg,Skovde,,2-1,2.05,home
25-07-2022,UTA Arad,Petrolul,,2-0,1.90,home
25-07-2022,Akranes,Fram,,0-4,1.40,away
25-07-2022,KR Reykjavik,Valur,,3-3,2.20,draw
25-07-2022,San Lorenzo,Talleres,,1-1,1.40,draw
25-07-2022,Banfield,Argentinos Jrs,,1-1,2.90,draw
25-07-2022,Newells Old Boys,Defensa y Justicia,,1-2,2.30,away
24-07-2022,Mechelen,Antwerp,,0-2,2.50,away
24-07-2022,Brondby,Nordsjaelland,,1-3,1.95,away
24-07-2022,Grasshoppers,Lugano,,2-1,2.05,home
24-07-2022,A. Lustenau,WSG Tirol,,2-1,1.55,home
24-07-2022,Hartberg,Altach,,2-1,1.30,home
24-07-2022,Hacken,Djurgarden,,1-2,1.50,away
24-07-2022,Kalmar,Elfsborg,,1-0,3.30,home
24-07-2022,Aalborg,Copenhagen,,1-3,2.00,away
24-07-2022,Haugesund,Sarpsborg 08,,3-1,2.50,home
24-07-2022,Kristiansund,Odd Grenland,,2-2,1.45,draw
24-07-2022,Valerenga,Viking,,4-2,2.10,home
24-07-2022,Tigre,Platense,,3-0,3.20,home
24-07-2022,Lokomotiv Moscow,Rostov,,2-2,3.40,draw
24-07-2022,Stromsgodset,Ham-Kam,,1-1,1.85,draw
24-07-2022,Westerlo,Cercle Brugge,,2-0,2.60,home
24-07-2022,Juventude,Ceara CE,,1-0,1.40,home
23-07-2022,GAK,FAC Wien,,0-0,2.30,draw
23-07-2022,Jonkoping Sodra,Dalkurd FF,,0-1,2.00,away
23-07-2022,Zurich,Luzern,,0-0,2.05,draw
23-07-2022,Stade Lausanne Ouchy,Wil,,2-1,1.25,home
23-07-2022,Rosenborg,Tromso,,3-0,1.90,home
23-07-2022,Kortrijk,Leuven,,0-2,2.35,away
23-07-2022,Zulte-Waregem,RFC Seraing,,2-0,2.20,home
23-07-2022,Helsingor,Vejle Kolding,,0-6,1.50,away
23-07-2022,Krasnodar,Spartak Moscow,,1-4,3.50,away
23-07-2022,Wolfsberger,Sturm Graz,,1-1,2.45,draw
23-07-2022,Hannover,St. Pauli,,2-2,2.25,draw
23-07-2022,Sarmiento,Colon,,1-3,3.05,away
23-07-2022,St. Truiden,St.Gilloise,,1-1,1.90,draw
23-07-2022,Cruzeiro,Bahia,,1-0,1.20,home
23-07-2022,Aguilas,CD Equidad,,3-0,2.80,home
23-07-2022,Vila Nova,Vasco da Gama,,1-0,1.35,home
22-07-2022,Spartak Varna,OFK Pirin,,1-1,2.75,draw
22-07-2022,Austria Vienna II,Liefering,,2-2,1.85,draw
22-07-2022,Horn,Sturm II,,2-1,2.75,home
22-07-2022,Fortuna Dusseldorf,Paderborn,,2-1,2.20,home
22-07-2022,Al Moqawloon,Ghazl El Mahallah,,1-0,1.25,home
22-07-2022,Ceramica Cleopatra,Al Masry,,1-4,1.35,away
22-07-2022,Dacia Mioveni,Farul Constanta,,0-2,1.30,away
22-07-2022,Javor,Novi Pazar,,2-1,2.00,home
22-07-2022,Istra 1961,Varazdin,,1-2,3.20,away
22-07-2022,CSKA 1948,Ludogorets,,2-2,1.90,draw
22-07-2022,Lausanne,Schaffhausen,,5-1,2.00,home
22-07-2022,Radomlje,Celje,,1-1,1.45,draw
22-07-2022,Jagiellonia,Widzew Lodz,,0-2,2.10,away
22-07-2022,Standard,Gent,,2-2,1.90,draw
22-07-2022,Cobh Ramblers,Bray,,3-1,2.10,home
22-07-2022,Enppi,Pharco,,0-1,2.75,away
21-07-2022,Valmiera / BBS,Shkendija,,1-2,2.00,away
21-07-2022,Danubio,Plaza Colonia,,2-0,1.30,home
21-07-2022,Molde,Elfsborg,,4-1,1.82,home
21-07-2022,Zira,Maccabi Tel Aviv,,0-3,1.85,away
21-07-2022,Pogon Szczecin,Brondby,,1-1,1.90,draw
21-07-2022,Ruzomberok,Riga,,0-3,1.30,away
21-07-2022,Eastern Company,Al Ittihad,,2-2,3.00,draw
21-07-2022,Levski Sofia,PAOK,,2-0,2.10,home
21-07-2022,Petrocub,Laci,,0-0,2.80,draw
21-07-2022,Aris Limassol,Neftci Baku,,2-0,3.00,home
21-07-2022,River M.,Defensor Sporting,,1-1,1.40,draw
21-07-2022,Rijeka,Djurgarden,,1-2,2.80,away
21-07-2022,St. Patricks,Mura,,1-1,2.65,draw
21-07-2022,Breidablik,Buducnost,,2-0,1.80,home
21-07-2022,Rosario,Newells Old Boys,,1-0,1.40,home
21-07-2022,Talleres,Banfield,,1-0,2.25,home
20-07-2022,Helsinki,Plzen,,1-2,1.95,away
20-07-2022,Botev Plovdiv,APOEL Nicosia,,0-0,2.10,draw
20-07-2022,Maccabi Haifa,Olympiacos,,1-1,1.40,draw
20-07-2022,San Lorenzo,Union de Santa Fe,,2-2,1.35,draw
20-07-2022,Vikingur Gota,Dac Streda,,0-2,1.30,away
20-07-2022,Dyn. Kyiv,Fenerbahce,,0-0,2.40,draw
20-07-2022,Maribor,Sheriff Tiraspol,,0-0,3.00,draw
20-07-2022,Bonnyrigg Rose,Falkirk,,1-1,2.00,draw
20-07-2022,Sutjeska,Klaksvik,,0-0,2.35,draw
20-07-2022,Patronato,Tigre,,1-0,2.70,home
20-07-2022,Defensa y Justicia,Independiente,,2-1,3.15,home
20-07-2022,Goias,Fluminense,,2-3,3.15,away
20-07-2022,CSA,Cruzeiro,,1-1,2.80,draw
20-07-2022,Internacional,Sao Paulo,,3-3,1.30,draw
20-07-2022,Huracan,Godoy Cruz,,0-0,2.40,draw
20-07-2022,Lanus,Velez Sarsfield,,2-2,2.40,draw
19-07-2022,Qarabag,Zurich,,3-2,2.10,home
19-07-2022,Pyunik,Dudelange,,0-1,2.05,away
19-07-2022,Orgryte,Brommapojkarna,,1-1,2.25,draw
19-07-2022,Hibernians,Levadia Tallinn,,3-2,2.20,home
19-07-2022,Tirana,Zrinjski,,0-1,1.45,away
19-07-2022,Dumbarton,Raith,,0-0,1.85,draw
19-07-2022,Montrose,Stenhousemuir,,0-2,1.85,away
19-07-2022,Forfar,Stranraer,,2-2,1.90,draw
19-07-2022,Queen’s Park,Dundee,,1-2,2.00,away
19-07-2022,Platense,Cordoba Santiago,,2-0,1.35,home
19-07-2022,Guairena,Sportivo Ameliano,,3-1,3.10,home
19-07-2022,Atl. Tucuman,Sarmiento,,1-0,1.20,home
19-07-2022,Brusque,Gremio,,1-1,2.00,draw
19-07-2022,Libertad,Asuncion,,4-2,1.25,home
19-07-2022,Argentinos Jrs,Boca Juniors,,2-0,2.50,home
19-07-2022,Deportivo Pereira,Patriotas,,2-0,2.05,home
18-07-2022,Haka,Inter Turku,,3-2,3.30,home
18-07-2022,Botosani,Chindia T.,,3-2,2.90,home
18-07-2022,Asane,Skeid,,3-2,2.00,home
18-07-2022,Bryne,Fredrikstad,,0-2,1.55,away
18-07-2022,Grorud,Mjondalen,,0-1,1.40,away
18-07-2022,Pharco,Eastern Company,,1-1,1.20,draw
18-07-2022,Odense,Nordsjaelland,,0-2,2.25,away
18-07-2022,AFC Eskilstuna,Trelleborg,,1-0,2.40,home
18-07-2022,Gornik,Cracovia K.,,0-2,2.20,away
18-07-2022,Arda Kardzhali,Beroe,,1-0,3.10,home
18-07-2022,Gorica,Bravo,,2-0,2.20,home
18-07-2022,Petrolul,Voluntari,,0-1,2.90,away
18-07-2022,Al Ittihad,Al Masry Club,,0-0,1.40,draw
18-07-2022,U. Magdalena,Deportivo Tolima,,2-1,3.00,home
18-07-2022,Delfin,Aucas,,0-0,3.20,draw
17-07-2022,Lugano,Sion,,2-3,1.90,away
17-07-2022,Servette,St. Gallen,,1-0,2.65,home
17-07-2022,Club Brugge,Gent,,1-0,2.10,home
17-07-2022,Brondby,Aarhus,,1-0,1.95,home
17-07-2022,Ibv,Valur,,3-2,2.05,home
17-07-2022,Union de Santa Fe,Huracan,,0-0,3.00,draw
17-07-2022,Odd Grenland,Lillestrom,,1-2,1.40,away
17-07-2022,Sarpsborg 08,Valerenga,,0-1,2.05,away
17-07-2022,Viking,Kristiansund,,2-1,1.40,home
17-07-2022,La Serena,Antofagasta,,0-1,1.35,away
17-07-2022,Leiknir,KA Akureyri,,0-5,2.00,away
17-07-2022,Aalesund,Rosenborg,,0-0,1.40,draw
17-07-2022,Olimpija,Mura,,2-0,1.50,home
17-07-2022,Banfield,San Lorenzo,,1-1,2.00,draw
17-07-2022,Sao Paulo,Fluminense,,2-2,2.10,draw
17-07-2022,Akranes,Stjarnan,,0-3,2.00,away
16-07-2022,Bellinzona,Lausanne,,1-0,2.20,home
16-07-2022,Ham-Kam,Bodo/Glimt,,0-2,1.80,away
16-07-2022,Trencin,Zilina,,0-0,1.90,draw
16-07-2022,Barracas,Argentinos Jrs,,1-3,1.20,away
16-07-2022,Akhmat Grozny,Spartak Moscow,,1-1,1.50,draw
16-07-2022,Hafnarfjordur,Vikingur,,0-3,2.30,away
16-07-2022,Korona Kielce,Legia,,1-1,1.20,draw
16-07-2022,Magdeburg,Fortuna Dusseldorf,,1-2,2.30,away
16-07-2022,Winterthur,Basel,,1-1,2.00,draw
16-07-2022,Gimnasia L.P.,Colon,,0-0,3.30,draw
16-07-2022,Independiente,Rosario,,0-0,1.90,draw
16-07-2022,Athletico-PR,Internacional,,0-0,3.20,draw
16-07-2022,Audax Italiano,Colo Colo,,1-2,1.25,away
16-07-2022,Philadelphia,New England,,2-1,1.85,home
16-07-2022,Chicago,Seattle,,1-0,2.05,home
16-07-2022,Inter Miami,Charlotte FC,,3-2,2.20,home
15-07-2022,Hermannstadt,Dacia Mioveni,,3-0,1.30,home
15-07-2022,Botev Vratsa,Botev Plovdiv,,3-2,2.00,home
15-07-2022,Yverdon,stade Lausanne Ouchy,,2-1,1.40,home
15-07-2022,Thor,Fjolnir,,1-4,1.25,away
15-07-2022,Spartak Subotica,Radnik Surdulica,,2-0,2.10,home
15-07-2022,Kaiserslautern,Hannover,,2-1,2.65,home
15-07-2022,CS Universitatea,Sepsi,,2-2,1.25,draw
15-07-2022,Zaglebie,Slask,,0-0,2.20,draw
15-07-2022,St. Patricks,Dundalk,,1-1,3.05,draw
15-07-2022,Bray,Treaty United,,0-2,3.15,away
15-07-2022,Cork City,Galway,,0-0,2.00,draw
15-07-2022,Sarmiento,Defensa y Justicia,,2-0,3.10,home
15-07-2022,Puebla,Leon,,1-1,2.35,draw
15-07-2022,Aldosivi,Atl. Tucuman,,0-1,2.40,away
15-07-2022,Arsenal Sarandi,Platense,,1-1,3.00,draw
15-07-2022,Juarez,Queretaro,,1-1,2.90,draw
14-07-2022,Ararat Y.,Shkendija,,2-2,2.65,draw
14-07-2022,College Europa,Vikingur Gota,,1-2,2.70,away
14-07-2022,Kauno Zalgiris,Ruzomberok,,0-0,1.25,draw
14-07-2022,Milsami Ursidos,Panevezys,,2-0,2.45,home
14-07-2022,SJK,Flora,,3-2,2.35,home
14-07-2022,Atletic Escaldes,Gzira,,0-0,2.30,draw
14-07-2022,Dila Gori,KuPS,,0-0,1.40,draw
14-07-2022,Newtown,HB Torshavn,,2-1,1.30,home
14-07-2022,Differdange,O. Ljubljana,,1-1,2.10,draw
14-07-2022,Hamrun,Alashkert,,4-1,2.40,home
14-07-2022,Llapi,Buducnost,,2-2,2.30,draw
14-07-2022,Partizani,Saburtalo,,0-1,1.30,away
14-07-2022,Decic,Din. Minsk,,1-2,3.05,away
14-07-2022,Cliftonville,Dac Streda,,0-3,2.10,away
14-07-2022,Iskra,Laci,,0-1,2.30,away
14-07-2022,Ceramica Cleopatra,Al Ittihad,,5-0,3.00,home
13-07-2022,Al Masry,Pharco,,0-0,2.15,draw
13-07-2022,El Ismaily,Smouha,,1-0,3.00,home
13-07-2022,Dinamo Batumi,Slovan Bratislava,,0-0,1.38,draw
13-07-2022,Shakhtyor Soligorsk,Maribor,,0-2,2.60,away
13-07-2022,Clyde,Bonnyrigg Rose,,1-2,2.30,away
13-07-2022,Linfield,Tns,,1-0,3.10,home
13-07-2022,Enppi,El Gouna,,2-2,2.05,draw
13-07-2022,Goias,Atletico GO,,0-3,1.50,away
13-07-2022,Ceara,Fortaleza,,1-0,2.95,home
13-07-2022,Atlanta Utd,Salt Lake,,2-1,1.80,home
13-07-2022,DC United,Columbus,,2-2,2.70,draw
13-07-2022,Cincinnati,Vancouver,,2-2,1.85,draw
13-07-2022,Inter Miami,Philadelphia,,1-2,1.50,away
13-07-2022,Flamengo RJ,Atletico-MG,,2-0,1.25,home
13-07-2022,Santos,Corinthians,,1-0,1.30,home
13-07-2022,Dallas,New York City,,0-1,2.50,away
12-07-2022,Rigas,Helsinki,,2-1,1.30,home
12-07-2022,Lincoln RI,Shkupi,,2-0,2.15,home
12-07-2022,Landskrona,Halmstad,,2-1,1.85,home
12-07-2022,Orebro,Trelleborg,,2-2,1.30,draw
12-07-2022,Drita Gjilan,Inter Turku,,3-0,2.25,home
12-07-2022,Tirana,Dudelange,,1-2,1.90,away
12-07-2022,Livingston,Inverness,,1-2,1.85,away
12-07-2022,Germany W,Spain W,,2-0,2.80,home
12-07-2022,Cruzeiro,Fluminense,,0-3,2.90,away
12-07-2022,Banfield,Union de Santa Fe,,2-1,2.35,home
12-07-2022,Sangan,Kofu,,1-3,1.35,away
12-07-2022,Nagoya Grampus,Cerezo Osaka,,1-2,3.00,away
12-07-2022,Fukuoka,V-Varen Nagasaki,,2-0,3.00,home
12-07-2022,Tochigi,Kyoto Purple Sanga,,1-2,1.30,away
12-07-2022,Tokyo Verdy,Jubilo Iwata,,Postp,2.50,postponed
12-07-2022,Vissel Kobe,Kashiwa Reysol,,2-1,2.15,home
11-07-2022,JaPS,Gnistan,,2-1,2.05,home
11-07-2022,SJK II,Mikkelin,,2-1,1.25,home
11-07-2022,Spartak Varna,Slavia Sofia,,0-1,3.05,away
11-07-2022,Fredrikstad,Kongsvinger,,0-0,2.00,draw
11-07-2022,Kfum,Start,,0-1,1.25,away
11-07-2022,Skeid,Bryne,,1-2,2.10,away
11-07-2022,Brage,AFC Eskilstuna,,1-1,1.75,draw
11-07-2022,Kolubara,Radnicki 1923,,1-1,1.30,draw
11-07-2022,Sport Boys,Cajamarca,,3-0,1.40,home
11-07-2022,Fram,Hafnarfjordur,,1-0,1.90,home
11-07-2022,Def. de Belgrano,Atl. Rafaela,,1-1,2.05,draw
11-07-2022,Colon Santa Fe,Velez Sarsfield,,2-1,3.05,home
11-07-2022,U. Espanola,U. Catolica,,Postp,3.20,postponed
11-07-2022,Cerrito,Cerro Largo,,0-2,2.15,away
11-07-2022,Alvarado,Almirante Brown,,0-2,2.90,away
11-07-2022,Argentinos Jrs,Tigre,,2-1,2.05,home
10-07-2022,Coritiba,Juventude,,2-2,2.00,draw
10-07-2022,Skovde,Orgryte,,2-1,2.80,home
10-07-2022,Jaro,E.I.F.,,3-3,1.90,draw
10-07-2022,PEPO,PK-35,,3-3,1.25,draw
10-07-2022,Lok. Sofia,Cherno More,,0-1,1.90,away
10-07-2022,Lillestrom,Viking,,0-1,2.10,away
10-07-2022,Sandefjord,Aalesund,,Postp,1.50,postponed
10-07-2022,Estudiantes,Central Cordoba,,2-2,1.80,draw
10-07-2022,Toluca,Atlas,,3-2,2.90,home
10-07-2022,Haugesund,Ham-Kam,,1-1,3.50,draw
10-07-2022,Corinthians,Flamengo,,1-0,1.35,home
10-07-2022,Atl. Tucuman,Gimnasia L.P.,,2-0,3.00,home
10-07-2022,Lanus,Huracan,,2-3,1.40,away
10-07-2022,Fortaleza,Palmeiras,,0-0,2.00,draw
10-07-2022,Santos,Atletico GO,,1-0,2.00,home
10-07-2022,Queretaro,Necaxa,,1-2,2.90,away
09-07-2022,HIFK,Haka,,0-2,1.85,away
09-07-2022,Degerfors,Norrkoping,,1-1,1.95,draw
09-07-2022,Stromsgodset,Odd Grenland,,0-0,1.85,draw
09-07-2022,Patronato,Arsenal Sarandi,,0-1,3.05,away
09-07-2022,Cluj,Sepsi,,1-2,1.95,away
09-07-2022,Lech Poznan,Rakow,,0-2,2.15,away
09-07-2022,San Lorenzo,Boca Juniors,,2-1,2.10,home
09-07-2022,Banfield,Union de Santa Fe,,2-3,1.25,away
09-07-2022,Charlotte,Nashville SC,,4-1,2.30,home
09-07-2022,Platense,Newells Old Boys,,1-1,3.00,draw
09-07-2022,Goias,Athletico-PR,,2-1,3.00,home
09-07-2022,Cincinnati,New York Red Bulls,,1-1,1.25,draw
09-07-2022,Toronto FC,San Jose,,2-2,2.15,draw
09-07-2022,Guadalajara Chivas,Atl. San Luis,,0-1,1.30,away
09-07-2022,Leon,Pumas Unam,,3-3,1.30,draw
09-07-2022,Cruz Azul,CF Pachuca,,1-2,2.30,away
08-07-2022,Shelbourne,Finn Harps,,3-1,1.25,home
08-07-2022,Athlone,Bray,,1-2,1.30,away
08-07-2022,Treaty United,Longford,,3-0,3.30,home
08-07-2022,Monagas,La Guaira,,2-2,1.25,draw
08-07-2022,Nueva Chicago,Belgrano,,0-1,1.20,away
08-07-2022,Vila Nova FC,Bahia,,1-1,2.75,draw
08-07-2022,Rosario Central,Sarmiento Junin,,1-0,2.00,home
08-07-2022,Ferro,Gimnasia Mendoza,,0-0,2.75,draw
08-07-2022,Mazatlan,Tigres Uanl,,0-1,2.00,away
08-07-2022,O’Higgins,Palestino,,1-2,3.00,away
08-07-2022,Los Angeles,Los Angeles Galaxy,,3-2,1.95,home
08-07-2022,Tijuana,Juarez,,0-2,1.90,away
08-07-2022,Puebla,Santos Laguna,,1-0,3.10,home
08-07-2022,Vancouver,Minnesota,,1-3,2.30,away
08-07-2022,Jubilo Iwata,Vissel Kobe,,0-1,2.10,away
08-07-2022,Daegu,Ulsan,,1-1,1.90,draw
07-07-2022,Al Jazeera Amman,Al Salt,,2-2,2.90,draw
07-07-2022,Asane,Kfum,,0-3,2.10,away
07-07-2022,Bryne,Kongsvinger,,1-1,1.25,draw
07-07-2022,Grorud,Sandnes,,1-3,2.40,away
07-07-2022,Raufoss,Mjondalen,,2-1,2.05,home
07-07-2022,Sogndal,Fredrikstad,,1-1,1.25,draw
07-07-2022,Start,Brann,,0-2,1.75,away
07-07-2022,Panevezys,Milsami Ursidos,,0-0,1.90,draw
07-07-2022,Flora,SJK,,1-0,2.00,home
07-07-2022,Saburtalo,Partizani,,0-1,3.05,away
07-07-2022,Sfintul,Mura,,1-2,1.80,away
07-07-2022,Bala Town,Sligo,,1-2,1.40,away
07-07-2022,Gjilani,Liepaja,,1-0,1.70,home
07-07-2022,Shkendija,Ararat Y.,,2-0,2.00,home
07-07-2022,Derry City,Riga,,0-2,3.25,away
07-07-2022,CSA,Ponte Preta,,0-1,2.00,away
06-07-2022,Tobol Kostanay,Ferencvaros,,0-0,1.95,draw
06-07-2022,PK-35,SJK II,,2-0,2.10,home
06-07-2022,Dudelange,Tirana,,1-0,2.70,home
06-07-2022,Vikingur Gota,College Europe,,1-0,1.85,home
06-07-2022,Zrinjski,Sheriff Tiraspol,,0-0,2.15,draw
06-07-2022,Always Ready,Nacional Potosi,,2-1,1.65,home
06-07-2022,Aurora,Guabira,,1-0,2.05,home
06-07-2022,Colon,Talleres,,0-2,1.35,away
06-07-2022,Novorizontino,Brusque,,1-0,1.25,home
06-07-2022,Blooming,Real Santa Cruz,,5-1,1.90,home
06-07-2022,Alajuelense,Cartagines,,1-0,1.90,home
06-07-2022,Guoan Beijing,Meizhou Hakka,,0-0,3.25,draw
06-07-2022,Cangzhou Mighty Lions,Shenzhen,,1-2,2.30,away
06-07-2022,Kristiansund,Tromso,,Postp,1.30,postponed
06-07-2022,Asane,Kfum,,0-3,2.10,away
06-07-2022,Bryne,Kongsvinger,,1-1,1.25,draw
05-07-2022,Orgryte,Orebro,,2-0,2.25,home
05-07-2022,Selfoss,Vestri,,0-1,1.20,away
05-07-2022,FC Ballkani,Zalgiris,,1-1,2.35,draw
05-07-2022,Lech Poznan,Qarabag,,1-0,2.05,home
05-07-2022,TNS,Linfield,,1-0,1.85,home
05-07-2022,Grotta,Fjolnir,,4-1,1.25,home
05-07-2022,Chapecoense,Londrina,,0-3,2.10,away
05-07-2022,Ituano,Cruzeiro,,1-1,1.25,draw
05-07-2022,Union de Santa Fe,Nacional,,1-2,1.85,away
05-07-2022,Operario,CRB,,2-3,2.95,away
05-07-2022,Boca Juniors,Corinthians,,0-1,1.90,away
05-07-2022,Libertad Asuncion,Athletico-PR,,1-1,2.10,draw
05-07-2022,Tokyo,Sapporo,,3-0,2.15,home
05-07-2022,Jubilo Iwata,Fukuoka,,0-1,2.35,away
05-07-2022,Kashima Antlers,Cerezo Osaka,,3-3,1.25,draw
05-07-2022,Kashiwa Reysol,Nagoya Grampus,,0-1,2.45,away
04-07-2022,HIFK,Ilves,,0-1,1.25,away
04-07-2022,Kongsvinger,Ranheim,,2-2,2.30,draw
04-07-2022,Sandnes,Raufoss,,1-4,1.30,away
04-07-2022,Trelleborg,Norrby,,2-1,1.40,home
04-07-2022,KA Akureyri,Valur,,1-1,2.50,draw
04-07-2022,Hafnarfjordur,Stjarnan,,1-1,1.90,draw
04-07-2022,Leiknir,Akranes,,1-0,1.85,home
04-07-2022,Arsenal Sarandi,Estudiantes L.P.,,2-1,1.45,home
04-07-2022,Aldosivi,Rosario Central,,2-1,3.15,home
04-07-2022,Newells Old Boys,Patronato,,2-2,1.85,draw
04-07-2022,Orlando City,DC United,,3-5,1.80,away
04-07-2022,Gimcheon Sangmu,Jeju Utd,,4-0,2.45,home
04-07-2022,Orgryte,Orebro,,2-0,2.25,home
04-07-2022,FC Ballkani,Zalgiris,,1-1,2.35,draw
04-07-2022,Lech Poznan,Qarabag,,1-0,2.05,home
04-07-2022,TNS,Linfield,,1-0,1.85,home
03-07-2022,Avai,Cuiaba,,1-2,1.25,away
03-07-2022,Tukums 2000,Metta/LU,,2-0,2.15,home
03-07-2022,Hacken,Elfsborg,,1-1,2.30,draw
03-07-2022,Aalesund,Stromsgodset,,1-0,1.25,home
03-07-2022,Ham-Kam,Molde,,0-0,2.00,draw
03-07-2022,Kristiansund,Lillestrom,,1-3,2.05,away
03-07-2022,Union de Santa Fe,Lanus,,3-0,3.10,home
03-07-2022,Gomel,Neman,,0-0,3.10,draw
03-07-2022,Pumas Unam,Tijuana,,1-1,1.90,draw
03-07-2022,Barracas,San Lorenzo,,2-1,1.35,home
03-07-2022,Atletico GO,Sao Paulo,,1-2,3.05,away
03-07-2022,Keflavik,Fram,,3-1,2.00,home
03-07-2022,Huracan,River Plate,,3-2,2.15,home
03-07-2022,Columbus,Philadelphia,,0-0,1.35,draw
03-07-2022,Minnesota,Salt Lake,,3-2,2.10,home
03-07-2022,Kansas City,New York,,0-1,1.30,away
02-07-2022,Jerv,Haugesund,,1-0,2.15,home
02-07-2022,AC Oulu,VPS,,0-6,2.20,away
02-07-2022,Helsinki,KuPS,,1-1,1.30,draw
02-07-2022,PEPO,E.I.F.,,2-2,1.85,draw
02-07-2022,Pargas IF,PK-35,,3-2,1.80,home
02-07-2022,SJK II,Jaro,,1-3,2.05,away
02-07-2022,Belshina,Arsenal Dzyarzhynsk,,1-0,1.95,home
02-07-2022,Atyrau,Taraz,,0-0,2.95,draw
02-07-2022,Lahti,Inter Turku,,2-1,1.90,home
02-07-2022,Helsingborg,Kalmar,,1-1,2.05,draw
02-07-2022,Riteriai,Kauno Zalgiris,,1-1,1.50,draw
02-07-2022,Tigre,Talleres,,1-1,1.80,draw
02-07-2022,Sligo Rovers,Shelbourne,,3-1,1.30,home
02-07-2022,Palestino,Union Espanola,,1-0,3.20,home
02-07-2022,Fluminense,Corinthians,,4-0,1.20,home
02-07-2022,Toronto FC,Seattle Sounders,,0-2,2.40,away
01-07-2022,Liepaja,Riga,,0-0,1.30,draw
01-07-2022,Gnistan,KPV,,1-2,2.00,away
01-07-2022,Bohemians,Derry City,,2-3,1.90,away
01-07-2022,Cobh Ramblers,Treaty United,,0-2,2.20,away
01-07-2022,Galway,Waterford,,1-0,2.70,home
01-07-2022,KR Reykjavik,Vikingur,,0-3,2.55,away
01-07-2022,Grindavik,Selfoss,,2-2,1.20,draw
01-07-2022,Dep.Lara,Universidad Central,,0-0,1.25,draw
01-07-2022,Guairena,Nacional Asuncion,,1-1,3.00,draw
01-07-2022,Cordoba Santiago,Argentinos Jrs,,1-2,3.00,away
01-07-2022,Chapecoense,Sampaio Correa,,3-1,1.25,home
01-07-2022,Everton CD,Colo Colo,,1-1,1.95,draw
01-07-2022,Necaxa,Toluca,,1-3,3.25,away
01-07-2022,Boca Juniors,Banfield,,0-3,1.95,away
01-07-2022,Brusque,Operario,,2-0,1.95,home
01-07-2022,Mazatlan,Puebla,,2-4,3.15,away
30-06-2022,Kfum,Sogndal,,1-1,2.00,draw
30-06-2022,Ull/Kisa,Ranheim,,0-2,2.05,away
30-06-2022,Angelholms,Tvaaker,,0-5,1.25,away
30-06-2022,Fjolnir,Hk Kopavogur,,3-1,1.25,home
30-06-2022,Aragua,Metropolitanos,,2-3,2.75,away
30-06-2022,America MG,Botafogo RJ,,3-0,3.00,home
30-06-2022,Charlotte FC,Austin,,0-1,1.30,away
30-06-2022,Olimpia,Atletico GO,,2-0,1.30,home
30-06-2022,U. Catolica,Sao Paulo,,2-4,2.05,away
30-06-2022,Fortaleza CE,Estudiantes,,1-1,2.00,draw
30-06-2022,Alajuelense,Cartagines,,1-1,1.80,draw
30-06-2022,Gnistan,KPV,,1-2,2.00,away
30-06-2022,Bohemians,Derry City,,2-3,1.90,away
30-06-2022,Cobh Ramblers,Treaty United,,0-2,2.20,away
30-06-2022,Galway,Waterford,,1-0,2.70,home
30-06-2022,KR Reykjavik,Vikingur,,0-3,2.55,away
29-06-2022,Inter Turku,HJK,,0-0,3.15,draw
29-06-2022,Haka,KuPS,,2-2,1.20,draw
29-06-2022,Gomel,Torpedo Zhodino,,1-0,1.45,home
29-06-2022,Valerenga,Bodo/Glimt,,0-1,1.90,away
29-06-2022,Olympique H.,Olympique Safi,,1-4,2.70,away
29-06-2022,Nautico,Criciuma,,1-1,2.50,draw
29-06-2022,The Strongest,Ceara CE,,1-2,1.85,away
29-06-2022,Talleres,Colon,,1-1,1.30,draw
29-06-2022,Orlando City,Nashville,,1-1,2.30,draw
29-06-2022,Cincinnati,New York City,,4-4,2.00,draw
29-06-2022,Toronto,Columbus Crew,,1-2,2.55,away
29-06-2022,Chicago,Philadelphia,,1-0,3.25,home
29-06-2022,CRB,Tombense,,0-0,2.95,draw
29-06-2022,Novorizontino,Vasco da Gama,,2-0,1.35,home
29-06-2022,Dep. Tachira,Santos,,1-1,2.15,draw
29-06-2022,Deportes Tolima,Flamengo,,0-1,2.20,away
28-06-2022,England U19,Italy U19,,2-1,1.90,home
28-06-2022,Slovakia U19,Austria U19,,1-0,2.15,home
28-06-2022,Jonkopings Sodra,Orgryte,,2-2,1.30,draw
28-06-2022,Ghazl El Mahallah,SC Ismaily,,0-0,1.30,draw
28-06-2022,Al Moqawloon,NB Egypt,,1-1,2.85,draw
28-06-2022,Brusque,Bahia,,0-2,1.40,away
28-06-2022,Nacional,Union de Santa Fe,,2-0,1.30,home
28-06-2022,Guarani,Ituano,,0-2,1.25,away
28-06-2022,Vila Nova,Ponte Preta,,1-1,2.95,draw
28-06-2022,Colo Colo,Internacional,,2-0,3.20,home
28-06-2022,Corinthians,Boca Juniors,,0-0,2.25,draw
28-06-2022,Shanghai Port,Shanghai Shenhua,,1-1,2.25,draw
28-06-2022,Meizhou Hakka,Cangzhou Mighty Lions,,4-1,3.10,home
28-06-2022,Shenzhen,Tianjin Jinmen Tiger,,2-3,3.05,away
28-06-2022,Daegu,Pohang Steelers,,3-2,3.20,home
28-06-2022,Jeonbuk,Suwon Bluewings,,3-0,1.90,home
27-06-2022,Asane,Sandnes,,2-1,3.50,home
27-06-2022,Ranheim,KFUM Oslo,,4-1,3.50,home
27-06-2022,Sogndal,Mjondalen,,1-0,2.00,home
27-06-2022,Sirius,Goteborg,,1-2,1.40,away
27-06-2022,Brommapojkarna,Oster,,1-1,1.40,draw
27-06-2022,Landskrona,Orebro,,2-1,2.30,home
27-06-2022,Patronato,Independiente,,3-1,1.35,home
27-06-2022,Sacachispas,Atletico Atlanta,,0-0,2.65,draw
27-06-2022,Bray,Wexford,,2-2,1.50,draw
27-06-2022,U. San Martin,Dep. Municipal,,1-1,2.05,draw
27-06-2022,Ferro,Chaco For Ever,,0-0,1.30,draw
27-06-2022,Sportivo Ameliano,Guairena FC,,2-2,3.00,draw
27-06-2022,Wanderers,Montevideo City,,1-0,2.30,home
27-06-2022,Atl. Tucuman,Godoy Cruz,,1-1,3.10,draw
27-06-2022,Operario,Chapecoense-SC,,2-1,2.80,home
27-06-2022,Tacuary,Sol de America,,2-2,2.95,draw
26-06-2022,Hammarby,Hacken,,2-2,1.85,draw
26-06-2022,Mjallby,Norrkoping,,1-1,2.10,draw
26-06-2022,Ham-Kam,Sarpsborg 08,,3-2,1.30,home
26-06-2022,Sandefjord,Tromso,,2-2,2.20,draw
26-06-2022,Stromsgodset,Lillestrom,,3-0,3.50,home
26-06-2022,San Lorenzo,Tigre,,1-1,3.15,draw
26-06-2022,Cantolao,ADT Tarma,,3-0,1.35,home
26-06-2022,Arsenal Dzyarzhynsk,Slavia Mozyr,,3-2,2.00,home
26-06-2022,Lel Makkasa,Al Masry,,0-2,2.95,away
26-06-2022,Platense,Sarmiento Junin,,0-0,2.20,draw
26-06-2022,Botafogo RJ,Fluminense,,0-1,1.40,away
26-06-2022,Goias,Cuiaba,,1-0,2.15,home
26-06-2022,Philadelphia Union,New York City,,2-1,1.30,home
26-06-2022,Nacional Asuncion,Guarani,,0-1,3.05,away
26-06-2022,Vancouver Whitecaps,New England Revolution,,0-0,2.45,draw
26-06-2022,Deportes Tolima,Atl. Nacional,,2-1,3.05,home
25-06-2022,Haugesund,Viking,,4-2,2.00,home
25-06-2022,Slutsk,Vitebsk,,0-2,2.15,away
25-06-2022,Aksu,Shakhtar Karagandy,,1-1,1.30,draw
25-06-2022,Riteriai,Hegelmann,,0-3,2.20,away
25-06-2022,Olympique de Safi,IR Tanger,,3-1,1.25,home
25-06-2022,Neman,BATE,,0-0,2.00,draw
25-06-2022,Austria U19,Serbia U19,,3-2,2.65,home
25-06-2022,Talleres Cordoba,Central Cordoba,,0-2,1.30,away
25-06-2022,Athletico-PR,Bragantino,,4-2,3.00,home
25-06-2022,Colon Santa Fe,Huracan,,0-1,1.40,away
25-06-2022,Estudiantes L.P.,Newells Old Boys,,0-2,2.10,away
25-06-2022,DC United,Nashville SC,,1-3,2.20,away
25-06-2022,Real Tomayapo,Royal Pari,,Postp,2.70,postponed
25-06-2022,Toronto FC,Atlanta Utd,,2-1,2.20,home
25-06-2022,Houston Dynamo,Chicago Fire,,2-0,2.20,home
25-06-2022,Inter Miami,Minnesota United,,2-1,2.70,home
24-06-2022,France U19,Italy U19,,4-1,2.00,home
24-06-2022,Romania U19,Slovakia U19,,0-1,1.45,away
24-06-2022,AB Argir,B68 Toftir,,0-3,2.00,away
24-06-2022,Drogheda,Sligo Rovers,,0-0,1.30,draw
24-06-2022,Shelbourne,Dundalk,,0-0,1.30,draw
24-06-2022,Wexford,Longford,,2-1,2.50,home
24-06-2022,Finn Harps,St. Patricks,,2-2,1.30,draw
24-06-2022,Afturelding,Thor,,4-1,3.50,home
24-06-2022,Selfoss,Fjolnir,,2-0,2.70,home
24-06-2022,Rosario,Gimnasia L.P.,,0-1,2.60,away
24-06-2022,Londrina,Guarani,,3-1,2.90,home
24-06-2022,Cincinnati,Orlando City,,1-0,2.25,home
24-06-2022,Jeonbuk,Daegu,,1-1,1.95,draw
24-06-2022,Fukuoka,Sanfrecce Hiroshima,,1-3,2.10,away
24-06-2022,Suwon FC,Suwon Bluewings,,3-0,3.10,home
24-06-2022,Tianjin Jinmen Tiger,Meizhou Hakka,,1-0,2.25,home
23-06-2022,Atmosfera,BFA Vilnius,,0-1,1.85,away
23-06-2022,Club Africain,CS Sfaxien,,0-0,1.20,draw
23-06-2022,Silas,Dainava,,0-2,2.10,away
23-06-2022,Abha,Al Feiha,,0-0,1.25,draw
23-06-2022,Al-Ettifaq,Al-Ittihad FC,,1-3,1.80,away
23-06-2022,Al-Taawon,Al-Shabab,,1-1,3.15,draw
23-06-2022,Vikingur G.II,Fuglafjordur,,1-1,1.95,draw
23-06-2022,Mouloudia Oujda,Rapide Oued Zem,,1-1,1.90,draw
23-06-2022,Grotta,Fylkir,,2-5,1.25,away
23-06-2022,Sao Paulo,Palmeiras,,1-0,2.45,home
23-06-2022,Atl. Tucuman,Independiente,,0-1,2.90,away
23-06-2022,Guairena FC,Tacuary,,0-0,1.95,draw
23-06-2022,CSA,Gremio,,1-1,2.30,draw
23-06-2022,Drogheda,Sligo Rovers,,0-0,1.30,draw
23-06-2022,Shelbourne,Dundalk,,0-0,2.45,draw
23-06-2022,Finn Harps,St. Patricks,,2-2,3.20,draw
22-06-2022,SJK,Haka,,2-2,3.10,draw
22-06-2022,VPS,Honka,,0-1,3.30,away
22-06-2022,Valmiera / BBS,Rigas,,4-0,2.45,home
22-06-2022,Gnistan,TPS,,0-1,1.25,away
22-06-2022,JaPS,Mikkelin,,1-4,1.40,away
22-06-2022,KPV,E.I.F,,1-1,1.25,draw
22-06-2022,Kajaanin Haka,OTP,,4-1,2.50,home
22-06-2022,Komeetat,OLS,,3-2,1.60,home
22-06-2022,Siauliai FA,Kauno Zalgiris,,0-1,1.85,away
22-06-2022,El Jadidi,FUS Rabat,,0-2,2.90,away
22-06-2022,Sud America,Progreso,,1-1,1.45,draw
22-06-2022,Villa Espanola,Juventud,,1-1,2.35,draw
22-06-2022,Resistencia,de Octubre,,0-1,3.05,away
22-06-2022,Bahia,Athletico-PR,,1-2,2.60,away
22-06-2022,Fortaleza,Ceara,,2-0,3.00,home
22-06-2022,New York,New York City,,3-0,2.50,home
21-06-2022,Hegelmann Litauen,Suduva,,2-2,1.30,draw
21-06-2022,Spartaks Jurmala,Metta/LU,,4-2,2.30,home
21-06-2022,Saburtalo,Telavi,,1-0,1.85,home
21-06-2022,Levadia Tallinn,Vikingur Reykjavik,,1-6,1.30,away
21-06-2022,Aldosivi,Platense,,0-0,1.45,draw
21-06-2022,Chapecoense-SC,CRB,,1-2,1.25,away
21-06-2022,Cordoba Santiago,San Lorenzo,,0-2,2.25,away
21-06-2022,Sapporo,Kofu,,1-2,2.05,away
21-06-2022,Bellmare S.,Jubilo Iwata,,0-1,1.85,away
21-06-2022,Gamba Osaka,Oita Trinita,,3-1,2.50,home
21-06-2022,Shimizu SP,Kyoto Purple Sanga,,0-1,1.90,away
21-06-2022,Incheon United,Gangwon FC,,4-1,3.10,home
21-06-2022,Seoul,Ulsan,,1-2,2.05,away
21-06-2022,SJK,Haka,,2-2,3.10,draw
21-06-2022,VPS,Honka,,0-1,3.30,away
21-06-2022,Resistencia,de Octubre,,0-1,3.05,away
20-06-2022,Asane,Ranheim,,1-2,1.25,away
20-06-2022,Hammarby TFF,Taby,,3-0,2.00,home
20-06-2022,Kongsvinger,Groruddalen,,2-2,1.75,draw
20-06-2022,Sandnes,KFUM Oslo,,2-2,1.25,draw
20-06-2022,Skeid,Sogndal,,2-3,2.35,away
20-06-2022,Fram,Ibv,,3-3,2.05,draw
20-06-2022,Ca Brown,Def. de Belgrano,,0-0,2.75,draw
20-06-2022,Boston River,Danubio,,2-0,1.30,home
20-06-2022,Stjarnan,KR Reykjavik,,1-1,3.55,draw
20-06-2022,Godoy Cruz,Defensa y Justicia,,2-1,2.20,home
20-06-2022,Ayacucho,Sport Huancayo,,1-1,1.35,draw
20-06-2022,Cerro Largo,Plaza Colonia,,1-0,2.90,home
20-06-2022,Gimnasia L.P.,Racing Club,,3-1,3.10,home
20-06-2022,Sao Paulo,Palmeiras,,1-2,3.05,away
20-06-2022,Independiente,Estudiantes L.P.,,2-1,3.05,home
20-06-2022,Newells Old Boys,Argentinos Jrs,,1-0,3.00,home
19-06-2022,Panevezys,Zalgiris,,0-2,3.10,away
19-06-2022,Jerv,Ham-Kam,,1-2,2.30,away
19-06-2022,Lillestrom,Rosenborg,,3-1,1.30,home
19-06-2022,Odd Grenland,Molde,,1-2,1.90,away
19-06-2022,Tigre,Banfield,,0-1,1.20,away
19-06-2022,Slavia Mozyr,Minsk,,4-2,2.10,home
19-06-2022,Aalesund,Valerenga,,2-2,2.75,draw
19-06-2022,Al Ahly,Zamalek,,2-2,1.60,draw
19-06-2022,Huracan,Atl. Tucuman,,0-0,1.85,draw
19-06-2022,Lanus,Colon Santa,,1-0,3.10,home
19-06-2022,Tenerife,Girona,,1-3,2.90,away
19-06-2022,Atletico-MG,Flamengo RJ,,2-0,2.00,home
19-06-2022,Coritiba,Athletico-PR,,0-1,2.50,away
19-06-2022,Union de Santa Fe,River Plate,,1-5,1.85,away
19-06-2022,Atletico GO,Juventude,,3-1,1.20,home
19-06-2022,Fortaleza,America MG,,1-0,1.25,home
18-06-2022,Al Masry,El Gouna,,1-0,2.20,home
18-06-2022,Enppi,Future FC,,1-2,1.30,away
18-06-2022,Sligo Rovers,Finn Harps,,3-0,1.90,home
18-06-2022,Seattle Sounders,Los Angeles FC,,1-1,2.15,draw
18-06-2022,Londrina,Vasco,,0-1,2.80,away
18-06-2022,Novorizontino,Tombense,,1-3,2.95,away
18-06-2022,Al Ittihad,Lel Makkasa,,1-0,1.75,home
18-06-2022,HIFK,VPS,,1-5,1.30,away
18-06-2022,Arsenal Sarandi,Talleres Cordoba,,1-1,1.45,draw
18-06-2022,Nautico,Sport Recife,,1-1,2.90,draw
18-06-2022,Cuiaba,Ceara,,0-0,1.40,draw
18-06-2022,Sarmiento Junin,Patronato,,3-1,2.50,home
18-06-2022,CF Montreal,Austin FC,,0-1,1.95,away
18-06-2022,Orlando City,Houston Dynamo,,2-1,1.75,home
18-06-2022,Santos,Bragantino,,2-2,1.30,draw
18-06-2022,Chicago Fire,DC United,,1-0,1.95,home
17-06-2022,Ceramica Cleopatra,Pharco,,1-1,1.20,draw
17-06-2022,SC Ismaily,Al Moqawloon,,0-0,1.25,draw
17-06-2022,Bohemians,Shelbourne,,1-0,1.20,home
17-06-2022,Dundalk,Shamrock Rovers,,1-0,3.30,home
17-06-2022,Cobh Ramblers,Wexford,,0-3,2.00,away
17-06-2022,El Gaish,Smouha,,3-3,2.70,draw
17-06-2022,General Caballero,Sol de America,,1-1,2.80,draw
17-06-2022,Criciuma,Brusque,,0-1,2.00,away
17-06-2022,CRB,Ituano,,1-1,2.35,draw
17-06-2022,JEF United,Omiya Ardija,,1-1,1.20,draw
17-06-2022,Jubilo Iwata,Sangan,,3-1,3.30,home
17-06-2022,Shimizu SP,Fukuoka,,3-1,2.60,home
17-06-2022,Bellmare S.,Tokyo,,2-0,2.70,home
17-06-2022,Kashiwa Reysol,Vissel Kobe,,3-1,2.20,home
17-06-2022,Sanfrecce Hiroshima,Cerezo Osaka,,2-1,2.00,home
17-06-2022,Urawa RD,Nagoya GE,,3-0,2.90,home
16-06-2022,Raja Casablanca,Wydad,,2-0,2.70,home
16-06-2022,Thor,Grotta,,0-2,1.25,away
16-06-2022,Botafogo,Sao Paulo,,1-0,1.35,home
16-06-2022,Keflavik,Stjarnan,,2-2,2.25,draw
16-06-2022,Fylkir,Hk Kopavogur,,0-1,2.20,away
16-06-2022,Kordrengir,Selfoss,,4-3,1.90,home
16-06-2022,Valur,Breidablik,,3-2,2.25,home
16-06-2022,FAR Rabat,Hassania Agadir,,2-1,1.20,home
16-06-2022,Port.Acarigua,Aragua,,1-0,2.70,home
16-06-2022,Argentinos Jrs,Independiente,,2-1,3.00,home
16-06-2022,Rosario Central,Godoy Cruz,,1-0,3.25,home
16-06-2022,Avai,Fortaleza,,3-2,2.30,home
16-06-2022,Vila Nova FC,Operario,,0-0,1.95,draw
16-06-2022,Platense,Gimnasia L.P.,,1-1,3.05,draw
16-06-2022,Racing Club,Velez Sarsfield,,2-0,2.40,home
16-06-2022,La Equidad,Ind. Medellin,,1-5,1.30,away
15-06-2022,KTP,Gnistan,,4-0,1.25,home
15-06-2022,Gimnasia Jujuy,Racing Cordoba,,1-0,1.30,home
15-06-2022,Barracas Central,Union de Santa Fe,,1-2,1.50,away
15-06-2022,Atl. Tucuman,Lanus,,2-1,2.70,home
15-06-2022,Banfield,Central Cordoba,,2-1,1.30,home
15-06-2022,Colon Santa FE,River Plate,,1-0,2.00,home
15-06-2022,Ceara,Atletico-MG,,0-0,2.20,draw
15-06-2022,Bucaramanga,Millonarios,,2-1,2.00,home
15-06-2022,Hartford Athletic,Memphis,,1-1,2.15,draw
15-06-2022,New York II,Tulsa,,0-0,2.50,draw
15-06-2022,Goias,Internacional,,1-2,2.35,away
15-06-2022,America MG,Fluminense,,0-0,2.35,draw
15-06-2022,Athletico-PR,Corinthians,,1-1,3.00,draw
15-06-2022,Atl. Nacional,CPD Junior,,2-1,2.00,home
15-06-2022,Oakland Roots,New Mexico,,1-2,3.40,away
15-06-2022,LA Galaxy II,Monterey Bay,,3-2,1.90,home
14-06-2022,India,Hong Kong,,4-0,1.25,home
14-06-2022,Kyrgyzstan,Tajikistan,,0-0,1.25,draw
14-06-2022,Ca Bizertin,Ben Guerdane,,1-1,1.85,draw
14-06-2022,Jordan,Kuwait,,3-0,2.15,home
14-06-2022,Taby,Orebro Syr.,,0-2,2.45,away
14-06-2022,San Lorenzo,Arsenal Sarandi,,3-3,1.35,draw
14-06-2022,Plaza Colonia,Boston River,,0-0,3.10,draw
14-06-2022,Poland,Belgium,,0-1,1.30,away
14-06-2022,B&H,Finland,,3-2,2.00,home
14-06-2022,Romania,Montenegro,,0-3,1.90,away
14-06-2022,Sportivo Ameliano,Olimpia,,1-4,1.75,away
14-06-2022,Patronato,Aldosivi,,1-0,2.20,home
14-06-2022,Talleres Cordoba,Newells Old Boys,,0-1,2.05,away
14-06-2022,Ferro Oeste,CA Atlanta,,1-0,3.00,home
14-06-2022,Defensa y Justicia,Huracan,,1-1,2.05,draw
14-06-2022,Juventude,Santos,,1-2,2.95,away
13-06-2022,Kazakhstan,Slovakia,,2-1,1.70,home
13-06-2022,Azerbaijan,Belarus,,2-0,1.30,home
13-06-2022,Australia,Peru,,0-0,2.00,draw
13-06-2022,Denmark,Austria,,2-0,1.80,home
13-06-2022,Iceland,Israel,,2-2,2.65,draw
13-06-2022,Nacional Asuncion,Tacuary,,3-0,1.95,home
13-06-2022,Defensor Sp.,Nacional,,0-1,1.30,away
13-06-2022,Ind. Rivadavia,San Martin S.J.,,0-0,1.30,draw
13-06-2022,Sport Recife,Gremio,,0-0,2.75,draw
13-06-2022,Guarani,Libertad Asuncion,,1-1,1.85,draw
13-06-2022,Honduras,Canada,,2-1,1.60,home
13-06-2022,San Lorenzo,Arsenal Sarandi,,3-3,1.35,draw
13-06-2022,Patronato,Aldosivi,,1-0,2.20,home
13-06-2022,Talleres Cordoba,Newells Old Boys,,0-1,2.05,away
13-06-2022,Ferro,Atletico Atlanta,,1-0,3.00,home
13-06-2022,Juventude,Santos,,1-2,2.95,away
12-06-2022,Novorizontino,Guarani,,1-2,1.25,away
12-06-2022,Jaro,Gnistan,,0-2,2.00,away
12-06-2022,Colon Santa FE,Union de Santa Fe,,2-2,2.20,draw
12-06-2022,Norway,Sweden,,3-2,1.25,home
12-06-2022,Godoy Cruz,Racing Club,,2-0,2.60,home
12-06-2022,Switzerland,Portugal,,1-0,1.30,home
12-06-2022,Slovenia,Serbia,,2-2,1.75,draw
12-06-2022,Goias,Ceara,,1-1,3.00,draw
12-06-2022,Vasco da Gama,Cruzeiro,,1-0,2.35,home
12-06-2022,Kansas City,New England,,1-2,2.85,away
12-06-2022,Palermo,Padova,,1-0,1.30,home
12-06-2022,Envigado,La Equidad,,0-3,2.80,away
12-06-2022,Coritiba,Palmeiras,,0-2,1.65,away
12-06-2022,Fortaleza,Athletico-PR,,0-0,1.90,draw
12-06-2022,Tombense,CSA,,2-1,2.80,home
12-06-2022,Cordoba Santiago,Boca Juniors,,1-0,2.05,home
11-06-2022,Brusque,Ituano,,0-1,1.25,away
11-06-2022,R.Ireland,Scotland,,3-0,2.80,home
11-06-2022,Faroe Islands,Lithuania,,2-1,3.10,home
11-06-2022,Arsenal Sarandi,Banfield,,0-0,3.00,draw
11-06-2022,Wales,Belgium,,1-1,1.85,draw
11-06-2022,Montenegro,Bosnia & Herzegovina,,1-1,1.35,draw
11-06-2022,Romania,Finland,,1-0,1.30,home
11-06-2022,Girona,Tenerife,,0-0,1.25,draw
11-06-2022,Charlotte,New York Red Bulls,,2-0,1.30,home
11-06-2022,CRB,Vila Nova FC,,1-0,2.85,home
11-06-2022,Ponte Preta,Londrina,,1-2,2.10,away
11-06-2022,Sarmiento Junin,Argentinos Jrs,,1-0,2.05,home
11-06-2022,Operario,Bahia,,0-1,2.30,away
11-06-2022,Cuiaba,Bragantino,,1-1,2.95,draw
11-06-2022,Internacional,Flamengo RJ,,3-1,3.10,home
11-06-2022,Millonarios,Atl. Nacional,,0-0,2.00,draw
10-06-2022,Finland U21,Norway U21,,0-2,2.30,away
10-06-2022,Hussein Dey,Biskra,,1-2,1.45,away
10-06-2022,BK Olympic,Chelghoum Laid,,3-3,3.10,draw
10-06-2022,Moldova,Latvia,,2-4,1.45,away
10-06-2022,Athlone,Cobh Ramblers,,5-2,2.30,home
10-06-2022,Wexford,Treaty United,,1-1,1.60,draw
10-06-2022,Denmark,Croatia,,0-1,1.90,away
10-06-2022,Albania,Israel,,1-2,2.30,away
10-06-2022,Belarus,Kazakhstan,,1-1,3.00,draw
10-06-2022,Gimnasia L.P.,Patronato,,2-0,1.85,home
10-06-2022,Aldosivi,Estudiantes L.P.,,0-1,2.00,away
10-06-2022,Lanus,Defensa y Justicia,,1-1,1.45,draw
10-06-2022,Sampaio Correa,Nautico,,2-0,2.50,home
10-06-2022,Huracan,Rosario Central,,2-0,1.95,home
10-06-2022,Independiente,Talleres Cordoba,,1-0,2.10,home
10-06-2022,Chapecoense-SC,Criciuma,,2-3,1.30,away
09-06-2022,Sweden U21,Italy U21,,1-1,2.50,draw
09-06-2022,Ukraine U21,France U21,,3-3,1.95,draw
09-06-2022,Switzerland,Spain,,0-1,1.90,away
09-06-2022,Sweden,Serbia,,0-1,3.10,away
09-06-2022,Kosovo,Northern Ireland,,3-2,1.25,home
09-06-2022,Macedonia,Georgia,,0-3,2.25,away
09-06-2022,Malta,Estonia,,1-2,1.40,away
09-06-2022,Dominica,Saint Lucia,,0-1,2.75,away
09-06-2022,Newells Old Boys,San Lorenzo,,0-0,2.10,draw
09-06-2022,Coritiba,Sao Paulo,,1-1,2.35,draw
09-06-2022,La Equidad,Deportes Tolima,,1-0,1.35,home
09-06-2022,Finland U21,Norway U21,,0-2,2.30,away
09-06-2022,Moldova,Latvia,,2-4,1.45,away
09-06-2022,Denmark,Croatia,,0-1,1.90,away
09-06-2022,Albania,Israel,,1-2,2.30,away
09-06-2022,Belarus,Kazakhstan,,1-1,3.00,draw
08-06-2022,R.Ireland,Ukraine,,0-1,2.30,away
08-06-2022,Sudan,D.R. Congo,,2-1,1.40,home
08-06-2022,Atletico Palmaflor,The Strongest,,1-2,1.35,away
08-06-2022,America MG,Ceara,,0-2,1.35,away
08-06-2022,Juventude,Athletico-PR,,1-3,2.95,away
08-06-2022,Atletico GO,Avai,,2-1,1.65,home
08-06-2022,Bragantino,Flamengo RJ,,1-0,2.10,home
08-06-2022,Fluminense,Atletico-MG,,5-3,2.10,home
08-06-2022,Santos,Internacional,,1-1,3.00,draw
08-06-2022,Bahia,Sport Recife,,1-0,1.15,home
08-06-2022,Bucaramanga,Atl. Nacional,,0-1,2.40,away
08-06-2022,Cangzhou Mighty Lions,Meizhou Hakka,,1-1,2.90,draw
08-06-2022,Tianjin Jinmen Tiger,Shenzhen,,1-2,1.65,away
08-06-2022,Sweden U21,Italy U21,,1-1,2.50,draw
08-06-2022,Ukraine U21,France U21,,3-3,1.95,draw
08-06-2022,Sweden,Serbia,,0-1,3.10,away
07-06-2022,Lithuania U21,Northern Ireland U21,,1-1,1.30,draw
07-06-2022,Latvia U21,Hungary U21,,0-2,2.15,away
07-06-2022,Poland U21,Germany U21,,1-2,2.75,away
07-06-2022,Finland,Montenegro,,2-0,3.20,home
07-06-2022,Uzbekistan U23,Iran U23,,1-1,1.50,draw
07-06-2022,Germany,England,,1-1,2.25,draw
07-06-2022,B&H,Romania,,1-0,2.15,home
07-06-2022,Faroe Islands,Luxembourg,,0-1,2.05,away
07-06-2022,Guyana,Bermuda,,2-1,2.20,home
07-06-2022,Almirante Brown,Flandria,,0-1,2.00,away
07-06-2022,Londrina,Tombense,,1-1,2.10,draw
07-06-2022,Nautico,Vasco,,2-3,1.45,away
07-06-2022,Vila Nova FC,Brusque,,0-2,1.25,away
07-06-2022,Ituano,Ponte Preta,,1-2,2.90,away
07-06-2022,Cuiaba,Corinthians,,1-0,1.35,home
07-06-2022,CSA,Chapecoense,,1-1,2.95,draw
06-06-2022,Cyprus U21,Greece U21,,3-0,1.70,home
06-06-2022,Dep. Riestra,Deportivo Madryn,,0-0,2.75,draw
06-06-2022,Austria,Denmark,,1-2,2.50,away
06-06-2022,Croatia,France,,1-1,2.05,draw
06-06-2022,Iceland,Albania,,1-1,1.40,draw
06-06-2022,Belarus,Azerbaijan,,0-0,1.40,draw
06-06-2022,Andorra,Moldova,,0-0,2.00,draw
06-06-2022,Villa Dalmine,Temperley,,0-0,1.25,draw
06-06-2022,Wanderers,Boston River,,1-2,3.05,away
06-06-2022,Rosario Central,Lanus,,0-0,3.20,draw
06-06-2022,Def. de Belgrano,San Martin T.,,0-0,1.20,draw
06-06-2022,Finland,Montenegro,,2-0,3.20,home
06-06-2022,UAE,Australia,,1-2,1.75,away
06-06-2022,Germany,England,,1-1,2.25,draw
06-06-2022,B&H,Romania,,1-0,2.15,home
06-06-2022,Faroe Islands,Luxembourg,,0-1,2.05,away
05-06-2022,Grimsby,Solihull Moors,,1-1,2.20,draw
05-06-2022,Juventude,Fluminense,,1-0,2.60,home
05-06-2022,Talleres,Sarmiento,,2-0,1.75,home
05-06-2022,Union de Santa Fe,Tigre,,1-2,2.45,away
05-06-2022,Wales,Ukraine,,1-0,1.45,home
05-06-2022,Cyprus,Northern Ireland,,0-0,2.00,draw
05-06-2022,Eibar,Girona,,0-1,2.30,away
05-06-2022,Sweden,Norway,,1-2,2.20,away
05-06-2022,Kosovo,Greece,,0-1,1.35,away
05-06-2022,Bulgaria,Georgia,,2-5,1.60,away
05-06-2022,Padova,Palermo,,0-1,2.20,away
05-06-2022,Palmeiras,Atletico-MG,,0-0,3.20,draw
05-06-2022,Estudiantes L.P.,Gimnasia L.P.,,1-1,1.25,draw
05-06-2022,Envigado,Ind. Medellin,,0-0,2.20,draw
05-06-2022,Sport Huancayo,Alianza Lima,,2-0,3.30,home
05-06-2022,Bragantino,Internacional,,0-2,3.20,away
04-06-2022,Atl. Tucuman,Colon Santa FE,,1-1,1.35,draw
04-06-2022,Finland,Bosnia & Herzegovina,,1-1,3.15,draw
04-06-2022,Lithuania,Luxembourg,,0-2,2.35,away
04-06-2022,San Lorenzo,Independiente,,1-1,3.00,draw
04-06-2022,Italy,Germany,,1-1,1.40,draw
04-06-2022,Montenegro,Romania,,2-0,3.05,home
04-06-2022,Las Palmas,Tenerife,,1-2,1.90,away
04-06-2022,Banfield,Newells Old Boys,,1-2,1.90,away
04-06-2022,America MG,Cuiaba,,2-1,1.80,home
04-06-2022,Athletico-PR,Santos,,2-2,2.00,draw
04-06-2022,Avai,Sao Paulo,,1-1,1.30,draw
04-06-2022,Suriname,Jamaica,,1-1,1.35,draw
04-06-2022,Vancouver Whitecaps,Real Salt Lake,,2-1,2.40,home
04-06-2022,Atletico Goianiense,Corinthians,,0-1,2.60,away
04-06-2022,Montserrat,Guyana,,1-2,2.00,away
04-06-2022,CPD Junior,Millonarios,,2-1,1.25,home
03-06-2022,Estonia U21,Azerbaijan U21,,0-5,1.85,away
03-06-2022,Norway U21,Croatia U21,,3-2,2.30,home
03-06-2022,Czech Republic U21,England U21,,1-2,1.80,away
03-06-2022,Croatia,Austria,,0-3,1.95,away
03-06-2022,Belgium,Netherlands,,1-4,1.40,away
03-06-2022,Mineros,Hermanos Colmenares,,3-1,1.30,home
03-06-2022,Chapecoense-SC,Londrina,,Postp,1.20,postponed
03-06-2022,Montevideo City,River Plate,,0-0,3.25,draw
03-06-2022,Barracas,Central Cordoba,,1-1,1.40,draw
03-06-2022,Atletico Atlanta,Ind. Rivadavia,,0-2,2.85,away
03-06-2022,Carabobo,Caracas,,0-0,2.35,draw
03-06-2022,Curacao,Honduras,,0-1,2.50,away
03-06-2022,Nicaragua,Trinidad,,2-1,2.00,home
03-06-2022,Sapporo,Sanfrecce Hiroshima,,0-3,2.25,away
03-06-2022,Cerezo Osaka,Bellmare S.,,1-0,1.95,home
03-06-2022,Shenzhen,Chengdu Rongcheng,,2-0,2.85,home
02-06-2022,Mozambique,Rwanda,,1-1,2.20,draw
02-06-2022,Bulgaria,North Macedonia,,1-1,1.40,draw
02-06-2022,Cyprus,Kosovo,,0-2,2.10,away
02-06-2022,Girona,Eibar,,0-1,3.20,away
02-06-2022,Bandirmaspor,Istanbulspor,,1-2,3.30,away
02-06-2022,Czech Republic,Switzerland,,2-1,3.20,home
02-06-2022,Spain,Portugal,,1-1,1.30,draw
02-06-2022,Israel,Iceland,,2-2,1.90,draw
02-06-2022,Serbia,Norway,,0-1,2.30,away
02-06-2022,Slovenia,Sweden,,0-2,2.25,away
02-06-2022,Northern Ireland,Greece,,0-1,1.35,away
02-06-2022,Vasco da Gama,Gremio,,0-0,2.85,draw
02-06-2022,Panama,Costa Rica,,2-0,2.95,home
02-06-2022,Guadeloupe,Cuba,,2-1,3.10,home
02-06-2022,Guarani,Vila Nova,,1-1,3.00,draw
02-06-2022,Sport Recife,Ponte Preta,,2-1,1.20,home
01-06-2022,Oran,Saoura,,2-1,1.35,home
01-06-2022,Scotland,Ukraine,,1-3,3.05,away
01-06-2022,Italy,Argentina,,0-3,3.00,away
01-06-2022,Tenerife,Las Palmas,,1-0,1.50,home
01-06-2022,Atletico Palmaflor,Always Ready,,2-1,2.30,home
01-06-2022,Fortaleza,Ceara,,0-1,2.30,away
01-06-2022,USA,Morocco,,3-0,2.10,home
01-06-2022,CRB,CSA,,0-0,2.95,draw
01-06-2022,Japan,Paraguay,,4-1,1.80,home
01-06-2022,Bulgaria,North Macedonia,,1-1,1.40,draw
01-06-2022,Girona,Eibar,,0-1,3.20,away
01-06-2022,Czech Republic,Switzerland,,2-1,3.20,home
01-06-2022,Spain,Portugal,,1-1,1.30,draw
01-06-2022,Israel,Iceland,,2-2,1.90,draw
01-06-2022,Serbia,Norway,,0-1,2.30,away
01-06-2022,Slovenia,Sweden,,0-2,2.25,away
31-05-2022,Cajamarca,Binacional,,2-0,1.30,home
31-05-2022,Sport Recife,Ponte Preta,,2-1,1.20,home
31-05-2022,Bucaramanga,CPD Junior,,2-0,1.30,home
31-05-2022,Atl. Nacional,Millonarios,,2-2,3.00,draw
31-05-2022,Belarus U21,Cyprus U21,,2-0,2.20,home
31-05-2022,Scotland,Ukraine,,1-3,3.05,away
31-05-2022,Italy,Argentina,,0-3,3.00,away
31-05-2022,Tenerife,Las Palmas,,1-0,1.50,home
31-05-2022,Fortaleza,Ceara,,0-1,2.30,away
31-05-2022,USA,Morocco,,3-0,2.10,home
31-05-2022,CRB,CSA,,0-0,2.95,draw
31-05-2022,Japan,Paraguay,,4-1,1.80,home
31-05-2022,Girona,Eibar,,0-1,3.20,away
31-05-2022,Czech Republic,Switzerland,,2-1,3.20,home
31-05-2022,Spain,Portugal,,1-1,2.20,draw
31-05-2022,Serbia,Norway,,0-1,2.30,away
29-05-2022,Ranheim,Fredrikstad,,3-2,2.20,home
29-05-2022,Istanbulspor,Erzurum,,0-1,1.30,away
29-05-2022,Huddersfield,Nottingham,,0-1,2.15,away
29-05-2022,Mariehamn,VPS,,1-3,2.30,away
29-05-2022,Haugesund,Aalesund,,2-2,3.00,draw
29-05-2022,Jerv,Sarpsborg 08,,0-5,2.00,away
29-05-2022,Molde,Bodo/Glimt,,3-1,2.75,home
29-05-2022,Tromso,Lillestrom,,2-2,1.65,draw
29-05-2022,St Etienne,Auxerre,,1-1,1.30,draw
29-05-2022,Burgos,Girona,,0-0,2.05,draw
29-05-2022,Valerenga,Rosenborg,,0-4,3.00,away
29-05-2022,Pisa,Monza,,3-2,2.50,home
29-05-2022,Coritiba,Botafogo,,1-0,3.15,home
29-05-2022,Santos,Palmeiras,,0-1,1.25,away
29-05-2022,Cuiaba,Athletico-PR,,0-1,2.90,away
29-05-2022,Fluminense,Flamengo,,1-2,1.85,away
28-05-2022,Ham-Kam,Odd Grenland,,1-2,1.30,away
28-05-2022,AC Oulu,SJK,,1-0,2.15,home
28-05-2022,Ghazl El Mahallah,El Gaish,,0-1,2.45,away
28-05-2022,Mansfield,Port Vale,,0-3,1.40,away
28-05-2022,MC Alger,Kabylie,,0-2,2.80,away
28-05-2022,Stromsgodset,Viking,,3-2,3.60,home
28-05-2022,Amorebieta,Ponferradina,,1-0,2.10,home
28-05-2022,Lugo,Malaga,,1-0,2.25,home
28-05-2022,Smouha,Enppi,,1-1,2.80,draw
28-05-2022,Liverpool,Real Madrid,,0-1,2.05,away
28-05-2022,Goias,Bragantino,,1-1,1.25,draw
28-05-2022,CSA,Novorizontino,,2-1,3.10,home
28-05-2022,Atlanta Utd,Columbus,,1-2,1.25,away
28-05-2022,Toronto,Chicago,,3-2,2.35,home
28-05-2022,New England,Philadelphia,,1-1,2.00,draw
28-05-2022,Orlando City,Dallas,,1-3,2.05,away
27-05-2022,Slutsk,Gomel,,2-2,3.10,draw
27-05-2022,El Gouna,Al Ittihad,,1-0,1.40,home
27-05-2022,Riga,Rigas,,2-0,2.50,home
27-05-2022,Royal AM,Orlando Pirates,,2-2,1.35,draw
27-05-2022,Albion Montevideo,Danubio,,1-2,1.25,away
27-05-2022,Dac Streda,Trencin,,2-1,1.85,home
27-05-2022,Dundalk,St. Patricks,,1-0,2.05,home
27-05-2022,Cobh Ramblers,Longford,,2-4,1.85,away
27-05-2022,Galway,Cork City,,0-1,2.60,away
27-05-2022,Mirandes,Fuenlabrada,,5-1,1.90,home
27-05-2022,Sociedad II,Zaragoza,,1-2,2.40,away
27-05-2022,Lel Makkasa,Pharco,,0-0,1.25,draw
27-05-2022,Aragua,Port.Acarigua,,0-1,2.75,away
27-05-2022,Kumamoto,Kofu,,1-1,3.10,draw
27-05-2022,Sanfrecce Hiroshima,Nagoya GE,,1-0,2.10,home
26-05-2022,Skeid,Sandnes,,0-1,2.40,away
26-05-2022,WSG Tirol,Rapid,,1-2,1.25,away
26-05-2022,Tabor Sezana,Triglav,,3-1,3.10,home
26-05-2022,Asane,Groruddalen,,3-2,2.10,home
26-05-2022,Fredrikstad,Kfum,,1-2,1.95,away
26-05-2022,Stjordals,Sogndal,,1-3,2.10,away
26-05-2022,Crvena zvezda,Partizan,,2-1,1.25,home
26-05-2022,Schaffhausen,Luzern,,2-2,2.05,draw
26-05-2022,Al Masry Club,NB Egypt,,1-3,2.40,away
26-05-2022,Al Ain,Al Sharjah,,1-1,1.25,draw
26-05-2022,Auxerre,St Etienne,,1-1,1.40,draw
26-05-2022,Kayserispor,Sivasspor,,1-1,2.50,draw
26-05-2022,Vitesse,AZ Alkmaar,,2-1,2.30,home
26-05-2022,Sarpsborg 08,Molde,,1-2,2.40,away
26-05-2022,Monza,Pisa,,2-1,2.00,home
26-05-2022,Pyramids,Future,,0-0,2.10,draw
25-05-2022,Erzurum,Istanbulspor,,2-4,1.25,away
25-05-2022,Kristiansund,Tromso,,Postp,3.00,postponed
25-05-2022,Lunds,Torns,,1-0,1.90,home
25-05-2022,Catanzaro,Padova,,0-0,3.00,draw
25-05-2022,Al Wasl,Al Jazira,,2-1,1.40,home
25-05-2022,IFK Malmo,Qviding,,1-2,1.25,away
25-05-2022,Tvaakers,Ljungskile,,0-0,1.25,draw
25-05-2022,Sylvia,Sandvikens,,1-1,2.00,draw
25-05-2022,Eyupspor,Bandirmaspor,,1-0,2.20,home
25-05-2022,Lillestrom,Valerenga,,2-0,1.65,home
25-05-2022,FeralpiSalo,Palermo,,0-3,3.00,away
25-05-2022,Roma,Feyenoord,,1-0,1.35,home
25-05-2022,Ittihad Tanger,Berkane,,0-0,2.85,draw
25-05-2022,Londrina,Operario,,2-1,2.90,home
25-05-2022,Colo Colo,Fortaleza CE,,3-4,2.05,away
25-05-2022,Wanderers,B.Guayaquil,,0-0,2.05,draw
24-05-2022,Foolad,Sepahan,,Postp,1.20,postponed
24-05-2022,Zilina,Trencin,,0-2,2.60,away
24-05-2022,Enppi,Ghazl El Mahallah,,2-2,2.70,draw
24-05-2022,Jonkopings sodra,Skovde AIK,,0-1,2.10,away
24-05-2022,Ostersunds,Orgryte,,0-0,2.75,draw
24-05-2022,Hapoel B.S.,Maccabi Haifa,,2-2,1.25,draw
24-05-2022,Orlando Pirates,Maritzburg Utd,,4-1,1.85,home
24-05-2022,Excelsior,ADO Den Haag,,1-1,1.25,draw
24-05-2022,Dynamo Dresden,Kaiserslautern,,0-2,1.50,away
24-05-2022,Villefranche,Quevilly Rouen,,1-3,2.20,away
24-05-2022,Halifax,Chesterfield,,1-2,2.20,away
24-05-2022,Union La Calera,U. Catolica,,3-2,1.90,home
24-05-2022,Nacional,Bragantino,,3-0,2.30,home
24-05-2022,Ponte Preta,Chapecoense,,0-0,2.85,draw
24-05-2022,Ind. Medellin,Guairena,,1-1,2.05,draw
24-05-2022,U. Catolica,Talleres,,0-1,2.25,away
23-05-2022,FC Arges,Voluntari,,0-1,2.70,away
23-05-2022,Groruddalen,Bryne,,2-2,2.30,draw
23-05-2022,Kfum,Kongsvinger,,1-0,1.30,home
23-05-2022,Ranheim,Start,,2-2,1.90,draw
23-05-2022,Sandnes,Mjondalen,,0-2,1.25,away
23-05-2022,Skeid,Stjordals,,3-1,2.15,home
23-05-2022,Pharco,El Gouna,,0-0,1.35,draw
23-05-2022,Fredericia,Horsens,,0-4,1.80,away
23-05-2022,Hvidovre,Helsingor,,2-0,1.90,home
23-05-2022,Sundsvall,Mjallby,,2-0,1.30,home
23-05-2022,Hamburger,Hertha,,0-2,2.20,away
23-05-2022,Sligo Rovers,Derry City,,2-1,1.85,home
23-05-2022,St. Patricks,Bohemians,,3-0,3.20,home
23-05-2022,Notts County,Grimsby,,1-1,2.05,draw
23-05-2022,Finn Harps,Dundalk,,0-1,1.90,away
23-05-2022,Deportivo Cuenca,Orense SC,,1-1,2.15,draw
22-05-2022,Brentford,Leeds,,1-2,1.30,away
22-05-2022,Brighton,West Ham,,3-1,2.50,home
22-05-2022,Burnley,Newcastle,,1-2,2.40,away
22-05-2022,Crystal Palace,Manchester Utd,,1-0,1.30,home
22-05-2022,Leicester,Southampton,,4-1,1.90,home
22-05-2022,Brondby,Silkeborg,,2-1,2.30,home
22-05-2022,Elche,Getafe,,3-1,2.90,home
22-05-2022,Hatayspor,Giresunspor,,4-1,1.85,home
22-05-2022,Haugesund,Bodo/Glimt,,1-4,1.90,away
22-05-2022,Tromso,Viking,,1-1,2.25,draw
22-05-2022,Club Brugge,Anderlecht,,1-1,2.00,draw
22-05-2022,Osasuna,Mallorca,,0-2,2.20,away
22-05-2022,Ham-Kam,Rosenborg,,1-1,1.35,draw
22-05-2022,Barcelona,Villarreal,,0-2,2.00,away
22-05-2022,Sociedad,Atl. Madrid,,1-2,1.35,away
22-05-2022,Sevilla,Ath Bilbao,,1-0,2.45,home
21-05-2022,Sunderland,Wycombe,,2-0,2.15,home
21-05-2022,Genoa,Bologna,,0-1,2.40,away
21-05-2022,Valencia,Celta Vigo,,2-0,2.75,home
21-05-2022,Pisa,Benevento,,1-0,1.55,home
21-05-2022,Freiburg,RB Leipzig,,1-1,2.00,draw
21-05-2022,Cartagena,Amorebieta,,5-0,2.20,home
21-05-2022,Fuenlabrada,Gijon,,0-0,2.20,draw
21-05-2022,Fiorentina,Juventus,,2-0,1.95,home
21-05-2022,Chaves,Moreirense,,2-0,1.40,home
21-05-2022,Angers,Montpellier,,2-0,2.00,home
21-05-2022,Brest,Bordeaux,,2-4,1.95,away
21-05-2022,Clermont,Lyon,,1-2,1.80,away
21-05-2022,Lens,Monaco,,2-2,2.00,draw
21-05-2022,Lorient,Troyes,,1-1,1.70,draw
21-05-2022,Marseille,Strasbourg,,4-0,1.30,home
21-05-2022,Las Palmas,R. Oviedo,,2-1,1.25,home
20-05-2022,Ethnikos Achnas,AEL Limassol,,1-2,1.80,away
20-05-2022,Istra 1961,Slaven Belupo,,3-1,2.50,home
20-05-2022,Antalyaspor,Galatasaray,,1-1,1.25,draw
20-05-2022,Denizlispor,Erzurum,,4-0,1.25,home
20-05-2022,Istanbulspor,Bandirmaspor,,0-0,2.40,draw
20-05-2022,CS Universitatea,Farul Constanta,,4-1,1.80,home
20-05-2022,Kaiserslautern,SG Dynamo Dresden,,0-0,1.30,draw
20-05-2022,Cosenza,Vicenza,,2-0,3.00,home
20-05-2022,Reggiana,FeralpiSalo,,1-2,1.60,away
20-05-2022,Auxerre,Sochaux,,0-0,3.10,draw
20-05-2022,Inverness,St Johnstone,,2-2,2.60,draw
20-05-2022,Torino,Roma,,0-3,2.10,away
20-05-2022,Bohemians,Sligo Rovers,,2-1,2.00,home
20-05-2022,Drogheda,Finn Harps,,3-1,2.60,home
20-05-2022,Rayo Vallecano,Levante,,2-4,2.00,away
20-05-2022,Zaragoza,Lugo,,1-0,1.25,home
19-05-2022,VPS,Inter Turku,,1-2,2.10,away
19-05-2022,CSKA Sofia,Botev Plovdiv,,0-0,1.30,draw
19-05-2022,Opava,Bohemians,,0-1,3.30,away
19-05-2022,Hobro,Vendsyssel,,2-0,1.30,home
19-05-2022,Heerenveen,AZ Alkmaar,,3-2,1.95,home
19-05-2022,AFC Eskilstuna,Norrby,,1-2,2.50,away
19-05-2022,Osters,Halmstad,,1-4,2.50,away
19-05-2022,Sepsi,Voluntari,,2-1,3.00,home
19-05-2022,Hertha,Hamburger,,0-1,2.40,away
19-05-2022,Grasshoppers,St. Gallen,,3-2,2.00,home
19-05-2022,Lausanne,Sion,,1-2,2.25,away
19-05-2022,Lugano,Zurich,,2-1,1.25,home
19-05-2022,Servette,Basel,,0-0,2.00,draw
19-05-2022,Port Vale,Swindon,,1-0,2.25,home
19-05-2022,Aston Villa,Burnley,,1-1,1.30,draw
19-05-2022,Utrecht,Vitesse,,3-1,3.60,home
18-05-2022,Slovacko,Sparta Prague,,3-1,2.65,home
18-05-2022,Helsingor,Lyngby,,1-2,3.00,away
18-05-2022,Hvidovre,Fredericia,,3-1,1.25,home
18-05-2022,Brescia,Monza,,1-2,2.10,away
18-05-2022,Orgryte,Trelleborgs,,1-2,2.65,away
18-05-2022,Skovde,Orebro,,0-0,2.35,draw
18-05-2022,Utsiktens,Landskrona,,2-2,1.85,draw
18-05-2022,Vasteras,Jonkopings Sodra,,2-2,1.25,draw
18-05-2022,Northampton,Mansfield,,0-1,1.35,away
18-05-2022,Eintracht Frankfurt,Rangers,,1-1,2.30,draw
18-05-2022,DC United,New York City,,0-2,2.20,away
18-05-2022,Minnesota United,Los Angeles Galaxy,,1-1,2.75,draw
18-05-2022,Houston,Seattle,,0-1,2.85,away
18-05-2022,Nashville,Montreal,,2-1,1.90,home
18-05-2022,Kansas City,Colorado,,2-1,1.45,home
18-05-2022,Atlas,Tigres Uanl,,3-0,2.80,home
17-05-2022,El Gouna,Lel Makkasa,,0-1,1.20,away
17-05-2022,Haka,SJK,,1-1,1.35,draw
17-05-2022,Kabylie,Saoura,,2-1,2.15,home
17-05-2022,Future,Al Ittihad,,4-3,1.20,home
17-05-2022,AEK,Olympiacos,,2-3,3.00,away
17-05-2022,PAOK,Panathinaikos,,2-0,2.20,home
17-05-2022,ADO Den Haag,Eindhoven,,2-1,1.40,home
17-05-2022,Benevento,Pisa,,1-0,2.05,home
17-05-2022,Paris,Sochaux,,1-2,3.00,away
17-05-2022,Nottingham,Sheffield Utd,,1-2,1.30,away
17-05-2022,Banfield,U. Catolica,,1-1,2.00,draw
17-05-2022,Caracas,The Strongest,,0-0,2.00,draw
17-05-2022,Bragantino,Estudiantes,,0-1,1.90,away
17-05-2022,Penarol,Cerro Porteno,,0-0,2.20,draw
17-05-2022,Boca Juniors,Corinthians,,1-1,3.00,draw
17-05-2022,Sporting Cristal,Talleres,,0-0,2.70,draw
16-05-2022,Aalesund,Molde,,0-2,2.05,away
16-05-2022,Kristiansund,Stromsgodset,,0-3,1.30,away
16-05-2022,Lillestrom,Sarpsborg 08,,1-0,1.90,home
16-05-2022,Odd Grenland,Haugesund,,0-4,2.05,away
16-05-2022,Sampdoria,Fiorentina,,4-1,1.70,home
16-05-2022,Galatasaray,Demirspor,,3-2,1.25,home
16-05-2022,Rizespor,Sivasspor,,1-2,2.70,away
16-05-2022,Silkeborg,Midtjylland,,1-4,1.30,away
16-05-2022,Djurgarden,Malmo,,4-0,2.15,home
16-05-2022,Universitatea,Sepsi,,0-5,2.10,away
16-05-2022,Maccabi T.A.,Hapoel B.S.,,1-1,2.05,draw
16-05-2022,Maccabi Netanya,Hapoel T.A.,,0-0,1.80,draw
16-05-2022,Juventus,Lazio,,2-2,3.50,draw
16-05-2022,Newcastle,Arsenal,,2-0,1.75,home
16-05-2022,Leiknir,Fram,,1-2,2.10,away
16-05-2022,Vikingur,Breidablik,,0-3,1.25,away
15-05-2022,Gijon,Girona,,2-1,3.00,home
15-05-2022,Mirandes,Ibiza,,4-0,2.00,home
15-05-2022,Feirense,Nacional,,4-1,1.55,home
15-05-2022,Genk,Gent,,0-2,2.10,away
15-05-2022,Randers,Copenhagen,,0-2,2.00,away
15-05-2022,Estrela Amadora,Sp.Covilha,,0-1,2.15,away
15-05-2022,Everton,Brentford,,2-3,2.10,away
15-05-2022,Aalborg,Brondby,,1-3,2.10,away
15-05-2022,Anderlecht,St.Gilloise,,0-2,2.35,away
15-05-2022,Famalicao,Braga,,3-2,2.20,home
15-05-2022,Atl. Madrid,Sevilla,,1-1,1.30,draw
15-05-2022,Cadiz,Real Madrid,,1-1,1.30,draw
15-05-2022,Getafe,Barcelona,,0-0,2.20,draw
15-05-2022,Levante,Alaves,,3-1,2.25,home
15-05-2022,Villarreal,Sociedad,,1-2,2.10,away
15-05-2022,Guimaraes,Gil Vicente,,5-0,1.35,home
14-05-2022,Sheffield Utd,Nottingham,,1-2,1.30,away
14-05-2022,ADO Den Haag,NAC Breda,,2-1,3.00,home
14-05-2022,Chelsea,Liverpool,,0-0,2.05,draw
14-05-2022,Udinese,Spezia,,2-3,1.75,away
14-05-2022,Verona,Torino,,0-1,3.50,away
14-05-2022,Brescia,Perugia,,1-1,1.90,draw
14-05-2022,Aris,AEK,,3-2,1.35,home
14-05-2022,Olympiacos,PAOK,,1-1,1.80,draw
14-05-2022,Mansfield,Northampton,,2-1,2.10,home
14-05-2022,Charleroi,KV Mechelen,,3-2,2.10,home
14-05-2022,Sligo Rovers,St. Patricks,,1-1,2.75,draw
14-05-2022,Bordeaux,Lorient,,0-0,1.30,draw
14-05-2022,Rennes,Marseille,,2-0,1.30,home
14-05-2022,Troyes,Lens,,1-3,2.10,away
14-05-2022,Toronto,Orlando City,,0-1,1.30,away
14-05-2022,Colorado,Los Angeles,,2-0,2.60,home
13-05-2022,VPS,SJK,,0-1,1.30,away
13-05-2022,Academico Viseu,Penafiel,,1-2,2.40,away
13-05-2022,Horsens,Helsingor,,3-3,2.20,draw
13-05-2022,Dalkurd,Skovde AIK,,3-1,2.65,home
13-05-2022,Din. Bucuresti,UTA Arad,,1-1,1.95,draw
13-05-2022,Eindhoven FC,Graafschap,,3-1,2.35,home
13-05-2022,Mezokovesd-Zsory,Ujpest,,2-3,2.90,away
13-05-2022,Annan,Edinburgh City,,2-1,2.00,home
13-05-2022,Ascoli,Benevento,,0-1,1.30,away
13-05-2022,Luton,Huddersfield,,1-1,3.05,draw
13-05-2022,Arbroath,Inverness,,0-1,1.40,away
13-05-2022,Dundalk,Bohemians,,3-1,3.30,home
13-05-2022,Shelbourne,Drogheda,,1-0,1.65,home
13-05-2022,Treaty United,Bray,,2-2,3.20,draw
13-05-2022,Wexford,Galway,,0-4,1.25,away
13-05-2022,Sociedad II,Almeria,,0-2,1.90,away
12-05-2022,Odense,Viborg,,1-1,1.35,draw
12-05-2022,Vejle Kolding,Aarhus,,1-0,2.40,home
12-05-2022,Vicenza,Cosenza,,1-0,1.20,home
12-05-2022,Virtus Entella,Foggia,,2-1,1.35,home
12-05-2022,FeralpiSalo,Pescara,,2-1,1.30,home
12-05-2022,Queen’s Park,Airdrieonians,,1-1,3.25,draw
12-05-2022,Tottenham,Arsenal,,3-0,2.20,home
12-05-2022,Cesena,Monopoli,,0-3,1.25,away
12-05-2022,Kidderminster,Boston Utd,,1-2,2.00,away
12-05-2022,Keflavik,Leiknir,,3-0,1.25,home
12-05-2022,Cruz Azul,Tigres Uanl,,0-1,3.00,away
12-05-2022,Santos,Coritiba,,3-0,1.75,home
12-05-2022,Fortaleza,Deportivo Cali,,1-1,2.20,draw
12-05-2022,Guadalajara,Atlas,,1-2,2.75,away
12-05-2022,Urawa RD,Sanfrecce Hiroshima,,0-0,2.45,draw
12-05-2022,Fremad Amager,HB Koge,,1-0,2.20,home
11-05-2022,Randers,Aalborg,,2-2,1.30,draw
11-05-2022,Alaves,Espanyol,,2-1,2.15,home
11-05-2022,Osasuna,Getafe,,1-1,1.50,draw
11-05-2022,Sivasspor,Alanyaspor,,1-1,2.90,draw
11-05-2022,Cambuur,Willem II,,1-1,2.50,draw
11-05-2022,Fortuna Sittard,Vitesse,,1-2,2.60,away
11-05-2022,Sparta,Zwolle,,2-0,1.30,home
11-05-2022,Utrecht,AZ Alkmaar,,2-2,1.35,draw
11-05-2022,RKC Waalwijk,Heracles,,2-0,2.25,home
11-05-2022,Club Brugge,St.Gilloise,,1-0,1.45,home
11-05-2022,Servette,Lugano,,2-2,3.00,draw
11-05-2022,Sion,Luzern,,1-3,2.20,away
11-05-2022,Motherwell,Hearts,,2-1,1.55,home
11-05-2022,St Johnstone,Aberdeen,,1-0,2.90,home
11-05-2022,St. Mirren,Livingston,,0-0,3.00,draw
11-05-2022,Juventus,Inter,,2-2,3.30,draw
10-05-2022,NAC Breda,ADO Den Haag,,1-2,1.35,away
10-05-2022,Mechelen,Gent,,1-2,1.95,away
10-05-2022,Valencia,Betis,,0-3,2.25,away
10-05-2022,Jonkopings Sodra,Landskrona,,2-4,1.95,away
10-05-2022,Pardubice,Zlin,,1-1,1.35,draw
10-05-2022,Karvina,Teplice,,2-2,2.20,draw
10-05-2022,Kayserispor,Trabzonspor,,4-2,1.30,home
10-05-2022,Thun,Schaffhausen,,2-5,2.05,away
10-05-2022,Xamax,Yverdon,,1-1,2.15,draw
10-05-2022,Granada,Ath Bilbao,,1-0,1.30,home
10-05-2022,Inverness,Arbroath,,0-0,2.15,draw
10-05-2022,Edinburgh City,Annan,,2-0,2.35,home
10-05-2022,Dundee,Hibernian,,3-1,1.25,home
10-05-2022,Grimsby,Boreham Wood,,1-0,1.80,home
10-05-2022,Bromley,Altrincham,,1-1,2.00,draw
10-05-2022,Excelsior,Roda,,2-2,1.30,draw
09-05-2022,Ranheim,Stabaek,,0-1,2.10,away
09-05-2022,Raufoss,Bryne,,2-0,1.90,home
09-05-2022,Sandnes,Fredrikstad,,0-4,2.35,away
09-05-2022,Anorthosis,Paphos,,1-0,2.00,home
09-05-2022,Katokopia,Ethnikos Achnas,,2-1,2.40,home
09-05-2022,Antalyaspor,Konyaspor,,3-2,1.45,home
09-05-2022,Helsingborg,Norrkoping,,0-1,1.30,away
09-05-2022,Sundsvall,Degerfors,,2-3,1.55,away
09-05-2022,Varnamo,Hacken,,1-2,1.30,away
09-05-2022,Skovde,Halmstad,,1-3,1.90,away
09-05-2022,Hapoel Haifa,MS Ashdod,,1-2,1.30,away
09-05-2022,Elfsborg,Djurgarden,,0-0,2.05,draw
09-05-2022,Rapid Bucuresti,Universitatea,,2-3,1.90,away
09-05-2022,Fiorentina,Roma,,2-0,1.30,home
09-05-2022,Girona,Tenerife,,0-1,2.20,away
09-05-2022,Belenenses,Famalicao,,2-3,2.20,away
08-05-2022,Lorient,Marseille,,0-3,1.95,away
08-05-2022,Kalmar,Hammarby,,2-0,1.95,home
08-05-2022,Varbergs,Sirius,,0-2,2.00,away
08-05-2022,Salernitana,Cagliari,,1-1,2.40,draw
08-05-2022,Besiktas,Fenerbahce,,1-1,1.30,draw
08-05-2022,Aalborg,Midtjylland,,1-2,2.20,away
08-05-2022,Haugesund,Kristiansund,,2-0,2.05,home
08-05-2022,Jerv,Tromso,,1-1,1.30,draw
08-05-2022,Sandefjord,Valerenga,,1-3,1.30,away
08-05-2022,Stromsgodset,Rosenborg,,3-0,1.45,home
08-05-2022,Ibiza,Lugo,,1-1,1.95,draw
08-05-2022,Espanyol,Osasuna,,1-1,2.35,draw
08-05-2022,Antwerp,Anderlecht,,0-4,2.05,away
08-05-2022,Aarhus,Sonderjyske,,1-1,1.30,draw
08-05-2022,Ham-Kam,Aalesund,,0-0,1.30,draw
08-05-2022,Atl. Madrid,Real Madrid,,1-0,2.10,home
07-05-2022,Brentford,Southampton,,3-0,1.35,home
07-05-2022,Burnley,Aston Villa,,1-3,1.40,away
07-05-2022,Ross County,Motherwell,,0-1,1.35,away
07-05-2022,Huesca,Gijon,,1-1,3.05,draw
07-05-2022,Estoril,Moreirense,,1-0,1.45,home
07-05-2022,Sassuolo,Udinese,,1-1,2.30,draw
07-05-2022,Demirspor,Alanyaspor,,1-2,2.00,away
07-05-2022,Basaksehir,Galatasaray,,0-0,1.95,draw
07-05-2022,Malaga,Oviedo,,0-0,1.40,draw
07-05-2022,Brighton,Manchester Utd,,4-0,2.50,home
07-05-2022,Hertha Berlin,Mainz,,1-2,2.50,away
07-05-2022,Celta Vigo,Alaves,,4-0,1.30,home
07-05-2022,Benfica,Porto,,0-1,3.50,away
07-05-2022,St. Gallen,Zurich,,1-2,2.10,away
07-05-2022,Betis,Barcelona,,1-2,2.20,away
07-05-2022,Nice,Nantes,,0-1,2.10,away
06-05-2022,Crotone,Parma,,0-1,1.45,away
06-05-2022,Fortuna Dusseldorf,Darmstadt,,2-1,1.25,home
06-05-2022,Paderborn,Sandhausen,,2-0,1.90,home
06-05-2022,Hatayspor,Trabzonspor,,1-1,2.50,draw
06-05-2022,Cambuur,RKC Waalwijk,,1-1,1.35,draw
06-05-2022,Excelsior,NAC Breda,,2-2,1.25,draw
06-05-2022,Helmond,Den Bosch,,1-1,2.30,draw
06-05-2022,Ajax II,De Graafschap,,1-1,2.25,draw
06-05-2022,Bochum,Bielefeld,,2-1,1.30,home
06-05-2022,Alessandria,Vicenza,,0-1,2.30,away
06-05-2022,Sunderland,Sheffield Wed,,1-0,3.10,home
06-05-2022,Inverness,Partick,,1-0,1.35,home
06-05-2022,Charleroi,Genk,,2-2,2.15,draw
06-05-2022,Shelbourne,Sligo Rovers,,2-1,2.45,home
06-05-2022,Levante,Sociedad,,2-1,2.35,home
06-05-2022,Lille,Monaco,,1-2,2.05,away
05-05-2022,Odense,Sonderjyske,,3-0,1.25,home
05-05-2022,Kisvarda,Ujpest,,2-1,1.35,home
05-05-2022,Al-Taawon,Al-Ettifaq,,0-4,2.00,away
05-05-2022,Al Nasr,Al Wasl,,3-2,2.35,home
05-05-2022,Al Batin,Al Ahli Jeddah,,2-2,1.95,draw
05-05-2022,Wycombe,Milton Keynes Dons,,2-0,1.35,home
05-05-2022,Eintracht Frankfurt,West Ham,,1-0,1.30,home
05-05-2022,Rangers,RB Leipzig,,3-1,2.00,home
05-05-2022,Marseille,Feyenoord,,0-0,2.10,draw
05-05-2022,Roma,Leicester,,1-0,1.30,home
05-05-2022,Dep.Lara,Hermanos Colmenares,,0-1,2.90,away
05-05-2022,Fortaleza,River Plate,,1-1,2.25,draw
05-05-2022,U. Magdalena,CD Equidad,,1-1,2.20,draw
05-05-2022,Everton CD,Sao Paulo,,0-0,2.05,draw
05-05-2022,Bragantino,Velez,,1-1,1.85,draw
05-05-2022,Ayacucho,Wilstermann,,0-0,1.50,draw
04-05-2022,MTK,Puskas,,0-0,2.05,draw
04-05-2022,Baroka,Golden Arrows,,1-0,2.55,home
04-05-2022,Chippa Utd.,Cape Town City,,0-0,1.30,draw
04-05-2022,PAOK,Olympiacos,,1-2,3.10,away
04-05-2022,Omonia,Anorthosis,,1-1,3.00,draw
04-05-2022,Krasnodar,Lokomotiv Moscow,,1-0,2.75,home
04-05-2022,Suduva,Riteriai,,1-1,1.35,draw
04-05-2022,G.Furth II,Heimstetten,,0-2,2.05,away
04-05-2022,Slovacko,Sparta Prague,,Postp,2.45,postponed
04-05-2022,Maritzburg Utd,Royal AM,,1-0,1.35,home
04-05-2022,Queen’s Park,Dunfermline,,0-0,3.05,draw
04-05-2022,Real Madrid,Manchester City,,2-1,1.25,home
04-05-2022,Colon,Cerro Porteno,,2-1,1.90,home
04-05-2022,Metropolitanos,Wanderers,,0-1,2.20,away
04-05-2022,Antofagasta,LDU Quito,,1-2,1.35,away
04-05-2022,Atletico GO,Defensa y Justicia,,3-2,1.30,home
03-05-2022,Inter Turku,HJK,,0-1,1.30,away
03-05-2022,Supersport,Stellenbosch,,0-0,1.25,draw
03-05-2022,Swallows,AmaZulu,,0-1,1.40,away
03-05-2022,LKS Lodz,Widzew Lodz,,0-1,1.50,away
03-05-2022,Fehervar,Honved,,2-0,1.80,home
03-05-2022,Bournemouth,Nottingham,,1-0,1.30,home
03-05-2022,Partick Thistle,Inverness,,1-2,3.05,away
03-05-2022,Montrose,Airdrieonians,,1-0,2.70,home
03-05-2022,Edinburgh City,Dumbarton,,4-1,2.20,home
03-05-2022,Chelmsford,Concord,,1-1,2.15,draw
03-05-2022,Gamba Osaka,Sapporo,,0-0,1.35,draw
03-05-2022,Albirex Niigata,Kanazawa,,1-0,1.95,home
03-05-2022,Kofu,Kusatsu,,1-0,1.80,home
03-05-2022,Oita Trinita,Omiya Ardija,,1-1,1.90,draw
03-05-2022,Okayama,Mito Hollyhock,,2-1,3.10,home
02-05-2022,Arsenal Tula,Nizhny Novgorod,,2-2,1.45,draw
02-05-2022,Leganes,Huesca,,2-1,2.30,home
02-05-2022,Asteras Tripolis,Lamia,,0-2,1.25,away
02-05-2022,Ionikos,Apollon S.,,5-1,1.60,home
02-05-2022,Chambly,Laval,,0-3,1.25,away
02-05-2022,Silkeborg,Aalborg,,4-2,1.95,home
02-05-2022,Goteborg,Kalmar,,1-2,1.30,away
02-05-2022,Dalkurd,Osters,,0-3,1.30,away
02-05-2022,Hammarby TFF,Malmo,,0-0,3.30,draw
02-05-2022,Getafe,Betis,,0-0,2.60,draw
02-05-2022,Ferreira,Tondela,,1-1,3.20,draw
02-05-2022,Fram,Akranes,,1-1,2.40,draw
02-05-2022,Nagoya GE,Kyoto Purple Sanga,,1-1,1.90,draw
02-05-2022,Sanfrecce Hiroshima,Kashiwa Reysol,,1-2,1.20,away
02-05-2022,Sangan,Cerezo Osaka,,1-1,3.00,draw
02-05-2022,Bellmare S.,Shimizu SP,,1-4,2.95,away
01-05-2022,Alcorcon,Girona,,0-1,1.85,away
01-05-2022,Gijon,Ibiza,,0-1,2.15,away
01-05-2022,Randers,Brondby,,2-1,2.05,home
01-05-2022,Granada,Celta Vigo,,1-1,2.75,draw
01-05-2022,Basel,Zurich,,0-2,2.30,away
01-05-2022,Bordeaux,Nice,,0-1,1.30,away
01-05-2022,West Ham,Arsenal,,1-2,1.80,away
01-05-2022,Midtjylland,Copenhagen,,0-0,2.50,draw
01-05-2022,Lugo,Tenerife,,0-2,3.05,away
01-05-2022,Ponferradina,Cartagena,,4-2,1.35,home
01-05-2022,Rayo Vallecano,Sociedad,,1-1,1.35,draw
01-05-2022,Anderlecht,Club Brugge,,0-0,1.30,draw
01-05-2022,Moreirense,Boavista,,1-2,1.30,away
01-05-2022,Galatasaray,Sivasspor,,2-3,1.95,away
01-05-2022,Goztepe,Rizespor,,1-7,1.95,away
01-05-2022,Marseille,Lyon,,0-3,1.30,away
30-04-2022,Southampton,Crystal Palace,,1-2,1.55,away
30-04-2022,Watford,Burnley,,1-2,2.70,away
30-04-2022,Wolverhampton,Brighton,,0-3,1.40,away
30-04-2022,Blackburn,Bournemouth,,0-3,1.40,away
30-04-2022,Blackpool,Derby,,0-2,1.85,away
30-04-2022,Bristol City,Hull,,5-0,2.20,home
30-04-2022,Cardiff,Birmingham,,1-1,2.05,draw
30-04-2022,Coventry,Huddersfield,,1-2,2.95,away
30-04-2022,Middlesbrough,Stoke,,3-1,1.80,home
30-04-2022,Reading,WBA,,0-1,2.40,away
30-04-2022,Dundee Utd,Motherwell,,1-0,3.10,home
30-04-2022,Sampdoria,Genoa,,1-0,1.35,home
30-04-2022,Hoffenheim,Freiburg,,3-4,2.75,away
30-04-2022,Valencia,Levante,,1-1,2.25,draw
30-04-2022,Burgos CF,Almeria,,0-2,1.25,away
30-04-2022,Ath Bilbao,Atl. Madrid,,2-0,1.40,home
29-04-2022,Hannover,Karlsruher,,2-0,1.90,home
29-04-2022,Heidenheim,Fortuna Dusseldorf,,1-3,1.40,away
29-04-2022,St. Pauli,Nurnberg,,1-1,1.90,draw
29-04-2022,Hvidovre,Horsens,,0-1,1.30,away
29-04-2022,Giresunspor,Demirspor,,2-0,1.30,home
29-04-2022,Xamax,Aarau,,0-3,1.85,away
29-04-2022,ADO Den Haag,Almere City,,1-0,2.35,home
29-04-2022,Eindhoven,Emmen,,1-0,3.40,home
29-04-2022,Telstar,Utrecht II,,1-3,1.25,away
29-04-2022,Winterthur,Schaffhausen,,1-1,1.25,draw
29-04-2022,QPR,Sheffield Utd,,1-3,1.75,away
29-04-2022,Arbroath,Morton,,3-0,1.95,home
29-04-2022,Ayr,Partick Thistle,,3-1,135,home
29-04-2022,Inverness,Hamilton,,4-0,1.95,home
29-04-2022,Raith,Kilmarnock,,1-1,3.40,draw
29-04-2022,Strasbourg,PSG,,3-3,1.95,draw
28-04-2022,KTP,TPS,,0-0,1.40,draw
28-04-2022,Manchester Utd,Chelsea,,1-1,1.30,draw
28-04-2022,West Ham,Eintracht Frankfurt,,1-2,1.90,away
28-04-2022,Leicester,Roma,,1-1,1.35,draw
28-04-2022,Feyenoord,Marseille,,3-2,2.15,home
28-04-2022,FUS Rabat,Raja Casablanca,,0-1,2.10,away
28-04-2022,Olimpia,Colon,,0-0,1.55,draw
28-04-2022,Wanderers,Lanus,,0-1,1.25,away
28-04-2022,Union La Calera,Santos,,1-1,2.20,draw
28-04-2022,Sapporo,Bellmare S.,,1-0,1.30,home
28-04-2022,Shimizu SP,Sanfrecce Hiroshima,,2-2,2.05,draw
28-04-2022,Cerezo Osaka,Kashima A.,,0-3,2.15,away
28-04-2022,Kashiwa R.,Sangan,,1-4,3.00,away
28-04-2022,Tokyo,Gamba Osaka,,2-0,1.85,home
28-04-2022,AC Oulu,Haka,,3-0,2.05,home
27-04-2022,Panevezys,Riteriai,,3-0,2.20,home
27-04-2022,Valmiera / BSS,Liepaja,,3-0,1.25,home
27-04-2022,Prostejov,Mas Taborsko,,1-2,1.30,away
27-04-2022,Slovan Usti,Dukla Prague,,1-1,1.30,draw
27-04-2022,Zizkov,Opava,,2-2,2.05,draw
27-04-2022,Sonderjyske,Odense,,1-2,3.05,away
27-04-2022,Wolfsberger,Austria Vienna,,1-1,1.30,draw
27-04-2022,Rigas,Riga,,2-1,2.50,home
27-04-2022,Olympiacos,PAOK,,0-0,1.95,draw
27-04-2022,Ahlen,Aachen,,0-2,1.30,away
27-04-2022,Guanacasteca,San Carlos,,2-3,2.50,away
27-04-2022,America Mineiro,Deportivo Tolima,,2-3,1.20,away
27-04-2022,Operario,Gremio,,0-1,1.95,away
27-04-2022,Olympic H.,Berkane,,1-0,2.90,home
27-04-2022,Newells Old,San Lorenzo,,1-2,1.70,away
27-04-2022,Colo Colo,River Plate,,1-2,3.20,away
26-04-2022,Anorthosis,Omonia,,0-2,1.30,away
26-04-2022,Hartberg,Altach,,4-0,1.25,home
26-04-2022,Ried,Admira,,1-1,1.40,draw
26-04-2022,Kalmar,Norrkoping,,1-2,1.30,away
26-04-2022,Orebro,Halmstad,,0-2,2.70,away
26-04-2022,Barnsley,Blackpool,,0-2,2.40,away
26-04-2022,Swansea,Bournemouth,,3-3,1.95,draw
26-04-2022,Portsmouth,Wigan,,3-2,2.40,home
26-04-2022,Sunderland,Rotherham,,1-1,2.30,draw
26-04-2022,Swindon,Forest Green,,2-1,2.30,home
26-04-2022,Southend,Boreham Wood,,1-0,2.40,home
26-04-2022,Bromley,Aldershot,,1-1,1.80,draw
26-04-2022,Concord,Slough,,1-1,2.25,draw
26-04-2022,Chester,York,,0-1,2.35,away
26-04-2022,Al Moqawloon,Al Ittihad,,1-1,1.40,draw
26-04-2022,SC Ismaily,Enppi,,0-2,1.30,away
25-04-2022,Tuzlaspor,Adanaspor AS,,4-1,1.35,home
25-04-2022,Trofense,Varzim,,1-0,1.45,home
25-04-2022,Honka,SJK,,5-1,2.10,home
25-04-2022,Aluminij,Celje,,0-6,2.00,away
25-04-2022,Como,Vicenza,,0-2,1.35,away
25-04-2022,Bryne,Ranheim,,1-2,2.30,away
25-04-2022,Kongsvinger,Asane,,1-1,1.80,draw
25-04-2022,Mjondalen,Fredrikstad,,2-0,1.35,home
25-04-2022,Brondby,Midtjylland,,1-3,2.00,away
25-04-2022,Varnamo,Degerfors,,2-0,2.10,home
25-04-2022,Landskrona,Orgryte,,3-2,2.30,home
25-04-2022,Wisla Krakow,Wisla Plock,,3-4,1.75,away
25-04-2022,Sivasspor,Alanyaspor,,1-0,1.30,home
25-04-2022,Preston,Blackburn,,1-4,1.40,away
25-04-2022,Perugia,Parma,,2-1,2.00,home
25-04-2022,Crystal Palace,Leeds,,0-0,2.15,draw
24-04-2022,Dundee Utd,Hearts,,2-3,1.25,away
24-04-2022,Gent,Genk,,0-1,1.30,away
24-04-2022,Mirandes,Valladolid,,0-1,1.35,away
24-04-2022,Ibiza,Las Palmas,,1-1,2.25,draw
24-04-2022,Grasshoppers,Lausanne,,3-1,2.05,home
24-04-2022,Fortuna Sittard,Go Head,,1-0,2.30,home
24-04-2022,Lille,Strasbourg,,1-0,3.25,home
24-04-2022,Hertha Berlin,Stuttgart,,2-0,2.50,home
24-04-2022,Genoa,Cagliari,,1-0,1.30,home
24-04-2022,Aarhus,Odense,,1-2,3.20,away
24-04-2022,Lugo,Leganes,,0-0,2.90,draw
24-04-2022,Zaragoza,Burgos,,0-0,1.95,draw
24-04-2022,St.Gilloise,Anderlecht,,3-1,1.30,home
24-04-2022,Altay,Galatasaray,,0-1,1.80,away
24-04-2022,Lazio,AC Milan,,1-2,1.40,away
24-04-2022,Reims,Marseille,,0-1,2.00,away
23-04-2022,Leicester,Aston Villa,,0-0,1.30,draw
23-04-2022,Norwich,Newcastle,,0-3,1.35,away
23-04-2022,Birmingham,Millwall,,2-2,2.20,draw
23-04-2022,Bournemouth,Fulham,,1-1,2.25,draw
23-04-2022,Derby,Bristol City,,1-3,2.05,away
23-04-2022,Hull,Reading,,3-0,2.55,home
23-04-2022,Stoke,QPR,,1-0,2.00,home
23-04-2022,Swansea,Middlesbrough,,1-1,2.25,draw
23-04-2022,WBA,Coventry,,0-0,3.25,draw
23-04-2022,Cartagena,Girona,,3-0,1.30,home
23-04-2022,Fuenlabrada,Ponferradina,,2-3,1.35,away
23-04-2022,Portimonense,Moreirense,,1-0,1.35,home
23-04-2022,Brentford,Tottenham,,0-0,1.85,draw
23-04-2022,Malaga,Eibar,,1-3,3.00,away
23-04-2022,Santa Clara,Maritimo,,2-2,3.20,draw
23-04-2022,Betis,Valencia,,1-1,1.30,draw
22-04-2022,Fredericia,Lyngby,,1-3,2.90,away
22-04-2022,Wehen,Kaiserslautern,,2-1,1.95,home
22-04-2022,Sonderjyske,Vejle Kolding,,0-1,1.30,away
22-04-2022,Emmen,Roda,,2-0,2.20,home
22-04-2022,Oss,Almere City,,2-3,2.05,away
22-04-2022,Telstar,Eindhoven FC,,0-1,1.90,away
22-04-2022,Wolfsburg,Mainz,,5-0,2.45,home
22-04-2022,Kilmarnock,Arbroath,,2-1,1.90,home
22-04-2022,Bohemians,Shamrock Rovers,,1-3,2.00,away
22-04-2022,Tenerife,Huesca,,0-0,3.70,draw
22-04-2022,Bastia,Paris FC,,2-1,1.35,home
22-04-2022,Dijon,Guingamp,,3-3,1.45,draw
22-04-2022,Dunkerque,Amiens,,0-0,1.45,draw
22-04-2022,Le Havre,Grenoble,,0-1,1.35,away
22-04-2022,Nimes,Rodez,,3-2,1.45,home
22-04-2022,Vizela,Arouca,,2-1,2.20,home
21-04-2022,Fremad Amager,Hobro,,0-0,1.30,draw
21-04-2022,PAOK,Olympiacos,,0-0,1.50,draw
21-04-2022,Espanyol,Rayo Vallecano,,0-1,1.35,away
21-04-2022,Levante,Sevilla,,2-3,2.10,away
21-04-2022,Helsingborg,Elfsborg,,1-0,1.85,home
21-04-2022,Cadiz,Ath Bilbao,,2-3,1.55,away
21-04-2022,Burnley,Southampton,,2-0,1.45,home
21-04-2022,Sarmiento,Defensa y Justicia,,2-1,2.00,home
21-04-2022,Porto,Sporting,,1-0,2.00,home
21-04-2022,Sociedad,Barcelona,,0-1,2.10,away
21-04-2022,Atl. Tucuman,Argentinos Jrs,,2-4,2.00,away
21-04-2022,Queretaro,Cruz Azul,,0-1,1.40,away
21-04-2022,Macarthur,Melbourne Victory,,1-4,1.95,away
21-04-2022,Arda Kardzhali,CSKA 1948,,3-6,2.40,away
21-04-2022,Radomiak,Cracovia K.,,0-1,2.30,away
21-04-2022,Fredericia,Lyngby,,1-3,2.90,away
20-04-2022,CSKA,Spartak Moscow,,0-1,2.20,away
20-04-2022,Bordeaux,St Etienne,,2-2,1.30,draw
20-04-2022,Reims,Lille,,2-1,2.15,home
20-04-2022,Troyes,Clermont,,0-1,1.30,away
20-04-2022,Goteborg,Djurgarden,,1-1,1.45,draw
20-04-2022,Mjallby,Sirius,,3-0,1.20,home
20-04-2022,Norrkoping,Hacken,,1-1,1.30,draw
20-04-2022,Hajduk Split,D. Zagreb,,1-0,3.20,home
20-04-2022,Alanyaspor,Sivasspor,,1-2,2.20,away
20-04-2022,Celta Vigo,Getafe,,0-2,2.20,away
20-04-2022,Everton,Leicester,,1-1,2.30,draw
20-04-2022,Chelsea,Arsenal,,2-4,1.85,away
20-04-2022,Newcastle,Crystal Palace,,1-0,2.30,home
20-04-2022,Juventus,Fiorentina,,2-0,1.85,home
20-04-2022,Strasbourg,Rennes,,2-1,1.30,home
20-04-2022,Mafra,Tondela,,1-1,2.40,draw
19-04-2022,Mallorca,Alaves,,2-1,1.35,home
19-04-2022,Randers FC,Silkeborg,,1-2,2.35,away
19-04-2022,Amiens,Le Havre,,0-2,1.25,away
19-04-2022,Grenoble,Valenciennes,,3-0,1.40,home
19-04-2022,Guingamp,Pau FC,,3-0,1.25,home
19-04-2022,Niort,Bastia,,1-1,2.80,draw
19-04-2022,Paris FC,Caen,,1-0,2.20,home
19-04-2022,Quevilly Rouen,Nimes,,0-1,3.00,away
19-04-2022,Rodez,Nancy,,1-1,1.35,draw
19-04-2022,Sochaux,Toulouse,,1-1,3.15,draw
19-04-2022,Cambridge Utd,Charlton,,0-2,3.20,away
19-04-2022,Ipswich,Wigan,,2-2,3.00,draw
19-04-2022,Oxford Utd,MK Dons,,1-0,1.30,home
19-04-2022,Queen of South,Inverness,,2-1,1.90,home
19-04-2022,Hamburger SV,Freiburg,,1-3,2.10,away
19-04-2022,Inter,AC Milan,,3-0,2.10,home
18-04-2022,Barnsley,Peterborough,,0-2,1.30,away
18-04-2022,Blackburn,Stoke,,0-1,2.00,away
18-04-2022,Blackpool,Birmingham,,6-1,1.30,home
18-04-2022,Cardiff,Luton,,0-1,1.40,away
18-04-2022,Coventry,Bournemouth,,0-3,1.30,away
18-04-2022,QPR,Derby,,1-0,1.30,home
18-04-2022,Reading,Swansea,,4-4,1.30,draw
18-04-2022,Wimbledon,Wycombe,,1-1,1.90,draw
18-04-2022,Bolton,Accrington,,3-1,2.00,home
18-04-2022,Gillingham,Fleetwood,,0-0,2.30,draw
18-04-2022,Lincoln,Cheltenham,,3-0,2.35,home
18-04-2022,Morecambe,Portsmouth,,1-1,3.20,draw
18-04-2022,Plymouth,Sunderland,,0-0,2.60,draw
18-04-2022,Napoli,AS Roma,,1-1,1.90,draw
18-04-2022,Nottingham,WBA,,4-0,2.05,home
18-04-2022,Estoril,Braga,,0-0,2.00,draw
17-04-2022,Burgos,Ibiza,,2-1,1.30,home
17-04-2022,Union Berlin,Eintracht Frankfurt,,2-0,2.10,home
17-04-2022,Hacken,Goteborg,,0-2,2.00,away
17-04-2022,Sirius,Helsingborg,,1-0,2.05,home
17-04-2022,PSV,Ajax,,2-1,1.90,home
17-04-2022,Viborg,Odense,,1-1,2.15,draw
17-04-2022,Aris,APOEL,,1-2,1.25,away
17-04-2022,Huesca,Zaragoza,,1-1,1.20,draw
17-04-2022,Ath Bilbao,Celta Vigo,,0-2,1.80,away
17-04-2022,Aris,PAOK,,1-0,1.30,home
17-04-2022,Leverkusen,RB Leipzig,,0-1,3.60,away
17-04-2022,Giresunspor,Besiktas,,0-0,2.25,draw
17-04-2022,Cluj,FCSB,,0-1,2.15,away
17-04-2022,Panathinaikos,Olympiacos,,1-0,1.45,home
17-04-2022,Sevilla,Real Madrid,,2-3,1.40,away
17-04-2022,Sporting,Benfica,,0-2,1.95,away
16-04-2022,Southampton,Arsenal,,1-0,2.00,home
16-04-2022,Watford,Brentford,,1-2,1.40,away
16-04-2022,Leganes,Malaga,,0-3,1.85,away
16-04-2022,Alaves,Rayo Vallecano,,1-0,3.10,home
16-04-2022,Manchester City,Liverpool,,2-3,1.50,away
16-04-2022,Moreirense,Tondela,,2-0,2.05,home
16-04-2022,St Etienne,Brest,,2-1,1.30,home
16-04-2022,Zurich,Young Boys,,2-1,2.30,home
16-04-2022,B. Monchengladbach,Koln,,1-3,2.00,away
16-04-2022,Valencia,Osasuna,,1-2,2.20,away
16-04-2022,Fortuna Sittard,Sparta Rotterdam,,3-0,1.35,home
16-04-2022,Belenenses,Vizela,,1-0,1.50,home
16-04-2022,Maritimo,Boavista,,4-0,1.50,home
16-04-2022,MK Dons,Sheffield Wed,,2-3,2.50,away
16-04-2022,Getafe,Villarreal,,1-2,2.50,away
16-04-2022,Lille,Lens,,1-2,2.00,away
15-04-2022,Birmingham,Coventry,,2-4,1.35,away
15-04-2022,Bournemouth,Middlesbrough,,0-0,2.00,draw
15-04-2022,Hull,Cardiff,,2-1,1.30,home
15-04-2022,Preston,Millwall,,1-1,1.35,draw
15-04-2022,Accrington,Burton,,0-0,2.00,draw
15-04-2022,Cheltenham,Gillingham,,2-2,2.05,draw
15-04-2022,Crewe,AFC Wimbledon,,3-1,2.15,home
15-04-2022,Fleetwood,Oxford Utd,,2-3,1.85,away
15-04-2022,Wycombe,Plymouth,,2-0,1.30,home
15-04-2022,Arouca,Santa Clara,,1-1,1.35,draw
15-04-2022,Huddersfield,QPR,,2-2,2.00,draw
15-04-2022,Eibar,Las Palmas,,2-2,3.20,draw
15-04-2022,Famalicao,Gil Vicente,,2-2,2.40,draw
15-04-2022,Sociedad,Betis,,0-0,2.10,draw
15-04-2022,Amorebieta,Mirandes,,1-0,2.90,home
15-04-2022,Rennes,Monaco,,2-3,1.30,away
14-04-2022,Silkeborg,FC Copenhagen,,3-1,1.30,home
14-04-2022,Brondby,Aalborg,,0-1,1.40,away
14-04-2022,Atalanta,RB Leipzig,,0-2,1.50,away
14-04-2022,PSV,Leicester,,1-2,1.95,away
14-04-2022,Burghausen,Illertissen,,3-0,1.95,home
14-04-2022,Augsburg II,Nurnberg II,,4-2,2.90,home
14-04-2022,Unterhaching,Bayreuth,,2-2,1.75,draw
14-04-2022,Eilenburg,Meuselwitz,,0-2,1.35,away
14-04-2022,Tennis Borussia,Luckenwalde,,0-0,1.25,draw
14-04-2022,Olympique Lyon,West Ham,,0-3,1.30,away
14-04-2022,Rangers,Braga,,2-1,1.95,home
14-04-2022,Slavia Prague,Feyenoord,,1-3,2.40,away
14-04-2022,PAOK,Marseille,,0-1,2.20,away
14-04-2022,Al Moqawloon,Lel Makkasa,,1-1,2.00,draw
14-04-2022,El Gaish,Enppi,,1-1,2.70,draw
14-04-2022,NB Egypt,Al Ittihad,,1-1,2.50,draw
13-04-2022,Rain Lech,Buchbach,,0-0,1.30,draw
13-04-2022,VfB Eichstatt,G.Furth II,,0-0,2.60,draw
13-04-2022,Randers,Midtjylland,,1-3,2.05,away
13-04-2022,Lokomotive Leipzig,Chemnitzer,,1-2,1.25,away
13-04-2022,Auerbach,Lichtenberg,,0-1,2.15,away
13-04-2022,Ahlen,Schalke II,,3-2,2.60,home
13-04-2022,Biskra,Oran,,2-2,1.20,draw
13-04-2022,NY City,Seattle,,1-1,1.75,draw
13-04-2022,Guadalajara,Monterrey,,1-3,1.35,away
13-04-2022,Aarhus,Viborg,,0-2,3.15,away
13-04-2022,Silkeborg,FC Copenhagen,,3-1,1.30,home
13-04-2022,Brondby,Aalborg,,0-1,1.40,away
13-04-2022,Atalanta,RB Leipzig,,0-2,2.65,away
13-04-2022,PSV,Leicester,,1-2,1.95,away
13-04-2022,Burghausen,Illertissen,,3-0,1.95,home
13-04-2022,Augsburg II,Nurnberg II,,4-2,2.90,home
12-04-2022,FC Hermannstadt,U. Cluj,,0-0,2.30,draw
12-04-2022,Orebro,Jonkopings,,3-1,2.10,home
12-04-2022,Baroka,Orlando Pirates,,0-0,1.20,draw
12-04-2022,Maritzburg Utd,Swallows,,1-1,1.25,draw
12-04-2022,Burton,Wigan,,0-0,1.90,draw
12-04-2022,Portsmouth,Rotherham,,3-0,1.30,home
12-04-2022,Chorley,York,,2-2,2.20,draw
12-04-2022,Real Madrid,Chelsea,,1-3,1.30,away
12-04-2022,Setif,MC Alger,,2-1,3.30,home
12-04-2022,Saoura,CR Belouizdad,,0-1,1.90,away
12-04-2022,Kyoto Purple Sanga,Sapporo,,3-2,1.50,home
12-04-2022,Cerezo Osaka,Kashima Antlers,,1-3,2.20,away
12-04-2022,Gamba Osaka,Oita Trinita,,2-0,1.95,home
12-04-2022,Tokushima,Shimizu S-Pulse,,4-1,2.40,home
12-04-2022,Sangan,Kashiwa Reysol,,1-3,1.45,away
12-04-2022,Fukuoka,Jubilo Iwata,,2-1,2.25,home
11-04-2022,Raufoss,Ranheim,,1-1,2.00,draw
11-04-2022,Bryne,KFUM,,1-2,3.30,away
11-04-2022,Kongsvinger,Skeid,,1-0,1.90,home
11-04-2022,Stjordals,Sandnes,,1-2,3.30,away
11-04-2022,Start,Mjondalen,,1-1,2.15,draw
11-04-2022,Vasteras,Ostersunds,,1-1,2.15,draw
11-04-2022,Varnamo,Sirius,,0-0,2.20,draw
11-04-2022,Vejle Kolding,Viborg,,2-2,1.40,draw
11-04-2022,Antalyaspor,Hatayspor,,4-1,2.05,home
11-04-2022,Brescia,Parma,,1-0,1.20,home
11-04-2022,Bologna,Sampdoria,,2-0,1.30,home
11-04-2022,Paris,Dijon,,2-2,1.20,draw
11-04-2022,Sedan,Concarneau,,2-2,2.00,draw
11-04-2022,Huddersfield,Luton,,2-0,1.35,home
11-04-2022,Foggia,Catanzaro,,2-6,1.40,away
11-04-2022,Rayo Vallecano,Valencia,,1-1,3.50,draw
10-04-2022,Zaragoza,Girona,,1-0,3.05,home
10-04-2022,Silkeborg,Brondby,,3-0,2.00,home
10-04-2022,Espanyol,Celta Vigo,,1-0,1.45,home
10-04-2022,Portimonense,Famalicao,,1-0,1.35,home
10-04-2022,Santa Clara,Estoril,,2-0,3.05,home
10-04-2022,Lens,Nice,,3-0,3.35,home
10-04-2022,Manchester City,Liverpool,,2-2,3.70,draw
10-04-2022,Eintracht Frankfurt,Freiburg,,1-2,1.55,away
10-04-2022,Copenhagen,Midtjylland,,1-0,2.15,home
10-04-2022,Mirandes,Burgos,,3-1,1.95,home
10-04-2022,Oviedo,Leganes,,1-0,3.00,home
10-04-2022,Ibiza,Eibar,,2-0,1.40,home
10-04-2022,Elche,Sociedad,,1-2,1.25,away
10-04-2022,Strasbourg,Lyon,,1-1,3.35,draw
10-04-2022,Fenerbahce,Galatasaray,,2-0,1.90,home
10-04-2022,Torino,Milan,,0-0,1.25,draw
09-04-2022,Southampton,Chelsea,,0-6,1.95,away
09-04-2022,Watford,Leeds,,0-3,2.55,away
09-04-2022,Preston,QPR,,2-1,2.15,home
09-04-2022,Reading,Cardiff,,1-2,1.35,away
09-04-2022,Swansea,Derby,,2-1,2.10,home
09-04-2022,WBA,Stoke,,1-3,1.90,away
09-04-2022,Mallorca,Atl. Madrid,,1-0,1.25,home
09-04-2022,Ferreira,Maritimo,,2-0,1.35,home
09-04-2022,Reims,Rennes,,2-3,1.20,away
09-04-2022,Aston Villa,Tottenham,,0-4,2.20,away
09-04-2022,Hertha Berlin,Union Berlin,,1-4,2.85,away
09-04-2022,Villarreal,Ath Bilbao,,1-1,1.60,draw
09-04-2022,Eupen,Oostende,,0-2,2.65,away
09-04-2022,Boavista,Arouca,,1-0,1.30,home
09-04-2022,Besiktas,Alanyaspor,,4-1,1.80,home
09-04-2022,Grasshoppers,Luzern,,2-2,2.45,draw
08-04-2022,Fortuna Dusseldorf,Hansa Rostock,,3-0,1.85,home
08-04-2022,Aalborg,Randers,,3-0,2.15,home
08-04-2022,Lokomotiv Plovdiv,CSKA Sofia,,2-0,1.90,home
08-04-2022,Wurzburger,Kaiserslautern,,1-2,1.75,away
08-04-2022,Penafiel,Varzim,,4-1,2.80,home
08-04-2022,Gazisehir Gaziantep,Trabzonspor,,0-0,1.35,draw
08-04-2022,Xamax,Thun,,4-1,2.00,home
08-04-2022,Din. Bucuresti,Universitatea,,1-2,3.00,away
08-04-2022,Go Head,Willem II,,4-0,2.10,home
08-04-2022,Zalaegerszegi,Honved,,3-1,1.40,home
08-04-2022,Stuttgart,Dortmund,,0-2,1.85,away
08-04-2022,Queen of South,Partick,,0-1,1.30,away
08-04-2022,St. Patricks,Dundalk,,0-0,3.15,draw
08-04-2022,Newcastle,Wolverhampton,,1-0,1.30,home
08-04-2022,Lugo,Cartagena,,1-0,1.50,home
08-04-2022,Lorient,St Etienne,,6-2,1.30,home
07-04-2022,Honka,Haka,,3-2,3.10,home
07-04-2022,Skra,Chrobry Glogow,,2-2,1.30,draw
07-04-2022,Hvidovre,Lyngby,,0-0,2.10,draw
07-04-2022,GKS Tychy,Arka Gdynia,,0-2,1.30,away
07-04-2022,West Ham,Olympique Lyon,,1-1,2.00,draw
07-04-2022,Braga,Rangers,,1-0,2.45,home
07-04-2022,Bodo/Glimt,Roma,,2-1,2.00,home
07-04-2022,Leicester,PSV,,0-0,2.10,draw
07-04-2022,Zamora,Aragua,,1-1,1.25,draw
07-04-2022,River M.,Racing Club,,0-1,1.20,away
07-04-2022,Pachuca,Tigres Uanl,,2-1,3.30,home
07-04-2022,Estudiantes,Velez,,4-1,2.95,home
07-04-2022,Guairena,Ind. Medellin,,3-3,1.30,draw
07-04-2022,Adelaide,Macarthur,,1-0,1.25,home
07-04-2022,Lahti,VPS,,0-2,3.15,away
07-04-2022,SJK,HJK,,0-1,2.00,away
06-04-2022,Baroka,AmaZulu,,0-1,2.65,away
06-04-2022,Golden Arrows,Stellenbosch,,0-2,2.15,away
06-04-2022,Rostov,Krylya Sovetov,,1-0,2.75,home
06-04-2022,Rakow,Legia,,1-0,1.95,home
06-04-2022,Augsburg,Mainz,,2-1,1.30,home
06-04-2022,Hallescher,Freiburg II,,1-0,1.35,home
06-04-2022,Cittadella,Perugia,,0-0,2.90,draw
06-04-2022,Pisa,Brescia,,0-0,3.00,draw
06-04-2022,Vicenza,Crotone,,1-1,2.25,draw
06-04-2022,Maritzburg Utd,Cape Town City,,0-1,2.85,away
06-04-2022,Burnley,Everton,,3-2,1.35,home
06-04-2022,Middlesbrough,Fulham,,0-1,1.30,away
06-04-2022,Nottingham,Coventry,,2-0,2.05,home
06-04-2022,Dunfermline,Raith,,2-0,1.30,home
06-04-2022,WBA,Bournemouth,,2-0,2.70,home
06-04-2022,Chelsea,Real Madrid,,1-3,1.30,away
05-04-2022,Pordenone,Frosinone,,2-0,1.80,home
05-04-2022,Reggina,Benevento,,0-3,2.15,away
05-04-2022,Ternana,Lecce,,1-4,2.40,away
05-04-2022,Orgryte,Halmstad,,2-2,1.40,draw
05-04-2022,Kaizer Chiefs,Galaxy,,0-0,1.80,draw
05-04-2022,Millwall,Swansea,,0-1,1.30,away
05-04-2022,Peterborough,Luton,,1-1,1.85,draw
05-04-2022,Preston,Blackpool,,1-0,1.30,home
05-04-2022,Wimbledon,Charlton,,1-1,1.40,draw
05-04-2022,Cambridge Utd,Wycombe,,1-4,1.95,away
05-04-2022,Fleetwood,Lincoln,,1-1,1.45,draw
05-04-2022,Forest Green,Mansfield,,1-0,3.30,home
05-04-2022,Salford,Port Vale,,0-1,3.00,away
05-04-2022,Sligo Rovers,Bohemians,,0-1,2.35,away
05-04-2022,Reading,Stoke,,2-1,1.45,home
05-04-2022,Bolton,Portsmouth,,1-1,3.20,draw
04-04-2022,Skeid,Stabaek,,2-3,1.95,away
04-04-2022,Asane,Start,,1-5,1.40,away
04-04-2022,Mjondalen,Kongsvinger,,1-0,1.90,home
04-04-2022,Wisla Plock,Gornik,,3-2,1.40,home
04-04-2022,Paphos,AEK Larnaca,,2-0,2.70,home
04-04-2022,Verona,Genoa,,1-0,1.85,home
04-04-2022,Varzim,Porto II,,2-1,1.30,home
04-04-2022,Brage,Orebro,,3-0,2.50,home
04-04-2022,Landskrona,Osters,,1-3,2.80,away
04-04-2022,Hatayspor,Demirspor,,0-0,2.70,draw
04-04-2022,AZ Alkmar II,Roda,,0-1,1.70,away
04-04-2022,PSV II,Volendam,,2-2,1.25,draw
04-04-2022,Utrecht II,NAC Breda,,1-0,2.05,home
04-04-2022,Nancy,Ajaccio,,0-2,2.30,away
04-04-2022,Crystal Palace,Arsenal,,3-0,1.95,home
04-04-2022,Finn Harps,Drogheda,,2-2,1.35,draw
03-04-2022,Birmingham,WBA,,1-0,2.05,home
03-04-2022,Burgos CF,Gijon,,0-0,2.80,draw
03-04-2022,Ponferradina,Las Palmas,,1-2,1.40,away
03-04-2022,Brondby,Randers FC,,0-1,1.30,away
03-04-2022,Betis,Osasuna,,4-1,1.90,home
03-04-2022,Maritimo,Tondela,,1-3,1.30,away
03-04-2022,Basel,Young Boys,,2-2,2.70,draw
03-04-2022,Lausanne,Servette,,4-1,2.00,home
03-04-2022,Cambuur,NEC,,1-2,2.40,away
03-04-2022,B. Monchengladbach,Mainz,,1-1,2.25,draw
03-04-2022,Sampdoria,Roma,,0-1,1.90,away
03-04-2022,Aalborg,Copenhagen,,0-1,1.30,away
03-04-2022,Granada,Rayo Vallecano,,2-2,1.40,draw
03-04-2022,Valencia,Cadiz,,0-0,1.90,draw
03-04-2022,Trabzonspor,Besiktas,,1-1,1.30,draw
03-04-2022,Juventus,Inter,,0-1,2.80,away
02-04-2022,Leeds,Southampton,,1-1,2.40,draw
02-04-2022,Wolverhampton,Aston Villa,,2-1,1.35,home
02-04-2022,Barnsley,Reading,,1-1,2.20,draw
02-04-2022,Cardiff,Swansea,,0-4,2.25,away
02-04-2022,Coventry,Blackburn,,2-2,3.15,draw
02-04-2022,Derby,Preston,,1-0,1.40,home
02-04-2022,Luton,Millwall,,2-2,2.15,draw
02-04-2022,Stoke,Sheffield Utd,,1-0,1.40,home
02-04-2022,Motherwell,St. Mirren,,4-2,1.30,home
02-04-2022,St Johnstone,Livingston,,1-0,2.85,home
02-04-2022,Levante,Villarreal,,2-0,2.00,home
02-04-2022,Nice,Rennes,,1-1,1.60,draw
02-04-2022,Dortmund,RB Leipzig,,1-4,1.45,away
02-04-2022,Celta Vigo,Real Madrid,,1-2,1.90,away
02-04-2022,Salernitana,Torino,,0-1,1.85,away
02-04-2022,St Etienne,Olympique Marseille,,2-4,2.10,away
01-04-2022,Zilina,Ruzomberok,,0-2,1.35,away
01-04-2022,Rubin Kazan,Khimki,,2-3,2.60,away
01-04-2022,Dynamo Dresden,Schalke,,1-2,1.90,away
01-04-2022,Ingolstadt,Erzgebirge Aue,,3-2,1.40,home
01-04-2022,SV Meppen,Wehen,,0-4,1.25,away
01-04-2022,Almere City,Excelsior,,3-0,2.50,home
01-04-2022,NAC Breda,Ajax II,,0-0,2.65,draw
01-04-2022,De Graafschap,Emmen,,1-1,1.30,draw
01-04-2022,Helmond,MVV,,1-2,1.95,away
01-04-2022,VVV Venlo,ADO Den Haag,,0-5,1.25,away
01-04-2022,Union Berlin,Koln,,1-0,1.40,home
01-04-2022,Hull,Huddersfield,,0-1,2.55,away
01-04-2022,Ayr,Hamilton,,1-1,2.90,draw
01-04-2022,Morton,Kilmarnock,,1-1,2.05,draw
01-04-2022,Bohemians,Derry City,,1-2,3.05,away
01-04-2022,Braga,Benfica,,3-2,2.20,home
31-03-2022,Esbjerg,Hobro,,2-2,2.05,draw
31-03-2022,Hermannstadt,Con.Chiajna,,2-1,1.95,home
31-03-2022,Dep. Tachira,Dep.Lara,,2-0,1.90,home
31-03-2022,Botafogo SP,Ituano,,0-3,1.35,away
31-03-2022,Sport Recife,Fortaleza,,1-1,2.00,draw
31-03-2022,Deportivo Pasto,Santa Fe,,0-1,1.35,away
31-03-2022,Fukuoka,Sangan,,0-0,2.90,draw
31-03-2022,Dynamo Dresden,Schalke,,1-2,1.90,away
31-03-2022,Ingolstadt,Erzgebirge Aue,,3-2,1.40,home
31-03-2022,De Graafschap,Emmen,,1-1,1.30,draw
31-03-2022,VVV Venlo,ADO Den Haag,,0-5,1.25,away
31-03-2022,Union Berlin,Koln,,1-0,1.40,home
31-03-2022,Hull,Huddersfield,,0-1,2.55,away
31-03-2022,Bohemians,Derry City,,1-2,3.05,away
31-03-2022,Ayr,Hamilton,,1-1,2.90,draw
31-03-2022,Morton,Kilmarnock,,1-1,2.05,draw
30-03-2022,Picerno,Campobasso,,3-2,1.40,home
30-03-2022,Lokomotive Leipzig,Altglienicke,,1-3,1.40,away
30-03-2022,Ahlen,Fortuna Koln,,0-1,1.90,away
30-03-2022,Tiverton,Weston,,1-2,1.25,away
30-03-2022,Envigado,Bucaramanga,,0-0,2.75,draw
30-03-2022,Aguilas,Deportivo Pereira,,Postp,2.15,postponed
30-03-2022,Alianza Petrolera,Jaguares de Cordoba,,1-1,1.25,draw
30-03-2022,Sao Paulo,Palmeiras,,3-1,1.30,home
30-03-2022,Millonarios,CPD Junior,,1-0,1.95,home
30-03-2022,Costa Rica,USA,,2-0,2.20,home
30-03-2022,Jamaica,Honduras,,2-1,2.00,home
30-03-2022,Panama,Canada,,1-0,2.05,home
30-03-2022,Esbjerg,Hobro,,2-2,2.05,draw
30-03-2022,Hermannstadt,Con.Chiajna,,2-1,1.95,home
30-03-2022,Deportivo Pasto,Santa Fe,,0-1,1.35,away
30-03-2022,Fukuoka,Sangan,,0-0,2.90,draw
29-03-2022,Kazakhstan,Moldova,,1-1,2.15,draw
29-03-2022,Wales U21,Bulgaria U21,,1-1,2.15,draw
29-03-2022,Oman,China,,2-0,1.15,home
29-03-2022,Cyprus,Estonia,,2-0,1.40,home
29-03-2022,Verl,Zwickau,,0-0,1.30,draw
29-03-2022,Senegal,Egypt,,1-0,1.90,home
29-03-2022,Nigeria,Ghana,,1-1,1.90,draw
29-03-2022,Saudi Arabia,Australia,,1-0,1.35,home
29-03-2022,Denmark U21,Belgium U21,,1-1,2.40,draw
29-03-2022,Oldham,Leyton Orient,,2-0,2.10,home
29-03-2022,Hartlepool,Mansfield,,2-2,2.35,draw
29-03-2022,Rochdale,Carlisle,,2-0,3.10,home
29-03-2022,Salford,Crawley,,2-1,1.85,home
29-03-2022,Poland,Sweden,,2-0,1.35,home
29-03-2022,Algeria,Cameroon,,0-1,2.05,away
29-03-2022,Tunisia,Mali,,0-0,1.50,draw
28-03-2022,Sektzia,Hapoel K.S.,,3-2,2.40,home
28-03-2022,Hapoel R.G.,Hapoel Akko,,2-0,2.80,home
28-03-2022,Ironi Ramat,Hapoel Raanana,,2-0,2.45,home
28-03-2022,Bourg en Bresse,Laval,,1-2,1.35,away
28-03-2022,Ca Brown,Almagro,,3-0,1.30,home
28-03-2022,Montenegro,Greece,,1-0,2.30,home
28-03-2022,Tristan Suarez,Quilmes,,2-2,2.45,draw
28-03-2022,Las Palmas,Leganes,,4-2,2.00,home
28-03-2022,Caseros,Temperley,,0-0,1.25,draw
28-03-2022,CA Atlanta,Flandria,,3-1,1.30,home
28-03-2022,Def. de Belgrano,Nueva Chicago,,1-1,1.25,draw
28-03-2022,Instituto,Ferro Oeste,,3-2,2.50,home
28-03-2022,Deportivo Pasto,CD Equidad,,1-1,1.50,draw
28-03-2022,Agropecuario,Ind. Rivadavia,,2-1,2.85,home
28-03-2022,Atl. Rafaela,Deportivo Madryn,,1-1,2.45,draw
28-03-2022,Dep.Santamarina,Dep.Moron,,1-2,2.60,away
27-03-2022,Burgos,Tenerife,,1-0,2.85,home
27-03-2022,Zamora,Talavera,,1-1,2.40,draw
27-03-2022,Alcoyano,Villarreal II,,0-0,3.00,draw
27-03-2022,Siena,Lucchese,,1-1,1.30,draw
27-03-2022,Betis II,Barcelona II,,1-2,2.00,away
27-03-2022,Malaga,Huesca,,0-2,1.40,away
27-03-2022,Almeria,Girona,,0-1,1.30,away
27-03-2022,Estudiantes Merida,Dep.Lara,,1-0,1.35,home
27-03-2022,Universitad Chile,Union Espanola,,2-0,1.30,home
27-03-2022,All Boys,Dep. Riestra,,1-1,2.10,draw
27-03-2022,San Telmo,Villa Dalmine,,0-4,2.20,away
27-03-2022,Gimnasia Mendoza,Belgrano,,0-1,3.00,away
27-03-2022,San Martin S.J.,Gimnasia Jujuy,,3-0,1.95,home
27-03-2022,Monagas,Metropolitanos,,2-1,2.25,home
27-03-2022,Bourg en Bresse,Laval,,1-2,1.35,away
27-03-2022,Montenegro,Greece,,1-0,2.30,home
26-03-2022,Wimbledon,Cambridge Utd,,0-1,1.35,away
26-03-2022,Doncaster,Charlton,,0-1,1.90,away
26-03-2022,Ipswich,Plymouth,,1-0,1.90,home
26-03-2022,Shrewsbury,Lincoln,,1-0,2.00,home
26-03-2022,Bradford City,Newport,,0-0,2.50,draw
26-03-2022,Carlisle,Bristol Rovers,,1-0,2.35,home
26-03-2022,Colchester,Tranmere,,1-0,1.45,home
26-03-2022,Crawley,Rochdale,,1-0,2.40,home
26-03-2022,Leyton Orient,Barrow,,2-0,2.05,home
26-03-2022,Northampton,Hartlepool,,2-0,1.25,home
26-03-2022,Port Vale,Sutton,,2-0,2.00,home
26-03-2022,Salford,Walsall,,2-1,1.30,home
26-03-2022,Scunthorpe,Harrogate,,0-3,1.30,away
26-03-2022,Finland,Iceland,,1-1,2.25,draw
26-03-2022,Qatar,Bulgaria,,2-1,2.00,home
26-03-2022,Netherlands,Denmark,,4-2,1.30,home
25-03-2022,Hradec,Slovacko,,0-1,1.30,away
25-03-2022,Croatia U21,Austria U21,,0-0,2.05,draw
25-03-2022,Cameroon,Algeria,,0-1,1.25,away
25-03-2022,Mali,Tunisia,,0-1,1.25,away
25-03-2022,Bastia-Borgo,Villefranche,,1-3,1.55,away
25-03-2022,Cholet,Annecy,,1-4,1.30,away
25-03-2022,Creteil,Chambly,,2-0,2.50,home
25-03-2022,Le Mans,Red Star,,1-1,2.90,draw
25-03-2022,Briochin,Sedan,,2-0,2.00,home
25-03-2022,Romania,Greece,,0-1,2.90,away
25-03-2022,Scotland U21,Turkey U21,,0-2,3.20,away
25-03-2022,Luxembourg,Northern Ireland,,1-3,1.30,away
25-03-2022,Egypt,Senegal,,1-0,2.80,home
25-03-2022,Ghana,Nigeria,,0-0,2.80,draw
25-03-2022,Bray,Wexford,,0-0,2.00,draw
25-03-2022,Longford,Galway,,2-1,2.15,home
24-03-2022,Armenia,Montenegro,,1-0,2.60,home
24-03-2022,Israel U21,Poland U21,,2-2,1.30,draw
24-03-2022,Iraq,UAE,,1-0,2.85,home
24-03-2022,Fiji,Papua New Guinea,,1-2,1.30,away
24-03-2022,Estonia,Cyprus,,0-0,1.30,draw
24-03-2022,Moldova,Kazakhstan,,1-2,2.80,away
24-03-2022,Hungary,Serbia,,0-1,2.10,away
24-03-2022,Sweden,Czech Republic,,0-0,1.25,draw
24-03-2022,Wales,Austria,,2-1,1.40,home
24-03-2022,Scotland,Poland,,1-1,1.40,draw
24-03-2022,Zulia,La Guaira,,0-2,3.00,away
24-03-2022,Jamaica,El Salvador,,1-1,1.90,draw
24-03-2022,Carabobo,Zamora,,1-1,2.95,draw
24-03-2022,Paraguay,Ecuador,,3-1,2.95,home
24-03-2022,Mexico,USA,,0-0,1.90,draw
24-03-2022,Costa Rica,Canada,,1-0,2.40,home
23-03-2022,Berliner AK 07,Lokomotive Leipzig,,0-1,2.70,away
23-03-2022,Nova Iguacu,Audax RJ,,2-1,2.25,home
23-03-2022,Cortulua,Envigado,,1-1,1.30,draw
23-03-2022,Kingstonian,Bowers & Pitsea,,3-3,2.90,draw
23-03-2022,Truro,Yate Town,,0-0,2.30,draw
23-03-2022,Athletico-PR,Coritiba,,1-2,2.15,away
23-03-2022,Botafogo PB,Nautico,,1-2,1.30,away
23-03-2022,Aguilas,Deportivo Pereira,,1-0,1.25,home
23-03-2022,Ind. Medellin,Millonarios,,1-0,1.35,home
23-03-2022,Australia,Japan,,0-2,3.00,away
23-03-2022,South Korea,Iran,,2-0,1.20,home
23-03-2022,Lebanon,Syria,,0-3,2.20,away
23-03-2022,Vietnam,Oman,,0-1,2.85,away
23-03-2022,Armenia,Montenegro,,1-0,2.60,home
23-03-2022,Israel U21,Poland U21,,2-2,1.30,draw
23-03-2022,Iraq,UAE,,1-0,2.85,home
22-03-2022,Harrogate,Leyton Orient,,0-3,1.45,away
22-03-2022,Dunfermline,Partick Thistle,,4-1,3.05,home
22-03-2022,Port Vale,Exeter,,0-0,1.50,draw
22-03-2022,Rochdale,Mansfield,,0-1,1.40,away
22-03-2022,Oldham,Sutton,,1-3,2.15,away
22-03-2022,Stirling,Albion Rovers,,0-1,1.30,away
22-03-2022,Altrincham,Chesterfield,,1-0,1.90,home
22-03-2022,Eastleigh,Dag & Red,,0-1,1.90,away
22-03-2022,Grimsby,Solihull Moors,,1-2,2.15,away
22-03-2022,Notts Co,Boreham Wood,,1-0,1.95,home
22-03-2022,Yeovil,Bromley,,2-1,1.40,home
22-03-2022,Darlington,Southport,,1-0,2.05,home
22-03-2022,Gloucester,Chester,,3-3,2.90,draw
22-03-2022,Guiseley,AFC Telford,,0-0,2.60,draw
22-03-2022,Kettering,Hereford,,1-1,1.65,draw
22-03-2022,York,Boston Utd,,0-1,2.05,away
20-03-2022,Ponferradina,Eibar,,2-2,3.00,draw
20-03-2022,Kortrijk,Standard Liege,,0-1,2.40,away
20-03-2022,Spal,Cremonese,,0-2,1.30,away
20-03-2022,Cadiz,Villarreal,,1-0,1.20,home
20-03-2022,Celta Vigo,Betis,,0-0,1.35,draw
20-03-2022,Ferreira,Moreirense,,2-1,2.25,home
20-03-2022,Fenerbahce,Konyaspor,,2-1,1.95,home
20-03-2022,Reims,Olympique Lyon,,0-0,1.25,draw
20-03-2022,Wolfsburg,Leverkusen,,0-2,2.30,away
20-03-2022,Roma,Lazio,,3-0,3.40,home
20-03-2022,Leganes,Gijon,,1-1,2.10,draw
20-03-2022,Sevilla,Sociedad,,0-0,1.25,draw
20-03-2022,Gent,Anderlecht,,1-0,3.25,home
20-03-2022,Koln,Dortmund,,1-1,1.25,draw
20-03-2022,Olympique Marseille,Nice,,2-1,2.10,home
20-03-2022,Real Madrid,Barcelona,,0-4,2.15,away
19-03-2022,Bristol City,WBA,,2-2,2.05,draw
19-03-2022,Huddersfield,Bournemouth,,0-3,2.35,away
19-03-2022,Hull,Luton,,1-3,1.35,away
19-03-2022,Reading,Blackburn,,1-0,2.30,home
19-03-2022,Stoke,Millwall,,2-0,1.55,home
19-03-2022,Swansea,Birmingham,,0-0,1.95,draw
19-03-2022,Cambridge Utd,Milton Keynes Dons,,0-1,1.85,away
19-03-2022,Charlton,Burton,,2-0,2.10,home
19-03-2022,Cheltenham,Wimbledon,,3-1,1.90,home
19-03-2022,Lincoln,Sunderland,,0-0,2.10,draw
19-03-2022,Oxford Utd,Ipswich,,1-1,1.35,draw
19-03-2022,Portsmouth,Wycombe,,0-0,1.35,draw
19-03-2022,Elche,Valencia,,0-1,1.45,away
19-03-2022,Osasuna,Levante,,3-1,1.90,home
19-03-2022,Rayo Vallecano,Atl. Madrid,,0-1,2.00,away
19-03-2022,Nantes,Lille,,0-1,1.45,away
18-03-2022,Karagumruk,Kayserispor,,3-0,2.00,home
18-03-2022,Zaglebie,Warta Poznan,,0-4,1.35,away
18-03-2022,Erzgebirge Aue,Karlsruher,,0-3,1.50,away
18-03-2022,St. Pauli,Heidenheim,,1-0,1.30,home
18-03-2022,Heerenveen,Heracles,,2-0,3.15,home
18-03-2022,Mouscron,Deinze,,1-2,1.50,away
18-03-2022,Bochum,B. Monchengladbach,,Abn,2.30,abandoned
18-03-2022,Dunfermline,Morton,,1-1,1.30,draw
18-03-2022,Derry City,St. Patricks,,2-1,2.10,home
18-03-2022,Drogheda,Dundalk,,1-0,1.70,home
18-03-2022,Shelbourne,Finn Harps,,0-3,1.30,away
18-03-2022,Wolverhampton,Leeds,,2-3,2.15,away
18-03-2022,Genoa,Torino,,1-0,3.10,home
18-03-2022,Huesca,Burgos,,1-0,1.80,home
18-03-2022,St Etienne,Troyes,,1-1,1.95,draw
18-03-2022,Vizela,Famalicao,,1-1,3.15,draw
17-03-2022,Crvena zvezda,Rangers,,2-1,2.20,home
17-03-2022,Leverkusen,Atalanta,,0-1,1.40,away
17-03-2022,Basel,Olympique Marseille,,1-2,2.00,away
17-03-2022,Rennes,Leicester,,2-1,1.85,home
17-03-2022,Copenhagen,PSV,,0-4,1.95,away
17-03-2022,Everton,Newcastle,,1-0,1.35,home
17-03-2022,Olympique Lyon,Porto,,1-1,1.30,draw
17-03-2022,West Ham,Sevilla,,1-0,1.30,home
17-03-2022,Eintracht Frankfurt,Betis,,0-1,2.20,away
17-03-2022,LASK,Slavia Prague,,4-3,2.35,home
17-03-2022,Carabobo,Mineros,,3-1,1.40,home
17-03-2022,Zamora,Universidad Central,,2-0,2.00,home
17-03-2022,Palmeiras,Corinthians,,2-1,1.25,home
17-03-2022,Universited Chile,Curico Unido,,1-1,2.40,draw
17-03-2022,Leon,Seattle,,1-1,1.70,draw
17-03-2022,Queretaro,Atletico San Luis,,2-1,2.95,home
16-03-2022,Al Ittihad,SC Ismaily,,1-2,1.35,away
16-03-2022,Mainz,Dortmund,,0-1,1.90,away
16-03-2022,Ascoli,Pisa,,2-0,3.00,home
16-03-2022,Perugia,Spal,,1-1,1.90,draw
16-03-2022,Viktoria Berlin,Zwickau,,0-0,2.45,draw
16-03-2022,Enppi,Ceramica Cleopatra,,0-0,2.45,draw
16-03-2022,Brighton,Tottenham,,0-2,2.25,away
16-03-2022,Nottingham,QPR,,3-1,1.95,home
16-03-2022,Blackpool,Sheffield Utd,,0-0,2.20,draw
16-03-2022,Cardiff,Stoke,,2-1,1.35,home
16-03-2022,Luton,Preston,,4-0,1.30,home
16-03-2022,Millwall,Huddersfield,,2-0,3.10,home
16-03-2022,Peterborough,Swansea,,2-3,2.15,away
16-03-2022,Juventus,Villarreal,,0-3,1.25,away
16-03-2022,Lille,Chelsea,,1-2,1.25,away
16-03-2022,Arsenal,Liverpool,,0-2,1.25,away
15-03-2022,Barnsley,Bristol City,,2-0,1.40,home
15-03-2022,Birmingham,Middlesbrough,,0-2,2.15,away
15-03-2022,Plymouth,Portsmouth,,1-0,2.95,home
15-03-2022,Shrewsbury,Morecambe,,5-0,1.75,home
15-03-2022,Bristol Rovers,Colchester,,1-0,1.95,home
15-03-2022,Carlisle,Newport,,1-2,1.35,away
15-03-2022,Hartlepool,Bradford City,,0-2,2.40,away
15-03-2022,Port Vale,Mansfield,,3-1,1.60,home
15-03-2022,Rochdale,Salford,,1-1,1.50,draw
15-03-2022,Scunthorpe,Barrow,,0-1,1.60,away
15-03-2022,Stevenage,Northampton,,1-2,1.35,away
15-03-2022,Swindon,Sutton,,2-1,2.25,home
15-03-2022,Tranmere,Harrogate,,2-0,2.10,home
15-03-2022,Walsall,Oldham,,2-1,2.00,home
15-03-2022,WBA,Fulham,,1-0,2.00,home
15-03-2022,Manchester Utd,Atl. Madrid,,0-1,2.15,away
13-03-2022,Gijon,Tenerife,,1-2,2.90,away
13-03-2022,Brondby,Aarhus,,1-1,2.10,draw
13-03-2022,Betis,Ath Bilbao,,1-0,2.30,home
13-03-2022,Maritimo,Guimaraes,,0-1,3.20,away
13-03-2022,Basel,Servette,,2-0,1.35,home
13-03-2022,Luzern,Grasshoppers,,1-0,1.35,home
13-03-2022,Alanyaspor,Fenerbahce,,2-5,2.50,away
13-03-2022,Olympique Lyon,Rennes,,2-4,1.30,away
13-03-2022,Eintracht Frankfurt,Bochum,,2-1,1.90,home
13-03-2022,Udinese,Roma,,1-1,2.20,draw
13-03-2022,Midtjylland,Copenhagen,,0-1,1.40,away
13-03-2022,Apollon,Anorthosis,,1-1,1.90,draw
13-03-2022,Alcorcon,Huesca,,1-0,1.30,home
13-03-2022,Oviedo,Valladolid,,3-0,2.35,home
13-03-2022,Panathinaikos,AEK,,1-1,2.20,draw
13-03-2022,Brest,Olympique Marseille,,1-4,1.30,away
12-03-2022,Brentford,Burnley,,2-0,1.30,home
12-03-2022,Birmingham,Hull,,0-0,2.10,draw
12-03-2022,Blackpool,Swansea,,1-0,3.05,home
12-03-2022,Cardiff,Preston,,0-0,1.35,draw
12-03-2022,Coventry,Sheffield Utd,,4-1,2.50,home
12-03-2022,Millwall,Middlesbrough,,0-0,1.40,draw
12-03-2022,Peterborough,Stoke,,2-2,2.05,draw
12-03-2022,Accrington,Charlton,,2-1,2.05,home
12-03-2022,Bolton,Plymouth,,0-1,2.10,away
12-03-2022,Burton,Fleetwood,,3-2,1.85,home
12-03-2022,Doncaster,Gillingham,,0-1,2.50,away
12-03-2022,Ipswich,Portsmouth,,0-0,2.05,draw
12-03-2022,Morecambe,Cheltenham,,1-3,1.40,away
12-03-2022,Manchester Utd,Tottenham,,3-2,3.30,home
12-03-2022,Getafe,Valencia,,0-0,1.35,draw
12-03-2022,Troyes,Nantes,,1-0,1.40,home
11-03-2022,Sibenik,Lok. Zagreb,,1-4,2.00,away
11-03-2022,Hansa Rostock,Holstein Kiel,,3-2,1.30,home
11-03-2022,Hobro,Fredericia,,3-1,1.25,home
11-03-2022,Academica,Benfica II,,3-4,2.35,away
11-03-2022,Varzim,Academico Viseu,,1-0,2.00,home
11-03-2022,Winterthur,Aarau,,4-2,1.45,home
11-03-2022,Parma,Cittadella,,1-1,1.25,draw
11-03-2022,Tranmere,Mansfield,,3-2,2.50,home
11-03-2022,Ayr,Kilmarnock,,1-3,2.10,away
11-03-2022,Drogheda,Sligo Rovers,,0-3,2.00,away
11-03-2022,Shelbourne,Dundalk,,1-1,2.20,draw
11-03-2022,Bray,Galway,,1-3,2.20,away
11-03-2022,Notts Co,Wrexham,,1-2,1.30,away
11-03-2022,WBA,Huddersfield,,2-2,1.85,draw
11-03-2022,Zaragoza,Fuenlabrada,,2-1,1.90,home
11-03-2022,Finn Harps,St. Patricks,,0-2,1.35,away
10-03-2022,Al Sailiya,Al-Gharafa,,3-2,1.90,home
10-03-2022,Qatar Doha,Al Khor,,0-1,2.50,away
10-03-2022,Umm-Salal,Al Arabi,,0-2,195,away
10-03-2022,Mura,Olimpija,,3-2,3.00,home
10-03-2022,Sevilla,West Ham,,1-0,1.25,home
10-03-2022,PAOK,Gent,,1-0,2.20,home
10-03-2022,Vitesse,Roma,,0-1,1.90,away
10-03-2022,Partizan,Feyenoord,,2-5,1.35,away
10-03-2022,Southampton,Newcastle,,1-2,1.30,away
10-03-2022,Leeds,Aston Villa,,0-3,2.50,away
10-03-2022,Braga,Monaco,,2-0,1.40,home
10-03-2022,Atalanta,Leverkusen,,3-2,2.10,home
10-03-2022,Leicester,Rennes,,2-0,2.00,home
10-03-2022,Bodo/Glimt,AZ Alkmaar,,2-1,2.35,home
10-03-2022,Sao Paulo,Palmeiras,,0-1,1.30,away
10-03-2022,CD Equidad,CPD Junior,,0-0,1.35,draw
09-03-2022,Radomlje,Koper,,0-1,1.35,away
09-03-2022,Yarmouk,Al Naser,,0-4,1.25,away
09-03-2022,Apoel Nicosia,Anorthosis,,2-1,1.25,home
09-03-2022,Rijeka,Osijek,,2-2,3.25,draw
09-03-2022,Jablonec,Sparta Prague,,1-1,1.30,draw
09-03-2022,Porto,Lyon,,0-1,2.00,away
09-03-2022,Betis,Eintracht Frankfurt,,1-2,1.85,away
09-03-2022,Flora,Levadia,,2-0,2.40,home
09-03-2022,Dundee FC,St. Mirren,,0-1,1.35,away
09-03-2022,Real Madrid,Paris SG,,3-1,1.45,home
09-03-2022,Everton,Estudiantes L.P.,,0-1,2.15,away
09-03-2022,Internacional,Gremio,,1-0,2.90,home
09-03-2022,Ind. Medellin,America De Cali,,2-1,2.10,home
09-03-2022,Mushuc Runa,LDU Quito,,0-2,2.10,away
09-03-2022,New England,Pumas Unam,,3-0,1.90,home
09-03-2022,Deportivo Pereira,Once Caldas,,0-1,2.80,away
08-03-2022,Barnsley,Stoke,,1-1,1.35,draw
08-03-2022,Coventry,Luton,,0-1,1.30,away
08-03-2022,Sheffield Utd,Middlesbrough,,4-1,1.30,home
08-03-2022,Blackburn,Millwall,,0-0,1.35,draw
08-03-2022,Exeter,Swindon,,3-1,1.30,home
08-03-2022,Crawley,Bristol Rovers,,1-2,1.45,away
08-03-2022,Maidenhead,Wealdstone,,0-2,2.05,away
08-03-2022,King’s Lynn,Woking,,0-0,2.05,draw
08-03-2022,Solihull Moors,Notts Co,,3-3,2.25,draw
08-03-2022,Altrincham,Weymouth,,5-0,1.80,home
08-03-2022,Southend,Grimsby,,1-0,2.30,home
08-03-2022,Yeovil,Dag & Red,,0-3,2.65,away
08-03-2022,Carrick Rangers,Portadown,,2-2,1.65,draw
08-03-2022,Crusaders,Coleraine,,1-0,3.10,home
08-03-2022,Warrenpoint,Dungannon,,2-3,2.45,away
08-03-2022,York,Darlington,,3-1,3.25,home
07-03-2022,SC Ismaily,Pharco,,0-0,1.35,draw
07-03-2022,Paphos,Apollon,,0-0,1.30,draw
07-03-2022,Akhmat Grozny,Rubin Kazan,,1-2,1.80,away
07-03-2022,Besiktas,Basaksehir,,2-2,1.30,draw
07-03-2022,Gaziantep,Hatayspor,,2-2,2.20,draw
07-03-2022,Kayserispor,Alanyaspor,,1-2,1.40,away
07-03-2022,Botosani,FC Arges,,1-2,1.25,away
07-03-2022,Ajax II,ADO Den Haag,,6-3,2.20,home
07-03-2022,PSV II,Emmen,,1-3,1.30,away
07-03-2022,Utrecht II,Almere City,,1-2,2.20,away
07-03-2022,AZ Alkmar II,Telstar,,3-2,3.30,home
07-03-2022,Nottingham,Huddersfield,,2-1,1.90,home
07-03-2022,Sociedad II,Gijon,,2-1,2.80,home
07-03-2022,Universidad San Martin,Atletica Grau,,1-2,2.40,away
07-03-2022,Tondela,Belenenses,,1-1,1.80,draw
07-03-2022,Cortulua,Deportes Tolima,,1-3,3.00,away
06-03-2022,Ascoli,Frosinone,,1-1,1.35,draw
06-03-2022,Crotone,Alessandria,,0-0,2.25,draw
06-03-2022,Perugia,Lecce,,1-1,2.95,draw
06-03-2022,Grasshoppers,Servette,,2-4,2.60,away
06-03-2022,Admira,Austria Vienna,,1-2,1.40,away
06-03-2022,Wolfsberger,LASK,,1-0,1.25,home
06-03-2022,Antalyaspor,Sivasspor,,1-0,1.40,home
06-03-2022,Fenerbahce,Trabzonspor,,1-1,2.35,draw
06-03-2022,Koln,Hoffenheim,,0-1,2.45,away
06-03-2022,Silkeborg,Brondby,,0-1,3.50,away
06-03-2022,Charleroi,St. Liege,,0-0,2.00,draw
06-03-2022,Fortuna Sittard,Zwolle,,0-1,2.60,away
06-03-2022,Napoli,Milan,,0-1,1.30,away
06-03-2022,Olympique Marseille,Monaco,,0-1,2.30,away
06-03-2022,Betis,Atl. Madrid,,1-3,2.40,away
06-03-2022,Eupen,Leuven,,3-1,1.45,home
05-03-2022,Hertha Berlin,Eintracht Frankfurt,,1-4,2.20,away
05-03-2022,Wolfsburg,Union Berlin,,1-0,1.30,home
05-03-2022,Aston Villa,Southampton,,4-0,2.30,home
05-03-2022,Newcastle,Brighton,,2-1,1.45,home
05-03-2022,Norwich,Brentford,,1-3,2.90,away
05-03-2022,Reading,Millwall,,0-1,2.40,away
05-03-2022,Swansea,Coventry,,3-1,2.65,home
05-03-2022,Espanyol,Getafe,,2-0,1.65,home
05-03-2022,Cercle Brugge,Genk,,2-2,1.55,draw
05-03-2022,Konyaspor,Galatasaray,,2-0,2.45,home
05-03-2022,Roma,Atalanta,,1-0,3.50,home
05-03-2022,Stuttgart,B. Monchengladbach,,3-2,1.40,home
05-03-2022,Toronto,New York,,1-4,2.60,away
05-03-2022,Cagliari,Lazio,,0-3,2.10,away
05-03-2022,Montreal,Philadelphia,,1-2,1.50,away
05-03-2022,Charlotte,Los Angeles Galaxy,,0-1,2.30,away
04-03-2022,Malatyaspor,Adana Demirspor,,1-0,1.90,home
04-03-2022,Stal Mielec,Jagiellonia,,1-1,1.40,draw
04-03-2022,Holstein Kiel,Paderborn,,3-4,2.10,away
04-03-2022,Kapfenberg,Rapid II,,1-2,2.50,away
04-03-2022,Stade Lausanne Ouchy,Winterthur,,3-1,1.40,home
04-03-2022,Xamax,Vaduz,,2-4,3.20,away
04-03-2022,Telstar,Oss,,2-2,1.60,draw
04-03-2022,VVV Venlo,Volendam,,0-0,1.70,draw
04-03-2022,Deinze,Westerlo,,1-2,1.35,away
04-03-2022,Bielefeld,Augsburg,,0-1,1.40,away
04-03-2022,Sheffield Utd,Nottingham,,1-1,2.00,draw
04-03-2022,St. Truiden,Mechelen,,1-1,2.25,draw
04-03-2022,Shelbourne,Derry City,,0-1,3.05,away
04-03-2022,St. Patricks,Shamrock Rovers,,1-0,2.00,home
04-03-2022,Zaragoza,Almeria,,2-0,3.00,home
04-03-2022,Finn Harps,Bohemians,,1-1,2.20,draw
03-03-2022,Farul Constanta,Botosani,,2-0,1.20,home
03-03-2022,Koper,Maribor,,1-2,1.25,away
03-03-2022,Alanyaspor,Gaziantep,,1-1,1.90,draw
03-03-2022,Al-Nassr,Al-Hilal,,0-4,2.25,away
03-03-2022,FC Arges,FCSB,,1-0,1.20,home
03-03-2022,Basel,St. Gallen,,2-2,1.90,draw
03-03-2022,Grasshoppers,Lugano,,1-2,3.05,away
03-03-2022,Tondela,Mafra,,3-0,2.20,home
03-03-2022,Malatyaspor,Adana Demirspor,,1-0,1.90,home
03-03-2022,Stal Mielec,Jagiellonia,,1-1,1.40,draw
03-03-2022,Darmstadt,Heidenheim,,3-2,1.25,home
03-03-2022,Holstein Kiel,Paderborn,,3-4,2.10,away
03-03-2022,Bielefeld,Augsburg,,0-1,1.40,away
03-03-2022,St. Truiden,KV Mechelen,,1-1,2.25,draw
03-03-2022,Sheffield Utd,Nottingham,,1-1,2.00,draw
03-03-2022,Partick Thistle,Inverness,,1-0,2.30,home
02-03-2022,Monza,Parma,,1-1,3.00,draw
02-03-2022,Reggina,Vicenza,,3-1,1.35,home
02-03-2022,Spal,Cittadella,,0-0,1.35,draw
02-03-2022,Southampton,West Ham,,3-1,2.30,home
02-03-2022,LASK,Salzburg,,0-0,1.25,draw
02-03-2022,Dundee,Hibernian,,0-0,2.05,draw
02-03-2022,Hearts,Aberdeen,,2-0,3.10,home
02-03-2022,Livingston,Dundee Utd,,2-1,2.15,home
02-03-2022,Motherwell,Ross County,,0-1,3.40,away
02-03-2022,Bochum,Freiburg,,1-1,1.60,draw
02-03-2022,Club Brugge,Gent,,0-3,1.30,away
02-03-2022,Fiorentina,Juventus,,0-1,3.40,away
02-03-2022,Mallorca,Sociedad,,0-2,1.30,away
02-03-2022,Nantes,Monaco,,2-2,3.15,draw
02-03-2022,Valencia,Ath Bilbao,,1-0,3.05,home
02-03-2022,Sporting,Porto,,1-2,3.10,away
01-03-2022,Benevento,Cremonese,,1-1,1.30,draw
01-03-2022,Brescia,Perugia,,2-1,2.20,home
01-03-2022,Munich 1860,Kaiserslautern,,2-1,2.40,home
01-03-2022,Arbroath,Partick Thistle,,1-1,3.10,draw
01-03-2022,Burnley,Leicester,,0-2,1.55,away
01-03-2022,Cardiff,Derby,,1-0,2.00,home
01-03-2022,Portsmouth,Oxford Utd,,3-2,1.30,home
01-03-2022,Crawley,Oldham,,2-2,1.30,draw
01-03-2022,Carlisle,Rochdale,,2-0,3.10,home
01-03-2022,Colchester,Leyton Orient,,2-2,2.60,draw
01-03-2022,Newport,Forest Green,,1-1,3.10,draw
01-03-2022,Northampton,Walsall,,1-1,1.35,draw
01-03-2022,Harrogate,Port Vale,,1-1,2.55,draw
01-03-2022,Bristol Rovers,Barrow,,1-0,2.00,home
01-03-2022,Union Berlin,St. Pauli,,2-1,1.75,home
01-03-2022,AC Milan,Inter,,0-0,1.35,draw
28-02-2022,Kasimpasa,Fenerbahce,,1-2,2.60,away
28-02-2022,Menemenspor,Altinordu,,0-1,1.45,away
28-02-2022,Apollon Smyrnis,Atromitos,,0-2,1.30,away
28-02-2022,Turkgucu,Saarbrucken,,1-5,1.80,away
28-02-2022,Varzim,Feirense,,0-0,1.40,draw
28-02-2022,Vaduz,Aarau,,0-2,2.00,away
28-02-2022,Academica,Academico Viseu,,1-2,2.20,away
28-02-2022,Grenoble,Toulouse,,0-2,1.75,away
28-02-2022,Bohemians,St. Patricks,,1-0,3.05,home
28-02-2022,Derry City,Sligo Rovers,,0-0,1.95,draw
28-02-2022,UCD,Shelbourne,,0-0,1.75,draw
28-02-2022,Granada,Cadiz,,0-0,1.25,draw
28-02-2022,Malaga,Cartagena,,1-1,1.35,draw
28-02-2022,River M.,Cerrito,,3-1,3.00,home
28-02-2022,Macara,Orense SC,,1-0,1.25,home
28-02-2022,Patriotas,Santa Fe,,1-1,2.05,draw
27-02-2022,Gijon,Zaragoza,,1-2,1.25,away
27-02-2022,Sevilla,Betis,,2-1,2.15,home
27-02-2022,Vizela,Portimonense,,1-1,3.20,draw
27-02-2022,Leixoes,Estrela,,3-0,2.00,home
27-02-2022,Lausanne,Luzern,,1-2,2.20,away
27-02-2022,Zurich,Basel,,4-2,2.50,home
27-02-2022,Austria Klagenfurt,Ried,,1-1,1.40,draw
27-02-2022,Austria Vienna,Wolfsberger AC,,1-0,2.25,home
27-02-2022,WSG Tirol,Rapid Vienna,,0-2,1.30,away
27-02-2022,Chelsea,Liverpool,,0-0,1.30,draw
27-02-2022,Odense,Midtjylland,,2-2,2.15,draw
27-02-2022,Leganes,Girona,,1-1,1.30,draw
27-02-2022,Estoril,Boavista,,2-3,3.15,away
27-02-2022,Heerenveen,Utrecht,,1-2,1.90,away
27-02-2022,Lazio,Napoli,,1-2,1.40,away
27-02-2022,Alcorcon,Ponferradina,,2-2,2.35,draw
26-02-2022,Brentford,Newcastle,,0-2,1.50,away
26-02-2022,Brighton,Aston Villa,,0-2,1.60,away
26-02-2022,Crystal Palace,Burnley,,1-1,1.25,draw
26-02-2022,Barnsley,Middlesbrough,,3-2,1.85,home
26-02-2022,Birmingham,Huddersfield,,0-2,1.40,away
26-02-2022,Blackpool,Reading,,4-1,3.60,home
26-02-2022,Coventry,Preston,,1-1,1.95,draw
26-02-2022,Luton,Derby,,1-0,1.85,home
26-02-2022,Millwall,Sheffield Utd,,1-0,2.20,home
26-02-2022,Peterborough,Hull,,0-3,2.60,away
26-02-2022,Morecambe,Ipswich,,1-1,2.05,draw
26-02-2022,Plymouth,Rotherham,,0-1,2.05,away
26-02-2022,Getafe,Alaves,,2-2,1.90,draw
26-02-2022,Strasbourg,Nice,,0-0,3.30,draw
26-02-2022,Sassuolo,Fiorentina,,2-1,1.30,home
26-02-2022,Arouca,Moreirense,,1-1,1.30,draw
25-02-2022,Paphos,Aris,,1-1,2.65,draw
25-02-2022,Hannover,Holstein Kiel,,2-0,2.15,home
25-02-2022,Stade Lausanne Ouchy,Vaduz,,2-0,2.00,home
25-02-2022,Yverdon,Thun,,2-2,1.25,draw
25-02-2022,RKC Waalwijk,Twente,,1-2,2.15,away
25-02-2022,Schaffhausen,Winterthur,,3-2,2.35,home
25-02-2022,Hamilton,Inverness,,1-1,1.40,draw
25-02-2022,Beerschot Wilrijk,Charleroi,,2-3,1.30,away
25-02-2022,Bohemians,Dundalk,,2-2,2.15,draw
25-02-2022,Derry City,Shamrock Rovers,,2-1,1.25,home
25-02-2022,Drogheda,Shelbourne,,0-2,1.40,away
25-02-2022,St. Patricks,Sligo Rovers,,1-2,1.85,away
25-02-2022,UCD,Finn Harps,,0-0,1.35,draw
25-02-2022,Levante,Elche,,3-0,2.15,home
25-02-2022,Montpellier,Rennes,,2-4,1.85,away
25-02-2022,Belenenses,Ferreira,,0-2,3.00,away
24-02-2022,Al-Gharafa,Al Rayyan,,3-2,2.40,home
24-02-2022,Carrarese,Siena,,3-1,1.30,home
24-02-2022,Dinamo Zagreb,Sevilla,,1-0,1.70,home
24-02-2022,Lazio,Porto,,2-2,1.35,draw
24-02-2022,Olympiacos,Atalanta,,0-3,1.70,away
24-02-2022,Sociedad,RB Leipzig,,1-3,2.70,away
24-02-2022,Bodo,Celtic,,2-0,2.10,home
24-02-2022,Maccabi Tel Aviv,PSV,,1-1,2.00,draw
24-02-2022,Partizan,Sparta Prague,,2-1,2.00,home
24-02-2022,Qarabag,Marseille,,0-3,1.30,away
24-02-2022,Lucchese,Entella,,3-0,1.30,home
24-02-2022,Betis,Zenit,,0-0,2.00,draw
24-02-2022,Napoli,Barcelona,,2-4,2.60,away
24-02-2022,PAOK,Midtjylland,,2-1,2.00,home
24-02-2022,Slavia Prague,Fenerbahce,,3-2,3.60,home
24-02-2022,Queretaro,Toluca,,1-1,2.10,draw
23-02-2022,Piacenza,Triestina,,0-2,2.90,away
23-02-2022,Brescia,Ascoli,,2-0,1.90,home
23-02-2022,Crotone,Cosenza,,3-3,1.20,draw
23-02-2022,Burnley,Tottenham,,1-0,1.80,home
23-02-2022,Watford,Crystal Palace,,1-4,1.35,away
23-02-2022,Derby,Millwall,,1-2,1.35,away
23-02-2022,Huddersfield,Cardiff,,2-1,1.30,home
23-02-2022,QPR,Blackpool,,2-1,1.95,home
23-02-2022,Sheffield Utd,Blackburn,,1-0,1.75,home
23-02-2022,Stoke,Luton,,1-2,2.05,away
23-02-2022,Dundee FC,St. Mirren,,Postp,2.70,postponed
23-02-2022,Benfica,Ajax,,2-2,1.80,draw
23-02-2022,Atl. Madrid,Manchester Utd,,1-1,3.10,draw
23-02-2022,Gubbio,Reggiana,,2-1,1.25,home
23-02-2022,Imolese,Cesena,,0-0,2.00,draw
23-02-2022,Vis Pesaro,Pescara,,0-2,1.30,away
22-02-2022,Bristol City,Coventry,,1-2,1.30,away
22-02-2022,Hull,Barnsley,,0-2,1.25,away
22-02-2022,Middlesbrough,WBA,,2-1,2.25,home
22-02-2022,Preston,Nottingham,,0-0,1.45,draw
22-02-2022,Crewe,Oxford Utd,,0-1,1.80,away
22-02-2022,Cambridge Utd,Plymouth,,2-0,2.15,home
22-02-2022,Charlton,Milton Keynes Dons,,0-2,1.30,away
22-02-2022,Doncaster,Accrington,,2-0,1.95,home
22-02-2022,Ipswich,Cheltenham,,0-0,1.70,draw
22-02-2022,Gillingham,Wimbledon,,0-0,1.40,draw
22-02-2022,Shrewsbury,Portsmouth,,1-2,2.35,away
22-02-2022,Wycombe,Wigan,,1-3,3.10,away
22-02-2022,Colchester,Hartlepool,,1-2,2.40,away
22-02-2022,Villarreal,Juventus,,1-1,3.20,draw
22-02-2022,Reading,Birmingham,,2-1,1.30,home
22-02-2022,Bolton,Lincoln,,3-1,1.95,home
21-02-2022,Goztepe,Galatasaray,,2-3,1.30,away
21-02-2022,Benfica II,Farense,,3-0,1.30,home
21-02-2022,Randers,Viborg,,0-1,1.95,away
21-02-2022,Brommapojkarna,Halmstad,,Postp,1.30,postponed
21-02-2022,AZ Alkmar II,NAC Breda,,0-2,2.10,away
21-02-2022,Red Star,Annecy,,3-0,2.90,home
21-02-2022,Amorebieta,Leganes,,1-3,2.80,away
21-02-2022,Barracas,Tigre,,0-2,1.90,away
21-02-2022,U. San Martin,Sport Boys,,2-0,1.30,home
21-02-2022,Santa Clara,Portimonense,,1-1,1.25,draw
21-02-2022,Nublense,U. De Chile,,3-2,2.20,home
21-02-2022,Banfield,Gimnasia L.P.,,4-0,1.25,home
21-02-2022,Godoy Cruz,Aldosivi,,0-2,1.65,away
21-02-2022,San Lorenzo,Defensa y Justicia,,3-4,2.30,away
21-02-2022,Bucaramanga,Envigado,,1-2,1.70,away
21-02-2022,Tecnico U.,Nueve de Octubre,,2-1,2.90,home
20-02-2022,Nordsjaelland,Brondby,,0-2,2.25,away
20-02-2022,Valencia,Barcelona,,1-4,2.00,away
20-02-2022,Maritimo,Famalicao,,0-1,1.40,away
20-02-2022,Porto II,Chaves,,0-0,1.40,draw
20-02-2022,Servette,Luzern,,1-1,1.25,draw
20-02-2022,Sturm,Rapid,,2-2,1.35,draw
20-02-2022,Mariehamn,HIFK,,1-2,2.05,away
20-02-2022,Wolverhampton,Leicester,,2-1,1.35,home
20-02-2022,Gijon,Ponferradina,,2-3,1.25,away
20-02-2022,Huesca,Lugo,,1-0,1.75,home
20-02-2022,Anderlecht,Genk,,2-0,1.90,home
20-02-2022,Aris,PAOK,,0-0,2.55,draw
20-02-2022,Trofense,Mafra,,1-3,3.00,away
20-02-2022,Udinese,Lazio,,1-1,2.20,draw
20-02-2022,Ath Bilbao,Sociedad,,4-0,2.90,home
20-02-2022,St. Truiden,Leuven,,2-0,2.25,home
19-02-2022,Southampton,Everton,,2-0,1.30,home
19-02-2022,Blackburn,Millwall,,Postp,2.00,postponed
19-02-2022,Bristol City,Middlesbrough,,2-1,2.00,home
19-02-2022,Cardiff,Blackpool,,1-1,2.10,draw
19-02-2022,Luton,WBA,,2-0,2.40,home
19-02-2022,Cambridge Utd,Accrington,,2-0,2.40,home
19-02-2022,Charlton,Oxford Utd,,0-4,2.40,away
19-02-2022,Fleetwood,Lincoln,,Postp,2.60,postponed
19-02-2022,Gillingham,Plymouth,,0-2,1.30,away
19-02-2022,Shrewsbury,Morecambe,,Postp,1.30,postponed
19-02-2022,Sunderland,Milton Keynes Dons,,1-2,2.00,away
19-02-2022,Oldham,Bradford City,,2-0,3.20,home
19-02-2022,Osasuna,Atl. Madrid,,0-3,1.25,away
19-02-2022,Lens,Lyon,,1-1,1.40,draw
19-02-2022,Koln,Eintracht Frankfurt,,1-0,1.25,home
19-02-2022,Cadiz,Getafe,,1-1,2.50,draw
18-02-2022,Konyaspor,Kasimpasa,,4-4,1.30,draw
18-02-2022,Rizespor,Basaksehir,,0-2,1.85,away
18-02-2022,Dynamo Dresden,Heidenheim,,1-1,1.30,draw
18-02-2022,Sonderjyske,Aarhus,,2-3,1.30,away
18-02-2022,Fortuna Sittard,Sparta,,Postp,2.60,postponed
18-02-2022,Dordrecht,Oss,,Postp,1.25,postponed
18-02-2022,Emmen,Volendam,,Postp,3.50,postponed
18-02-2022,Helmond,VVV Venlo,,Postp,2.15,postponed
18-02-2022,Roda,De Graafschap,,Postp,3.30,postponed
18-02-2022,Telstar,NAC Breda,,Postp,3.30,postponed
18-02-2022,Mainz,Leverkusen,,3-2,2.15,home
18-02-2022,Rotherham,Wigan,,1-1,2.00,draw
18-02-2022,Dunfermline,Partick,,Postp,1.35,postponed
18-02-2022,Elche,Rayo Vallecano,,2-1,1.45,home
18-02-2022,Cartagena,Valladolid,,2-3,2.15,away
18-02-2022,O’Higgins,Huachipato,,1-1,2.15,draw
17-02-2022,Barcelona,Napoli,,1-1,1.25,draw
17-02-2022,Zenit,Betis,,2-3,2.40,away
17-02-2022,Sheriff Tiraspol,Braga,,2-0,2.00,home
17-02-2022,Fenerbahce,Slavia Prague,,2-3,1.30,away
17-02-2022,Midtjylland,PAOK,,1-0,1.75,home
17-02-2022,Rapid Vienna,Vitesse,,2-1,3.30,home
17-02-2022,Portuguesa RJ,Boavista,,1-2,1.25,away
17-02-2022,Patriotas,Once Caldas,,0-0,1.35,draw
17-02-2022,Pescara,Virtus Entella,,0-0,3.20,draw
17-02-2022,Colon Santa FE,Godoy Cruz,,3-1,1.25,home
17-02-2022,Gimnasia L.P.,San Lorenzo,,1-0,3.00,home
17-02-2022,RB Leipzig,Sociedad,,2-2,1.90,draw
17-02-2022,Porto,Lazio,,2-1,2.10,home
17-02-2022,Sparta Prague,Partizan,,0-1,2.00,away
17-02-2022,Alianza Petrolera,Cortulua,,0-0,3.10,draw
17-02-2022,Defensa Justicia,Racing Club,,2-2,2.10,draw
16-02-2022,Atromitos,OFI,,2-2,2.70,draw
16-02-2022,Aris Limmasol,Omonia,,0-2,1.30,away
16-02-2022,Ilves,Honka,,1-0,2.35,home
16-02-2022,Denizlispor,Altinordu,,1-0,1.30,home
16-02-2022,Pro Patria,Pro Sesto,,0-3,1.25,away
16-02-2022,Teramo,Pistoiese,,1-1,2.20,draw
16-02-2022,Pontedera,Gubbio,,0-0,3.10,draw
16-02-2022,Vis Pesaro,Lucchese,,2-1,2.90,home
16-02-2022,Crotone,Brescia,,0-1,1.40,away
16-02-2022,Viktoria Berlin,Braunschweig,,0-6,2.10,away
16-02-2022,Deportivo Pereira,Jaguares de Cordoba,,2-1,2.50,home
16-02-2022,Peterborough,Reading,,0-0,1.30,draw
16-02-2022,Tigre,Cordoba Santiago,,1-1,3.00,draw
16-02-2022,Inter,Liverpool,,0-2,1.30,away
16-02-2022,Volta Redonda,Audax RJ,,4-0,2.05,home
16-02-2022,Mazatlan,America,,2-1,2.00,home
15-02-2022,Cosenza,Perugia,,1-2,3.05,away
15-02-2022,Cremonese,Parma,,3-1,1.25,home
15-02-2022,Pordenone,Cittadella,,0-1,1.35,away
15-02-2022,Spal,Reggina,,1-3,1.25,away
15-02-2022,Ternana,Monza,,0-1,1.40,away
15-02-2022,Cape Town City,Kaizer Chiefs,,0-0,2.85,draw
15-02-2022,Maritzburg Utd,Supersport Utd,,2-1,2.50,home
15-02-2022,Grenoble,Niort,,1-0,1.35,home
15-02-2022,Cardiff,Coventry,,2-0,1.30,home
15-02-2022,Millwall,QPR,,2-0,2.35,home
15-02-2022,Burton,Bolton,,3-1,2.55,home
15-02-2022,Bristol Rovers,Sutton,,2-0,3.20,home
15-02-2022,Hartlepool,Tranmere,,1-0,3.05,home
15-02-2022,Bromley,Stockport,,1-3,1.75,away
15-02-2022,PSG,Real Madrid,,1-0,2.00,home
15-02-2022,Argentinos Jrs,Newells Old Boys,,3-0,2.00,home
14-02-2022,Aluminij,Radomlje,,0-4,2.95,away
14-02-2022,Demirspor,Besiktas,,1-1,1.40,draw
14-02-2022,Hatayspor,Goztepe,,2-1,1.30,home
14-02-2022,Gornik,Jagiellonia,,1-2,2.05,away
14-02-2022,Orleans,Red Star 93,,1-0,1.40,home
14-02-2022,PAS Giannina,Aris,,2-0,2.90,home
14-02-2022,Viktoria Koln,Osnabruck,,1-1,1.35,draw
14-02-2022,Lel Makkasa,El Gaish,,0-0,1.40,draw
14-02-2022,Apoel Nicosia,AEK Larnaca,,1-0,2.95,home
14-02-2022,Spezia,Fiorentina,,1-2,1.90,away
14-02-2022,Le Havre,Bastia,,2-4,1.35,away
14-02-2022,WBA,Blackburn,,0-0,1.85,draw
14-02-2022,Mallorca,Ath Bilbao,,3-2,2.30,home
14-02-2022,Ponferradina,Sociedad II,,3-2,1.80,home
14-02-2022,Arouca,Maritimo,,0-3,2.40,away
14-02-2022,Nublense,Union La Calera,,0-0,2.10,draw
13-02-2022,Oviedo,Huesca,,3-3,3.00,draw
13-02-2022,Levante,Betis,,2-4,2.05,away
13-02-2022,Famalicao,Moreirense,,5-0,1.25,home
13-02-2022,Luzern,Sion,,1-0,3.00,home
13-02-2022,Varzim,Leixoes,,1-1,1.45,draw
13-02-2022,Kasimpasa,Alanyaspor,,2-2,2.45,draw
13-02-2022,Trabzonspor,Konyaspor,,2-1,1.25,home
13-02-2022,Leicester,West Ham,,2-2,2.80,draw
13-02-2022,Sassuolo,AS Roma,,2-2,1.30,draw
13-02-2022,Alcorcon,Tenerife,,0-2,2.05,away
13-02-2022,Lugo,Amorebieta,,1-1,1.25,draw
13-02-2022,Belenenses,Guimaraes,,1-0,1.80,home
13-02-2022,Pumas Unam,Leon,,2-1,2.40,home
13-02-2022,Atalanta,Juventus,,1-1,2.45,draw
13-02-2022,Beerschot Wilrijk,Kortrijk,,2-1,1.25,home
13-02-2022,Vizela,Gil Vicente,,0-1,3.20,away
12-02-2022,Brentford,Crystal Palace,,0-0,1.40,draw
12-02-2022,Everton,Leeds,,3-0,2.30,home
12-02-2022,Watford,Brighton,,0-2,1.25,away
12-02-2022,Barnsley,QPR,,1-0,2.05,home
12-02-2022,Birmingham,Luton,,3-0,1.50,home
12-02-2022,Blackpool,Bournemouth,,1-2,1.90,away
12-02-2022,Millwall,Cardiff,,2-1,3.10,home
12-02-2022,Nottingham,Stoke,,2-2,2.30,draw
12-02-2022,Peterborough,Preston,,0-1,2.10,away
12-02-2022,Reading,Coventry,,2-3,2.05,away
12-02-2022,Motherwell,Aberdeen,,2-1,2.70,home
12-02-2022,Partick Thistle,Dundee Utd,,0-1,1.40,away
12-02-2022,Villarreal,Real Madrid,,0-0,1.50,draw
12-02-2022,Montpellier,Lille,,0-1,1.30,away
12-02-2022,Napoli,Inter,,1-1,3.40,draw
12-02-2022,Rayo Vallecano,Osasuna,,0-3,2.10,away
11-02-2022,Altay,Rizespor,,0-0,2.00,draw
11-02-2022,Erzgebirge Aue,Holstein Kiel,,2-3,2.10,away
11-02-2022,Rapid Bucuresti,Sepsi,,1-1,1.30,draw
11-02-2022,Hallescher,Zwickau,,2-0,1.40,home
11-02-2022,Heracles,Utrecht,,1-0,1.35,home
11-02-2022,Almere City,Emmen,,0-0,1.90,draw
11-02-2022,Excelsior,Ajax II,,6-2,1.25,home
11-02-2022,Oss,Eindhoven,,1-2,2.05,away
11-02-2022,Helmond,Telstar,,2-2,1.30,draw
11-02-2022,Ujpest,Kisvarda,,0-0,3.20,draw
11-02-2022,Schaffhausen,Vaduz,,4-2,2.00,home
11-02-2022,Barry,Penybont,,0-0,3.30,draw
11-02-2022,Haverfordwest,Aberystwyth,,0-0,2.10,draw
11-02-2022,Glentoran,Linfield,,1-0,3.10,home
11-02-2022,Leganes,Zaragoza,,2-1,1.30,home
11-02-2022,Porto,Sporting,,2-2,2.10,draw
10-02-2022,Universitatea,Botosani,,3-2,1.35,home
10-02-2022,NB Egypt,Smouha,,1-2,1.40,away
10-02-2022,Bani Yas,Al Wahda,,0-1,1.25,away
10-02-2022,Al Feiha,Al Faisaly,,0-0,3.20,draw
10-02-2022,Thun,Lugano,,3-4,2.20,away
10-02-2022,NEC,Go Head,,0-2,2.10,away
10-02-2022,Chaves,Rio Ave,,2-1,3.00,home
10-02-2022,Nova Iguacu,Boavista RJ,,1-1,2.20,draw
10-02-2022,Wolverhampton,Arsenal,,0-1,2.20,away
10-02-2022,Ath Bilbao,Valencia,,1-1,1.80,draw
10-02-2022,Patronato,Argentinos Jrs,,0-1,2.90,away
10-02-2022,Sarmiento,Atl. Tucuman,,1-0,1.30,home
10-02-2022,Fluminense,Botafogo,,2-1,1.25,home
10-02-2022,Central Cordoba,Barracas,,3-1,1.85,home
10-02-2022,Newells Old Boys,Defensa y Justicia,,1-0,1.40,home
10-02-2022,San Carlos,Herediano,,1-1,3.00,draw
09-02-2022,Bergerac,Versailles,,1-1,3.00,draw
09-02-2022,Zulte-Waregem,Oostende,,0-0,2.20,draw
09-02-2022,AEK,PAOK,,1-2,1.30,away
09-02-2022,Norwich,Crystal Palace,,1-1,2.10,draw
09-02-2022,Blackburn,Nottingham,,0-2,1.30,away
09-02-2022,Bristol City,Reading,,2-1,1.90,home
09-02-2022,Preston,Huddersfield,,0-0,3.20,draw
09-02-2022,QPR,Middlesbrough,,2-2,2.70,draw
09-02-2022,Sheffield Utd,WBA,,2-0,1.35,home
09-02-2022,Dundee Utd,Motherwell,,2-0,1.30,home
09-02-2022,Ross County,Livingston,,1-1,1.30,draw
09-02-2022,St. Mirren,St Johnstone,,2-1,1.30,home
09-02-2022,Inverness,Partick Thistle,,3-3,3.10,draw
09-02-2022,Rayo Vallecano,Betis,,1-2,3.20,away
09-02-2022,Leuven,Genk,,2-1,1.85,home
09-02-2022,Nice,Olympique Marseille,,4-1,2.75,home
08-02-2022,Newcastle,Everton,,3-1,1.40,home
08-02-2022,Coventry,Blackpool,,1-1,1.85,draw
08-02-2022,Derby,Hull,,3-1,1.30,home
08-02-2022,Stoke,Swansea,,3-0,1.30,home
08-02-2022,Accrington,Oxford Utd,,2-0,2.35,home
08-02-2022,Cheltenham,Sunderland,,2-1,2.10,home
08-02-2022,Crewe,Plymouth,,1-4,1.30,away
08-02-2022,Fleetwood,MK Dons,,1-1,1.30,draw
08-02-2022,Gillingham,Cambridge Utd,,1-0,2.90,home
08-02-2022,Portsmouth,Burton,,2-1,1.90,home
08-02-2022,Sheffield Wed,Wigan,,1-0,1.35,home
08-02-2022,Wycombe,Shrewsbury,,0-0,2.00,draw
08-02-2022,Sutton,Salford,,0-0,2.15,draw
08-02-2022,Carlisle,Port Vale,,1-3,2.60,away
08-02-2022,Exeter,Leyton Orient,,1-0,2.00,home
08-02-2022,Bolton,Charlton,,2-1,3.10,home
07-02-2022,Porto II,Sp.Covilha,,3-1,1.25,home
07-02-2022,Penafiel,Trofense,,1-0,3.10,home
07-02-2022,Radomiak,Wisla Plock,,1-1,2.00,draw
07-02-2022,Salernitana,Spezia,,2-2,1.30,draw
07-02-2022,Paris,Ajaccio,,2-0,2.80,home
07-02-2022,Modena,Cesena,,1-0,1.90,home
07-02-2022,Varzim,Nacional,,0-0,1.30,draw
07-02-2022,Newcastle,Everton,,3-1,1.30,home
07-02-2022,Coventry,Blackpool,,1-1,1.85,draw
07-02-2022,Derby,Hull,,3-1,2.30,home
07-02-2022,Stoke,Swansea,,3-0,2.20,home
07-02-2022,Accrington,Oxford Utd,,2-0,2.35,home
07-02-2022,Crewe,Plymouth,,1-4,1.30,away
07-02-2022,Doncaster,Ipswich,,0-1,1.75,away
07-02-2022,Fleetwood,Milton Keynes Dons,,1-1,1.30,draw
07-02-2022,Gillingham,Cambridge Utd,,1-0,2.90,home
06-02-2022,Vilafranquense,Mafra,,2-0,3.10,home
06-02-2022,Cremonese,Monza,,3-2,3.10,home
06-02-2022,Pordenone,Spal,,1-1,1.45,draw
06-02-2022,Barcelona,Atl. Madrid,,4-2,2.25,home
06-02-2022,Boavista,Vizela,,2-2,3.20,draw
06-02-2022,Gil Vicente,Santa Clara,,2-2,1.95,draw
06-02-2022,Lugano,Luzern,,2-1,1.25,home
06-02-2022,Nottingham Forest,Leicester,,4-1,1.95,home
06-02-2022,Udinese,Torino,,2-0,3.20,home
06-02-2022,AEL Limassol,APOEL,,2-3,2.20,away
06-02-2022,Cartagena,Las Palmas,,0-2,1.35,away
06-02-2022,Huesca,Mirandes,,4-0,1.20,home
06-02-2022,Betis,Villarreal,,0-2,2.30,away
06-02-2022,Lamia,Asteras Tripolis,,Postp,2.90,postponed
06-02-2022,Lille,Paris SG,,1-5,1.25,away
06-02-2022,Tenerife,Leganes,,0-0,1.20,draw
05-02-2022,Blackpool,Bristol City,,3-1,1.60,home
05-02-2022,Hull,Preston,,0-1,1.40,away
05-02-2022,Burton,Sheffield Wed,,0-2,2.45,away
05-02-2022,Charlton,Wimbledon,,3-2,1.90,home
05-02-2022,Milton Keynes Dons,Lincoln,,2-1,1.25,home
05-02-2022,Morecambe,Bolton,,1-1,2.20,draw
05-02-2022,Oxford Utd,Portsmouth,,3-2,2.10,home
05-02-2022,Shrewsbury,Fleetwood,,1-1,3.70,draw
05-02-2022,Everton,Brentford,,4-1,2.00,home
05-02-2022,Peterborough,QPR,,2-0,2.05,home
05-02-2022,Swansea,Blackburn,,1-0,1.50,home
05-02-2022,Cambridge Utd,Luton,,0-3,2.00,away
05-02-2022,Burnley,Watford,,0-0,1.30,draw
05-02-2022,Fiorentina,Lazio,,0-3,1.40,away
05-02-2022,Osasuna,Sevilla,,0-0,2.20,draw
05-02-2022,Monaco,Olympique Lyon,,2-0,2.00,home
04-02-2022,Dacia Mioveni,Voluntari,,0-0,1.35,draw
04-02-2022,Kayserispor,Hatayspor,,4-3,2.10,home
04-02-2022,Konyaspor,Giresunspor,,1-0,1.95,home
04-02-2022,Heidenheim,Hannover,,3-1,1.30,home
04-02-2022,Medias,Rapid Bucuresti,,1-1,1.30,draw
04-02-2022,Ried,Austria Klagenfurt,,2-0,1.35,home
04-02-2022,Xamax,Schaffhausen,,2-1,1.25,home
04-02-2022,NAC Breda,Roda,,2-2,3.40,draw
04-02-2022,Dordrecht,Almere City,,2-2,1.85,draw
04-02-2022,MVV,VVV Venlo,,0-5,2.15,away
04-02-2022,MTK,Zalaegerszegi,,0-2,2.30,away
04-02-2022,Vaduz,Winterthur,,0-0,2.40,draw
04-02-2022,Hertha Berlin,Bochum,,1-1,2.25,draw
04-02-2022,Birmingham,Sheffield Utd,,1-2,2.00,away
04-02-2022,Arbroath,Kilmarnock,,1-0,1.45,home
04-02-2022,Getafe,Levante,,3-0,2.05,home
03-02-2022,Potenza,Foggia,,2-1,1.35,home
03-02-2022,Trofense,Porto II,,2-2,2.40,draw
03-02-2022,Resende,Portuguesa RJ,,1-1,2.95,draw
03-02-2022,Sociedad,Betis,,0-4,2.10,away
03-02-2022,CD Equidad,Aguilas,,0-1,1.20,away
03-02-2022,Cameroon,Egypt,,0-0,1.25,draw
03-02-2022,Ath Bilbao,Real Madrid,,1-0,1.40,home
03-02-2022,Guanacasteca,Municipal Grecia,,1-0,2.45,home
03-02-2022,U. Magdalena,Dep. Pasto,,0-0,2.20,draw
03-02-2022,Ituano,Internacional Limeira,,2-1,1.95,home
03-02-2022,Mirassol,Guarani,,2-0,2.95,home
03-02-2022,Guadalupe,San Carlos,,3-1,1.40,home
03-02-2022,Bragantino,Sao Paulo,,4-3,2.60,home
03-02-2022,Adelaide United,Sydney FC,,1-2,2.90,away
03-02-2022,Umm-Salal,Qatar Doha,,1-2,2.55,away
03-02-2022,Heidenheim,Hannover,,3-1,1.30,home
02-02-2022,OFI,Panathinaikos,,3-2,2.20,home
02-02-2022,Olympiakos N.,Apoel Nicosia,,0-4,1.35,away
02-02-2022,Aris,AEK,,2-1,1.40,home
02-02-2022,Kortrijk,Antwerp,,0-2,1.95,away
02-02-2022,Duisburg,Osnabruck,,3-6,3.20,away
02-02-2022,Leixoes,Mafra,,2-0,1.35,home
02-02-2022,Bangu,Volta Redonda,,1-1,2.95,draw
02-02-2022,Rayo Vallecano,Mallorca,,1-0,2.00,home
02-02-2022,Bucaramanga,Alianza Petrolera,,2-1,3.10,home
02-02-2022,Barnsley,Cardiff,,0-1,2.50,away
02-02-2022,Huddersfield,Derby,,2-0,2.00,home
02-02-2022,Celtic,Rangers,,3-0,1.30,home
02-02-2022,Gent,Club Brugge,,0-1,1.45,away
02-02-2022,Envigado,Millonarios,,0-0,2.00,draw
02-02-2022,Jamaica,Costa Rica,,0-1,1.50,away
02-02-2022,El Salvador,Canada,,0-2,2.00,away
01-02-2022,Millwall,Preston,,0-0,2.25,draw
01-02-2022,Swansea,Luton,,0-1,2.40,away
01-02-2022,Wimbledon,Cheltenham,,2-2,1.55,draw
01-02-2022,Wigan,Oxford Utd,,1-1,2.00,draw
01-02-2022,Gillingham,Crewe,,1-0,1.30,home
01-02-2022,Tranmere,Stevenage,,1-0,1.25,home
01-02-2022,Harrogate,Mansfield,,0-0,2.45,draw
01-02-2022,Bradford City,Leyton Orient,,1-1,1.30,draw
01-02-2022,Colchester,Rochdale,,1-1,2.40,draw
01-02-2022,Port Vale,Forest Green,,1-1,2.20,draw
01-02-2022,Dundee,Dundee Utd,,0-0,2.95,draw
01-02-2022,Hibernian,Hearts,,0-0,2.80,draw
01-02-2022,Livingston,St Johnstone,,1-2,1.25,away
01-02-2022,Ross County,Aberdeen,,1-1,2.35,draw
01-02-2022,St. Mirren,Motherwell,,1-1,2.35,draw
01-02-2022,Bolivia,Chile,,2-3,1.30,away
31-01-2022,Aris Limassol,AEL Limassol,,1-2,2.20,away
31-01-2022,Hapoel I.K.S.,Bnei Sakhnin,,0-1,2.15,away
31-01-2022,Estoril,Ferreira,,0-0,1.25,draw
31-01-2022,Portsmouth,Charlton,,1-2,3.45,away
31-01-2022,Juve Stabia,Foggia,,3-1,2.85,home
31-01-2022,Ibiza,Zaragoza,,2-2,1.25,draw
31-01-2022,Famalicao,Arouca,,0-0,1.25,draw
31-01-2022,Lebanon,Iraq,,1-1,1.35,draw
31-01-2022,Vietnam,China,,3-1,2.00,home
31-01-2022,Millwall,Preston,,0-0,2.25,draw
31-01-2022,Swansea,Luton,,0-1,2.40,away
31-01-2022,Wimbledon,Cheltenham,,2-2,1.55,draw
31-01-2022,Wigan,Oxford Utd,,1-1,2.00,draw
31-01-2022,Gillingham,Crewe,,1-0,1.30,home
31-01-2022,Dundee,Dundee Utd,,0-0,2.95,draw
31-01-2022,Hibernian,Hearts,,0-0,2.80,draw
30-01-2022,Cartagena,Fuenlabrada,,3-0,1.25,home
30-01-2022,Gent,Antwerp,,0-1,1.85,away
30-01-2022,Waasland-Beveren,Westerlo,,2-1,1.85,home
30-01-2022,Egypt,Morocco,,1-1,2.50,draw
30-01-2022,Portimonense,Tondela,,1-2,2.00,away
30-01-2022,Vizela,Guimaraes,,3-2,1.30,home
30-01-2022,Luzern,Basel,,0-3,1.35,away
30-01-2022,Sion,Grasshoppers,,2-0,1.30,home
30-01-2022,Ado Den Haag,De Graafschap,,0-0,2.30,draw
30-01-2022,Cardiff,Nottingham,,2-1,2.55,home
30-01-2022,Mirandes,Malaga,,3-0,2.20,home
30-01-2022,Academica,Leixoes,,1-0,1.35,home
30-01-2022,Standard,Mechelen,,1-2,1.30,away
30-01-2022,PAOK,Olympiacos,,1-1,3.10,draw
30-01-2022,Ponferradina,Tenerife,,1-2,2.90,away
30-01-2022,Lens,Monaco,,2-4,2.45,away
29-01-2022,Hull,Swansea,,2-0,1.45,home
29-01-2022,Luton,Blackburn,,0-0,1.55,draw
29-01-2022,Middlesbrough,Coventry,,1-0,2.05,home
29-01-2022,Millwall,WBA,,2-0,1.30,home
29-01-2022,Preston,Bristol City,,2-2,1.85,draw
29-01-2022,Accrington,Morecambe,,2-2,1.95,draw
29-01-2022,Wimbledon,Shrewsbury,,1-1,2.80,draw
29-01-2022,Bolton,Sunderland,,6-0,2.00,home
29-01-2022,Fleetwood,Cambridge Utd,,1-1,2.00,draw
29-01-2022,Lincoln,Burton,,1-2,2.10,away
29-01-2022,Sheffield Wed,Ipswich,,1-0,3.30,home
29-01-2022,Wycombe,Milton Keynes Dons,,0-1,2.10,away
29-01-2022,Bristol Rovers,Walsall,,1-0,1.30,home
29-01-2022,Dundee FC,St. Mirren,,Postp,1.30,postponed
29-01-2022,Peterborough,Sheffield Utd,,0-2,1.95,away
29-01-2022,Burkina Faso,Tunisia,,1-0,1.50,home
28-01-2022,Wurzburger,Freiburg II,,1-1,1.40,draw
28-01-2022,Farense,Estrela Amadora,,3-0,1.30,home
28-01-2022,Caen,Niort,,0-2,1.25,away
28-01-2022,Dunkerque,Paris,,1-1,1.95,draw
28-01-2022,Ajaccio,Auxerre,,0-0,1.30,draw
28-01-2022,Nimes,Valenciennes,,2-1,2.15,home
28-01-2022,Sepsi,CS Universitatea,,3-1,2.95,home
28-01-2022,Yverdon,Stade Lausanne Ouchy,,0-0,1.30,draw
28-01-2022,Aarau,Xamax,,1-1,1.95,draw
28-01-2022,Huddersfield,Stoke,,1-1,1.50,draw
28-01-2022,Morton,Raith,,2-2,3.05,draw
28-01-2022,St. Truiden,Charleroi,,0-1,2.45,away
28-01-2022,Bala,Newtown,,1-0,2.40,home
28-01-2022,Ballymena,Cliftonville,,2-2,1.90,draw
28-01-2022,Nantes,Brest,,2-0,2.10,home
28-01-2022,Trofense,Benfica II,,2-0,2.40,home
27-01-2022,UAE,Syria,,2-0,2.10,home
27-01-2022,Puskas,Ferencvaros,,1-0,1.25,home
27-01-2022,Club Brugge,St.Gilloise,,0-0,1.35,draw
27-01-2022,Estoril,Arouca,,1-2,1.25,away
27-01-2022,U. Magdalena,Alianza Petrolera,,0-0,2.90,draw
27-01-2022,Ecuador,Brazil,,1-1,2.25,draw
27-01-2022,Paraguay,Uruguay,,0-1,1.35,away
27-01-2022,Patriotas,Ind. Medellin,,2-0,1.25,home
27-01-2022,Chile,Argentina,,1-2,3.00,away
27-01-2022,Honduras,Canada,,0-2,1.95,away
27-01-2022,Deportivo Pereira,America De Cali,,1-1,3.00,draw
27-01-2022,Costa Rica,Panama,,1-0,3.00,home
27-01-2022,Sepsi,CS Universitatea,,3-1,2.95,home
27-01-2022,Huddersfield,Stoke,,1-1,1.50,draw
27-01-2022,St. Truiden,Charleroi,,0-1,2.45,away
27-01-2022,Nantes,Brest,,2-0,2.10,home
26-01-2022,Ethnikos Achnas,Katokopia,,3-1,3.10,home
26-01-2022,Ivory Coast,Egypt,,0-0,1.25,draw
26-01-2022,Eupen,Standard Liege,,0-2,1.40,away
26-01-2022,Zulte-Waregem,Leuven,,1-1,1.25,draw
26-01-2022,Duisburg,Magdeburg,,0-5,1.90,away
26-01-2022,Saarbrucken,Dortmund II,,2-0,3.30,home
26-01-2022,Verl,SV Meppen,,0-1,2.20,away
26-01-2022,Zwickau,Braunschweig,,1-0,2.15,home
26-01-2022,Angers,St Etienne,,0-1,3.20,away
26-01-2022,Quevilly,Amiens,,1-1,1.30,draw
26-01-2022,Lamia,Aris,,0-0,2.00,draw
26-01-2022,CD Equidad,Once Caldas,,1-2,3.10,away
26-01-2022,Dundee Utd,Ross County,,2-1,2.35,home
26-01-2022,Motherwell,Hibernian,,0-0,1.30,draw
26-01-2022,St Johnstone,Dundee FC,,0-0,2.25,draw
26-01-2022,RFC Seraing,Beerschot Wilrijk,,2-1,1.25,home
25-01-2022,Freiburg II,Turkgucu,,4-2,1.25,home
25-01-2022,Hallescher,Viktoria Berlin,,Postp,1.25,postponed
25-01-2022,Coventry,Stoke,,1-0,3.20,home
25-01-2022,QPR,Swansea,,0-0,2.10,draw
25-01-2022,Luton,Bristol City,,2-1,1.80,home
25-01-2022,Birmingham,Peterborough,,2-0,1.90,home
25-01-2022,Burton,Milton Keynes Dons,,0-1,1.40,away
25-01-2022,Wimbledon,Ipswich,,0-2,2.20,away
25-01-2022,Fleetwood,Plymouth,,3-3,2.70,draw
25-01-2022,Gillingham,Shrewsbury,,0-0,2.15,draw
25-01-2022,Barrow,Salford,,0-2,1.45,away
25-01-2022,Scunthorpe,Bristol Rovers,,2-3,2.35,away
25-01-2022,Leyton Orient,Newport,,0-1,2.95,away
25-01-2022,Walsall,Bradford City,,1-2,1.45,away
25-01-2022,St. Mirren,Aberdeen,,1-0,2.25,home
25-01-2022,Charleroi,Kortrijk,,1-1,1.25,draw
24-01-2022,Academico Viseu,Sp.Covilha,,1-1,1.30,draw
24-01-2022,Botosani,Sepsi,,1-0,2.80,home
24-01-2022,Guinea,Gambia,,0-1,1.25,away
24-01-2022,AEK Larnaca,Anorthosis,,1-1,1.30,draw
24-01-2022,Beitar J.,Hapoel T.A.,,0-2,2.00,away
24-01-2022,Oss,AZ Alkmar II,,1-0,2.10,home
24-01-2022,Blackburn,Middlesbrough,,1-0,3.00,home
24-01-2022,Caen,Ajaccio,,2-0,1.40,home
24-01-2022,Annecy,Concarneau,,0-0,2.95,draw
24-01-2022,Almeria,Eibar,,0-2,1.95,away
24-01-2022,Sociedad II,Cartagena,,1-2,2.40,away
24-01-2022,Leixoes,Chaves,,1-1,3.00,draw
24-01-2022,Melbourne Victory,Sydney,,2-2,2.50,draw
24-01-2022,Freiburg II,Turkgucu,,4-2,1.25,home
24-01-2022,Hallescher,Viktoria Berlin,,Postp,1.25,postponed
24-01-2022,Birmingham,Peterborough,,2-2,1.90,draw
23-01-2022,St.Gilloise,Genk,,2-1,1.35,home
23-01-2022,Vicenza,Cittadella,,3-3,1.30,draw
23-01-2022,Guimaraes,Estoril,,3-1,3.30,home
23-01-2022,Sparta,Utrecht,,0-3,2.10,away
23-01-2022,Galatasaray,Trabzonspor,,1-2,1.30,away
23-01-2022,Burkina Faso,Gabon,,1-1,1.30,draw
23-01-2022,Montpellier,Monaco,,3-2,2.00,home
23-01-2022,Huesca,Ponferradina,,1-2,2.95,away
23-01-2022,Lecce,Cremonese,,2-1,3.20,home
23-01-2022,Rayo Vallecano,Ath Bilbao,,0-1,1.40,away
23-01-2022,Gil Vicente,Portimonense,,1-0,1.45,home
23-01-2022,FCSB,Cluj,,3-3,2.80,draw
23-01-2022,Pumas Unam,Tigres Uanl,,1-2,2.70,away
23-01-2022,RKC Waalwijk,Fortuna S.,,2-1,2.30,home
23-01-2022,Milan,Juventus,,0-0,3.20,draw
23-01-2022,Alcorcon,Mirandes,,0-0,2.60,draw
22-01-2022,Brentford,Wolverhampton,,1-2,1.35,away
22-01-2022,Leeds,Newcastle,,0-1,2.00,away
22-01-2022,Manchester Utd,West Ham,,1-0,1.25,home
22-01-2022,Blackpool,Millwall,,1-0,1.35,home
22-01-2022,Coventry,QPR,,1-2,2.35,away
22-01-2022,Reading,Huddersfield,,3-4,2.40,away
22-01-2022,Sheffield Utd,Luton,,2-0,1.25,home
22-01-2022,Swansea,Preston,,1-0,2.10,home
22-01-2022,Zaragoza,Valladolid,,0-0,1.35,draw
22-01-2022,Moreirense,Santa Clara,,0-2,2.30,away
22-01-2022,Fuenlabrada,Las Palmas,,3-2,3.00,home
22-01-2022,Bochum,Koln,,2-2,2.20,draw
22-01-2022,Tondela,Vizela,,2-3,1.30,away
22-01-2022,Lazio,Atalanta,,0-0,3.70,draw
22-01-2022,Malaga,UD Ibiza,,0-5,3.00,away
22-01-2022,Lens,Olympique Marseille,,0-2,3.40,away
21-01-2022,Fortuna Dusseldorf,Nurnberg,,0-1,1.30,away
21-01-2022,Hamburger,St. Pauli,,2-1,1.35,home
21-01-2022,Le Mans,Chateauroux,,1-0,1.30,home
21-01-2022,Den Bosch,Eindhoven,,0-2,1.90,away
21-01-2022,Helmond,Oss,,1-3,2.00,away
21-01-2022,AZ Alkmar II,VVV Venlo,,2-0,1.25,home
21-01-2022,PSV II,Excelsior,,3-0,1.25,home
21-01-2022,Utrecht II,Dordrecht,,0-4,1.95,away
21-01-2022,Roda,ADO Den Haag,,5-0,1.95,home
21-01-2022,Parma,Frosinone,,0-1,3.10,away
21-01-2022,Verona,Bologna,,2-1,2.05,home
21-01-2022,Oostende,Antwerp,,1-2,1.95,away
21-01-2022,Watford,Norwich,,0-3,1.30,away
21-01-2022,Espanyol,Betis,,1-4,3.20,away
21-01-2022,Tenerife,Oviedo,,4-0,3.00,home
21-01-2022,Ferreira,Boavista,,1-1,2.95,draw
20-01-2022,Ivory Coast,Algeria,,3-1,3.00,home
20-01-2022,Sierra Leone,Equatorial Guinea,,0-1,2.60,away
20-01-2022,Getafe,Granada,,4-2,1.25,home
20-01-2022,Gambia,Tunisia,,1-0,1.25,home
20-01-2022,Arsenal,Liverpool,,0-2,2.05,away
20-01-2022,Ath Bilbao,Barcelona,,2-2,2.30,draw
20-01-2022,Aguilas,Bucaramanga,,1-1,1.25,draw
20-01-2022,Atl. San Luis,Juarez,,0-1,3.10,away
20-01-2022,Fortuna Dusseldorf,Nurnberg,,0-1,1.30,away
20-01-2022,Hamburger,St. Pauli,,2-1,1.35,home
20-01-2022,Parma,Frosinone,,0-1,3.10,away
20-01-2022,Verona,Bologna,,2-1,2.05,home
20-01-2022,Oostende,Antwerp,,1-2,1.95,away
20-01-2022,Watford,Norwich,,0-3,1.30,away
20-01-2022,Espanyol,Betis,,1-4,3.20,away
20-01-2022,Tenerife,Oviedo,,4-0,3.00,home
19-01-2022,PAOK,AEK,,0-0,1.95,draw
19-01-2022,Groningen,NEC,,1-2,1.30,away
19-01-2022,Celta Vigo,Osasuna,,2-0,1.90,home
19-01-2022,Clermont,Strasbourg,,0-2,2.30,away
19-01-2022,Amiens,Ajaccio,,0-1,1.50,away
19-01-2022,NAC Breda,Zwolle,,2-1,1.25,home
19-01-2022,Leicester,Tottenham,,2-3,2.25,away
19-01-2022,Hull,Blackburn,,2-0,2.30,home
19-01-2022,Hertha Berlin,Union Berlin,,2-3,2.60,away
19-01-2022,Hoffenheim,Freiburg,,1-4,2.00,away
19-01-2022,Reading,Luton,,0-2,2.00,away
19-01-2022,Twente,AZ Alkmaar,,1-2,2.20,away
19-01-2022,Sociedad,Atl. Madrid,,2-0,3.10,home
19-01-2022,Lugo,Almeria,,2-1,1.25,home
19-01-2022,Valencia,Sevilla,,1-1,1.35,draw
19-01-2022,Leon,Atlas,,1-1,1.30,draw
18-01-2022,Karagumruk,Besiktas,,0-1,2.05,away
18-01-2022,Konyaspor,Demirspor,,1-0,2.10,home
18-01-2022,Munich 1860,Karlsruher,,0-1,2.25,away
18-01-2022,RKC Waalwijk,ADO Den Haag,,2-2,2.80,draw
18-01-2022,Preston,Sheffield Utd,,2-2,1.40,draw
18-01-2022,Wimbledon,Portsmouth,,0-0,2.10,draw
18-01-2022,Port Vale,Salford,,0-1,1.30,away
18-01-2022,Stevenage,Crawley,,2-1,1.60,home
18-01-2022,Carlisle,Hartlepool,,0-0,1.30,draw
18-01-2022,Dundee Utd,St. Mirren,,1-2,2.60,away
18-01-2022,Livingston,Dundee,,2-0,1.30,home
18-01-2022,Ross County,Motherwell,,3-1,3.10,home
18-01-2022,Bochum,Mainz,,3-1,2.20,home
18-01-2022,Forest Green,Mansfield,,0-0,3.40,draw
18-01-2022,Sp.Covilha,Feirense,,2-2,1.35,draw
18-01-2022,Cadiz,Espanyol,,2-2,2.35,draw
