date,home_team,away_team,league,score,odds,result
23-08-2025,Charlton,Leicester,England – Championship,0-1,1.30,away
23-08-2025,Hull City,Blackburn,England – Championship,0-3,1.35,away
23-08-2025,Brentford,Aston Villa,England – Premier League,1-0,2.10,home
23-08-2025,Burnley,Sunderland,England – Premier League,2-0,2.30,home
23-08-2025,Norwich,Middlesbrough,England – Championship,1-2,1.35,away
23-08-2025,Mallorca,Celta Vigo,Spain – La Liga,1-1,2.60,draw
23-08-2025,Mirandes,Huesca,Spain – Segunda División,0-1,2.30,away
23-08-2025,Standard Liege,Cercle Brugge,Belgium – Jupiler Pro League,0-3,2.45,away
23-08-2025,Virtus Entella,Juve Stabia,Italy – Serie B,1-1,2.40,draw
23-08-2025,AD Ceuta FC,Sporting Gijon,Spain – Segunda División,0-1,3.00,away
23-08-2025,San Lorenzo,Instituto Cordoba,Argentina – Liga Profesional Argentina,1-0,2.80,home
23-08-2025,AS Roma,Bologna,Italy – Serie A,1-0,1.30,home
23-08-2025,Zulte Waregem,St. Truiden,Belgium – Jupiler Pro League,0-2,1.45,away
23-08-2025,RB Bragantino,Fluminense,Brazil – Serie A,4-2,3.10,home
23-08-2025,Atletico Tucuman,Talleres Cordoba,Argentina – Liga Profesional Argentina,3-0,1.50,home
23-08-2025,San Martin S.J.,Gimnasia L.P.,Argentina – Liga Profesional Argentina,1-0,2.85,home
22-08-2025,Preußen Münster,1. FC Nürnberg,Germany – 2. Bundesliga,2-1,1.25,home
22-08-2025,SV Wehen,Rot-Weiß Essen,Germany – 3. Liga,3-4,1.25,away
22-08-2025,Bourg-en-bresse 01,Concarneau,France – National 1,0-2,3.00,away
22-08-2025,Rouen,Sochaux,France – National 1,3-1,1.40,home
22-08-2025,Stade Briochin,Dijon,France – National 1,0-0,2.20,draw
22-08-2025,Eibar,Granada CF,Spain – Segunda División,3-0,1.95,home
22-08-2025,Amiens,Annecy,France – Ligue 2,0-1,3.20,away
22-08-2025,Clermont Foot,Grenoble,France – Ligue 2,2-1,3.30,home
22-08-2025,Dunkerque,Nancy,France – Ligue 2,1-3,1.30,away
22-08-2025,Le Mans,Bastia,France – Ligue 2,1-0,3.10,home
22-08-2025,Rodez,Laval,France – Ligue 2,1-1,1.50,draw
22-08-2025,FC Eindhoven,Waalwijk,Netherlands – Eerste Divisie,1-0,2.25,home
22-08-2025,Helmond Sport,Emmen,Netherlands – Eerste Divisie,2-0,2.15,home
22-08-2025,Pescara,Cesena,Italy – Serie B,1-3,3.00,away
22-08-2025,Derby,Bristol City,England – Championship,1-1,1.45,draw
22-08-2025,Castellón,Valladolid,Spain – Segunda División,0-1,2.00,away
21-08-2025,Gyori ETO FC,Rapid Vienna,World – UEFA Europa Conference League,2-1,1.40,home
21-08-2025,BK Hacken,CFR 1907 Cluj,World – UEFA Europa Conference League,7-2,2.10,home
21-08-2025,Hamrun Spartans,Rīgas FS,World – UEFA Europa Conference League,1-0,2.15,home
21-08-2025,Stal Mielec,Odra Opole,Poland – I Liga,2-1,3.20,home
21-08-2025,Górnik Łęczna,Pogoń Siedlce,Poland – I Liga,1-1,3.25,draw
21-08-2025,Puszcza Niepołomice,Tychy 71,Poland – I Liga,1-2,1.40,away
21-08-2025,Maccabi Tel Aviv,Dynamo Kyiv,World – UEFA Europa League,3-1,3.30,home
21-08-2025,Anderlecht,AEK Athens FC,World – UEFA Europa Conference League,1-1,2.10,draw
21-08-2025,Olimpija Ljubljana,FC Noah,World – UEFA Europa Conference League,1-4,1.35,away
21-08-2025,Slovan Bratislava,BSC Young Boys,World – UEFA Europa League,0-1,2.20,away
21-08-2025,Lausanne,Besiktas,World – UEFA Europa Conference League,1-1,1.40,draw
21-08-2025,Lech Poznan,Genk,World – UEFA Europa League,1-5,1.35,away
21-08-2025,Aberdeen,FCSB,World – UEFA Europa League,2-2,2.50,draw
21-08-2025,HNK Rijeka,PAOK,World – UEFA Europa League,1-0,2.30,home
21-08-2025,Hibernian,Legia Warszawa,World – UEFA Europa Conference League,1-2,2.30,away
21-08-2025,LDU de Quito,Botafogo,World – CONMEBOL Libertadores,2-0,1.30,home
19-08-2025,Nigeria,Congo,World – African Nations Championship,2-0,1.35,home
19-08-2025,Sudan,Senegal,World – African Nations Championship,0-0,2.90,draw
19-08-2025,AFC Wimbledon,Cardiff,England – League One,0-1,2.00,away
19-08-2025,Mansfield Town,Blackpool,England – League One,2-0,2.45,home
19-08-2025,Northampton,Lincoln,England – League One,0-1,2.15,away
19-08-2025,Peterborough,Barnsley,England – League One,0-1,1.45,away
19-08-2025,Plymouth,Leyton Orient,England – League One,0-1,1.45,away
19-08-2025,Port Vale,Stevenage,England – League One,1-2,2.50,away
19-08-2025,Bristol Rovers,Oldham,England – League Two,0-0,2.15,draw
19-08-2025,Cheltenham,Bromley,England – League Two,1-2,1.40,away
19-08-2025,Colchester,Cambridge United,England – League Two,1-2,2.50,away
19-08-2025,Fleetwood Town,Crewe,England – League Two,1-4,1.45,away
19-08-2025,Gillingham,Chesterfield,England – League Two,4-1,2.40,home
19-08-2025,Harrogate Town,Barrow,England – League Two,1-0,2.50,home
19-08-2025,Walsall,Grimsby,England – League Two,0-1,2.30,away
19-08-2025,Rangers,Club Brugge KV,World – UEFA Champions League,1-3,1.45,away
18-08-2025,Preußen Münster,Hertha BSC,Germany – DFB Pokal,0-0,1.35,draw
18-08-2025,Arges Pitesti,Oţelul,Romania – Liga I,2-0,3.10,home
18-08-2025,Septemvri Sofia,Dobrudzha,Bulgaria – First League,2-1,2.50,home
18-08-2025,Spezia,Sampdoria,Italy – Coppa Italia,1-1,1.20,draw
18-08-2025,Sporting Gijon,Cordoba,Spain – Segunda División,2-1,3.20,home
18-08-2025,Stabaek,Sogndal,Norway – 1. Division,1-2,1.40,away
18-08-2025,IFK Varnamo,Degerfors IF,Sweden – Allsvenskan,3-2,2.25,home
18-08-2025,Odense,Aarhus,Denmark – Superliga,1-5,1.50,away
18-08-2025,Jong Ajax,Jong AZ,Netherlands – Eerste Divisie,4-1,2.25,home
18-08-2025,Farul Constanta,Universitatea Cluj,Romania – Liga I,0-1,2.40,away
18-08-2025,Kasimpasa,Trabzonspor,Turkey – Süper Lig,0-1,3.40,away
18-08-2025,Amed,Erzurum BB,Turkey – 1. Lig,2-2,3.00,draw
18-08-2025,Le Mans,Montpellier,France – Ligue 2,1-2,2.70,away
18-08-2025,Leeds,Everton,England – Premier League,1-0,2.30,home
18-08-2025,Elche,Real Betis,Spain – La Liga,1-1,1.30,draw
18-08-2025,Fram Reykjavik,KR Reykjavik,Iceland – Úrvalsdeild,0-1,3.60,away
17-08-2025,Nottingham Forest,Brentford,England – Premier League,3-1,3.30,home
17-08-2025,Stade Brestois 29,Lille,France – Ligue 1,3-3,1.60,draw
17-08-2025,Rio Ave,Nacional,Portugal – Primeira Liga,1-1,3.10,draw
17-08-2025,Lask Linz,Austria Vienna,Austria – Bundesliga,2-1,3.30,home
17-08-2025,Sociedad II,Zaragoza,Spain – Segunda División,1-0,3.10,home
17-08-2025,Angers,Paris FC,France – Ligue 1,1-0,1.35,home
17-08-2025,Auxerre,Lorient,France – Ligue 1,1-0,3.40,home
17-08-2025,Metz,Strasbourg,France – Ligue 1,0-1,1.35,away
17-08-2025,Manchester United,Arsenal,England – Premier League,0-1,1.25,away
17-08-2025,Genclerbirligi,Antalyaspor,Turkey – Süper Lig,0-1,2.60,away
17-08-2025,Charleroi,Antwerp,Belgium – Jupiler Pro League,1-1,3.20,draw
17-08-2025,Cercle Brugge,KVC Westerlo,Belgium – Jupiler Pro League,4-1,1.35,home
17-08-2025,Huesca,Leganes,Spain – Segunda División,1-1,2.90,draw
17-08-2025,Cesena,Pisa,Italy – Coppa Italia,0-0,2.40,draw
17-08-2025,New York City FC,Nashville SC,USA – Major League Soccer,2-1,3.30,home
17-08-2025,San Jose Earthquakes,San Diego,USA – Major League Soccer,1-2,1.45,away
16-08-2025,Aston Villa,Newcastle,England – Premier League,0-0,2.20,draw
16-08-2025,Derby,Coventry,England – Championship,3-5,1.35,away
16-08-2025,Portsmouth,Norwich,England – Championship,1-2,1.40,away
16-08-2025,Wrexham,West Brom,England – Championship,2-3,1.40,away
16-08-2025,Annecy,Dunkerque,France – Ligue 2,2-2,1.35,draw
16-08-2025,Sunderland,West Ham,England – Premier League,3-0,3.30,home
16-08-2025,Blackburn,Birmingham,England – Championship,1-2,1.35,away
16-08-2025,Millwall,Middlesbrough,England – Championship,0-3,2.15,away
16-08-2025,Swansea,Sheffield Utd,England – Championship,1-0,1.50,home
16-08-2025,Racing Santander,Castellon,Spain – Segunda Division,3-1,2.10,home
16-08-2025,Lens,Lyon,France – Ligue 1,0-1,3.50,away
16-08-2025,Malaga,Eibar,Spain – Segunda Division,1-1,3.10,draw
16-08-2025,Nice,Toulouse,France – Ligue 1,0-1,3.25,away
16-08-2025,Alaves,Levante,Spain – La Liga,2-1,2.90,home
16-08-2025,Valencia,Real Sociedad,Spain – La Liga,1-1,2.50,draw
16-08-2025,Granada,Deportivo La Coruna,Spain – Segunda Division,1-3,2.35,away
15-08-2025,FC Saarbrücken,1. FC Magdeburg,Germany – DFB Pokal,1-3,1.35,away
15-08-2025,SV Kapfenberg,Austria Lustenau,Austria – 2. Liga,3-1,3.25,home
15-08-2025,Stripfing,Austria Klagenfurt,Austria – 2. Liga,0-1,1.50,away
15-08-2025,Schwarz-Weiß Bregenz,Floridsdorfer AC,Austria – 2. Liga,1-1,3.10,draw
15-08-2025,Zaglebie Lubin,Lechia Gdansk,Poland – Ekstraklasa,6-2,2.70,home
15-08-2025,Girona,Rayo Vallecano,Spain – La Liga,1-3,3.20,away
15-08-2025,Aalborg,AC Horsens,Denmark – 1. Division,0-2,2.40,away
15-08-2025,B 93,Esbjerg,Denmark – 1. Division,1-5,1.55,away
15-08-2025,Telstar,PEC Zwolle,Netherlands – Eredivisie,0-2,3.25,away
15-08-2025,FC Fredericia,Sonderjyske,Denmark – Superliga,3-2,3.40,home
15-08-2025,Clermont Foot,Estac Troyes,France – Ligue 2,0-0,3.00,draw
15-08-2025,Grenoble,Laval,France – Ligue 2,1-1,2.50,draw
15-08-2025,Cracovia Krakow,Widzew Łódź,Poland – Ekstraklasa,1-0,1.55,home
15-08-2025,Aldosivi,Belgrano Cordoba,Argentina – Liga Profesional Argentina,0-0,1.35,draw
15-08-2025,Arminia Bielefeld,Werder Bremen,Germany – DFB Pokal,1-0,1.40,home
15-08-2025,Amazonas,America Mineiro,Brazil – Serie B,2-2,2.90,draw
14-08-2025,Al Ittihad,Modern Sport,Egypt – Premier League,1-2,2.70,away
14-08-2025,Masr,Ceramica Cleopatra,Egypt – Premier League,0-0,1.40,draw
14-08-2025,Nizhny Novgorod,FC Rostov,Russia – Cup,1-0,1.55,home
14-08-2025,KuPS,Rīgas FS,World – UEFA Europa League,1-0,1.65,home
14-08-2025,Sabah FA,Levski Sofia,World – UEFA Europa Conference League,0-2,3.10,away
14-08-2025,El Geish,AL Masry,Egypt – Premier League,0-3,2.25,away
14-08-2025,Wolfsberger AC,PAOK,World – UEFA Europa League,0-0,3.10,draw
14-08-2025,Gyori ETO FC,AIK Stockholm,World – UEFA Europa Conference League,2-0,2.45,home
14-08-2025,Breidablik,Zrinjski,World – UEFA Europa League,1-2,1.35,away
14-08-2025,Arda Kardzhali,Kauno Žalgiris,World – UEFA Europa Conference League,2-0,1.65,home
14-08-2025,Beitar Jerusalem,Riga,World – UEFA Europa Conference League,3-1,2.65,home
14-08-2025,Celje,FC Lugano,World – UEFA Europa Conference League,2-4,3.40,away
14-08-2025,Maccabi Haifa,Raków Częstochowa,World – UEFA Europa Conference League,0-2,2.15,away
14-08-2025,Jagiellonia,Silkeborg,World – UEFA Europa Conference League,2-2,2.00,draw
14-08-2025,Egnatia Rrogozhinë,Olimpija Ljubljana,World – UEFA Europa Conference League,2-2,3.10,draw
14-08-2025,Central Cordoba,Lanus,World – Copa Sudamericana,1-0,1.35,home
13-08-2025,Goa,Al Seeb,World – AFC Cup,2-1,2.25,home
13-08-2025,Madagascar,Central African Republic,World – African Nations Championship,2-0,1.30,home
13-08-2025,FC Sochi,Krylia Sovetov,Russia – Cup,1-1,1.55,draw
13-08-2025,Mauritania,Burkina Faso,World – African Nations Championship,1-0,2.70,home
13-08-2025,Golden Arrows,Richards Bay,South-Africa – Premier Soccer League,1-0,2.40,home
13-08-2025,Magesi,Stellenbosch,South-Africa – Premier Soccer League,1-1,1.65,draw
13-08-2025,Sekhukhune United,TS Galaxy,South-Africa – Premier Soccer League,1-0,2.65,home
13-08-2025,Dynamo,FC Krasnodar,Russia – Cup,0-4,3.40,away
13-08-2025,Leiknir R.,Fylkir,Iceland – 1. Deild,1-0,1.35,home
13-08-2025,Cheltenham,Exeter City,England – League Cup,2-0,2.30,home
13-08-2025,Birmingham,Sheffield Utd,England – League Cup,2-1,2.20,home
13-08-2025,Throttur Reykjavik,IR Reykjavik,Iceland – 1. Deild,3-1,1.50,home
13-08-2025,Cerro Porteno,Estudiantes L.P.,World – CONMEBOL Libertadores,0-1,2.90,away
13-08-2025,Atletico Tucuman,Newells Old Boys,Argentina – Copa Argentina,2-3,2.45,away
13-08-2025,Club Leon W,Juarez W,Mexico – Liga MX Women,3-2,1.25,home
13-08-2025,Universidad de Chile,Independiente,World – CONMEBOL Sudamericana,1-0,3.00,home
12-08-2025,Pafos,Dynamo Kyiv,World – UEFA Champions League,2-0,2.05,home
12-08-2025,Blackpool,Port Vale,England – League Cup,0-1,1.30,away
12-08-2025,Bristol Rovers,Cambridge United,England – League Cup,0-2,1.60,away
12-08-2025,Cardiff,Swindon Town,England – League Cup,2-1,2.05,home
12-08-2025,Chesterfield,Mansfield Town,England – League Cup,0-2,3.00,away
12-08-2025,Gillingham,AFC Wimbledon,England – League Cup,1-1,1.35,draw
12-08-2025,Leyton Orient,Wycombe,England – League Cup,0-1,3.20,away
12-08-2025,Plymouth,QPR,England – League Cup,3-2,1.40,home
12-08-2025,Salford City,Rotherham,England – League Cup,0-0,2.45,draw
12-08-2025,Tranmere,Burton Albion,England – League Cup,0-0,1.35,draw
12-08-2025,Watford,Norwich,England – League Cup,1-2,2.25,away
12-08-2025,Wrexham,Hull City,England – League Cup,3-3,3.25,draw
12-08-2025,Once Caldas,Huracan,World – CONMEBOL Sudamericana,1-0,2.80,home
12-08-2025,Atletico Nacional,Sao Paulo,World – CONMEBOL Libertadores,0-0,2.90,draw
12-08-2025,Penarol,Racing Club,World – CONMEBOL Libertadores,1-0,2.75,home
12-08-2025,America de Cali,Fluminense,World – CONMEBOL Sudamericana,1-2,1.40,away
11-08-2025,HJK helsinki,Ilves,Finland – Veikkausliiga,5-1,3.60,home
11-08-2025,FC Botosani,Arges Pitesti,Romania – Liga I,3-1,1.55,home
11-08-2025,Septemvri Sofia,Beroe,Bulgaria – First League,2-3,1.30,away
11-08-2025,Odense,Randers FC,Denmark – Superliga,3-2,3.30,home
11-08-2025,Gais,IFK Goteborg,Sweden – Allsvenskan,0-1,2.05,away
11-08-2025,IMT Novi Beograd,Železničar Pančevo,Serbia – Super Liga,1-4,2.10,away
11-08-2025,Javor,Radnicki 1923,Serbia – Super Liga,2-2,1.25,draw
11-08-2025,Lechia Gdansk,Motor Lublin,Poland – Ekstraklasa,3-3,1.35,draw
11-08-2025,Jong AZ,Waalwijk,Netherlands – Eerste Divisie,2-3,3.20,away
11-08-2025,Jong PSV,Emmen,Netherlands – Eerste Divisie,3-1,1.35,home
11-08-2025,Oţelul,Rapid,Romania – Liga I,1-1,2.05,draw
11-08-2025,KR Reykjavik,Afturelding,Iceland – Úrvalsdeild,2-1,1.75,home
11-08-2025,Defensa Y Justicia,Deportivo Riestra,Argentina – Liga Profesional Argentina,1-0,1.20,home
11-08-2025,Criciuma,Atletico Paranaense,Brazil – Serie B,4-2,2.90,home
11-08-2025,Juventude,Corinthians,Brazil – Serie A,2-1,2.10,home
11-08-2025,Paysandu,Vila Nova,Brazil – Serie B,0-1,3.00,away
10-08-2025,Silkeborg,FC Nordsjaelland,Denmark – Superliga,4-2,2.30,home
10-08-2025,Leixoes,Felgueiras 1932,Portugal – Segunda Liga,3-0,2.90,home
10-08-2025,FC Lugano,FC Basel 1893,Switzerland – Super League,3-1,1.30,home
10-08-2025,Osters IF,IF Brommapojkarna,Sweden – Allsvenskan,1-1,1.35,draw
10-08-2025,Sturm Graz,Rapid Vienna,Austria – Bundesliga,1-2,2.05,away
10-08-2025,WSG Tirao,LASK,Austria – Bundesliga,3-1,2.10,home
10-08-2025,Bryne,KFUM Oslo,Norway – Eliteserien,0-0,1.35,draw
10-08-2025,Lyn,Ranheim,Norway – 1. Division,2-1,3.30,home
10-08-2025,Mjondalen,Sogndal,Norway – 1. Division,2-3,1.75,away
10-08-2025,Skeid,Egersund,Norway – 1. Division,0-2,1.50,away
10-08-2025,Famalicao,Santa Clara,Portugal – Primeira Liga,3-0,2.90,home
10-08-2025,Rizespor,Goztepe,Turkey – Süper Lig,0-3,2.15,away
10-08-2025,Standard Liege,Genk,Belgium – Jupiler Pro League,2-1,2.00,home
10-08-2025,Sandefjord,Viking,Norway – Eliteserien,1-2,2.75,away
10-08-2025,Eyüpspor,Konyaspor,Turkey – Süper Lig,1-4,3.30,away
10-08-2025,Moreirense,Alverca,Portugal – Primeira Liga,2-1,1.25,home
09-08-2025,Middlesbrough,Swansea,England – Championship,1-0,3.40,home
09-08-2025,Norwich,Millwall,England – Championship,1-2,2.05,away
09-08-2025,Oxford United,Portsmouth,England – Championship,0-1,3.30,away
09-08-2025,QPR,Preston,England – Championship,1-1,3.20,draw
09-08-2025,Stoke City,Derby,England – Championship,3-1,1.60,home
09-08-2025,AFC Wimbledon,Lincoln,England – League One,2-0,3.10,home
09-08-2025,Exeter City,Blackpool,England – League One,4-1,1.35,home
09-08-2025,Leyton Orient,Wigan,England – League One,2-0,1.65,home
09-08-2025,Mansfield Town,Doncaster,England – League One,1-2,3.20,away
09-08-2025,Northampton,Bradford,England – League One,0-0,1.40,draw
09-08-2025,Wycombe,Stockport County,England – League One,1-2,3.10,away
09-08-2025,Livingston,Falkirk,Scotland – Premiership,3-1,1.45,home
09-08-2025,ST Mirren,Motherwell,Scotland – Premiership,0-0,2.05,draw
09-08-2025,SCR Altach,Ried,Austria – Bundesliga,1-0,3.00,home
09-08-2025,FC BW Linz,TSV Hartberg,Austria – Bundesliga,0-1,1.30,away
09-08-2025,1. FC Kaiserslautern,FC Schalke 04,Germany – 2. Bundesliga,1-0,2.20,home
08-08-2025,Korona Kielce,Radomiak Radom,Poland – Ekstraklasa,3-0,1.45,home
08-08-2025,1. FC Nürnberg,SV Darmstadt 98,Germany – 2. Bundesliga,0-1,2.30,away
08-08-2025,Preußen Münster,SC Paderborn 07,Germany – 2. Bundesliga,1-1,3.30,draw
08-08-2025,FC Schweinfurt 05,Energie Cottbus,Germany – 3. Liga,0-2,3.40,away
08-08-2025,Makhachkala,Akron,Russia – Premier League,1-1,3.10,draw
08-08-2025,FC WIL 1900,Étoile Carouge,Switzerland – Challenge League,1-0,2.40,home
08-08-2025,Sittard,G.A. Eagles,Netherlands – Eredivisie,2-2,1.30,draw
08-08-2025,Dordrecht,Cambuur,Netherlands – Eerste Divisie,1-0,2.70,home
08-08-2025,Kazincbarcikai,Debreceni VSC,Hungary – NB I,1-2,1.35,away
08-08-2025,Rapperswil,Yverdon Sport,Switzerland – Challenge League,0-3,1.55,away
08-08-2025,Montana,Botev Vratsa,Bulgaria – First League,0-0,1.35,draw
08-08-2025,Ross County,ST Johnstone,Scotland – Championship,0-1,2.90,away
08-08-2025,Drogheda United,Waterford,Ireland – Premier Division,0-0,2.10,draw
08-08-2025,Bray Wanderers,Cobh Ramblers,Ireland – First Division,0-2,2.70,away
08-08-2025,Kerry,Finn Harps,Ireland – First Division,0-1,1.40,away
08-08-2025,Birmingham,Ipswich,England – Championship,1-1,2.45,draw
07-08-2025,FK Zalgiris Vilnius,Suduva Marijampole,Lithuania – A Lyga,1-0,2.00,home
07-08-2025,Angola,Kenya,World – African Nations Championship,1-1,2.85,draw
07-08-2025,BK Hacken,Brann,World – UEFA Europa League,0-2,1.55,away
07-08-2025,Riga,Beitar Jerusalem,World – UEFA Europa Conference League,3-0,2.10,home
07-08-2025,Silkeborg,Jagiellonia,World – UEFA Europa Conference League,0-1,3.30,away
07-08-2025,Viking,Istanbul Basaksehir,World – UEFA Europa Conference League,1-3,2.00,away
07-08-2025,Panathinaikos,Shakhtar Donetsk,World – UEFA Europa League,0-0,1.30,draw
07-08-2025,FC Differdange 03,FC Levadia Tallinn,World – UEFA Europa Conference League,2-3,1.55,away
07-08-2025,Polessya,Paks,World – UEFA Europa Conference League,3-0,2.25,home
07-08-2025,Vikingur Gota,Linfield,World – UEFA Europa Conference League,2-1,1.45,home
07-08-2025,Servette FC,Utrecht,World – UEFA Europa League,1-3,2.40,away
07-08-2025,Ballkani,Shamrock Rovers,World – UEFA Europa Conference League,1-0,1.55,home
07-08-2025,FK Partizan,Hibernian,World – UEFA Europa Conference League,0-2,2.00,away
07-08-2025,Port Vale,Cardiff,England – League One,0-0,3.30,draw
07-08-2025,Godoy Cruz,Gimnasia L.P.,Argentina – Liga Profesional Argentina,1-2,2.80,away
07-08-2025,San Lorenzo,Velez Sarsfield,Argentina – Liga Profesional Argentina,1-0,2.65,home
06-08-2025,Asane,Lyn,Norway – 1. Division,0-2,2.60,away
06-08-2025,Skeid,Mjondalen,Norway – 1. Division,1-2,1.85,away
06-08-2025,Stabaek,Aalesund,Norway – 1. Division,1-2,2.20,away
06-08-2025,Mauritania,Tanzania,World – African Nations Championship,0-1,1.20,away
06-08-2025,Red Bull Salzburg,Club Brugge KV,World – UEFA Champions League,0-1,1.55,away
06-08-2025,Ludogorets,Ferencvarosi TC,World – UEFA Champions League,0-0,1.55,draw
06-08-2025,Afturelding,Vestri,Iceland – Úrvalsdeild,1-1,3.30,draw
06-08-2025,FC Basel 1893,BSC Young Boys,Switzerland – Super League,4-1,3.70,home
06-08-2025,Lech Poznan,FK Crvena Zvezda,World – UEFA Champions League,1-3,2.40,away
06-08-2025,Feyenoord,Fenerbahce,World – UEFA Champions League,2-1,3.40,home
06-08-2025,Nice,Benfica,World – UEFA Champions League,0-2,1.55,away
06-08-2025,Fram Reykjavik,Stjarnan,Iceland – Úrvalsdeild,1-1,1.40,draw
06-08-2025,Atletico-MG,Flamengo RJ,Brazil – Copa Betano do Brasil,0-1,1.30,away
06-08-2025,Bragantino,Botafogo RJ,Brazil – Copa Betano do Brasil,0-1,3.00,away
06-08-2025,Atlanta United FC,Atlas,World – Leagues Cup,4-1,3.30,home
06-08-2025,Inter Miami,U.N.A.M. - Pumas,World – Leagues Cup,3-1,3.40,home
05-08-2025,MS Ashdod,Hapoel P.T.,Israel – Toto Cup Ligat Al,0-3,1.40,away
05-08-2025,Maccabi Netanya,Hapoel Tel Aviv,Israel – Toto Cup Ligat Al,3-0,2.35,home
05-08-2025,Malmo FF,FC Copenhagen,World – UEFA Champions League,0-0,3.30,draw
05-08-2025,Accrington ST,Oldham,England – League Cup,3-1,2.40,home
05-08-2025,KI Klaksvik,Neman,World – UEFA Europa Conference League,2-0,2.05,home
05-08-2025,Rangers,Plzen,World – UEFA Champions League,3-0,1.65,home
05-08-2025,Houston Dynamo,Pachuca,World – Leagues Cup,1-2,1.90,away
05-08-2025,Mazatlán,San Diego,World – Leagues Cup,0-2,1.30,away
05-08-2025,Tigres UANL,Los Angeles FC,World – Leagues Cup,1-2,3.20,away
05-08-2025,Kairat Almaty,Slovan Bratislava,World – UEFA Champions League,1-0,1.30,home
05-08-2025,Asane,Lyn,Norway – 1. Division,0-2,2.60,away
05-08-2025,Stabaek,Aalesund,Norway – 1. Division,1-2,2.20,away
05-08-2025,Red Bull Salzburg,Club Brugge KV,World – UEFA Champions League,0-1,1.55,away
05-08-2025,Ludogorets,Ferencvarosi TC,World – UEFA Champions League,0-0,1.55,draw
05-08-2025,Lech Poznan,FK Crvena Zvezda,World – UEFA Champions League,1-3,2.40,away
05-08-2025,FC Basel 1893,BSC Young Boys,Switzerland – Super League,4-1,3.70,home
04-08-2025,HJK helsinki,Inter Turku,Finland – Veikkausliiga,1-4,1.45,away
04-08-2025,Unirea Slobozia,Oţelul,Romania – Liga I,0-0,1.45,draw
04-08-2025,Banga,Šiauliai,Lithuania – A Lyga,1-0,1.25,home
04-08-2025,Hvidovre,AC Horsens,Denmark – 1. Division,0-0,3.10,draw
04-08-2025,FK Zalgiris Vilnius,Kauno Žalgiris,Lithuania – A Lyga,1-2,1.55,away
04-08-2025,Novi Pazar,IMT Novi Beograd,Serbia – Super Liga,1-2,3.30,away
04-08-2025,UTC,Cusco,Peru – Primera División,1-2,2.15,away
04-08-2025,Heart Of Midlothian,Aberdeen,Scotland – Premiership,2-0,1.30,home
04-08-2025,Oriente Petrolero,Aurora,Bolivia – Primera División,3-0,2.65,home
04-08-2025,Sport Boys,ADT,Peru – Primera División,1-0,1.95,home
04-08-2025,Real Santander,Bogota FC,Colombia – Primera B,4-0,1.60,home
04-08-2025,Deportivo Recoleta,Club Guarani,Paraguay – Division Profesional - Clausura,2-3,3.10,away
04-08-2025,Athletic Club,Atletico Goianiense,Brazil – Serie B,1-1,2.90,draw
04-08-2025,Cienciano,Cultural Santa Rosa,Peru – Primera División,3-0,1.70,home
04-08-2025,Malmo FF,FC Copenhagen,World – UEFA Champions League,0-0,3.30,draw
04-08-2025,Shkendija,Qarabag,World – UEFA Champions League,0-1,1.70,away
03-08-2025,Landskrona BoIS,Vasteras SK FK,Sweden – Superettan,1-2,1.35,away
03-08-2025,Cercle Brugge,Anderlecht,Belgium – Jupiler Pro League,0-2,3.30,away
03-08-2025,Aarhus,FC Midtjylland,Denmark – Superliga,0-0,3.50,draw
03-08-2025,FC Luzern,FC Zurich,Switzerland – Super League,1-1,2.15,draw
03-08-2025,FC Sion,FC Lugano,Switzerland – Super League,4-0,3.30,home
03-08-2025,KFUM Oslo,Rosenborg,Norway – Eliteserien,4-1,2.40,home
03-08-2025,Valerenga,Sandefjord,Norway – Eliteserien,2-1,3.10,home
03-08-2025,Waterford,St Patrick's Athl.,Ireland – Premier Division,0-2,3.30,away
03-08-2025,AFC Hermannstadt,Universitatea Cluj,Romania – Liga I,2-2,1.30,draw
03-08-2025,Motor Lublin,Jagiellonia,Poland – Ekstraklasa,Abn,1.55,abandoned
03-08-2025,Radomiak Radom,Raków Częstochowa,Poland – Ekstraklasa,3-1,3.25,home
03-08-2025,Ajka,Fehérvár FC,Hungary – NB II,1-1,1.50,draw
03-08-2025,Charleroi,St. Truiden,Belgium – Jupiler Pro League,1-1,1.30,draw
03-08-2025,SV Wehen,SSV Ulm 1846,Germany – 3. Liga,3-1,3.20,home
03-08-2025,Makhachkala,Akhmat,Russia – Premier League,1-0,1.40,home
03-08-2025,CFR 1907 Cluj,Universitatea Craiova,Romania – Liga I,2-3,3.00,away
02-08-2025,Bradford,Wycombe,England – League One,2-1,1.50,home
02-08-2025,Burton Albion,Mansfield Town,England – League One,2-1,1.50,home
02-08-2025,Plymouth,Barnsley,England – League One,1-3,2.90,away
02-08-2025,Rotherham,Port Vale,England – League One,2-1,3.10,home
02-08-2025,Wigan,Northampton,England – League One,3-1,2.15,home
02-08-2025,Accrington ST,Gillingham,England – League Two,1-1,1.40,draw
02-08-2025,Colchester,Tranmere,England – League Two,1-1,3.10,draw
02-08-2025,Shrewsbury,Bromley,England – League Two,0-0,3.40,draw
02-08-2025,Walsall,Swindon Town,England – League Two,2-1,3.25,home
02-08-2025,IBV Vestmannaeyjar,KR Reykjavik,Iceland – Úrvalsdeild,2-1,2.65,home
02-08-2025,WSG Tirol,Hartberg,Austria – Bundesliga,4-2,2.30,home
02-08-2025,Mura,Aluminij,Slovenia – 1. SNL,1-1,1.35,draw
02-08-2025,Sarpsborg 08 FF,Brann,Norway – Eliteserien,1-4,2.40,away
02-08-2025,Standard Liege,Dender,Belgium – Jupiler Pro League,1-1,1.30,draw
02-08-2025,Primorje,Bravo,Slovenia – 1. SNL,1-3,1.55,away
02-08-2025,Arminia Bielefeld,Fortuna Düsseldorf,Germany – 2. Bundesliga,5-1,3.50,home
01-08-2025,FC WIL 1900,FC Aarau,Switzerland – Challenge League,1-3,3.40,away
01-08-2025,Radomlje,NK Domzale,Slovenia – 1. SNL,2-0,3.20,home
01-08-2025,A. Salzburg,A. Klagenfurt,Austria – 2. Liga,1-2,2.90,away
01-08-2025,FC Liefering,Austria Lustenau,Austria – 2. Liga,0-4,1.40,away
01-08-2025,Spartak Varna,Botev Vratsa,Bulgaria – First League,1-1,1.45,draw
01-08-2025,Zaglebie Lubin,Korona Kielce,Poland – Ekstraklasa,1-1,2.15,draw
01-08-2025,Rot-Weiß Essen,TSV 1860 München,Germany – 3. Liga,1-1,1.45,draw
01-08-2025,Orebro SK,Oddevold,Sweden – Superettan,0-0,2.75,draw
01-08-2025,Stade Nyonnais,Rapperswil-Jona,Switzerland – Challenge League,1-0,2.20,home
01-08-2025,Vejle,Odense,Denmark – Superliga,4-0,1.55,home
01-08-2025,Debreceni VSC,MTK Budapest,Hungary – NB I,1-0,1.65,home
01-08-2025,FC Schalke 04,Hertha BSC,Germany – 2. Bundesliga,2-1,1.40,home
01-08-2025,Lask Linz,Sturm Graz,Austria – Bundesliga,0-2,3.30,away
01-08-2025,Petrolul Ploiesti,Uta Arad,Romania – Liga I,1-2,3.00,away
01-08-2025,Wisla Plock,Piast Gliwice,Poland – Ekstraklasa,2-0,2.80,home
01-08-2025,Cork City,Galway United,Ireland – Premier Division,1-0,3.10,home
31-07-2025,BK Hacken,Anderlecht,World – UEFA Europa League,2-1,2.30,home
31-07-2025,Milsami Orhei,Buducnost Podgorica,World – UEFA Europa Conference League,2-1,2.05,home
31-07-2025,CFR 1907 Cluj,FC Lugano,World – UEFA Europa League,0-0,1.60,draw
31-07-2025,Floriana,Ballkani,World – UEFA Europa Conference League,1-1,1.45,draw
31-07-2025,Shakhtar Donetsk,Besiktas,World – UEFA Europa League,2-0,1.25,home
31-07-2025,Hapoel Beer Sheva,AEK Athens FC,World – UEFA Europa Conference League,0-0,1.30,draw
31-07-2025,Neman,FK Košice,World – UEFA Europa Conference League,1-1,3.20,draw
31-07-2025,Prishtina,Larne,World – UEFA Europa Conference League,1-1,1.80,draw
31-07-2025,Charleroi,Hammarby FF,World – UEFA Europa Conference League,1-1,1.25,draw
31-07-2025,Puskas Academy,Aris,World – UEFA Europa Conference League,0-2,3.25,away
31-07-2025,Valur Reykjavik,Kauno Žalgiris,World – UEFA Europa Conference League,1-2,3.30,away
31-07-2025,Žilina,Raków Częstochowa,World – UEFA Europa Conference League,1-3,3.40,away
31-07-2025,Hibernian,FC Midtjylland,World – UEFA Europa League,0-0,3.40,draw
31-07-2025,Egnatia Rrogozhinë,Dinamo Minsk,World – UEFA Europa Conference League,1-0,1.30,home
31-07-2025,FK Partizan,Oleksandria,World – UEFA Europa Conference League,4-0,1.95,home
31-07-2025,Sporting CP,Benfica,Portugal – Super Cup,0-1,1.40,away
30-07-2025,Makhachkala,Nizhny Novgorod,Russia – Cup,1-0,2.05,home
30-07-2025,hodd,Egersund,Norway – 1. Division,1-0,1.55,home
30-07-2025,Lyn,Aalesund,Norway – 1. Division,2-2,3.30,draw
30-07-2025,Mjondalen,Asane,Norway – 1. Division,2-0,2.05,home
30-07-2025,Moss,Sogndal,Norway – 1. Division,3-1,3.30,home
30-07-2025,ODD Ballklubb,Stabaek,Norway – 1. Division,2-0,2.20,home
30-07-2025,Skeid,Ranheim,Norway – 1. Division,0-0,2.05,draw
30-07-2025,Ironi Kiryat Shmona,Maccabi Bnei Raina,Israel – Toto Cup Ligat Al,1-2,2.45,away
30-07-2025,Hapoel Haifa,Bnei Sakhnin,Israel – Toto Cup Ligat Al,1-0,2.75,home
30-07-2025,Ludogorets,HNK Rijeka,World – UEFA Champions League,1-1,1.20,draw
30-07-2025,FC Rostov,Spartak Moscow,Russia – Cup,0-2,1.25,away
30-07-2025,CSA,Vasco da Gama,Brazil – Copa Betano do Brasil,0-0,2.00,draw
30-07-2025,Corinthians,Palmeiras,Brazil – Copa Betano do Brasil,1-0,2.80,home
30-07-2025,Internacional,Fluminense,Brazil – Copa Betano do Brasil,1-2,2.05,away
30-07-2025,BK Hacken,Anderlecht,World – UEFA Europa League,2-1,1.30,home
30-07-2025,CFR 1907 Cluj,FC Lugano,World – UEFA Europa League,0-0,1.60,draw
29-07-2025,Akron,Baltika,Russia – Cup,2-1,1.35,home
29-07-2025,FC Differdange 03,The New Saints,World – UEFA Europa Conference League,1-0,3.10,home
29-07-2025,Inter Club d'Escaldes,Olimpija Ljubljana,World – UEFA Europa Conference League,1-1,3.30,draw
29-07-2025,Zrinjski,Slovan Bratislava,World – UEFA Champions League,2-2,1.45,draw
29-07-2025,Thor Akureyri,Grindavik,Iceland – 1. Deild,2-0,1.45,home
29-07-2025,CF Montreal,Leon,World – Leagues Cup,1-1,1.50,draw
29-07-2025,Toluca,Columbus Crew,World – Leagues Cup,2-2,1.55,draw
29-07-2025,Gremio,Fortaleza EC,Brazil – Serie A,2-1,1.30,home
29-07-2025,Criciuma,Cuiaba,Brazil – Serie B,1-0,3.00,home
29-07-2025,Tigres UANL,Houston Dynamo,World – Leagues Cup,4-1,2.10,home
29-07-2025,Pachuca,San Diego FC,World – Leagues Cup,3-2,2.35,home
29-07-2025,hodd,Egersund,Norway – 1. Division,1-0,1.55,home
29-07-2025,Lyn,Aalesund,Norway – 1. Division,2-2,3.30,draw
29-07-2025,Mjondalen,Asane,Norway – 1. Division,2-0,2.05,home
29-07-2025,Moss,Sogndal,Norway – 1. Division,3-1,3.30,home
29-07-2025,ODD Ballklubb,Stabaek,Norway – 1. Division,2-0,2.20,home
28-07-2025,FC Botosani,Unirea Slobozia,Romania – Liga I,4-0,3.25,home
28-07-2025,Dobrudzha,Slavia Sofia,Bulgaria – First League,2-1,1.40,home
28-07-2025,IF Elfsborg,IFK Goteborg,Sweden – Allsvenskan,4-3,3.50,home
28-07-2025,Helsingborg,Varbergs BoIS FC,Sweden – Superettan,1-2,1.40,away
28-07-2025,GKS Katowice,Zaglebie Lubin,Poland – Ekstraklasa,2-2,1.65,draw
28-07-2025,Montana,Lokomotiv Plovdiv,Bulgaria – First League,1-1,2.00,draw
28-07-2025,Universitatea Craiova,Universitatea Cluj,Romania – Liga I,2-1,3.30,home
28-07-2025,Deportivo Riestra,Atletico Tucuman,Argentina – Liga Profesional Argentina,1-0,2.75,home
28-07-2025,Central Cordoba de Santiago,Defensa Y Justicia,Argentina – Liga Profesional Argentina,2-1,3.00,home
28-07-2025,Banfield,Barracas Central,Argentina – Liga Profesional Argentina,1-3,1.30,away
28-07-2025,Paysandu,Athletic Club,Brazil – Serie B,1-1,2.90,draw
28-07-2025,Akron,Baltika,Russia – Cup,2-1,1.35,home
28-07-2025,FC Differdange 03,The New Saints,World – UEFA Europa Conference League,1-0,3.10,home
28-07-2025,Inter Club d'Escaldes,Olimpija Ljubljana,World – UEFA Europa Conference League,1-1,3.30,draw
28-07-2025,Zrinjski,Slovan Bratislava,World – UEFA Champions League,2-2,1.45,draw
28-07-2025,Throttur Reykjavik,Fylkir,Iceland – 1. Deild,2-1,3.50,home
27-07-2025,falkenbergs FF,Landskrona BoIS,Sweden – Superettan,1-1,1.30,draw
27-07-2025,OH Leuven,Charleroi,Belgium – Jupiler Pro League,2-2,3.20,draw
27-07-2025,Nyiregyhaza,Kisvarda FC,Hungary – NB I,1-1,2.90,draw
27-07-2025,Vestri,IBV Vestmannaeyjar,Iceland – Úrvalsdeild,2-0,1.55,home
27-07-2025,FC Orenburg,Makhachkala,Russia – Premier League,1-1,3.15,draw
27-07-2025,Skalica,Žilina,Slovakia – Super Liga,0-0,1.90,draw
27-07-2025,Jagiellonia,Widzew Łódź,Poland – Ekstraklasa,3-2,1.70,home
27-07-2025,FC Nordsjaelland,Brondby,Denmark – Superliga,0-1,2.40,away
27-07-2025,Paks,Gyori ETO FC,Hungary – NB I,3-3,3.10,draw
27-07-2025,Napredak,Novi Pazar,Serbia – Super Liga,2-2,1.45,draw
27-07-2025,St. Truiden,Gent,Belgium – Jupiler Pro League,3-1,1.35,home
27-07-2025,IMT Novi Beograd,Cukaricki,Serbia – Super Liga,1-3,1.35,away
27-07-2025,Oţelul,Dinamo Bucuresti,Romania – Liga I,2-1,2.90,home
27-07-2025,FK Spartak Zdrepceva KRV,Vojvodina,Serbia – Super Liga,1-3,3.00,away
27-07-2025,Gimnasia L.P.,Independiente,Argentina – Liga Profesional Argentina,1-0,2.20,home
27-07-2025,Sao Paulo,Fluminense,Brazil – Serie A,3-1,2.90,home
26-07-2025,Dender,Cercle Brugge,Belgium – Jupiler Pro League,0-0,3.30,draw
26-07-2025,Haugesund,Ham-Kam,Norway – Eliteserien,0-3,3.10,away
26-07-2025,Kristiansund BK,KFUM Oslo,Norway – Eliteserien,0-5,2.25,away
26-07-2025,Sandefjord,Sarpsborg 08 FF,Norway – Eliteserien,3-2,3.75,home
26-07-2025,Zlin,Slovácko,Czech-Republic – Czech Liga,1-1,1.35,draw
26-07-2025,Degerfors IF,IFK Norrkoping,Sweden – Allsvenskan,0-0,1.35,draw
26-07-2025,Uta Arad,AFC Hermannstadt,Romania – Liga I,1-0,2.05,home
26-07-2025,Zalaegerszegi TE,Debreceni VSC,Hungary – NB I,3-3,3.10,draw
26-07-2025,Grasshoppers,FC Luzern,Switzerland – Super League,2-3,2.30,away
26-07-2025,FC ST. Gallen,FC Basel 1893,Switzerland – Super League,2-1,1.75,home
26-07-2025,Zulte Waregem,KV Mechelen,Belgium – Jupiler Pro League,1-1,3.40,draw
26-07-2025,FC Sochi,Akron,Russia – Premier League,0-4,1.55,away
26-07-2025,Aldosivi,Newells Old Boys,Argentina – Liga Profesional Argentina,0-0,1.45,draw
26-07-2025,Lechia Gdansk,Lech Poznan,Poland – Ekstraklasa,3-4,1.75,away
26-07-2025,BSC Young Boys,Servette FC,Switzerland – Super League,3-1,1.30,home
26-07-2025,RAAL La Louvière,Standard Liege,Belgium – Jupiler Pro League,0-2,3.25,away
25-07-2025,Ujpest,Diosgyor,Hungary – NB I.,3-1,1.90,home
25-07-2025,FF Jaro,VPS,Finland – Veikkausliiga,2-2,1.30,draw
25-07-2025,Cracovia,Termalica B-B.,Poland – Ekstraklasa,2-0,1.80,home
25-07-2025,Krylia Sovetov,Nizhny Novgorod,Russia – Premier League,2-0,1.25,home
25-07-2025,Arka Gdynia,Radomiak Radom,Poland – Ekstraklasa,1-1,2.40,draw
25-07-2025,Antwerp,Union St. Gilloise,Belgium – Jupiler Pro League,1-1,1.30,draw
25-07-2025,Cork City,Sligo Rovers,Ireland – Premier Division,2-3,3.20,away
25-07-2025,Derry City,Bohemians,Ireland – Premier Division,1-1,2.80,draw
25-07-2025,Athlone Town,Treaty United,Ireland – First Division,2-2,3.00,draw
25-07-2025,Kerry,UCD,Ireland – First Division,0-3,3.10,away
25-07-2025,Sarmiento Junin,Lanus,Argentina – Liga Profesional Argentina,0-2,1.25,away
25-07-2025,Independ. Rivadavia,Belgrano Cordoba,Argentina – Liga Profesional Argentina,0-0,3.30,draw
25-07-2025,Union Santa Fe,Tigre,Argentina – Liga Profesional Argentina,0-0,2.15,draw
25-07-2025,Puebla,Santos Laguna,Mexico – Liga MX,1-0,3.40,home
25-07-2025,Club Queretaro,U.N.A.M. - Pumas,Mexico – Liga MX,0-2,1.30,away
25-07-2025,Club Tijuana,FC Juarez,Mexico – Liga MX,1-1,1.35,draw
24-07-2025,Ararat-Armenia,Universitatea Cluj,World – UEFA Europa Conference League,0-0,1.40,draw
24-07-2025,Arda Kardzhali,HJK helsinki,World – UEFA Europa Conference League,0-0,2.10,draw
24-07-2025,Kauno Žalgiris,Valur Reykjavik,World – UEFA Europa Conference League,1-1,3.25,draw
24-07-2025,Pyunik Yerevan,Gyori ETO FC,World – UEFA Europa Conference League,2-1,3.20,home
24-07-2025,Baník Ostrava,Legia Warszawa,World – UEFA Europa League,2-2,1.55,draw
24-07-2025,Hammarby FF,Charleroi,World – UEFA Europa Conference League,0-0,1.35,draw
24-07-2025,Oleksandria,FK Partizan,World – UEFA Europa Conference League,0-2,3.00,away
24-07-2025,Petrocub,Sabah FA,World – UEFA Europa Conference League,0-2,3.10,away
24-07-2025,Besiktas,Shakhtar Donetsk,World – UEFA Europa League,2-4,1.35,away
24-07-2025,Celje,AEK Larnaca,World – UEFA Europa League,1-1,1.55,draw
24-07-2025,FK Košice,Neman,World – UEFA Europa Conference League,2-3,1.35,away
24-07-2025,Paks,Maribor,World – UEFA Europa Conference League,1-0,3.00,home
24-07-2025,NK Varazdin,Santa Clara,World – UEFA Europa Conference League,2-1,2.20,home
24-07-2025,FC Lugano,CFR 1907 Cluj,World – UEFA Europa League,0-0,2.10,draw
24-07-2025,Larne,Prishtina,World – UEFA Europa Conference League,0-0,2.15,draw
24-07-2025,FK Sarajevo,Universitatea Craiova,World – UEFA Europa Conference League,2-1,3.25,home
23-07-2025,Zira,HNK Hajduk Split,World – UEFA Europa Conference League,1-1,1.70,draw
23-07-2025,FC Levadia Tallinn,Saburtalo,World – UEFA Europa Conference League,1-0,3.10,home
23-07-2025,Brann,Red Bull Salzburg,World – UEFA Champions League,1-4,1.30,away
23-07-2025,Ceara,Mirassol,Brazil – Serie A,0-2,3.00,away
23-07-2025,Fluminense,Palmeiras,Brazil – Serie A,1-2,1.40,away
23-07-2025,Chapecoense-sc,Volta Redonda,Brazil – Serie B,4-2,2.00,home
23-07-2025,Novorizontino,Goias,Brazil – Serie B,1-0,2.80,home
23-07-2025,Corinthians,Cruzeiro,Brazil – Serie A,0-0,2.90,draw
23-07-2025,RB Bragantino,Flamengo,Brazil – Serie A,1-2,2.05,away
23-07-2025,Santos,Internacional,Brazil – Serie A,1-2,1.50,away
23-07-2025,Vitoria,Sport Recife,Brazil – Serie A,2-2,1.70,draw
23-07-2025,Amazonas,Paysandu,Brazil – Serie B,1-1,2.90,draw
23-07-2025,Cuiaba,America Mineiro,Brazil – Serie B,3-1,2.15,home
23-07-2025,La Equidad,Millonarios,Colombia – Primera A,1-0,1.95,home
23-07-2025,Atlètic Club d'Escaldes,Dinamo Tirana,World – UEFA Europa Conference League,1-2,2.50,away
23-07-2025,Ararat-Armenia,Universitatea Cluj,World – UEFA Europa Conference League,0-0,1.40,draw
22-07-2025,KuPS,Kairat Almaty,World – UEFA Champions League,2-0,1.45,home
22-07-2025,Egersund,Aalesund,Norway – 1. Division,2-2,2.20,draw
22-07-2025,FC Noah,Ferencvarosi TC,World – UEFA Champions League,1-2,1.30,away
22-07-2025,Pafos,Maccabi Tel Aviv,World – UEFA Champions League,1-1,1.35,draw
22-07-2025,Rīgas FS,Malmo FF,World – UEFA Champions League,1-4,3.10,away
22-07-2025,Shkendija,FCSB,World – UEFA Champions League,1-0,1.80,home
22-07-2025,East Kilbride,Inverness CT,Scotland – League Cup,2-6,2.75,away
22-07-2025,ST Johnstone,Raith Rovers,Scotland – League Cup,3-1,1.75,home
22-07-2025,Clyde,Stenhousemuir,Scotland – League Cup,2-2,2.05,draw
22-07-2025,HNK Rijeka,Ludogorets,World – UEFA Champions League,0-0,3.10,draw
22-07-2025,Alianza Petrolera,Deportes Tolima,Colombia – Primera A,0-1,2.90,away
22-07-2025,Operario-PR,Atletico Goianiense,Brazil – Serie B,3-0,1.30,home
22-07-2025,Cerro Largo,Central Cordoba de Santiago,World – CONMEBOL Sudamericana,0-3,1.30,away
22-07-2025,Athletic Club,Coritiba,Brazil – Serie B,1-1,2.90,draw
22-07-2025,America de Cali,Bahia,World – CONMEBOL Sudamericana,2-0,2.90,home
22-07-2025,Deportivo Pereira,Atletico Nacional,Colombia – Primera A,2-1,1.35,home
21-07-2025,Mariehamn,Haka,Finland – Veikkausliiga,1-1,3.40,draw
21-07-2025,Tukums,Grobiņa,Latvia – Virsliga,2-1,1.50,home
21-07-2025,Unirea Slobozia,Csikszereda,Romania – Liga I,6-1,1.90,home
21-07-2025,Lokomotiv Plovdiv,Dobrudzha,Bulgaria – First League,1-0,1.85,home
21-07-2025,Rodina Moskva,Chernomorets,Russia – First League,1-1,1.70,draw
21-07-2025,IFK Norrkoping,IFK Varnamo,Sweden – Allsvenskan,3-1,1.65,home
21-07-2025,Utsikten,Helsingborg,Sweden – Superettan,1-2,1.40,away
21-07-2025,Puszcza Niepołomice,Ruch Chorzów,Poland – I Liga,1-1,2.40,draw
21-07-2025,Spartak Varna,Beroe,Bulgaria – First League,0-0,2.25,draw
21-07-2025,Deportivo Recoleta,Sportivo Ameliano,Paraguay – Division Profesional - Clausura,3-1,1.35,home
21-07-2025,Estudiantes L.P.,Huracan,Argentina – Liga Profesional Argentina,2-1,2.90,home
21-07-2025,Huachipato,O'Higgins,Chile – Primera División,2-1,3.20,home
21-07-2025,Libertad,Manta FC,Ecuador – Liga Pro,1-0,1.90,home
21-07-2025,Defensa Y Justicia,Aldosivi,Argentina – Liga Profesional Argentina,2-0,1.85,home
21-07-2025,San Martin S.J.,Deportivo Riestra,Argentina – Liga Profesional Argentina,3-2,2.65,home
21-07-2025,KuPS,Kairat Almaty,World – UEFA Champions League,2-0,1.45,home
20-07-2025,Slovácko,Sigma Olomouc,Czech-Republic – Czech Liga,0-1,1.40,away
20-07-2025,Sonderjyske,Aarhus,Denmark – Superliga,1-1,3.50,draw
20-07-2025,Halmstad,BK Hacken,Sweden – Allsvenskan,0-0,3.50,draw
20-07-2025,Mlada Boleslav,Slovan Liberec,Czech-Republic – Czech Liga,3-3,1.40,draw
20-07-2025,Union Saint-Gilloise,Club Brugge,Belgium – Super Cup,1-2,3.05,away
20-07-2025,Ham-Kam,Fredrikstad,Norway – Eliteserien,1-1,1.45,draw
20-07-2025,Akhmat,Rubin,Russia – Premier League,0-2,3.40,away
20-07-2025,Barracas Central,Independ. Rivadavia,Argentina – Liga Profesional Argentina,0-3,2.90,away
20-07-2025,U.N.A.M. - Pumas,Pachuca,Mexico – Liga MX,2-3,1.35,away
20-07-2025,Koper,Bravo,Slovenia – 1. SNL,2-1,3.40,home
20-07-2025,Maribor,Celje,Slovenia – 1. SNL,1-2,1.30,away
20-07-2025,Rapid,CFR 1907 Cluj,Romania – Liga I,1-1,2.20,draw
20-07-2025,Vitoria,RB Bragantino,Brazil – Serie A,1-0,3.00,home
20-07-2025,Vikingur Reykjavik,Valur Reykjavik,Iceland – Úrvalsdeild,1-2,1.55,away
20-07-2025,Newells Old Boys,Banfield,Argentina – Liga Profesional Argentina,1-2,2.90,away
20-07-2025,Tigre,Argentinos JRS,Argentina – Liga Profesional Argentina,2-1,2.25,home
19-07-2025,VPS,KuPS,Finland – Veikkausliiga,1-1,1.65,draw
19-07-2025,Sandviken,Vasteras SK FK,Sweden – Superettan,0-3,2.60,away
19-07-2025,Bohemians 1905,Baník Ostrava,Czech-Republic – Czech Liga,1-0,1.55,home
19-07-2025,Karviná,Dukla Praha,Czech-Republic – Czech Liga,2-0,3.40,home
19-07-2025,Teplice,Zlin,Czech-Republic – Czech Liga,1-3,1.85,away
19-07-2025,Wisla Plock,Korona Kielce,Poland – Ekstraklasa,2-0,3.10,home
19-07-2025,Primorje,NK Domzale,Slovenia – 1. SNL,3-2,2.20,home
19-07-2025,Viking,Bodo/Glimt,Norway – Eliteserien,2-4,1.55,away
19-07-2025,San Lorenzo,Gimnasia L.P.,Argentina – Liga Profesional Argentina,0-0,2.05,draw
19-07-2025,FK Jablonec,Sparta Praha,Czech-Republic – Czech Liga,1-1,3.10,draw
19-07-2025,Fortaleza EC,Bahia,Brazil – Serie A,1-1,1.45,draw
19-07-2025,France W,Germany W,World – UEFA Championship - Women,1-1,3.35,draw
19-07-2025,Lanus,Rosario Central,Argentina – Liga Profesional Argentina,0-1,1.30,away
19-07-2025,Vasco DA Gama,Gremio,Brazil – Serie A,1-1,2.05,draw
19-07-2025,Mirassol,Santos,Brazil – Serie A,3-0,3.00,home
19-07-2025,Platense,Velez Sarsfield,Argentina – Liga Profesional Argentina,0-0,2.70,draw
18-07-2025,Sarpsborg 08 FF,Rosenborg,Norway – Eliteserien,2-2,2.35,draw
18-07-2025,CSKA 1948,Arda Kardzhali,Bulgaria – First League,1-0,2.30,home
18-07-2025,HB Koge,Hobro,Denmark – 1. Division,2-0,3.30,home
18-07-2025,HK Kopavogur,Thor Akureyri,Iceland – 1. Deild,1-2,1.60,away
18-07-2025,Lokomotiv Sofia,Cherno More Varna,Bulgaria – First League,1-1,1.30,draw
18-07-2025,Dundalk,Sligo Rovers,Ireland – FAI Cup,0-2,1.30,away
18-07-2025,Finn Harps,UC Dublin,Ireland – FAI Cup,3-0,2.30,home
18-07-2025,Fylkir,Njardvik,Iceland – 1. Deild,0-1,1.40,away
18-07-2025,Leiknir R.,Throttur Reykjavik,Iceland – 1. Deild,1-1,2.10,draw
18-07-2025,General Caballero,de Mayo,Paraguay – Division Profesional - Clausura,0-1,2.80,away
18-07-2025,U. Magdalena,Llaneros,Colombia – Primera A,0-0,2.05,draw
18-07-2025,Everton de Vina,Deportes Limache,Chile – Primera División,0-0,1.65,draw
18-07-2025,Argentina W,Chile W,World – Copa America Femenina,2-1,3.20,home
18-07-2025,Atletico Tucuman,Central Cordoba de Santiago,Argentina – Liga Profesional Argentina,1-1,1.60,draw
18-07-2025,Deportes Tolima,Santa Fe,Colombia – Primera A,0-1,2.10,away
18-07-2025,Mazatlán,Puebla,Mexico – Liga MX,2-1,1.30,home
17-07-2025,BFC Daugavpils,Vllaznia Shkodër,World – UEFA Europa Conference League,2-4,2.00,away
17-07-2025,Hegelmann Litauen,St Patrick's Athl.,World – UEFA Europa Conference League,0-2,1.50,away
17-07-2025,Flora Tallinn,Valur Reykjavik,World – UEFA Europa Conference League,1-2,1.95,away
17-07-2025,FK Rabotnicki,Torpedo Zhodino,World – UEFA Europa Conference League,0-1,1.25,away
17-07-2025,Haverfordwest County AFC,Floriana,World – UEFA Europa Conference League,2-3,3.40,away
17-07-2025,Sileks,Dečić,World – UEFA Europa Conference League,2-1,3.10,home
17-07-2025,Hapoel Beer Sheva,Levski Sofia,World – UEFA Europa League,0-0,1.25,draw
17-07-2025,Prishtina,Sheriff Tiraspol,World – UEFA Europa League,2-1,1.55,home
17-07-2025,Neman,FC Urartu,World – UEFA Europa Conference League,4-0,1.95,home
17-07-2025,Cliftonville FC,St Joseph S Fc,World – UEFA Europa Conference League,2-2,2.00,draw
17-07-2025,Sweden W,England W,World – UEFA Championship - Women,2-2,3.15,draw
17-07-2025,FK Partizan,AEK Larnaca,World – UEFA Europa League,1-0,1.30,home
17-07-2025,Fluminense,Cruzeiro,Brazil – Serie A,0-2,1.35,away
17-07-2025,Operario-PR,CRB,Brazil – Serie B,1-1,3.00,draw
17-07-2025,Bucaramanga,Atletico-MG,World – CONMEBOL Sudamericana,0-1,2.90,away
17-07-2025,remo,Novorizontino,Brazil – Serie B,1-1,2.80,draw
16-07-2025,JIPPO,EIF,Finland – Ykkösliiga,3-2,1.30,home
16-07-2025,Santiago Wanderers,D. La Serena,Chile – Copa Chile,1-5,1.50,away
16-07-2025,Kilmarnock,Livingston,Scotland – League Cup,1-0,3.20,home
16-07-2025,Linfield,Shelbourne,World – UEFA Champions League,1-1,3.15,draw
16-07-2025,Huachipato,Nublense,Chile – Copa Chile,2-1,1.20,home
16-07-2025,Ceara,Corinthians,Brazil – Serie A,0-1,2.40,away
16-07-2025,Santos,Flamengo,Brazil – Serie A,1-0,3.25,home
16-07-2025,Atlanta United FC,Chicago Fire,USA – Major League Soccer,2-2,2.85,draw
16-07-2025,FC Cincinnati,Inter Miami,USA – Major League Soccer,3-0,2.70,home
16-07-2025,RB Bragantino,Sao Paulo,Brazil – Serie A,2-2,3.10,draw
16-07-2025,Houston Dynamo,Vancouver Whitecaps,USA – Major League Soccer,0-3,1.35,away
16-07-2025,Minnesota United FC,Los Angeles FC,USA – Major League Soccer,0-1,1.45,away
16-07-2025,Nashville SC,Columbus Crew,USA – Major League Soccer,3-0,3.65,home
16-07-2025,Alianza Lima,Gremio,World – CONMEBOL Sudamericana,2-0,2.25,home
16-07-2025,Los Angeles Galaxy,Austin,USA – Major League Soccer,1-2,1.30,away
16-07-2025,Portland Timbers,Real Salt Lake,USA – Major League Soccer,0-1,2.10,away
15-07-2025,Kairat Almaty,Olimpija Ljubljana,World – UEFA Champions League,2-0,2.20,home
15-07-2025,Hamrun Spartans,FK Zalgiris Vilnius,World – UEFA Champions League,2-0,1.85,home
15-07-2025,Milsami Orhei,KuPS,World – UEFA Champions League,0-0,1.60,draw
15-07-2025,Differdange,Drita Gjilan,World – UEFA Champions League,2-3,2.95,away
15-07-2025,Alloa Athletic,Montrose,Scotland – League Cup,2-1,1.60,home
15-07-2025,Dumbarton,Stirling Albion,Scotland – League Cup,1-0,1.45,home
15-07-2025,Buducnost Podgorica,FC Noah,World – UEFA Champions League,2-2,1.30,draw
15-07-2025,Kilmarnock,Livingston,Scotland – League Cup,1-0,3.20,home
15-07-2025,Linfield,Shelbourne,World – UEFA Champions League,1-1,3.15,draw
15-07-2025,Norway W,Italy W,World – UEFA Championship - Women,1-2,2.35,away
15-07-2025,Ceara,Corinthians,Brazil – Serie A,0-1,2.40,away
15-07-2025,Atlanta United FC,Chicago Fire,USA – Major League Soccer,2-2,2.85,draw
15-07-2025,FC Cincinnati,Inter Miami,USA – Major League Soccer,3-0,2.70,home
15-07-2025,RB Bragantino,Sao Paulo,Brazil – Serie A,2-2,3.10,draw
15-07-2025,Houston Dynamo,Vancouver Whitecaps,USA – Major League Soccer,0-3,1.35,away
15-07-2025,Minnesota United FC,Los Angeles FC,USA – Major League Soccer,0-1,1.45,away
14-07-2025,Botosani,Farul Constanta,Romania – Liga I,1-1,2.00,draw
14-07-2025,Sirius,Mjallby AIF,Sweden – Allsvenskan,1-2,1.95,away
14-07-2025,Csikszereda,Dinamo Bucuresti,Romania – Liga I,2-2,1.75,draw
14-07-2025,IBV Vestmannaeyjar,Stjarnan,Iceland – Úrvalsdeild,1-0,1.30,home
14-07-2025,Deportivo Riestra,Lanus,Argentina – Liga Profesional Argentina,1-0,1.30,home
14-07-2025,Atlético Tembetary,Deportivo Recoleta,Paraguay – Division Profesional - Clausura,2-3,1.50,away
14-07-2025,Banfield,Defensa Y Justicia,Argentina – Liga Profesional Argentina,0-0,1.55,draw
14-07-2025,Athletic Club,Avai,Brazil – Serie B,4-0,2.25,home
14-07-2025,Juventude,Sport Recife,Brazil – Serie A,2-0,1.35,home
14-07-2025,Union Santa Fe,Estudiantes L.P.,Argentina – Liga Profesional Argentina,1-0,2.90,home
14-07-2025,Velez Sarsfield,Tigre,Argentina – Liga Profesional Argentina,2-1,2.65,home
14-07-2025,Botafogo,Vitoria,Brazil – Serie A,0-0,3.80,draw
14-07-2025,Kairat Almaty,Olimpija Ljubljana,World – UEFA Champions League,2-0,2.20,home
14-07-2025,Hamrun Spartans,FK Zalgiris Vilnius,World – UEFA Champions League,2-0,1.85,home
14-07-2025,Differdange,Drita Gjilan,World – UEFA Champions League,2-3,2.95,away
14-07-2025,Linfield,Shelbourne,World – UEFA Champions League,1-1,3.15,draw
13-07-2025,Gnistan,Haka,Finland – Veikkausliiga,2-0,3.60,home
13-07-2025,Klubi-04,JIPPO,Finland – Ykkösliiga,1-1,1.65,draw
13-07-2025,Haugesund,KFUM Oslo,Norway – Eliteserien,0-2,1.90,away
13-07-2025,Kristiansund BK,Sarpsborg 08 FF,Norway – Eliteserien,0-0,2.65,draw
13-07-2025,Stromsgodset,Tromso,Norway – Eliteserien,2-3,1.65,away
13-07-2025,JäPS,PK-35,Finland – Ykkösliiga,1-4,2.05,away
13-07-2025,SalPa,KäPa,Finland – Ykkösliiga,1-0,1.35,home
13-07-2025,Oţelul,Petrolul Ploiesti,Romania – Liga I,0-0,2.25,draw
13-07-2025,FH hafnarfjordur,KA Akureyri,Iceland – Úrvalsdeild,5-0,3.55,home
13-07-2025,Brann,Viking,Norway – Eliteserien,3-1,1.60,home
13-07-2025,Sarmiento Junin,Independiente,Argentina – Liga Profesional Argentina,2-2,2.95,draw
13-07-2025,Independ. Rivadavia,Newells Old Boys,Argentina – Liga Profesional Argentina,1-2,2.90,away
13-07-2025,Argentinos JRS,Boca Juniors,Argentina – Liga Profesional Argentina,0-0,2.75,draw
13-07-2025,Corinthians,RB Bragantino,Brazil – Serie A,1-2,3.10,away
13-07-2025,St. Louis City,Portland Timbers,USA – Major League Soccer,2-1,1.40,home
13-07-2025,Fortaleza EC,Ceara,Brazil – Serie A,0-1,1.55,away
12-07-2025,FC Krasnodar,CSKA Moscow,Russia – Super Cup,0-1,3.20,away
12-07-2025,Uta Arad,Universitatea Craiova,Romania – Liga I,3-3,1.25,draw
12-07-2025,Fredrikstad,Molde,Norway – Eliteserien,4-2,1.45,home
12-07-2025,Longford Town,Kerry,Ireland – First Division,3-1,2.30,home
12-07-2025,Sweden W,Germany W,World – UEFA Championship - Women,4-1,1.35,home
12-07-2025,Novorizontino,America Mineiro,Brazil – Serie B,3-1,1.70,home
12-07-2025,Gimnasia L.P.,Instituto Cordoba,Argentina – Liga Profesional Argentina,0-1,2.90,away
12-07-2025,Huracan,Belgrano Cordoba,Argentina – Liga Profesional Argentina,0-3,1.20,away
12-07-2025,Vasco DA Gama,Botafogo,Brazil – Serie A,0-2,1.25,away
12-07-2025,Paysandu,Atletico Go,Brazil – Serie B,2-2,2.90,draw
12-07-2025,Charlotte,New York City FC,USA – Major League Soccer,2-0,2.90,home
12-07-2025,FC Cincinnati,Columbus Crew,USA – Major League Soccer,2-4,3.60,away
12-07-2025,Inter Miami,Nashville SC,USA – Major League Soccer,2-1,1.90,home
12-07-2025,Toronto FC,Atlanta United FC,USA – Major League Soccer,1-1,2.30,draw
12-07-2025,Bahia,Atletico-MG,Brazil – Serie A,2-1,3.00,home
12-07-2025,Santos Laguna,U.N.A.M. - Pumas,Mexico – Liga MX,3-0,3.55,home
11-07-2025,Kuressaare,Tammeka,Estonia – Meistriliiga,0-2,1.60,away
11-07-2025,Arges Pitesti,Rapid,Romania – Liga I,0-2,1.65,away
11-07-2025,Fjolnir,Grindavik,Iceland – 1. Deild,2-3,1.95,away
11-07-2025,Aldosivi,Central Cordoba de Santiago,Argentina – Liga Profesional Argentina,0-0,1.40,draw
11-07-2025,Waterford,Cork City,Ireland – Premier Division,2-0,1.90,home
11-07-2025,Treaty United,Cobh Ramblers,Ireland – First Division,2-1,1.95,home
11-07-2025,Sportivo Luqueno,General Caballero,Paraguay – Division Profesional - Clausura,2-0,2.45,home
11-07-2025,IR Reykjavik,HK Kopavogur,Iceland – 1. Deild,1-2,2.05,away
11-07-2025,Throttur Reykjavik,Keflavik,Iceland – 1. Deild,3-2,2.05,home
11-07-2025,de Mayo,Libertad Asuncion,Paraguay – Division Profesional - Clausura,0-0,1.75,draw
11-07-2025,Vila Nova,Operario-PR,Brazil – Serie B,0-0,1.60,draw
11-07-2025,Talleres Cordoba,San Lorenzo,Argentina – Liga Profesional Argentina,1-2,2.80,away
11-07-2025,Puebla,Atlas,Mexico – Liga MX,2-3,3.20,away
11-07-2025,Monterey Bay,Orange County SC,USA – USL Championship,2-1,2.30,home
11-07-2025,Once Caldas,Atletico Nacional,Colombia – Primera A,1-3,1.80,away
11-07-2025,FC Juarez,Club America,Mexico – Liga MX,1-1,3.40,draw
10-07-2025,Sabah FA,Celje,World – UEFA Europa League,2-3,2.55,away
10-07-2025,SJK,KI Klaksvik,World – UEFA Europa Conference League,1-2,3.25,away
10-07-2025,FC Urartu,Neman,World – UEFA Europa Conference League,1-2,3.10,away
10-07-2025,Kalju Nomme,Partizani,World – UEFA Europa Conference League,1-1,2.40,draw
10-07-2025,Paks,CFR 1907 Cluj,World – UEFA Europa League,0-0,1.95,draw
10-07-2025,Levski Sofia,Hapoel Beer Sheva,World – UEFA Europa League,0-0,1.55,draw
10-07-2025,Birkirkara,Petrocub,World – UEFA Europa Conference League,1-0,1.35,home
10-07-2025,Dečić,Sileks,World – UEFA Europa Conference League,2-0,1.30,home
10-07-2025,Torpedo Zhodino,FK Rabotnicki,World – UEFA Europa Conference League,3-0,1.15,home
10-07-2025,Spartak Trnava,BK Hacken,World – UEFA Europa League,0-1,1.45,away
10-07-2025,Malisheva,Vikingur Reykjavik,World – UEFA Europa Conference League,0-1,1.60,away
10-07-2025,Sutjeska,Dinamo Brest,World – UEFA Europa Conference League,1-2,1.70,away
10-07-2025,Zeljeznicar Sarajevo,Koper,World – UEFA Europa Conference League,1-1,1.30,draw
10-07-2025,Finland W,Switzerland W,World – UEFA Championship - Women,1-1,3.20,draw
10-07-2025,Norway W,Iceland W,World – UEFA Championship - Women,4-3,3.30,home
10-07-2025,Larne,Auda,World – UEFA Europa Conference League,0-0,3.25,draw
09-07-2025,Sarpsborg 08,Viking,Norway – NM Cup,1-0,3.00,home
09-07-2025,Shelbourne,Linfield,World – UEFA Champions League,1-0,1.30,home
09-07-2025,Curico Unido,A. Italiano,Chile – Copa Chile,0-1,1.60,away
09-07-2025,Paris Saint Germain,Real Madrid,World – FIFA Club World Cup,4-0,2.75,home
09-07-2025,New England Revolution,Inter Miami,USA – Major League Soccer,1-2,2.15,away
09-07-2025,Sport Recife,Ceara CE,Brazil – Cup Nordeste,0-0,1.95,draw
09-07-2025,Atlètic Club d'Escaldes,F91 Dudelange,World – UEFA Europa Conference League,2-0,1.35,home
09-07-2025,Sabah FA,Celje,World – UEFA Europa League,2-3,2.55,away
09-07-2025,SJK,KI Klaksvik,World – UEFA Europa Conference League,1-2,3.25,away
09-07-2025,Torpedo Kutaisi,Ordabasy,World – UEFA Europa Conference League,4-3,1.30,home
09-07-2025,Racing FC Union Luxembourg,Dila,World – UEFA Europa Conference League,1-2,3.25,away
09-07-2025,FC Urartu,Neman,World – UEFA Europa Conference League,1-2,3.10,away
09-07-2025,Kalju Nomme,Partizani,World – UEFA Europa Conference League,1-1,2.40,draw
09-07-2025,Paks,CFR 1907 Cluj,World – UEFA Europa League,0-0,1.95,draw
09-07-2025,Levski Sofia,Hapoel Beer Sheva,World – UEFA Europa League,0-0,1.55,draw
09-07-2025,Birkirkara,Petrocub,World – UEFA Europa Conference League,1-0,1.35,home
08-07-2025,St Joseph S Fc,Cliftonville FC,World – UEFA Europa Conference League,2-2,1.35,draw
08-07-2025,The New Saints,Shkendija,World – UEFA Champions League,0-0,1.70,draw
08-07-2025,Egnatia Rrogozhinë,Breidablik,World – UEFA Champions League,1-0,2.40,home
08-07-2025,Estudiantes,Velez,Argentina – International Super Cup,0-2,2.85,away
08-07-2025,Lillestrom,Kristiansund,Norway – NM Cup,2-0,1.85,home
08-07-2025,Sarpsborg 08,Viking,Norway – NM Cup,1-0,3.00,home
08-07-2025,Shelbourne,Linfield,World – UEFA Champions League,1-0,1.30,home
08-07-2025,Paris Saint Germain,Real Madrid,World – FIFA Club World Cup,4-0,2.75,home
08-07-2025,Philadelphia Union,New York Red Bulls,USA – US Open Cup,Postp,1.20,postponed
08-07-2025,New England Revolution,Inter Miami,USA – Major League Soccer,1-2,2.15,away
08-07-2025,Sport Recife,Ceara CE,Brazil – Cup Nordeste,0-0,1.95,draw
08-07-2025,Atlètic Club d'Escaldes,F91 Dudelange,World – UEFA Europa Conference League,2-0,1.35,home
08-07-2025,SJK,KI Klaksvik,World – UEFA Europa Conference League,1-2,3.25,away
08-07-2025,Torpedo Kutaisi,Ordabasy,World – UEFA Europa Conference League,4-3,1.30,home
08-07-2025,Racing FC Union Luxembourg,Dila,World – UEFA Europa Conference League,1-2,3.25,away
08-07-2025,FC Urartu,Neman,World – UEFA Europa Conference League,1-2,3.10,away
07-07-2025,Kooteepee,Gnistan,Finland – Veikkausliiga,0-0,2.00,draw
07-07-2025,Panevėžys,Suduva Marijampole,Lithuania – A Lyga,1-2,3.20,away
07-07-2025,IFK Norrkoping,IF Brommapojkarna,Sweden – Allsvenskan,0-1,2.40,away
07-07-2025,ABB,Nacional Potosí,Bolivia – Primera División,2-2,2.15,draw
07-07-2025,FH hafnarfjordur,Stjarnan,Iceland – Úrvalsdeild,1-1,3.55,draw
07-07-2025,Botafogo PB,São Bernardo,Brazil – Serie C,1-1,2.00,draw
07-07-2025,Tecnico Universitario,Orense SC,Ecuador – Liga Pro,1-2,2.20,away
07-07-2025,Jorge Wilstermann,Guabirá,Bolivia – Primera División,1-1,1.55,draw
07-07-2025,FC Levadia Tallinn,Rīgas FS,World – UEFA Champions League,0-1,1.85,away
07-07-2025,The New Saints,Shkendija,World – UEFA Champions League,0-0,1.70,draw
07-07-2025,Drita Gjilan,Differdange,World – UEFA Champions League,1-0,1.30,home
07-07-2025,Egnatia Rrogozhinë,Breidablik,World – UEFA Champions League,1-0,2.40,home
07-07-2025,Estudiantes,Velez,Argentina – International Super Cup,0-2,2.85,away
07-07-2025,Shelbourne,Linfield,World – UEFA Champions League,1-0,1.30,home
07-07-2025,Philadelphia Union,New York Red Bulls,USA – US Open Cup,Postp,1.20,postponed
07-07-2025,Sport Recife,Ceara CE,Brazil – Cup Nordeste,0-0,1.95,draw
06-07-2025,FF Jaro,Mariehamn,Finland – Veikkausliiga,1-1,1.25,draw
06-07-2025,Grobiņa,Metta / LU,Latvia – Virsliga,0-1,1.30,away
06-07-2025,Dainava,Džiugas Telšiai,Lithuania – A Lyga,0-2,1.20,away
06-07-2025,Sport Boys,Cusco,Peru – Primera División,1-2,1.30,away
06-07-2025,Flora Tallinn,Kalju Nomme,Estonia – Meistriliiga,1-0,1.60,home
06-07-2025,Ferroviária,Vila Nova,Brazil – Serie B,1-3,2.20,away
06-07-2025,Olimpia,Nacional Asuncion,Paraguay – Division Profesional - Clausura,1-1,2.95,draw
06-07-2025,Seattle Sounders,Columbus Crew,USA – Major League Soccer,1-1,1.30,draw
06-07-2025,Club Guarani,de Mayo,Paraguay – Division Profesional - Clausura,3-1,2.20,home
06-07-2025,Deportivo Garcilaso,Universitario,Peru – Primera División,0-1,3.00,away
06-07-2025,Delfin SC,LDU de Quito,Ecuador – Liga Pro,0-4,1.95,away
06-07-2025,Zamora FC,Deportivo Tachira FC,Venezuela – Primera División,1-1,3.15,draw
06-07-2025,Kooteepee,Gnistan,Finland – Veikkausliiga,0-0,2.00,draw
06-07-2025,Panevėžys,Suduva Marijampole,Lithuania – A Lyga,1-2,3.20,away
06-07-2025,IFK Norrkoping,IF Brommapojkarna,Sweden – Allsvenskan,0-1,2.40,away
06-07-2025,FH hafnarfjordur,Stjarnan,Iceland – Úrvalsdeild,1-1,3.55,draw
05-07-2025,Gais,Malmo FF,Sweden – Allsvenskan,0-0,2.65,draw
05-07-2025,SJK,Ilves,Finland – Veikkausliiga,1-1,3.90,draw
05-07-2025,IA Akranes,Fram Reykjavik,Iceland – Úrvalsdeild,0-1,1.45,away
05-07-2025,Valerenga,Fredrikstad,Norway – Eliteserien,1-1,1.30,draw
05-07-2025,Paris Saint Germain,Bayern München,World – FIFA Club World Cup,2-0,1.30,home
05-07-2025,FCSB,CFR 1907 Cluj,Romania – Supercupa,2-1,1.25,home
05-07-2025,Bate Borisov,FC Minsk,Belarus – Premier League,0-2,1.70,away
05-07-2025,remo,Cuiaba,Brazil – Serie B,0-0,1.45,draw
05-07-2025,Tromso,Molde,Norway – Eliteserien,1-0,1.35,home
05-07-2025,Botafogo SP,Novorizontino,Brazil – Serie B,0-0,2.20,draw
05-07-2025,Charlotte,Orlando City SC,USA – Major League Soccer,2-2,2.40,draw
05-07-2025,CF Montreal,Inter Miami,USA – Major League Soccer,1-4,3.70,away
05-07-2025,DC United,Atlanta United FC,USA – Major League Soccer,0-0,2.45,draw
05-07-2025,Austin,Los Angeles FC,USA – Major League Soccer,Postp,2.75,postponed
05-07-2025,Portland Timbers,New England Revolution,USA – Major League Soccer,2-1,3.70,home
05-07-2025,San Jose Earthquakes,New York Red Bulls,USA – Major League Soccer,1-1,3.40,draw
04-07-2025,Paide,FC Levadia Tallinn,Estonia – Meistriliiga,0-3,1.65,away
04-07-2025,Drogheda United,Galway United,Ireland – Premier Division,1-0,3.00,home
04-07-2025,St Patrick's Athl.,Bohemians,Ireland – Premier Division,0-0,1.55,draw
04-07-2025,Bray Wanderers,Wexford,Ireland – First Division,1-0,1.95,home
04-07-2025,Finn Harps,Longford Town,Ireland – First Division,0-0,2.20,draw
04-07-2025,UCD,Treaty United,Ireland – First Division,1-1,3.10,draw
04-07-2025,Fluminense,Al-Hilal Saudi FC,World – FIFA Club World Cup,2-1,2.40,home
04-07-2025,Fylkir,IR Reykjavik,Iceland – 1. Deild,1-2,1.45,away
04-07-2025,Leiknir R.,Fjolnir,Iceland – 1. Deild,0-1,1.55,away
04-07-2025,Los Chankas,ADT Tarma,Peru – Apertura,1-1,1.45,draw
04-07-2025,Recoleta,Sportivo T.,Paraguay – Clausura,2-4,1.30,away
04-07-2025,Libertad,Deportivo Cuenca,Ecuador – Liga Pro,2-1,2.20,home
04-07-2025,FC Dallas,Minnesota United FC,USA – Major League Soccer,1-2,1.45,away
04-07-2025,Palmeiras,Chelsea,World – FIFA Club World Cup,1-2,1.35,away
04-07-2025,Colorado Rapids,Sporting Kansas City,USA – Major League Soccer,1-2,3.20,away
04-07-2025,Los Angeles Galaxy,Vancouver Whitecaps,USA – Major League Soccer,3-0,2.40,home
03-07-2025,MKK-Dnepr,Dinamo Minsk,Belarus – Premier League,2-0,3.00,home
03-07-2025,Instituto Cordoba,Huracan,Argentina – Copa Argentina,0-0,1.55,draw
03-07-2025,Drogheda United,Galway United,Ireland – Premier Division,1-0,3.00,home
03-07-2025,St Patrick's Athl.,Bohemians,Ireland – Premier Division,0-0,1.55,draw
03-07-2025,Bray Wanderers,Wexford,Ireland – First Division,1-0,1.95,home
03-07-2025,Finn Harps,Longford Town,Ireland – First Division,0-0,2.20,draw
03-07-2025,UCD,Treaty United,Ireland – First Division,1-1,3.10,draw
03-07-2025,Fluminense,Al-Hilal Saudi FC,World – FIFA Club World Cup,2-1,2.40,home
03-07-2025,Los Chankas,ADT Tarma,Peru – Apertura,1-1,1.45,draw
03-07-2025,Recoleta,Sportivo T.,Paraguay – Clausura,2-4,1.30,away
03-07-2025,Libertad,Deportivo Cuenca,Ecuador – Liga Pro,2-1,2.20,home
03-07-2025,FC Dallas,Minnesota United FC,USA – Major League Soccer,1-2,1.45,away
03-07-2025,Palmeiras,Chelsea,World – FIFA Club World Cup,1-2,1.35,away
03-07-2025,Colorado Rapids,Sporting Kansas City,USA – Major League Soccer,1-2,3.20,away
03-07-2025,Los Angeles Galaxy,Vancouver Whitecaps,USA – Major League Soccer,3-0,2.40,home
03-07-2025,Consadole Sapporo,Renofa Yamaguchi,Japan – J2 League,1-0,3.25,home
02-07-2025,VPS,Haka,Finland – Veikkausliiga,1-2,1.75,away
02-07-2025,Metta / LU,Tukums,Latvia – Virsliga,0-3,1.55,away
02-07-2025,Union La Calera,Coquimbo Unido,Chile – Copa Chile,1-4,3.10,away
02-07-2025,Switzerland W,Norway W,World – UEFA Championship - Women,1-2,2.05,away
02-07-2025,Concepcion,Huachipato,Chile – Copa Chile,1-1,2.30,draw
02-07-2025,Platense,Independ. Rivadavia,Argentina – Copa Argentina,2-2,2.20,draw
02-07-2025,Drogheda United,Galway United,Ireland – Premier Division,1-0,3.00,home
02-07-2025,St Patrick's Athl.,Bohemians,Ireland – Premier Division,0-0,1.55,draw
02-07-2025,Bray Wanderers,Wexford,Ireland – First Division,1-0,1.95,home
02-07-2025,Finn Harps,Longford Town,Ireland – First Division,0-0,2.20,draw
02-07-2025,UCD,Treaty United,Ireland – First Division,1-1,3.10,draw
02-07-2025,Los Chankas,ADT Tarma,Peru – Apertura,1-1,1.45,draw
02-07-2025,Recoleta,Sportivo T.,Paraguay – Clausura,2-4,1.30,away
02-07-2025,FC Dallas,Minnesota United FC,USA – Major League Soccer,1-2,1.45,away
02-07-2025,Colorado Rapids,Sporting Kansas City,USA – Major League Soccer,1-2,3.20,away
02-07-2025,Los Angeles Galaxy,Vancouver Whitecaps,USA – Major League Soccer,3-0,2.40,home
01-07-2025,Super Nova,Auda,Latvia – Virsliga,0-1,1.20,away
01-07-2025,Vissel Kobe,Sanfrecce Hiroshima,Japan – J1 League,1-0,3.15,home
01-07-2025,Daegu,Gangwon,South Korea – Korean Cup,1-2,1.40,away
01-07-2025,Gwangju FC,Ulsan HD,South Korea – Korean Cup,1-0,3.10,home
01-07-2025,Seoul,Jeonbuk,South Korea – Korean Cup,0-1,1.30,away
01-07-2025,VPS,Haka,Finland – Veikkausliiga,1-2,1.75,away
01-07-2025,Metta / LU,Tukums,Latvia – Virsliga,0-3,1.55,away
01-07-2025,Union La Calera,Coquimbo Unido,Chile – Copa Chile,1-4,3.10,away
01-07-2025,Switzerland W,Norway W,World – UEFA Championship - Women,1-2,2.05,away
01-07-2025,Concepcion,Huachipato,Chile – Copa Chile,1-1,2.30,draw
01-07-2025,Platense,Independ. Rivadavia,Argentina – Copa Argentina,2-2,2.20,draw
01-07-2025,Drogheda United,Galway United,Ireland – Premier Division,1-0,3.00,home
01-07-2025,St Patrick's Athl.,Bohemians,Ireland – Premier Division,0-0,1.55,draw
01-07-2025,Bray Wanderers,Wexford,Ireland – First Division,1-0,1.95,home
01-07-2025,Finn Harps,Longford Town,Ireland – First Division,0-0,2.20,draw
01-07-2025,UCD,Treaty United,Ireland – First Division,1-1,3.10,draw
30-06-2025,Henan Jianye,Shandong Luneng,China – Super League,2-2,1.40,draw
30-06-2025,Dalian Zhixing,Hangzhou Greentown,China – Super League,1-0,1.45,home
30-06-2025,Mjallby AIF,Malmo FF,Sweden – Allsvenskan,1-1,2.60,draw
30-06-2025,Deportivo Capiata,Sportivo Carapegua,Paraguay – Division Intermedia,1-1,1.30,draw
30-06-2025,Floresta,Brusque,Brazil – Serie C,2-1,2.70,home
30-06-2025,Grotta,Haukar,Iceland – Division 2,2-0,1.90,home
30-06-2025,Guarani de Fram,Guairena,Paraguay – Division Intermedia,3-2,2.80,home
30-06-2025,Paysandu,Ferroviária,Brazil – Serie B,2-1,1.25,home
30-06-2025,Antofagasta,Santiago Wanderers,Chile – Copa Chile,2-3,1.95,away
30-06-2025,Cuniburo,Aucas,Ecuador – Liga Pro,0-1,2.10,away
30-06-2025,Deportes Limache,Cobreloa,Chile – Copa Chile,3-0,1.65,home
30-06-2025,Vissel Kobe,Sanfrecce Hiroshima,Japan – J1 League,1-0,3.15,home
30-06-2025,Daegu,Gangwon,South Korea – Korean Cup,1-2,1.40,away
30-06-2025,Gwangju FC,Ulsan HD,South Korea – Korean Cup,1-0,3.10,home
30-06-2025,Seoul,Jeonbuk,South Korea – Korean Cup,0-1,1.30,away
30-06-2025,Union La Calera,Coquimbo Unido,Chile – Copa Chile,1-4,3.10,away
29-06-2025,AIK Stockholm,IFK Goteborg,Sweden – Allsvenskan,3-0,4.15,home
29-06-2025,Degerfors IF,IF Brommapojkarna,Sweden – Allsvenskan,0-3,1.40,away
29-06-2025,Haugesund,Kristiansund BK,Norway – Eliteserien,0-0,1.35,draw
29-06-2025,BK Hacken,Gais,Sweden – Allsvenskan,1-3,3.55,away
29-06-2025,IFK Varnamo,IF Elfsborg,Sweden – Allsvenskan,0-0,1.25,draw
29-06-2025,Fredrikstad,Tromso,Norway – Eliteserien,0-1,2.85,away
29-06-2025,Lyn,Asane,Norway – 1. Division,2-1,2.75,home
29-06-2025,Fram Reykjavik,IBV Vestmannaeyjar,Iceland – Úrvalsdeild,2-0,1.35,home
29-06-2025,Stromsgodset,Valerenga,Norway – Eliteserien,0-2,2.45,away
29-06-2025,Tecnico Universitario,El Nacional,Ecuador – Liga Pro,0-0,3.00,draw
29-06-2025,Racing Montevideo,Atletico Torque,Uruguay – Primera División - Apertura,1-1,2.15,draw
29-06-2025,Athletic Club,remo,Brazil – Serie B,1-2,2.05,away
29-06-2025,Volta Redonda,Operario-PR,Brazil – Serie B,1-0,1.25,home
29-06-2025,KR Reykjavik,FH hafnarfjordur,Iceland – Úrvalsdeild,3-2,1.65,home
29-06-2025,Universidad Catolica,Independiente del Valle,Ecuador – Liga Pro,0-3,2.10,away
29-06-2025,Chapecoense-sc,Goias,Brazil – Serie B,1-2,2.35,away
28-06-2025,GIF Sundsvall,Ostersunds FK,Sweden – Superettan,1-1,1.50,draw
28-06-2025,trelleborgs FF,Oddevold,Sweden – Superettan,0-0,2.95,draw
28-06-2025,Moss,Egersund,Norway – 1. Division,2-4,3.40,away
28-06-2025,ODD Ballklubb,Start,Norway – 1. Division,2-2,1.50,draw
28-06-2025,Osters IF,Sirius,Sweden – Allsvenskan,2-2,1.55,draw
28-06-2025,Rosenborg,Viking,Norway – Eliteserien,1-1,2.50,draw
28-06-2025,Palmeiras,Botafogo,World – FIFA Club World Cup,0-0,3.00,draw
28-06-2025,Kooteepee,FF Jaro,Finland – Veikkausliiga,3-2,3.55,home
28-06-2025,Dinamo Minsk,Dinamo Brest,Belarus – Premier League,5-0,3.30,home
28-06-2025,Longford Town,UCD,Ireland – First Division,0-2,2.00,away
28-06-2025,Vila Nova,Atletico Goianiense,Brazil – Serie B,1-0,2.85,home
28-06-2025,AC Oulu,VPS,Finland – Veikkausliiga,2-1,3.20,home
28-06-2025,Benfica,Chelsea,World – FIFA Club World Cup,1-1,1.30,draw
28-06-2025,Atletico Paranaense,Coritiba,Brazil – Serie B,0-1,1.70,away
28-06-2025,CF Montreal,New York City FC,USA – Major League Soccer,1-0,2.40,home
28-06-2025,Toronto FC,Portland Timbers,USA – Major League Soccer,3-0,1.55,home
27-06-2025,Daejeon Citizen,Jeju United FC,South-Korea – K League 1,1-1,1.30,draw
27-06-2025,Gimcheon Sangmu FC,Jeonbuk Motors,South-Korea – K League 1,1-2,2.30,away
27-06-2025,Molodechno-DYuSSh 4,Smorgon,Belarus – Premier League,2-1,2.30,home
27-06-2025,EIF,PK-35,Finland – Ykkösliiga,2-0,1.55,home
27-06-2025,IK brage,Sandviken,Sweden – Superettan,1-2,2.70,away
27-06-2025,KuPS,HJK helsinki,Finland – Veikkausliiga,3-0,2.25,home
27-06-2025,Fjolnir,Thor Akureyri,Iceland – 1. Deild,0-5,1.65,away
27-06-2025,Ayacucho FC,Cultural Santa Rosa,Peru – Primera División,1-2,1.55,away
27-06-2025,Galway United,Shelbourne,Ireland – Premier Division,1-1,1.45,draw
27-06-2025,Athlone Town,Bray Wanderers,Ireland – First Division,0-4,1.35,away
27-06-2025,Stjarnan,Breidablik,Iceland – Úrvalsdeild,1-4,2.65,away
27-06-2025,Selfoss,Leiknir R.,Iceland – 1. Deild,2-2,1.40,draw
27-06-2025,Throttur Reykjavik,HK Kopavogur,Iceland – 1. Deild,2-2,3.50,draw
27-06-2025,Juan Pablo II College,Cienciano,Peru – Primera División,2-2,3.30,draw
27-06-2025,Central Espanol,Tacuarembo,Uruguay – Segunda Division,1-1,2.05,draw
27-06-2025,Criciuma,Avai,Brazil – Serie B,1-2,2.10,away
26-06-2025,Yunnan Yukun,Henan Jianye,China – Super League,2-1,1.35,home
26-06-2025,Spain U19,Netherlands U19,World – UEFA U19 Championship,0-1,2.05,away
26-06-2025,Always Ready,The Strongest,Bolivia – Copa de la División Profesional,2-1,1.30,home
26-06-2025,Wydad AC,Al Ain,World – FIFA Club World Cup,1-2,1.45,away
26-06-2025,Njardvik,Keflavik,Iceland – 1. Deild,3-1,3.45,home
26-06-2025,Atlético Vinotinto,Guayaquil City FC,Ecuador – Liga Pro Serie B,3-2,1.35,home
26-06-2025,Tigre,Banfield,Argentina – Argentina - Cup,2-0,3.00,home
26-06-2025,de Octubre,Gualaceo SC,Ecuador – Liga Pro Serie B,3-0,2.55,home
26-06-2025,CRB,America Mineiro,Brazil – Serie B,1-2,1.30,away
26-06-2025,Molodechno-DYuSSh 4,Smorgon,Belarus – Premier League,2-1,2.30,home
26-06-2025,EIF,PK-35,Finland – Ykkösliiga,2-0,1.55,home
26-06-2025,IK brage,Sandviken,Sweden – Superettan,1-2,2.70,away
26-06-2025,KuPS,HJK helsinki,Finland – Veikkausliiga,3-0,2.25,home
26-06-2025,Stjarnan,Breidablik,Iceland – Úrvalsdeild,1-4,2.65,away
26-06-2025,Selfoss,Leiknir R.,Iceland – 1. Deild,2-2,1.40,draw
26-06-2025,Throttur Reykjavik,HK Kopavogur,Iceland – 1. Deild,2-2,3.50,draw
25-06-2025,Džiugas Telšiai,FK Trakai,Lithuania – A Lyga,2-1,2.05,home
25-06-2025,Šiauliai,Suduva Marijampole,Lithuania – A Lyga,2-2,1.50,draw
25-06-2025,England U21,Netherlands U21,World – UEFA U21 Championship,2-1,2.90,home
25-06-2025,Germany U21,France U21,World – UEFA U21 Championship,3-0,3.30,home
25-06-2025,CF Montreal,FC Cincinnati,USA – Major League Soccer,1-3,2.30,away
25-06-2025,New England Revolution,Nashville SC,USA – Major League Soccer,2-3,1.40,away
25-06-2025,Toronto FC,New York Red Bulls,USA – Major League Soccer,1-1,1.55,draw
25-06-2025,Chicago Fire,Philadelphia Union,USA – Major League Soccer,0-1,2.15,away
25-06-2025,FC Dallas,San Jose Earthquakes,USA – Major League Soccer,2-4,1.60,away
25-06-2025,Minnesota United FC,Houston Dynamo,USA – Major League Soccer,3-1,1.90,home
25-06-2025,Sporting Kansas City,Charlotte,USA – Major League Soccer,2-1,2.45,home
25-06-2025,St. Louis City,Orlando City SC,USA – Major League Soccer,2-4,2.25,away
25-06-2025,Inter,River Plate,World – FIFA Club World Cup,2-0,3.00,home
25-06-2025,Colorado Rapids,Los Angeles Galaxy,USA – Major League Soccer,2-0,2.15,home
25-06-2025,Vancouver Whitecaps,San Diego,USA – Major League Soccer,3-5,3.15,away
25-06-2025,Tigre,Banfield,Argentina – Argentina - Cup,2-0,1.30,home
24-06-2025,Haka,KuPS,Finland – Suomen Cup,1-4,1.25,away
24-06-2025,E.I.F.,Jaro,Finland – Suomen Cup,2-4,2.40,away
24-06-2025,Dainava,Banga,Lithuania – A Lyga,2-1,1.20,home
24-06-2025,FK Zalgiris Vilnius,Hegelmann Litauen,Lithuania – A Lyga,0-1,1.20,away
24-06-2025,Benfica,Bayern München,World – FIFA Club World Cup,1-0,1.80,home
24-06-2025,Guadeloupe,Guatemala,World – CONCACAF Gold Cup,2-3,1.75,away
24-06-2025,Panama,Jamaica,World – CONCACAF Gold Cup,4-1,2.10,home
24-06-2025,Santa Fe,Independiente Medellin,Colombia – Primera A,0-0,2.90,draw
24-06-2025,Honduras,Curaçao,World – CONCACAF Gold Cup,2-1,2.30,home
24-06-2025,Kyzylzhar,Ordabasy S.,Kazakhstan – Kazakhstan - Cup,0-0,3.15,draw
24-06-2025,Yokohama F. Marinos,FC Tokyo,Japan – J1 League,0-3,3.50,away
24-06-2025,Qingdao Jonoon,Hangzhou Greentown,China – Super League,0-3,2.85,away
24-06-2025,Changchun Yatai,Qingdao Youth Island,China – Super League,1-0,2.10,home
24-06-2025,Džiugas Telšiai,FK Trakai,Lithuania – A Lyga,2-1,2.05,home
24-06-2025,England U21,Netherlands U21,World – UEFA U21 Championship,2-1,2.90,home
23-06-2025,Spain U19,Germany U19,World – Uefa U19 European Championship,3-3,2.10,draw
23-06-2025,Mjondalen,Skeid,Norway – 1. Division,1-4,3.40,away
23-06-2025,GIF Sundsvall,trelleborgs FF,Sweden – Superettan,4-2,1.35,home
23-06-2025,IBV Vestmannaeyjar,Afturelding,Iceland – Úrvalsdeild,1-2,2.90,away
23-06-2025,Bohemians,Shamrock Rovers,Ireland – Premier Division,2-0,1.30,home
23-06-2025,Cork City,Drogheda United,Ireland – Premier Division,1-1,1.45,draw
23-06-2025,Sligo Rovers,Galway United,Ireland – Premier Division,2-1,1.35,home
23-06-2025,St Patrick's Athl.,Derry City,Ireland – Premier Division,0-1,3.10,away
23-06-2025,Waterford,Shelbourne,Ireland – Premier Division,2-2,1.50,draw
23-06-2025,Bray Wanderers,UCD,Ireland – First Division,1-3,2.05,away
23-06-2025,Longford Town,Athlone Town,Ireland – First Division,3-2,2.65,home
23-06-2025,Boston River,Atletico Torque,Uruguay – Primera División - Apertura,2-1,2.30,home
23-06-2025,Operario-PR,Novorizontino,Brazil – Serie B,2-0,2.80,home
23-06-2025,Cerro Largo,Plaza Colonia,Uruguay – Primera División - Apertura,0-1,2.05,away
23-06-2025,Manta FC,Orense SC,Ecuador – Liga Pro,0-0,2.10,draw
23-06-2025,Inter Miami,Palmeiras,World – FIFA Club World Cup,2-2,1.20,draw
22-06-2025,Sandviken,falkenbergs FF,Sweden – Superettan,4-1,2.45,home
22-06-2025,Utsikten,Ostersunds FK,Sweden – Superettan,1-0,2.70,home
22-06-2025,Ham-Kam,Tromso,Norway – Eliteserien,1-3,3.50,away
22-06-2025,KFUM Oslo,Stromsgodset,Norway – Eliteserien,5-0,1.25,home
22-06-2025,Oddevold,Varbergs BoIS FC,Sweden – Superettan,2-1,1.35,home
22-06-2025,Aktobe,FC Astana,Kazakhstan – Premier League,0-1,1.85,away
22-06-2025,LDU de Quito,Independiente del Valle,Ecuador – Liga Pro,1-1,1.95,draw
22-06-2025,Salernitana,Sampdoria,Italy – Serie B,Abn,3.10,abandoned
22-06-2025,Atletico Goianiense,Volta Redonda,Brazil – Serie B,2-0,1.80,home
22-06-2025,A. Italiano,Colo Colo,Chile – Primera División,2-1,1.80,home
22-06-2025,KA Akureyri,Vikingur Reykjavik,Iceland – Úrvalsdeild,0-2,3.60,away
22-06-2025,IA Akranes,Stjarnan,Iceland – Úrvalsdeild,0-3,1.50,away
22-06-2025,Amazonas,Vila Nova,Brazil – Serie B,2-1,1.40,home
22-06-2025,Cobresal,Nublense,Chile – Primera División,1-1,1.60,draw
22-06-2025,Everton de Vina,O'Higgins,Chile – Primera División,0-1,2.80,away
22-06-2025,Dominican Republic,Suriname,World – CONCACAF Gold Cup,0-0,2.70,draw
21-06-2025,FC Slutsk,Naftan,Belarus – Premier League,1-0,1.55,home
21-06-2025,Raufoss,hodd,Norway – 1. Division,6-1,1.40,home
21-06-2025,Start,Stabaek,Norway – 1. Division,5-1,1.35,home
21-06-2025,Paide,Flora Tallinn,Estonia – Meistriliiga,2-1,1.40,home
21-06-2025,Portugal U21,Netherlands U21,World – UEFA U21 Championship,0-1,2.60,away
21-06-2025,Sport Huancayo,FBC Melgar,Peru – Primera División,2-2,2.20,draw
21-06-2025,Oviedo,Mirandes,Spain – Segunda División,2-1,1.90,home
21-06-2025,Avai,Atletico Paranaense,Brazil – Serie B,1-2,2.85,away
21-06-2025,El Nacional,Universidad Catolica,Ecuador – Liga Pro,0-3,1.65,away
21-06-2025,Spain U21,England U21,World – UEFA U21 Championship,1-3,2.85,away
21-06-2025,remo,Paysandu,Brazil – Serie B,0-1,1.75,away
21-06-2025,Emelec,Delfin SC,Ecuador – Liga Pro,2-2,3.05,draw
21-06-2025,Ferroviária,CRB,Brazil – Serie B,1-0,1.25,home
21-06-2025,Macara,Cuniburo,Ecuador – Liga Pro,1-0,1.95,home
21-06-2025,Independiente Petrolero,Nacional Potosí,Bolivia – Primera División,1-1,2.60,draw
21-06-2025,River Plate,Monterrey,World – FIFA Club World Cup,0-0,3.50,draw
20-06-2025,Netherlands U19,England U19,World – UEFA U19 Championship,4-2,1.20,home
20-06-2025,Galway United,St Patrick's Athl.,Ireland – Premier Division,3-1,2.90,home
20-06-2025,Shelbourne,Derry City,Ireland – Premier Division,0-1,1.45,away
20-06-2025,Athlone Town,Finn Harps,Ireland – First Division,0-0,1.90,draw
20-06-2025,UCD,Cobh Ramblers,Ireland – First Division,0-3,2.65,away
20-06-2025,Fylkir,HK Kopavogur,Iceland – 1. Deild,1-2,3.30,away
20-06-2025,Leiknir R.,Njardvik,Iceland – 1. Deild,1-1,1.80,draw
20-06-2025,Union La Calera,U. Catolica,Chile – Primera División,1-1,1.45,draw
20-06-2025,Botafogo SP,Chapecoense-sc,Brazil – Serie B,1-0,1.35,home
20-06-2025,Libertad,Tecnico Universitario,Ecuador – Liga Pro,4-1,2.05,home
20-06-2025,Avispa Fukuoka,Albirex Niigata,Japan – J1 League,3-2,2.95,home
20-06-2025,Machida Zelvia,Kashima,Japan – J1 League,2-1,3.20,home
20-06-2025,Cerezo Osaka,Tokyo Verdy,Japan – J1 League,2-1,2.10,home
20-06-2025,Kashiwa Reysol,Kyoto Sanga,Japan – J1 League,3-3,3.20,draw
20-06-2025,Kawasaki Frontale,Vissel Kobe,Japan – J1 League,1-2,2.65,away
20-06-2025,Yokohama F. Marinos,Fagiano Okayama,Japan – J1 League,0-1,1.40,away
19-06-2025,Cerro,Cerro Largo,Uruguay – Primera División - Apertura,2-1,2.60,home
19-06-2025,JäPS,EIF,Finland – Ykkösliiga,1-1,1.90,draw
19-06-2025,JIPPO,Turku PS,Finland – Ykkösliiga,1-2,1.30,away
19-06-2025,Progreso,Boston River,Uruguay – Primera División - Apertura,2-0,2.95,home
19-06-2025,Suduva Marijampole,FK Zalgiris Vilnius,Lithuania – A Lyga,2-2,1.25,draw
19-06-2025,Hegelmann Litauen,Kauno Žalgiris,Lithuania – A Lyga,1-2,1.20,away
19-06-2025,FK Trakai,Šiauliai,Lithuania – A Lyga,1-0,1.50,home
19-06-2025,Džiugas Telšiai,Banga,Lithuania – A Lyga,0-1,1.25,away
19-06-2025,Liverpool Montevideo,Penarol,Uruguay – Primera División - Apertura,3-2,2.05,home
19-06-2025,Plaza Colonia,CA River Plate,Uruguay – Primera División - Apertura,0-0,3.05,draw
19-06-2025,Shandong Luneng,Chengdu Better City,China – FA Cup,1-3,1.40,away
19-06-2025,Galway United,St Patrick's Athl.,Ireland – Premier Division,3-1,2.90,home
19-06-2025,Shelbourne,Derry City,Ireland – Premier Division,0-1,1.45,away
19-06-2025,Athlone Town,Finn Harps,Ireland – First Division,0-0,1.90,draw
19-06-2025,UCD,Cobh Ramblers,Ireland – First Division,0-3,2.65,away
19-06-2025,Fylkir,HK Kopavogur,Iceland – 1. Deild,1-2,3.30,away
18-06-2025,Denmark U21,Finland U21,World – UEFA U21 Championship,2-2,1.90,draw
18-06-2025,Kongsvinger,Aalesund,Norway – 1. Division,3-0,2.15,home
18-06-2025,Lyn,Raufoss,Norway – 1. Division,3-2,1.35,home
18-06-2025,Moss,hodd,Norway – 1. Division,3-1,1.35,home
18-06-2025,Ranheim,Start,Norway – 1. Division,0-1,1.40,away
18-06-2025,Skeid,Sogndal,Norway – 1. Division,1-4,1.75,away
18-06-2025,Riga,Super Nova,Latvia – Virsliga,2-0,4.25,home
18-06-2025,Sweden W19,Italy W19,World – UEFA U19 Championship W,0-1,2.00,away
18-06-2025,VPS,Gnistan,Finland – Veikkausliiga,0-0,1.70,draw
18-06-2025,FF Jaro,AC Oulu,Finland – Veikkausliiga,2-1,3.20,home
18-06-2025,Danubio,Racing Montevideo,Uruguay – Primera División - Apertura,1-2,2.80,away
18-06-2025,England U21,Germany U21,World – UEFA U21 Championship,1-2,3.35,away
18-06-2025,Slovenia U21,Czech Republic U21,World – UEFA U21 Championship,0-2,2.40,away
18-06-2025,Pachuca,Red Bull Salzburg,World – FIFA Club World Cup,1-2,2.70,away
18-06-2025,JäPS,EIF,Finland – Ykkösliiga,1-1,1.90,draw
18-06-2025,JIPPO,Turku PS,Finland – Ykkösliiga,1-2,3.25,away
17-06-2025,Metta / LU,BFC Daugavpils,Latvia – Virsliga,2-2,1.95,draw
17-06-2025,Tukums,FS Jelgava,Latvia – Virsliga,1-1,1.60,draw
17-06-2025,Chlef,MC Alger,Algeria – Ligue 1,0-0,1.75,draw
17-06-2025,Mostaganem,Kabylie,Algeria – Ligue 1,0-0,1.30,draw
17-06-2025,Super Nova,FK Liepaja,Latvia – Virsliga,1-3,1.40,away
17-06-2025,Germany U19,England U19,World – UEFA U19 Championship,5-5,2.30,draw
17-06-2025,Romania U21,Slovakia U21,World – UEFA U21 Championship,1-2,2.25,away
17-06-2025,Ulsan Hyundai FC,Mamelodi Sundowns,World – FIFA Club World Cup,0-1,2.30,away
17-06-2025,Volta Redonda,Avai,Brazil – Serie B,1-1,2.30,draw
17-06-2025,Wanderers,Defensor Sporting,Uruguay – Primera División - Apertura,0-0,2.25,draw
17-06-2025,Curaçao,El Salvador,World – CONCACAF Gold Cup,0-0,1.35,draw
17-06-2025,Daejeon Citizen,Gimcheon Sangmu FC,South-Korea – K League 1,0-0,2.20,draw
17-06-2025,Jeju United FC,Gwangju FC,South-Korea – K League 1,0-1,2.50,away
17-06-2025,Henan Jianye,SHANGHAI SIPG,China – Super League,1-3,1.25,away
17-06-2025,Shenzhen Peng City,Wuhan Three Towns FC,China – Super League,1-2,1.25,away
17-06-2025,Kongsvinger,Aalesund,Norway – 1. Division,3-0,2.15,home
16-06-2025,St Patrick's Athl.,Shelbourne,Ireland – Premier Division,0-1,2.85,away
16-06-2025,River Plate,Sportivo Carapegua,Paraguay – Division Intermedia,0-2,3.10,away
16-06-2025,Chapecoense-sc,Ferroviária,Brazil – Serie B,2-1,1.25,home
16-06-2025,Nautico Recife,Maringá,Brazil – Serie C,2-1,1.20,home
16-06-2025,Deportes Iquique,Everton de Vina,Chile – Primera División,1-2,1.45,away
16-06-2025,Mostaganem,Kabylie,Algeria – Ligue 1,0-0,1.30,draw
16-06-2025,Ulsan Hyundai FC,Mamelodi Sundowns,World – FIFA Club World Cup,0-1,2.30,away
16-06-2025,Volta Redonda,Avai,Brazil – Serie B,1-1,2.30,draw
16-06-2025,Wanderers,Defensor Sporting,Uruguay – Primera División - Apertura,0-0,2.25,draw
16-06-2025,Curaçao,El Salvador,World – CONCACAF Gold Cup,0-0,1.35,draw
16-06-2025,Daejeon Citizen,Gimcheon Sangmu FC,South-Korea – K League 1,0-0,2.80,draw
16-06-2025,Jeju United FC,Gwangju FC,South-Korea – K League 1,0-1,2.50,away
16-06-2025,Henan Jianye,SHANGHAI SIPG,China – Super League,1-3,1.25,away
16-06-2025,FF Jaro,AC Oulu,Finland – Veikkausliiga,2-1,3.20,home
16-06-2025,Danubio,Racing Montevideo,Uruguay – Primera División - Apertura,1-2,2.80,away
16-06-2025,Pachuca,Red Bull Salzburg,World – FIFA Club World Cup,1-2,2.70,away
14-06-2025,Ostersunds FK,Oddevold,Sweden – Superettan,1-3,2.15,away
14-06-2025,Atyrau,Ulytau,Kazakhstan – Premier League,0-1,2.90,away
14-06-2025,Kyzyl-Zhar,Aktobe,Kazakhstan – Premier League,1-1,1.60,draw
14-06-2025,Umeå FC,GIF Sundsvall,Sweden – Superettan,0-1,1.35,away
14-06-2025,Turan Turkistan,Zhenys,Kazakhstan – Premier League,0-2,2.05,away
14-06-2025,KuPS,Ilves,Finland – Veikkausliiga,0-3,2.20,away
14-06-2025,Sligo Rovers,Waterford,Ireland – Premier Division,1-0,2.30,home
14-06-2025,CRB,Goias,Brazil – Serie B,2-0,1.35,home
14-06-2025,St. Louis City,Los Angeles Galaxy,USA – Major League Soccer,3-3,2.05,draw
14-06-2025,Athletic Club,Operario-PR,Brazil – Serie B,2-1,2.95,home
14-06-2025,New England Revolution,FC Cincinnati,USA – Major League Soccer,0-1,1.45,away
14-06-2025,Al Ahly,Inter Miami,World – FIFA Club World Cup,0-0,1.65,draw
14-06-2025,Austin,New York Red Bulls,USA – Major League Soccer,2-1,1.30,home
14-06-2025,Chicago Fire,Nashville SC,USA – Major League Soccer,0-2,2.65,away
14-06-2025,Minnesota United FC,San Diego,USA – Major League Soccer,2-4,2.05,away
14-06-2025,Colorado Rapids,Orlando City SC,USA – Major League Soccer,0-1,2.25,away
12-06-2025,Ukraine U21,Denmark U21,World – UEFA U21 Championship,2-3,2.80,away
12-06-2025,Mirandes,Racing Santander,Spain – Segunda División,4-1,1.60,home
12-06-2025,RB Bragantino,Bahia,Brazil – Serie A,0-3,1.25,away
12-06-2025,Vitoria,Cruzeiro,Brazil – Serie A,0-0,2.30,draw
12-06-2025,Fortaleza EC,Santos,Brazil – Serie A,2-3,1.75,away
12-06-2025,Gremio,Corinthians,Brazil – Serie A,1-1,3.05,draw
12-06-2025,Sao Paulo,Vasco DA Gama,Brazil – Serie A,1-3,1.85,away
12-06-2025,Gangwon FC,Jeonbuk Motors,South-Korea – K League 1,0-3,3.30,away
12-06-2025,Gwangju FC,FC Seoul,South-Korea – K League 1,1-3,1.35,away
12-06-2025,Tammeka,Laagri,Estonia – Meistriliiga,2-1,1.45,home
12-06-2025,Orebro SK,Sandviken,Sweden – Superettan,0-1,2.30,away
12-06-2025,Cork City,Bohemians,Ireland – Premier Division,0-2,3.40,away
12-06-2025,Shelbourne,Shamrock Rovers,Ireland – Premier Division,1-2,2.25,away
12-06-2025,Athlone Town,Kerry,Ireland – First Division,2-2,2.70,draw
12-06-2025,Finn Harps,Wexford,Ireland – First Division,1-1,2.15,draw
12-06-2025,Treaty United,Bray Wanderers,Ireland – First Division,2-1,1.60,home
11-06-2025,Haka,Gnistan,Finland – Suomen Cup,3-2,1.20,home
11-06-2025,FF Jaro,VPS,Finland – Suomen Cup,7-6,3.10,home
11-06-2025,Oviedo,Almeria,Spain – Segunda División,1-1,2.80,draw
11-06-2025,Poland U21,Georgia U21,World – UEFA U21 Championship,1-2,3.35,away
11-06-2025,Portugal U21,France U21,World – UEFA U21 Championship,0-0,3.35,draw
11-06-2025,Alianza Valledupar,Envigado,Colombia – Copa,3-3,2.70,draw
11-06-2025,Independiente Medelin,CPD Junior,Colombia – Apertura Play Off,1-0,1.25,home
11-06-2025,Ukraine U21,Denmark U21,World – UEFA U21 Championship,2-3,2.80,away
11-06-2025,Hassleholms,Olympic Malmo,Sweden – 3 South,1-1,1.25,draw
11-06-2025,Mirandes,Racing Santander,Spain – Segunda División,4-1,1.60,home
11-06-2025,RB Bragantino,Bahia,Brazil – Serie A,0-3,1.25,away
11-06-2025,Vitoria,Cruzeiro,Brazil – Serie A,0-0,2.30,draw
11-06-2025,Fortaleza EC,Santos,Brazil – Serie A,2-3,1.75,away
11-06-2025,Gremio,Corinthians,Brazil – Serie A,1-1,3.05,draw
11-06-2025,New York City FC,Atlanta United FC,USA – Major League Soccer,4-0,2.00,home
11-06-2025,Atletico Nacional,Santa Fe,Colombia – Apertura Play Off,2-1,2.15,home
10-06-2025,Slovenia,Bosnia & Herzegovina,World – Friendlies,2-1,1.90,home
10-06-2025,Sweden,Algeria,World – Friendlies,4-3,1.20,home
10-06-2025,Jordan,Iraq,World – World Cup - Qualification Asia,0-1,2.15,away
10-06-2025,Palestine,Oman,World – World Cup - Qualification Asia,1-1,1.25,draw
10-06-2025,Saudi Arabia,Australia,World – World Cup - Qualification Asia,1-2,2.10,away
10-06-2025,Luxembourg,Rep. Of Ireland,World – Friendlies,0-0,1.30,draw
10-06-2025,Northern Ireland,Iceland,World – Friendlies,1-0,3.20,home
10-06-2025,USA,Switzerland,World – Friendlies,0-4,3.20,away
10-06-2025,Canada,Ivory Coast,World – Friendlies,0-0,2.00,draw
10-06-2025,Mexico,Türkiye,World – Friendlies,1-0,2.20,home
10-06-2025,Peru,Ecuador,World – World Cup - Qualification South America,0-0,1.40,draw
10-06-2025,Haka,Gnistan,Finland – Suomen Cup,3-2,1.20,home
10-06-2025,Oviedo,Almeria,Spain – Segunda División,1-1,2.80,draw
10-06-2025,Poland U21,Georgia U21,World – UEFA U21 Championship,1-2,3.35,away
10-06-2025,Portugal U21,France U21,World – UEFA U21 Championship,0-0,3.35,draw
10-06-2025,Independiente Medelin,CPD Junior,Colombia – Apertura Play Off,1-0,1.25,home
09-06-2025,Madagascar,Eswatini,World – COSAFA Cup,1-1,1.40,draw
09-06-2025,Kazakhstan,FYR Macedonia,World – World Cup - Qualification Europe,0-1,1.90,away
09-06-2025,Leiknir R.,Völsungur,Iceland – 1. Deild,3-1,2.15,home
09-06-2025,Thor Akureyri,IR Reykjavik,Iceland – 1. Deild,1-1,1.55,draw
09-06-2025,Comoros,Botswana,World – COSAFA Cup,0-0,1.30,draw
09-06-2025,Grindavik,HK Kopavogur,Iceland – 1. Deild,2-1,1.95,home
09-06-2025,Throttur Reykjavik,Njardvik,Iceland – 1. Deild,2-2,1.35,draw
09-06-2025,Criciuma,Vila Nova,Brazil – Serie B,1-0,2.95,home
09-06-2025,Amazonas,Athletic Club,Brazil – Serie B,1-0,3.00,home
09-06-2025,China,Bahrain,World – World Cup - Qualification Asia,1-0,2.20,home
09-06-2025,Jordan,Iraq,World – World Cup - Qualification Asia,0-1,2.15,away
09-06-2025,Palestine,Oman,World – World Cup - Qualification Asia,1-1,1.25,draw
09-06-2025,Saudi Arabia,Australia,World – World Cup - Qualification Asia,1-2,2.10,away
09-06-2025,Peru,Ecuador,World – World Cup - Qualification South America,0-0,1.40,draw
09-06-2025,Oviedo,Almeria,Spain – Segunda División,1-1,2.80,draw
09-06-2025,Poland U21,Georgia U21,World – UEFA U21 Championship,1-2,3.35,away
08-06-2025,Namibia,Malawi,World – COSAFA Cup,0-0,1.85,draw
08-06-2025,Germany,France,World – UEFA Nations League,0-2,1.50,away
08-06-2025,Progreso,Miramar,Uruguay – Primera División - Apertura,1-0,2.05,home
08-06-2025,ljungSKile SK,Jonkopings Sodra,Sweden – Ettan - Södra,2-0,3.50,home
08-06-2025,Haninge,AFC Eskilstuna,Sweden – Ettan - Norra,9-3,1.70,home
08-06-2025,Vasalund,IF Karlstad,Sweden – Ettan - Norra,1-3,2.50,away
08-06-2025,Racing Santander,Mirandes,Spain – Segunda División,3-3,1.30,draw
08-06-2025,Santiago Wanderers,Antofagasta,Chile – Copa Chile,3-0,1.15,home
08-06-2025,Juventud,Racing Montevideo,Uruguay – Primera División - Apertura,2-1,2.45,home
08-06-2025,Cobreloa,Deportes Limache,Chile – Copa Chile,1-3,2.00,away
08-06-2025,Portugal,Spain,World – UEFA Nations League,2-2,1.30,draw
08-06-2025,Forge,HFX Wanderers FC,Canada – Canadian Premier League,2-1,1.30,home
08-06-2025,UCV,Academia Anzoátegui,Venezuela – Primera División,2-2,1.70,draw
08-06-2025,remo,Operario-PR,Brazil – Serie B,2-1,2.15,home
08-06-2025,Vancouver Whitecaps,Seattle Sounders,USA – Major League Soccer,3-0,2.25,home
08-06-2025,Once Caldas,Millonarios,Colombia – Primera A,0-0,2.45,draw
07-06-2025,Malta,Lithuania,World – World Cup - Qualification Europe,0-0,1.45,draw
07-06-2025,Magallanes,Nublense,Chile – Copa Chile,1-1,2.60,draw
07-06-2025,Faroe Islands U21,Estonia U21,World – UEFA U21 Championship - Qualification,2-1,1.25,home
07-06-2025,Albania,Serbia,World – World Cup - Qualification Europe,0-0,3.05,draw
07-06-2025,Greece,Slovakia,World – Friendlies,4-1,3.50,home
07-06-2025,Almeria,Oviedo,Spain – Segunda División,1-2,1.25,away
07-06-2025,Canada,Ukraine,World – Friendlies,4-2,1.30,home
07-06-2025,Pescara,Ternana,Italy – Serie C - Promotion - Play-offs,0-1,1.30,away
07-06-2025,USA,Türkiye,World – Friendlies,1-2,1.45,away
07-06-2025,Mexico,Switzerland,World – Friendlies,2-4,2.55,away
07-06-2025,Concepción,Union Espanola,Chile – Copa Chile,1-0,1.70,home
07-06-2025,Deportes Tolima,America de Cali,Colombia – Primera A,1-1,2.75,draw
07-06-2025,DC United,Chicago Fire,USA – Major League Soccer,1-7,2.35,away
07-06-2025,Carabobo FC,Metropolitanos FC,Venezuela – Primera División,2-2,2.00,draw
07-06-2025,Junior,Independiente Medellin,Colombia – Primera A,0-1,2.90,away
07-06-2025,Colorado Rapids,Austin,USA – Major League Soccer,0-2,2.05,away
06-06-2025,EIF,Lahti,Finland – Ykkösliiga,0-1,2.45,away
06-06-2025,PK-35,Turku PS,Finland – Ykkösliiga,2-3,2.40,away
06-06-2025,SJK Akatemia,JIPPO,Finland – Ykkösliiga,3-1,2.00,home
06-06-2025,Russia,Nigeria,World – Friendlies,1-1,3.60,draw
06-06-2025,Hungary,Sweden,World – Friendlies,0-2,1.90,away
06-06-2025,Norway,Italy,World – World Cup - Qualification Europe,3-0,1.30,home
06-06-2025,Rep. Of Ireland,Senegal,World – Friendlies,1-1,3.20,draw
06-06-2025,Cerro,CA River Plate,Uruguay – Primera División - Apertura,1-0,2.75,home
06-06-2025,Malta,Lithuania,World – World Cup - Qualification Europe,0-0,1.45,draw
06-06-2025,Albania,Serbia,World – World Cup - Qualification Europe,0-0,3.05,draw
06-06-2025,Greece,Slovakia,World – Friendlies,4-1,3.50,home
06-06-2025,Almeria,Oviedo,Spain – Segunda División,1-2,1.25,away
06-06-2025,Canada,Ukraine,World – Friendlies,4-2,1.30,home
06-06-2025,Pescara,Ternana,Italy – Serie C - Promotion - Play-offs,0-1,1.30,away
06-06-2025,USA,Türkiye,World – Friendlies,1-2,1.45,away
06-06-2025,Mexico,Switzerland,World – Friendlies,2-4,2.55,away
05-06-2025,Angola,Namibia,World – COSAFA Cup,1-1,1.95,draw
05-06-2025,United Arab Emirates,Uzbekistan,World – World Cup - Qualification Asia,0-0,3.05,draw
05-06-2025,Oman,Jordan,World – World Cup - Qualification Asia,0-3,3.05,away
05-06-2025,Bahrain,Saudi Arabia,World – World Cup - Qualification Asia,0-2,1.90,away
05-06-2025,North Korea,Kyrgyzstan,World – World Cup - Qualification Asia,2-2,3.15,draw
05-06-2025,Qatar,Iran,World – World Cup - Qualification Asia,1-0,2.60,home
05-06-2025,Iraq,South Korea,World – World Cup - Qualification Asia,0-2,1.30,away
05-06-2025,Kuwait,Palestine,World – World Cup - Qualification Asia,0-2,3.20,away
05-06-2025,Spain,France,World – UEFA Nations League,5-4,1.35,home
05-06-2025,Botafogo SP,Coritiba,Brazil – Serie B,0-0,2.75,draw
05-06-2025,Ecuador,Brazil,World – World Cup - Qualification South America,0-0,1.25,draw
05-06-2025,Paraguay,Uruguay,World – World Cup - Qualification South America,2-0,1.30,home
05-06-2025,Once Caldas,Santa Fe,Colombia – Primera A,1-2,1.30,away
05-06-2025,Millonarios,Atletico Nacional,Colombia – Primera A,0-0,1.35,draw
05-06-2025,EIF,Lahti,Finland – Ykkösliiga,0-1,2.45,away
05-06-2025,PK-35,Turku PS,Finland – Ykkösliiga,2-3,2.40,away
04-06-2025,Mauritius,Zimbabwe,,0-0,1.20,draw
04-06-2025,Deportes Tolima,Ind. Medellin,,1-3,3.00,away
04-06-2025,America De Cali,Junior,,2-1,1.25,home
04-06-2025,Australia,Japan,,1-0,3.00,home
04-06-2025,Malawi,Lesotho,,0-1,2.30,away
04-06-2025,Angola,Namibia,,1-1,1.95,draw
04-06-2025,United Arab Emirates,Uzbekistan,,0-0,3.00,draw
04-06-2025,Oman,Jordan,,0-3,2.95,away
04-06-2025,Bahrain,Saudi Arabia,,0-2,1.95,away
04-06-2025,North Korea,Kyrgyzstan,,2-2,3.10,draw
04-06-2025,Qatar,Iran,,1-0,2.40,home
04-06-2025,Iraq,South Korea,,0-2,1.30,away
04-06-2025,Kuwait,Palestine,,0-2,3.10,away
04-06-2025,Spain,France,,5-4,1.40,home
04-06-2025,Once Caldas,Santa Fe,,1-2,1.25,away
04-06-2025,Millonarios,Atl. Nacional,,0-0,1.45,draw
03-06-2025,U. Espanola,Limache,,2-2,1.35,draw
03-06-2025,Cerezo Osaka,Yokohama FC,,4-1,1.25,home
03-06-2025,Shonan Bellmare,Iwata,,2-0,1.25,home
03-06-2025,Verdy,Kashiwa Reysol,,0-3,2.90,away
03-06-2025,Deportes Tolima,Ind. Medellin,,1-3,3.00,away
03-06-2025,America De Cali,Junior,,2-1,1.25,home
03-06-2025,Australia,Japan,,1-0,3.00,home
03-06-2025,United Arab Emirates,Uzbekistan,,0-0,3.00,draw
03-06-2025,Oman,Jordan,,0-3,2.95,away
03-06-2025,Bahrain,Saudi Arabia,,0-2,1.95,away
03-06-2025,North Korea,Kyrgyzstan,,2-2,3.10,draw
03-06-2025,Qatar,Iran,,1-0,2.40,home
03-06-2025,Iraq,South Korea,,0-2,1.30,away
03-06-2025,Kuwait,Palestine,,0-2,3.10,away
03-06-2025,Spain,France,,5-4,1.40,home
03-06-2025,Botafogo SP,Coritiba,,0-0,2.90,draw
02-06-2025,Ternana,Pescara,,0-1,1.35,away
02-06-2025,TPS,Ekenas,,2-0,1.90,home
02-06-2025,Sp. Luqueno,Ameliano,,0-0,2.25,draw
02-06-2025,Chapecoense-SC,Amazonas,,4-0,1.20,home
02-06-2025,Paysandu PA,Criciuma,,0-1,1.25,away
02-06-2025,Cerezo Osaka,Yokohama FC,,4-1,1.25,home
02-06-2025,Shonan Bellmare,Iwata,,2-0,1.25,home
02-06-2025,Verdy,Kashiwa Reysol,,0-3,2.90,away
02-06-2025,Deportes Tolima,Ind. Medellin,,1-3,3.00,away
02-06-2025,Australia,Japan,,1-0,3.00,home
02-06-2025,United Arab Emirates,Uzbekistan,,0-0,3.00,draw
02-06-2025,Oman,Jordan,,0-3,2.95,away
02-06-2025,Bahrain,Saudi Arabia,,0-2,1.95,away
02-06-2025,North Korea,Kyrgyzstan,,2-2,3.10,draw
02-06-2025,Qatar,Iran,,1-0,2.40,home
02-06-2025,Iraq,South Korea,,0-2,1.30,away
01-06-2025,Sundsvall,Falkenberg,,0-0,3.40,draw
01-06-2025,Gnistan,Ilves,,0-2,2.05,away
01-06-2025,Oldham,Southend,,1-1,2.40,draw
01-06-2025,Mirassol,Sport Recife,,1-0,1.95,home
01-06-2025,Huesca,Eldense,,3-2,1.25,home
01-06-2025,Sirius,AIK,,3-1,2.30,home
01-06-2025,Bryne,Sandefjord,,3-2,1.30,home
01-06-2025,Oddevold,Landskrona,,1-2,1.30,away
01-06-2025,Racing Santander,Granada CF,,2-1,1.25,home
01-06-2025,Pyramids,Mamelodi Sundowns,,2-1,1.25,home
01-06-2025,Molde,Viking,,0-1,2.80,away
01-06-2025,Vizela,AFS,,2-2,1.30,draw
01-06-2025,Juventude,Gremio,,0-2,3.20,away
01-06-2025,Santos,Botafogo RJ,,0-1,2.90,away
01-06-2025,Ceara,Atletico-MG,,0-1,2.80,away
01-06-2025,Cruzeiro,Palmeiras,,2-1,2.85,home
31-05-2025,Degerfors,Oster,,1-2,1.25,away
31-05-2025,Elfsborg,Hammarby,,0-2,2.40,away
31-05-2025,Norrkoping,GAIS,,0-3,1.35,away
31-05-2025,Sandviken,Varberg,,2-1,2.50,home
31-05-2025,Moss,Start,,0-3,2.30,away
31-05-2025,Ranheim,Aalesund,,2-1,1.30,home
31-05-2025,Sogndal,Raufoss,,2-2,1.25,draw
31-05-2025,Stabaek,Kongsvinger,,2-2,2.50,draw
31-05-2025,AC Oulu,SJK,,2-2,2.20,draw
31-05-2025,Haka,VPS,,2-1,2.40,home
31-05-2025,Racing Club Ferrol,Gijon,,0-2,2.90,away
31-05-2025,Malaga,Burgos CF,,2-2,2.00,draw
31-05-2025,Tromso,Valerenga,,2-1,1.90,home
31-05-2025,St. Louis City,San Jose Earthquakes,,2-1,2.10,home
31-05-2025,PSG,Inter,,5-0,1.65,home
31-05-2025,Bahia,Sao Paulo,,2-1,1.25,home
30-05-2025,Jelgava,FK Liepaja,,0-1,3.20,away
30-05-2025,Aktobe,Kairat Almaty,,1-2,1.25,away
30-05-2025,Antalyaspor,Trabzonspor,,0-2,3.50,away
30-05-2025,Kasimpasa,Goztepe,,1-2,1.35,away
30-05-2025,Skeid,Hodd,,1-1,2.60,draw
30-05-2025,Orebro,Brage,,3-3,2.80,draw
30-05-2025,Al Ittihad,Al Qadisiya,,3-1,1.30,home
30-05-2025,Thor Akureyri,Fylkir,,4-1,2.45,home
30-05-2025,Aarau,Grasshoppers,,1-0,2.50,home
30-05-2025,Fjolnir,IR Reykjavik,,0-3,1.90,away
30-05-2025,Bohemians,Derry City,,1-0,1.30,home
30-05-2025,Cork City,Shelbourne,,1-1,1.25,draw
30-05-2025,Waterford,Drogheda,,2-2,1.40,draw
30-05-2025,Leiknir,Grindavik,,2-6,2.20,away
30-05-2025,General Caballero JLM,Nacional Asuncion,,2-4,2.10,away
30-05-2025,Vila Nova FC,Novorizontino,,0-1,2.75,away
29-05-2025,Brann,Molde,,0-3,1.95,away
29-05-2025,Brommapojkarna,Djurgarden,,0-1,2.50,away
29-05-2025,Fram,KA Akureyri,,1-2,1.90,away
29-05-2025,Vestmannaeyjar,Hafnarfjordur,,2-1,2.35,home
29-05-2025,Antwerp,Charleroi,,1-2,2.30,away
29-05-2025,Karagumruk,Bandirmaspor,,1-1,2.10,draw
29-05-2025,El Gaish,Modern Sport,,1-1,2.20,draw
29-05-2025,Ghazl El Mahallah,El Ismaily,,1-1,1.20,draw
29-05-2025,ZED,Smouha,,0-0,2.80,draw
29-05-2025,Telstar,Willem II,,2-2,1.25,draw
29-05-2025,Cremonese,Spezia,,0-0,1.35,draw
29-05-2025,Reims,Metz,,1-1,1.35,draw
29-05-2025,Stjarnan,KR Reykjavik,,4-2,1.20,home
29-05-2025,Penarol (Uru),Velez Sarsfield (Arg),,0-0,3.20,draw
29-05-2025,Caracas (Ven),Deportes Iquique (Chi),,2-1,1.95,home
29-05-2025,Colo Colo (Chi),Bucaramanga (Col),,1-0,1.45,home
28-05-2025,Ural,Akhmat Grozny,,2-1,3.20,home
28-05-2025,Mariehamn,TPS,,2-2,1.35,draw
28-05-2025,Gnistan,Ilves,,3-0,1.25,home
28-05-2025,Mladost GAT,Napredak,,0-0,1.30,draw
28-05-2025,Kalju,Paide,,0-2,1.35,away
28-05-2025,Sochi,Pari NN,,1-2,2.00,away
28-05-2025,Fredrikstad,Rosenborg,,0-2,2.30,away
28-05-2025,Macva,Radnicki Nis,,0-0,1.25,draw
28-05-2025,Nacional (Uru),Atl. Nacional (Col),,1-0,3.30,home
28-05-2025,Atlanta Utd,Orlando City,,3-2,3.60,home
28-05-2025,DC United,New England Revolution,,1-1,3.50,draw
28-05-2025,Toronto FC,Philadelphia Union,,1-2,2.30,away
28-05-2025,Almirante Brown,Nueva Chicago,,0-0,2.80,draw
28-05-2025,U. Catolica (Ecu),Vitoria (Bra),,1-0,2.30,home
28-05-2025,Herediano,Alajuelense,,1-0,2.85,home
28-05-2025,Vancouver Whitecaps,Minnesota United,,0-0,1.35,draw
27-05-2025,Tammeka,Tallinna Kalev,,5-0,2.10,home
27-05-2025,El Bayadh,Constantine,,1-1,1.35,draw
27-05-2025,Trelleborg,Helsingborg,,0-0,1.35,draw
27-05-2025,Grasshoppers,Aarau,,4-0,1.25,home
27-05-2025,Wilstermann,Tomayapo,,0-0,1.30,draw
27-05-2025,Huracan (Arg),Corinthians (Bra),,1-0,3.20,home
27-05-2025,Urawa Reds,Cerezo Osaka,,0-0,3.40,draw
27-05-2025,Gangwon,Anyang,,1-3,3.10,away
27-05-2025,Gimcheon Sangmu,Seoul,,0-1,1.45,away
27-05-2025,Gwangju FC,Ulsan HD,,1-1,1.30,draw
27-05-2025,Sochi,Pari NN,,1-2,2.00,away
27-05-2025,Ural,Akhmat Grozny,,2-1,3.20,home
27-05-2025,Fredrikstad,Rosenborg,,0-2,2.30,away
27-05-2025,Atlanta Utd,Orlando City,,3-2,3.60,home
27-05-2025,DC United,New England Revolution,,1-1,3.50,draw
27-05-2025,Toronto FC,Philadelphia Union,,1-2,2.30,away
26-05-2025,AFC Wimbledon,Walsall,,1-0,2.90,home
26-05-2025,Ludogorets,Arda,,2-2,1.90,draw
26-05-2025,Grobina,Super Nova,,1-1,1.30,draw
26-05-2025,KFUM Oslo,Valerenga,,0-1,1.40,away
26-05-2025,Norrkoping,Mjallby,,1-1,1.30,draw
26-05-2025,Oddevold,Vasteras SK,,1-5,1.50,away
26-05-2025,Umea FC,Orgryte,,3-3,1.70,draw
26-05-2025,Botev Plovdiv,CSKA Sofia,,0-4,1.95,away
26-05-2025,Al Orubah,Al Taawon,,3-2,1.25,home
26-05-2025,Ameliano,Atl. Tembetary,,2-0,2.10,home
26-05-2025,Criciuma,Coritiba,,0-1,3.00,away
26-05-2025,Recoleta,Sportivo Trinidense,,1-2,2.25,away
26-05-2025,Brusque,Sao Bernardo,,1-0,2.90,home
26-05-2025,Botafogo SP,CRB,,2-1,3.00,home
26-05-2025,A. Italiano,Huachipato,,4-3,1.95,home
26-05-2025,Cuiaba,Vila Nova FC,,1-0,1.20,home
25-05-2025,Brommapojkarna,AIK,,0-1,2.40,away
25-05-2025,Djurgarden,Hacken,,1-1,1.25,draw
25-05-2025,Ipswich,West Ham,,1-3,3.70,away
25-05-2025,Nottingham,Chelsea,,0-1,1.25,away
25-05-2025,Wolves,Brentford,,1-1,2.80,draw
25-05-2025,Aarhus,Brondby,,2-3,2.05,away
25-05-2025,Konyaspor,Alanyaspor,,1-2,1.30,away
25-05-2025,Trabzonspor,Samsunspor,,2-2,3.50,draw
25-05-2025,Benfica,Sporting CP,,1-1,2.20,draw
25-05-2025,Cadiz CF,Huesca,,4-0,1.35,home
25-05-2025,Eibar,Cordoba,,4-1,3.00,home
25-05-2025,Eldense,Racing Santander,,3-3,1.55,draw
25-05-2025,Mirandes,Almeria,,0-0,3.20,draw
25-05-2025,Genk,Anderlecht,,2-1,1.95,home
25-05-2025,Empoli,Verona,,1-2,1.25,away
25-05-2025,Ath Bilbao,Barcelona,,0-3,3.60,away
24-05-2025,Akron Togliatti,Lokomotiv Moscow,,1-4,1.25,away
24-05-2025,Fakel Voronezh,Krylya Sovetov,,1-1,1.35,draw
24-05-2025,Sheffield Utd,Sunderland,,1-2,3.00,away
24-05-2025,Bryne,Fredrikstad,,4-3,1.35,home
24-05-2025,U. Cluj,FC Rapid Bucuresti,,2-2,1.90,draw
24-05-2025,Sturm Graz,Wolfsberger AC,,1-1,1.90,draw
24-05-2025,GAIS,Sirius,,2-1,1.25,home
24-05-2025,Fehervar FC,Debrecen,,0-3,3.30,away
24-05-2025,Gaziantep,Kasimpasa,,2-2,3.60,draw
24-05-2025,Lugano,Young Boys,,1-1,2.50,draw
24-05-2025,Servette,Lausanne,,3-3,2.00,draw
24-05-2025,AEK Larnaca,Pafos,,0-0,2.10,draw
24-05-2025,KA Akureyri,Afturelding,,1-0,1.25,home
24-05-2025,Dender,KV Mechelen,,2-2,1.35,draw
24-05-2025,AFS,Vizela,,3-0,2.40,home
24-05-2025,Alaves,Osasuna,,1-1,2.35,draw
23-05-2025,KTP,Haka,,0-0,3.70,draw
23-05-2025,Radomlje,Primorje,,0-1,1.30,away
23-05-2025,Banga,FK Panevezys,,1-1,1.35,draw
23-05-2025,Fredericia,Kolding IF,,2-0,1.95,home
23-05-2025,Hvidovre IF,Horsens,,1-1,1.50,draw
23-05-2025,Vitebsk,Dynamo Brest,,1-3,1.35,away
23-05-2025,LASK,Altach,,0-0,2.50,draw
23-05-2025,Tirol,Grazer AK,,1-1,2.75,draw
23-05-2025,Schaffhausen,Bellinzona,,1-3,2.00,away
23-05-2025,Xamax,Wil,,2-3,2.40,away
23-05-2025,Derry City,Shamrock Rovers,,1-2,2.45,away
23-05-2025,Drogheda,Bohemians,,1-0,3.10,home
23-05-2025,Athlone,Cobh Ramblers,,2-3,1.50,away
23-05-2025,Bray,Wexford,,1-2,1.20,away
23-05-2025,Finn Harps,UC Dublin,,1-2,1.35,away
23-05-2025,Betis,Valencia,,1-1,2.00,draw
22-05-2025,Ludogorets,CSKA Sofia,,1-0,3.00,home
22-05-2025,Damac,Al Fateh,,0-1,1.35,away
22-05-2025,Helsingborg,Oddevold,,0-2,1.30,away
22-05-2025,Sundsvall,Brage,,0-2,3.20,away
22-05-2025,Varberg,Landskrona,,4-2,3.20,home
22-05-2025,B.93,Roskilde,,0-2,2.25,away
22-05-2025,Heidenheim,Elversberg,,2-2,2.20,draw
22-05-2025,Yverdon,Zurich,,3-2,2.10,home
22-05-2025,Livingston,Ross County,,1-1,2.10,draw
22-05-2025,Vila Nova FC,Cruzeiro,,0-3,1.30,away
22-05-2025,Defensa y Justicia,Newells Old Boys,,0-2,1.35,away
22-05-2025,CRB,Santos,,0-0,1.30,draw
22-05-2025,Club America,Toluca,,0-0,2.00,draw
22-05-2025,Anyang,Pohang,,0-2,3.25,away
22-05-2025,Jeju SK,Jeonbuk,,0-0,1.30,draw
22-05-2025,KTP,Haka,,0-0,3.70,draw
21-05-2025,Ilves,KuPS,,3-0,1.35,home
21-05-2025,Dordrecht,Willem II,,2-1,2.15,home
21-05-2025,Lillestrom,Fredrikstad,,1-1,1.40,draw
21-05-2025,Falkenberg,Trelleborg,,4-0,1.35,home
21-05-2025,Orgryte,Sandviken,,4-0,2.15,home
21-05-2025,Utsikten,Orebro,,4-4,1.30,draw
21-05-2025,Audace Cerignola,Atalanta U23,,2-2,3.10,draw
21-05-2025,Metz,Reims,,1-1,2.15,draw
21-05-2025,Catanzaro,Spezia,,0-2,3.10,away
21-05-2025,Juve Stabia,Cremonese,,2-1,1.30,home
21-05-2025,Forest Green,Southend,,1-1,3.30,draw
21-05-2025,Tottenham,Manchester Utd,,1-0,3.30,home
21-05-2025,DC United,Charlotte,,4-3,3.30,home
21-05-2025,Orlando City,Nashville SC,,2-3,1.30,away
21-05-2025,Austin FC,Houston Dynamo,,3-1,2.20,home
21-05-2025,Alajuelense,Saprissa,,1-0,3.00,home
20-05-2025,Al Taawon,Al Riyadh,,3-2,2.20,home
20-05-2025,Slavia Mozyr,Zhodino,,1-0,1.25,home
20-05-2025,National Bank Egypt,Modern Sport,,1-0,1.25,home
20-05-2025,Supersport Utd,Orlando Pirates,,0-1,1.25,away
20-05-2025,Al Shabab,Al Ittihad,,2-3,2.00,away
20-05-2025,Den Bosch,Telstar,,0-0,2.30,draw
20-05-2025,Crystal Palace,Wolves,,4-2,1.40,home
20-05-2025,Sp. Luqueno,Recoleta,,0-0,2.10,draw
20-05-2025,Sportivo Trinidense,Nacional Asuncion,,2-0,1.35,home
20-05-2025,New England Revolution,Chicago Fire,,1-3,2.65,away
20-05-2025,San Jose Earthquakes,Portland Timbers,,0-0,1.95,draw
20-05-2025,Yokohama FC,Machida,,1-1,2.75,draw
20-05-2025,Shonan Bellmare,FC Tokyo,,1-0,3.10,home
20-05-2025,Iwata,Gamba Osaka,,1-1,1.30,draw
20-05-2025,Kyoto,Cerezo Osaka,,1-4,2.70,away
20-05-2025,Albirex Niigata,Verdy,,0-2,2.80,away
19-05-2025,Brondby,Midtjylland,,1-2,1.25,away
19-05-2025,Degerfors,Goteborg,,1-3,1.50,away
19-05-2025,Sirius,Norrkoping,,1-2,1.85,away
19-05-2025,Elfsborg,Djurgarden,,4-0,2.10,home
19-05-2025,FC Rapid Bucuresti,CFR Cluj,,1-4,1.35,away
19-05-2025,Lokomotiv Moscow,CSKA Moscow,,2-2,1.40,draw
19-05-2025,Salernitana,Frosinone,,Postp,2.00,postponed
19-05-2025,Cordoba,Mirandes,,1-2,1.40,away
19-05-2025,Brighton,Liverpool,,3-2,2.60,home
19-05-2025,U. Espanola,Everton,,0-3,1.95,away
19-05-2025,Akranes,Hafnarfjordur,,1-3,2.30,away
19-05-2025,Binacional,Cienciano,,1-1,2.25,draw
19-05-2025,Llaneros,Deportes Tolima,,1-3,1.25,away
19-05-2025,Boca Juniors,Independiente,,0-1,2.10,away
19-05-2025,La Serena,Deportes Iquique,,2-1,2.25,home
19-05-2025,Coritiba,America MG,,1-0,2.00,home
18-05-2025,West Ham,Nottingham,,1-2,1.30,away
18-05-2025,Greuther Furth,Hamburger SV,,3-2,2.15,home
18-05-2025,Magdeburg,Dusseldorf,,4-2,2.20,home
18-05-2025,Leicester,Ipswich,,2-0,2.25,home
18-05-2025,KV Mechelen,Charleroi,,1-1,2.30,draw
18-05-2025,Sonderjyske,Lyngby,,5-1,1.30,home
18-05-2025,Arsenal,Newcastle,,1-0,2.00,home
18-05-2025,Las Palmas,Leganes,,0-1,2.15,away
18-05-2025,Mallorca,Getafe,,1-2,3.00,away
18-05-2025,Osasuna,Espanyol,,2-0,1.85,home
18-05-2025,Real Sociedad,Girona,,3-2,1.25,home
18-05-2025,Valencia,Ath Bilbao,,0-1,1.30,away
18-05-2025,AS Roma,AC Milan,,3-1,2.35,home
18-05-2025,Cagliari,Venezia,,3-0,1.50,home
18-05-2025,Fiorentina,Bologna,,3-2,2.60,home
18-05-2025,Verona,Como,,1-1,1.30,draw
17-05-2025,Augsburg,Union Berlin,,1-2,3.50,away
17-05-2025,B. Monchengladbach,Wolfsburg,,0-1,2.15,away
17-05-2025,Freiburg,Eintracht Frankfurt,,1-3,1.25,away
17-05-2025,Heidenheim,Werder Bremen,,1-4,2.25,away
17-05-2025,Mainz,Bayer Leverkusen,,2-2,2.25,draw
17-05-2025,RB Leipzig,Stuttgart,,2-3,1.95,away
17-05-2025,Khimki,Rubin Kazan,,3-2,1.35,home
17-05-2025,Dep. La Coruna,Granada CF,,2-3,3.50,away
17-05-2025,Eibar,Burgos CF,,1-0,1.25,home
17-05-2025,Dordrecht,De Graafschap,,2-0,2.15,home
17-05-2025,St. Liege,Dender,,0-0,1.25,draw
17-05-2025,FC Cartagena SAD,Tenerife,,1-0,1.25,home
17-05-2025,Huesca,Elche,,2-1,1.30,home
17-05-2025,Estoril,Estrela,,4-0,3.30,home
17-05-2025,SC Farense,Santa Clara,,1-2,3.00,away
17-05-2025,Malaga,Gijon,,2-1,2.60,home
16-05-2025,Horn,Kapfenberg,,3-1,2.25,home
16-05-2025,Fredrikstad,KFUM Oslo,,1-0,1.20,home
16-05-2025,Sogndal,Asane,,2-0,2.10,home
16-05-2025,Start,Egersund,,2-1,1.25,home
16-05-2025,Orgryte,Varberg,,5-1,3.45,home
16-05-2025,Rio Ave,Gil Vicente,,1-1,1.45,draw
16-05-2025,Din. Bucuresti,U. Cluj,,1-3,2.50,away
16-05-2025,Bellinzona,Thun,,3-1,2.00,home
16-05-2025,Stade Nyonnais,Xamax,,1-3,2.35,away
16-05-2025,St. Liege,Dender,,0-0,1.25,draw
16-05-2025,Bohemians,Shelbourne,,1-0,2.30,home
16-05-2025,Drogheda,Derry City,,1-1,1.35,draw
16-05-2025,Bray,Athlone,,3-1,2.00,home
16-05-2025,Cobh Ramblers,Dundalk,,1-2,2.00,away
16-05-2025,Walsall,Chesterfield,,2-1,2.15,home
16-05-2025,Leiria,Tondela,,0-2,1.25,away
15-05-2025,Osasuna,Atl. Madrid,,2-0,1.25,home
15-05-2025,Rayo Vallecano,Betis,,2-2,1.35,draw
15-05-2025,Esbjerg,Hvidovre IF,,2-0,1.40,home
15-05-2025,Ranheim,Raufoss,,1-1,1.30,draw
15-05-2025,Djurgarden,Mjallby,,1-3,3.30,away
15-05-2025,Penafiel,Chaves,,0-0,1.30,draw
15-05-2025,Widzew Lodz,Legia,,0-2,2.00,away
15-05-2025,Servette,Lugano,,4-1,1.95,home
15-05-2025,Rochdale,Southend,,3-3,3.20,draw
15-05-2025,Charlton,Wycombe,,1-0,3.00,home
15-05-2025,Getafe,Ath Bilbao,,0-2,1.30,away
15-05-2025,Mafra,Torreense,,2-0,2.10,home
15-05-2025,Recoleta,Atl. Tembetary,,1-1,3.00,draw
15-05-2025,Nacional (Uru),Internacional (Bra),,0-2,3.00,away
15-05-2025,Ind. Medellin,Deportes Tolima,,0-1,3.00,away
15-05-2025,Cruz Azul,Club America,,1-0,2.90,home
14-05-2025,Shakhtar Donetsk,Dyn. Kyiv,,1-1,2.15,draw
14-05-2025,Slaven Belupo,Rijeka,,1-1,1.35,draw
14-05-2025,CSKA Moscow,Zenit,,2-0,2.20,home
14-05-2025,Alaves,Valencia,,1-0,2.05,home
14-05-2025,Hacken,AIK,,3-3,3.30,draw
14-05-2025,Arda,Levski Sofia,,0-3,3.00,away
14-05-2025,Almere City,Sittard,,1-1,1.30,draw
14-05-2025,G.A. Eagles,Heerenveen,,1-0,2.50,home
14-05-2025,Twente,AZ Alkmaar,,2-3,1.45,away
14-05-2025,Willem II,Zwolle,,1-2,2.35,away
14-05-2025,St. Mirren,Hibernian,,2-2,2.45,draw
14-05-2025,Motherwell,Kilmarnock,,3-0,3.30,home
14-05-2025,Stockport County,Leyton Orient,,1-1,1.20,draw
14-05-2025,AC Milan,Bologna,,0-1,1.45,away
14-05-2025,Cove Rangers,Airdrieonians,,1-2,1.35,away
14-05-2025,Leixoes,Feirense,,2-0,3.25,home
13-05-2025,Pharco,Al Masry,,1-1,1.25,draw
13-05-2025,Cherno More,Ludogorets,,2-0,1.35,home
13-05-2025,Telstar,Den Haag,,2-0,3.40,home
13-05-2025,Helsingborg,Brage,,1-0,1.90,home
13-05-2025,Zamalek,Pyramids,,0-1,2.90,away
13-05-2025,Real Sociedad,Celta Vigo,,0-1,1.45,away
13-05-2025,East Fife,Annan,,3-2,1.95,home
13-05-2025,Sion,St. Gallen,,1-1,1.80,draw
13-05-2025,Sunderland,Coventry,,0-1,1.35,away
13-05-2025,Sp. Luqueno (Par),Grau (Per),,1-1,2.10,draw
13-05-2025,Dep. Tachira (Ven),Central Cordoba (Arg),,1-2,1.25,away
13-05-2025,Pereira,Dep. Pasto,,1-0,2.85,home
13-05-2025,Puerto Cabello (Ven),FBC Melgar (Per),,0-1,3.20,away
13-05-2025,Sporting Cristal (Per),Cerro Porteno (Par),,0-1,2.65,away
13-05-2025,Yokohama F. Marinos,Kashiwa Reysol,,0-2,3.30,away
13-05-2025,Lok. Sofia,CSKA 1948 Sofia,,2-1,1.35,home
12-05-2025,Petrolul,Otelul,,1-3,2.80,away
12-05-2025,SJK,VPS,,2-3,2.10,away
12-05-2025,APOEL,Pafos,,1-1,3.00,draw
12-05-2025,Pari NN,Krylya Sovetov,,5-2,3.30,home
12-05-2025,Venezia,Fiorentina,,2-1,3.20,home
12-05-2025,Kayserispor,Antalyaspor,,3-1,1.25,home
12-05-2025,Vejle,Lyngby,,2-0,1.35,home
12-05-2025,Asane,Stabaek,,1-1,2.20,draw
12-05-2025,Puszcza,Stal Mielec,,2-3,3.30,away
12-05-2025,Goteborg,Djurgarden,,1-2,2.60,away
12-05-2025,Din. Bucuresti,FC Rapid Bucuresti,,0-0,1.45,draw
12-05-2025,Zeleznicar Pancevo,Napredak,,1-1,1.95,draw
12-05-2025,Atalanta,AS Roma,,2-1,1.35,home
12-05-2025,Botafogo SP,Athletic Club,,0-3,1.25,away
12-05-2025,S. Wanderers,San Felipe,,0-1,1.95,away
12-05-2025,Santos,Ceara,,0-0,1.25,draw
10-05-2025,Wolves,Brighton,,0-2,1.30,away
10-05-2025,Gijon,Dep. La Coruna,,2-1,2.00,home
10-05-2025,Santa Clara,Famalicao,,2-1,2.20,home
10-05-2025,Lazio,Juventus,,1-1,3.20,draw
10-05-2025,Bournemouth,Aston Villa,,0-1,1.30,away
10-05-2025,Girona,Villarreal,,0-1,2.10,away
10-05-2025,Burgos CF,Cordoba,,3-2,3.20,home
10-05-2025,Elche,Levante,,1-3,1.25,away
10-05-2025,Benfica,Sporting CP,,1-1,2.10,draw
10-05-2025,Empoli,Parma,,2-1,1.30,home
10-05-2025,Almere City,Sparta Rotterdam,,0-3,1.25,away
10-05-2025,Auxerre,Nantes,,1-1,2.35,draw
10-05-2025,Reims,St Etienne,,0-2,2.10,away
10-05-2025,Rennes,Nice,,2-0,1.30,home
10-05-2025,Toulouse,Lens,,1-1,3.00,draw
10-05-2025,Gil Vicente,Arouca,,1-1,3.20,draw
09-05-2025,Preussen Munster,Hertha Berlin,,2-0,2.30,home
09-05-2025,Willem II,Heracles,,1-2,2.70,away
09-05-2025,Dordrecht,FC Volendam,,4-1,1.90,home
09-05-2025,Vitesse,Den Bosch,,3-1,1.90,home
09-05-2025,Wolfsburg,Hoffenheim,,2-2,2.30,draw
09-05-2025,Cittadella,Bari,,3-1,3.10,home
09-05-2025,Juve Stabia,Reggiana,,1-2,1.20,away
09-05-2025,Mantova,Carrarese,,2-1,3.00,home
09-05-2025,Modena,Brescia,,2-2,2.80,draw
09-05-2025,Sampdoria,Salernitana,,1-0,1.30,home
09-05-2025,Sassuolo,Catanzaro,,0-2,1.30,away
09-05-2025,Spezia,Cremonese,,2-3,2.25,away
09-05-2025,Cadiz CF,Almeria,,2-1,1.30,home
09-05-2025,AC Milan,Bologna,,3-1,1.35,home
09-05-2025,Coventry,Sunderland,,1-2,2.30,away
09-05-2025,Las Palmas,Rayo Vallecano,,0-1,1.35,away
08-05-2025,Bristol City,Sheffield Utd,,0-3,1.35,away
08-05-2025,Bodo/Glimt,Tottenham,,0-2,2.90,away
08-05-2025,Manchester Utd,Ath Bilbao,,4-1,2.00,home
08-05-2025,Fiorentina,Betis,,2-1,2.35,home
08-05-2025,Racing Montevideo (Uru),Huracan (Arg),,1-3,1.95,away
08-05-2025,GV San Jose (Bol),Fluminense (Bra),,1-0,2.25,home
08-05-2025,Barcelona SC (Ecu),River Plate (Arg),,2-3,1.95,away
08-05-2025,Atl. Nacional (Col),Internacional (Bra),,3-1,2.30,home
08-05-2025,Necaxa,Tigres UANL,,0-0,3.30,draw
08-05-2025,U. de Deportes (Per),Ind. del Valle (Ecu),,1-1,1.30,draw
08-05-2025,Club Leon,Cruz Azul,,2-3,1.35,away
08-05-2025,Ceramica Cleopatra,Zamalek,,2-2,1.25,draw
08-05-2025,Nea Salamis,Anorthosis,,2-4,2.00,away
08-05-2025,Motor Lublin,Piast Gliwice,,1-4,1.40,away
08-05-2025,Pharco,Petrojet,,2-2,2.70,draw
08-05-2025,Sturm Graz,Salzburg,,4-2,1.30,home
07-05-2025,Apollon,Pafos,,0-2,2.50,away
07-05-2025,AEK Larnaca,Omonia,,2-1,1.35,home
07-05-2025,Silkeborg,Brondby,,2-1,2.25,home
07-05-2025,Vojvodina,TSC,,2-0,2.15,home
07-05-2025,Maribor,Celje,,1-1,1.45,draw
07-05-2025,El Ismaily,Enppi,,0-1,2.60,away
07-05-2025,Al Nassr,Al Ittihad,,2-3,1.75,away
07-05-2025,Glentoran,Cliftonville,,0-2,2.15,away
07-05-2025,PSG,Arsenal,,2-1,1.25,home
07-05-2025,Cerro Largo (Uru),U. Catolica (Ecu),,1-3,3.20,away
07-05-2025,Dep. Tachira (Ven),LDU Quito (Ecu),,2-3,1.35,away
07-05-2025,U. De Chile (Chi),Estudiantes L.P. (Arg),,0-3,1.35,away
07-05-2025,Mushuc Runa (Ecu),Cruzeiro (Bra),,1-1,1.30,draw
07-05-2025,Monterrey,Toluca,,3-2,2.25,home
07-05-2025,Sporting Cristal (Per),Bolivar (Bol),,2-1,2.00,home
07-05-2025,Pachuca,Club America,,0-0,3.30,draw
06-05-2025,Septemvri Sofia,Slavia Sofia,,3-1,1.35,home
06-05-2025,Vasteras SK,Kalmar,,2-2,1.45,draw
06-05-2025,Partick Thistle,Ayr,,0-1,3.20,away
06-05-2025,Queen of South,Cove Rangers,,0-0,3.40,draw
06-05-2025,Stenhousemuir,Airdrieonians,,1-3,2.15,away
06-05-2025,Edinburgh City,East Fife,,1-0,3.30,home
06-05-2025,Elgin City,Annan,,2-4,2.25,away
06-05-2025,Inter,Barcelona,,3-3,1.25,draw
06-05-2025,Sp. Luqueno (Par),Godoy Cruz (Arg),,0-1,1.30,away
06-05-2025,Alianza Lima (Per),Sao Paulo (Bra),,0-2,1.30,away
06-05-2025,Bucaramanga (Col),Racing Club (Arg),,0-4,1.30,away
06-05-2025,CRB,Cuiaba,,1-1,3.00,draw
06-05-2025,Athletic Club,Vila Nova FC,,0-1,2.30,away
06-05-2025,Fortaleza (Bra),Colo Colo (Chi),,4-0,1.95,home
06-05-2025,FBC Melgar (Per),Lanus (Arg),,0-1,3.10,away
06-05-2025,SA Bulo Bulo (Bol),Penarol (Uru),,0-3,1.95,away
05-05-2025,Gateshead,Southend,,0-0,1.40,draw
05-05-2025,Hartlepool,Forest Green,,1-1,2.25,draw
05-05-2025,Solihull Moors,Dag & Red,,1-1,1.70,draw
05-05-2025,Sutton,Woking,,1-1,1.25,draw
05-05-2025,Wealdstone,FC Halifax,,3-1,1.85,home
05-05-2025,UTA Arad,Petrolul,,2-0,1.25,home
05-05-2025,Krylya Sovetov,Dynamo Moscow,,1-3,1.25,away
05-05-2025,Penafiel,Torreense,,0-1,2.25,away
05-05-2025,Kasimpasa,Trabzonspor,,1-1,2.25,draw
05-05-2025,Sonderjyske,Aalborg,,2-2,1.30,draw
05-05-2025,Orebro,Trelleborg,,0-0,2.50,draw
05-05-2025,Korona Kielce,GKS Katowice,,2-1,2.10,home
05-05-2025,Crystal Palace,Nottingham,,1-1,1.30,draw
05-05-2025,Girona,Mallorca,,1-0,2.00,home
05-05-2025,AFS,Boavista,,1-2,2.30,away
05-05-2025,Juventude,Atletico-MG,,0-1,2.40,away
04-05-2025,Brighton,Newcastle,,1-1,2.30,draw
04-05-2025,West Ham,Tottenham,,1-1,2.20,draw
04-05-2025,Nantes,Angers,,0-1,1.90,away
04-05-2025,Racing Club Ferrol,Zaragoza,,1-2,1.25,away
04-05-2025,Aue,Ingolstadt,,1-0,1.25,home
04-05-2025,Rio Ave,Estrela,,2-0,1.40,home
04-05-2025,Auxerre,Le Havre,,1-2,3.40,away
04-05-2025,Chelsea,Liverpool,,3-1,2.15,home
04-05-2025,Freiburg,Bayer Leverkusen,,2-2,2.20,draw
04-05-2025,Espanyol,Betis,,1-2,1.30,away
04-05-2025,Arouca,Casa Pia,,0-0,1.95,draw
04-05-2025,Mainz,Eintracht Frankfurt,,1-1,2.90,draw
04-05-2025,Bologna,Juventus,,1-1,3.00,draw
04-05-2025,Lille,Marseille,,1-1,1.55,draw
04-05-2025,Real Sociedad,Ath Bilbao,,0-0,2.30,draw
04-05-2025,Dep. La Coruna,Albacete,,5-1,1.30,home
03-05-2025,Leicester,Southampton,,2-0,3.50,home
03-05-2025,Bolton,Stevenage,,1-1,2.05,draw
03-05-2025,Lincoln,Wrexham,,0-2,2.80,away
03-05-2025,Northampton,Wigan,,1-1,2.50,draw
03-05-2025,Rotherham,Peterborough,,2-1,2.00,home
03-05-2025,Shrewsbury,Crawley,,1-2,1.25,away
03-05-2025,Wycombe,Stockport County,,1-3,2.25,away
03-05-2025,Huesca,R. Oviedo,,1-2,2.65,away
03-05-2025,SC Farense,Famalicao,,2-1,3.20,home
03-05-2025,Strasbourg,PSG,,2-1,2.40,home
03-05-2025,Arsenal,Bournemouth,,1-2,1.20,away
03-05-2025,Las Palmas,Valencia,,2-3,1.45,away
03-05-2025,Eibar,Mirandes,,0-1,1.30,away
03-05-2025,Malaga,Granada CF,,1-0,2.35,home
03-05-2025,Toulouse,Rennes,,2-1,1.65,home
03-05-2025,Burgos CF,Elche,,0-1,1.30,away
02-05-2025,Schalke,Paderborn,,0-2,1.90,away
02-05-2025,VfL Osnabruck,Viktoria Koln,,2-0,2.00,home
02-05-2025,De Graafschap,Telstar,,2-1,1.40,home
02-05-2025,Den Bosch,Helmond,,1-0,2.00,home
02-05-2025,Den Haag,Cambuur,,3-4,2.30,away
02-05-2025,Oss,Vitesse,,2-2,1.95,draw
02-05-2025,Amiens,Pau FC,,4-2,1.50,home
02-05-2025,Caen,Red Star,,1-1,1.40,draw
02-05-2025,Clermont,Annecy,,3-2,2.35,home
02-05-2025,Grenoble,Troyes,,3-1,2.30,home
02-05-2025,Heidenheim,Bochum,,0-0,1.40,draw
02-05-2025,Cordoba,Cadiz CF,,4-2,1.90,home
02-05-2025,Airdrieonians,Ayr,,0-1,2.00,away
02-05-2025,Morton,Dunfermline,,2-0,2.50,home
02-05-2025,Torino,Venezia,,1-1,1.30,draw
02-05-2025,Rayo Vallecano,Getafe,,1-0,1.30,home
01-05-2025,Cittadella,Brescia,,0-1,3.00,away
01-05-2025,Al Masry,Zamalek,,0-0,1.30,draw
01-05-2025,Al Fateh,Al Shabab,,3-1,2.45,home
01-05-2025,Nottingham,Brentford,,0-2,2.15,away
01-05-2025,Operario-PR,Vasco,,1-1,1.35,draw
01-05-2025,Envigado,Once Caldas,,1-2,3.00,away
01-05-2025,Ath Bilbao,Manchester Utd,,0-3,1.30,away
01-05-2025,Criciuma,Bragantino,,1-0,2.45,home
01-05-2025,Wellington Phoenix,Perth Glory,,1-2,2.20,away
01-05-2025,Central Coast Mariners,Brisbane Roar,,1-2,2.25,away
01-05-2025,Pohang,Gimcheon Sangmu,,1-2,3.30,away
01-05-2025,Ulsan HD,Gwangju FC,,3-0,1.25,home
01-05-2025,Pogon Szczecin,Legia,,3-4,2.25,away
01-05-2025,Poli Iasi,Sepsi Sf. Gheorghe,,0-0,2.50,draw
01-05-2025,Al Ettifaq,Al Khaleej,,2-1,1.30,home
01-05-2025,Al Fayha,Damac,,2-1,1.25,home
30-04-2025,Lokomotiv Moscow,FK Rostov,,0-2,3.30,away
30-04-2025,Omonia,AEK Larnaca,,0-0,1.45,draw
30-04-2025,Koper,Celje,,1-1,2.20,draw
30-04-2025,Blackpool,Birmingham,,0-2,1.95,away
30-04-2025,Mansfield,Peterborough,,4-2,2.10,home
30-04-2025,Worthing,Maidstone,,0-2,1.25,away
30-04-2025,Kettering,Harborough,,1-0,1.25,home
30-04-2025,AFC Telford,Halesowen,,3-2,1.25,home
30-04-2025,Walton & Hersham,Gloucester,,2-3,2.10,away
30-04-2025,Billericay,Dover,,1-2,2.90,away
30-04-2025,Guabira,Universitario de Vinto,,2-0,1.95,home
30-04-2025,Ceara,Palmeiras,,0-1,1.25,away
30-04-2025,Llaneros,Santa Fe,,0-1,3.00,away
30-04-2025,Deportes Iquique,Copiapo,,3-2,1.95,home
30-04-2025,Novorizontino,Corinthians,,0-1,1.30,away
30-04-2025,Cruz Azul,Tigres UANL,,1-0,1.95,home
29-04-2025,Hodd,Ranheim,,0-1,2.50,away
29-04-2025,Falkenberg,Orebro,,2-1,1.85,home
29-04-2025,Burton,Wigan,,1-1,3.00,draw
29-04-2025,Solihull Moors,Rochdale,,0-1,2.20,away
29-04-2025,Arsenal,PSG,,0-1,2.15,away
29-04-2025,Newells Old Boys,Huracan,,2-0,2.80,home
29-04-2025,Platense,Talleres Cordoba,,2-1,2.80,home
29-04-2025,Omonia,AEK Larnaca,,0-0,1.45,draw
29-04-2025,Blackpool,Birmingham,,0-2,1.95,away
29-04-2025,Mansfield,Peterborough,,4-2,2.10,home
29-04-2025,Worthing,Maidstone,,0-2,1.25,away
29-04-2025,Kettering,Harborough,,1-0,1.25,home
29-04-2025,AFC Telford,Halesowen,,3-2,1.25,home
29-04-2025,Dartford,Cray Valley,,4-3,1.85,home
29-04-2025,Ceara,Palmeiras,,0-1,1.25,away
29-04-2025,Novorizontino,Corinthians,,0-1,1.30,away
28-04-2025,Chaves,Alverca,,0-2,1.30,away
28-04-2025,Goztepe,Basaksehir,,4-1,1.35,home
28-04-2025,Aalborg,Vejle,,0-1,2.30,away
28-04-2025,Raufoss,Egersund,,0-1,2.25,away
28-04-2025,Utsikten,Vasteras SK,,2-2,1.85,draw
28-04-2025,Goteborg,GAIS,,1-1,1.35,draw
28-04-2025,Jong Ajax,Helmond,,1-0,2.15,home
28-04-2025,Jong AZ,Den Bosch,,0-0,2.30,draw
28-04-2025,Jong PSV,Eindhoven FC,,0-2,1.85,away
28-04-2025,Din. Bucuresti,CFR Cluj,,1-1,1.80,draw
28-04-2025,Barracas Central,Union de Santa Fe,,2-1,1.50,home
28-04-2025,Verona,Cagliari,,0-2,2.60,away
28-04-2025,Casa Pia,Estoril,,1-3,1.35,away
28-04-2025,Godoy Cruz,Atl. Tucuman,,1-0,1.50,home
28-04-2025,Defensa y Justicia,Racing Club,,1-2,2.10,away
28-04-2025,Botafogo SP,Goias,,0-1,3.00,away
27-04-2025,Stevenage,Rotherham,,1-1,3.00,draw
27-04-2025,Bochum,Union Berlin,,1-1,2.25,draw
27-04-2025,Aarhus,FC Copenhagen,,1-3,1.40,away
27-04-2025,AIK,Elfsborg,,2-0,3.50,home
27-04-2025,Alemannia Aachen,VfL Osnabruck,,1-0,1.35,home
27-04-2025,Moreirense,Nacional,,1-1,1.25,draw
27-04-2025,Varnamo,Norrkoping,,1-3,2.80,away
27-04-2025,Almere City,G.A. Eagles,,0-0,2.60,draw
27-04-2025,Haugesund,Fredrikstad,,0-0,1.90,draw
27-04-2025,Kristiansund,Valerenga,,0-2,1.95,away
27-04-2025,Sarpsborg 08,Stromsgodset,,2-3,1.75,away
27-04-2025,Nantes,Toulouse,,0-0,1.55,draw
27-04-2025,Kayserispor,Rizespor,,1-0,2.35,home
27-04-2025,Midtjylland,Nordsjaelland,,5-0,1.25,home
27-04-2025,Malaga,Castellon,,1-0,3.20,home
27-04-2025,Tenerife,Eibar,,1-1,1.30,draw
26-04-2025,Cardiff,West Brom,,0-0,1.35,draw
26-04-2025,Hull,Derby,,0-1,1.35,away
26-04-2025,Millwall,Swansea,,1-0,2.20,home
26-04-2025,Oxford Utd,Sunderland,,2-0,1.40,home
26-04-2025,Sheffield Wed,Portsmouth,,1-1,2.00,draw
26-04-2025,Leuven,St. Liege,,1-1,2.05,draw
26-04-2025,Jaro,KTP,,2-3,2.00,away
26-04-2025,Eldense,Cordoba,,1-1,2.50,draw
26-04-2025,R. Oviedo,Levante,,1-0,1.30,home
26-04-2025,Santa Clara,Arouca,,2-0,1.85,home
26-04-2025,Crystal Palace,Aston Villa,,3-0,2.15,home
26-04-2025,Westerlo,KV Mechelen,,2-2,2.40,draw
26-04-2025,Eintracht Frankfurt,RB Leipzig,,4-0,2.15,home
26-04-2025,Granada CF,Elche,,1-1,2.45,draw
26-04-2025,Gil Vicente,SC Farense,,1-0,1.30,home
26-04-2025,Barcelona,Real Madrid,,2-2,1.25,draw
25-04-2025,Greuther Furth,Ulm,,0-1,2.00,away
25-04-2025,Hansa Rostock,Munich 1860,,1-0,2.20,home
25-04-2025,Hertha Berlin,Magdeburg,,1-1,2.90,draw
25-04-2025,Pacos Ferreira,Leiria,,2-3,1.40,away
25-04-2025,Randers FC,Brondby,,0-0,2.15,draw
25-04-2025,Horsens,Kolding IF,,2-3,2.30,away
25-04-2025,Annecy,AC Ajaccio,,2-0,1.30,home
25-04-2025,Troyes,Dunkerque,,1-0,3.20,home
25-04-2025,Sepsi Sf. Gheorghe,Otelul,,0-3,1.30,away
25-04-2025,Cesena,Sassuolo,,0-2,1.35,away
25-04-2025,Cadiz CF,Gijon,,1-0,3.10,home
25-04-2025,Bohemians,St. Patricks,,2-1,2.30,home
25-04-2025,Galway,Drogheda,,2-1,1.25,home
25-04-2025,Wexford,UC Dublin,,0-1,1.40,away
25-04-2025,Stoke,Sheffield Utd,,0-2,2.40,away
25-04-2025,Famalicao,Braga,,1-1,2.15,draw
24-04-2025,Sp. Subotica,Napredak,,2-1,1.25,home
24-04-2025,Celje,O. Ljubljana,,2-1,2.15,home
24-04-2025,Al Orubah,Al Fayha,,2-2,3.30,draw
24-04-2025,Leganes,Girona,,1-1,1.35,draw
24-04-2025,Osasuna,Sevilla,,1-0,1.40,home
24-04-2025,GAIS,Brommapojkarna,,1-1,2.15,draw
24-04-2025,Norrkoping,Goteborg,,2-3,2.30,away
24-04-2025,Varnamo,AIK,,1-2,2.30,away
24-04-2025,Vestmannaeyjar,Fram,,3-1,2.40,home
24-04-2025,Trabzonspor,Goztepe,,2-0,2.00,home
24-04-2025,Roda,Den Haag,,1-1,2.15,draw
24-04-2025,Godoy Cruz (Arg),Gremio (Bra),,2-2,2.90,draw
24-04-2025,Bolivar (Bol),Palmeiras (Bra),,2-3,1.25,away
24-04-2025,Palestino (Chi),Cruzeiro (Bra),,2-1,1.35,home
24-04-2025,Novorizontino,Athletico-PR,,2-1,1.30,home
24-04-2025,Vancouver Whitecaps,Inter Miami,,2-0,3.50,home
23-04-2025,Panserraikos,Panetolikos,,1-1,1.35,draw
23-04-2025,Al Riyadh,Al Fateh,,2-2,1.95,draw
23-04-2025,Al Kholood,Al Okhdood,,0-1,3.40,away
23-04-2025,Cagliari,Fiorentina,,1-2,1.40,away
23-04-2025,Genoa,Lazio,,0-2,1.35,away
23-04-2025,Torino,Udinese,,2-0,1.35,home
23-04-2025,FC Hermannstadt,FC Rapid Bucuresti,,2-1,2.95,home
23-04-2025,BW Linz,SK Rapid,,2-1,1.85,home
23-04-2025,Celta Vigo,Villarreal,,3-0,1.50,home
23-04-2025,Hammarby,Malmo FF,,2-0,2.40,home
23-04-2025,Sparta Prague,Plzen,,1-0,2.00,home
23-04-2025,Groningen,Heracles,,4-1,3.10,home
23-04-2025,Antwerp,Genk,,1-1,2.05,draw
23-04-2025,Austria Vienna,Sturm Graz,,2-1,3.30,home
23-04-2025,Inter,AC Milan,,0-3,3.30,away
23-04-2025,Alaves,Real Sociedad,,1-0,1.60,home
22-04-2025,Esbjerg,Fredericia,,0-2,2.00,away
22-04-2025,Grazer AK,Hartberg,,0-3,1.35,away
22-04-2025,Tirol,Altach,,1-0,2.20,home
22-04-2025,Nordsjaelland,Midtjylland,,3-2,1.30,home
22-04-2025,Helsingborg,Vasteras SK,,2-0,3.30,home
22-04-2025,APOEL,Aris,,2-1,3.50,home
22-04-2025,Stal Mielec,Gornik Zabrze,,0-0,1.45,draw
22-04-2025,Dender,Charleroi,,2-1,2.25,home
22-04-2025,St. Liege,Leuven,,0-1,1.30,away
22-04-2025,Carabobo (Ven),U. De Chile (Chi),,1-1,1.25,draw
22-04-2025,LDU Quito (Ecu),Flamengo RJ (Bra),,0-0,2.35,draw
22-04-2025,Alianza Lima (Per),Talleres Cordoba (Arg),,3-2,2.90,home
22-04-2025,Volta Redonda,Ferroviaria,,0-0,3.05,draw
22-04-2025,GV San Jose (Bol),Once Caldas (Col),,2-3,2.10,away
22-04-2025,Vasco (Bra),Lanus (Arg),,0-0,1.30,draw
22-04-2025,Colo Colo (Chi),Racing Club (Arg),,1-1,2.45,draw
21-04-2025,Cardiff,Oxford Utd,,1-1,1.90,draw
21-04-2025,Luton,Bristol City,,3-1,2.40,home
21-04-2025,Millwall,Norwich,,3-1,2.25,home
21-04-2025,Portsmouth,Watford,,1-0,1.95,home
21-04-2025,QPR,Swansea,,1-2,1.45,away
21-04-2025,Sheffield Wed,Middlesbrough,,2-1,2.10,home
21-04-2025,Barnsley,Peterborough,,1-1,1.25,draw
21-04-2025,Blackpool,Wrexham,,1-2,1.30,away
21-04-2025,Bristol Rovers,Stevenage,,0-1,2.50,away
21-04-2025,Cambridge Utd,Leyton Orient,,1-2,1.90,away
21-04-2025,Crawley,Exeter,,3-1,1.25,home
21-04-2025,Lausanne,Lugano,,2-0,2.50,home
21-04-2025,Stromsgodset,Brann,,1-2,3.70,away
21-04-2025,Alanyaspor,Samsunspor,,1-0,1.40,home
21-04-2025,Tottenham,Nottingham,,1-2,2.55,away
21-04-2025,Girona,Betis,,1-3,1.45,away
20-04-2025,Fulham,Chelsea,,1-2,2.80,away
20-04-2025,Manchester Utd,Wolves,,0-1,1.50,away
20-04-2025,Empoli,Venezia,,2-2,1.30,draw
20-04-2025,Sundsvall,Landskrona,,1-2,3.40,away
20-04-2025,Trelleborg,Brage,,0-1,3.20,away
20-04-2025,Augsburg,Eintracht Frankfurt,,0-0,1.30,draw
20-04-2025,Genk,Royale Union SG,,1-2,2.40,away
20-04-2025,Cordoba,R. Oviedo,,0-0,3.20,draw
20-04-2025,Goteborg,Hacken,,2-3,2.20,away
20-04-2025,Brest,Lens,,1-3,2.40,away
20-04-2025,Reims,Toulouse,,1-0,1.60,home
20-04-2025,Bologna,Inter,,1-0,3.20,home
20-04-2025,Sevilla,Alaves,,1-1,2.00,draw
20-04-2025,AC Milan,Atalanta,,0-1,1.50,away
20-04-2025,Dep. La Coruna,Tenerife,,0-0,1.25,draw
20-04-2025,Tondela,Vizela,,0-1,2.80,away
19-04-2025,Brentford,Brighton,,4-2,3.60,home
19-04-2025,Crystal Palace,Bournemouth,,0-0,2.60,draw
19-04-2025,Leuven,Dender,,4-4,1.30,draw
19-04-2025,Huesca,Racing Santander,,1-3,1.40,away
19-04-2025,Vitesse,Roda,,3-0,2.50,home
19-04-2025,AFS,Casa Pia,,1-1,2.90,draw
19-04-2025,Nacional,Gil Vicente,,0-3,2.30,away
19-04-2025,Goztepe,Besiktas,,1-1,2.60,draw
19-04-2025,Charleroi,KV Mechelen,,3-0,1.35,home
19-04-2025,Aston Villa,Newcastle,,4-1,1.30,home
19-04-2025,Union Berlin,Stuttgart,,4-4,1.50,draw
19-04-2025,Oss,Dordrecht,,2-0,1.90,home
19-04-2025,Arouca,Estrela,,1-0,3.30,home
19-04-2025,Schalke,Hamburger SV,,2-2,2.00,draw
19-04-2025,St. Liege,Westerlo,,1-1,1.30,draw
19-04-2025,Burgos CF,Cadiz CF,,2-2,3.00,draw
18-04-2025,Blackburn,Millwall,,4-1,3.10,home
18-04-2025,Bristol City,Sunderland,,2-1,1.35,home
18-04-2025,Coventry,West Brom,,2-0,1.35,home
18-04-2025,Preston,QPR,,1-2,1.30,away
18-04-2025,Stoke,Sheffield Wed,,2-0,2.20,home
18-04-2025,Swansea,Hull,,1-0,1.35,home
18-04-2025,Bolton,Wycombe,,0-2,2.60,away
18-04-2025,Peterborough,Stockport County,,1-1,2.00,draw
18-04-2025,Reading,Lincoln,,0-1,2.25,away
18-04-2025,Rotherham,Mansfield,,3-3,2.80,draw
18-04-2025,Shrewsbury,Wigan,,0-1,1.30,away
18-04-2025,Stevenage,Blackpool,,1-3,2.50,away
18-04-2025,Rio Ave,Santa Clara,,1-1,3.10,draw
18-04-2025,Gijon,Mirandes,,3-1,3.00,home
18-04-2025,Espanyol,Getafe,,1-0,1.35,home
18-04-2025,Castellon,Almeria,,4-1,2.25,home
17-04-2025,Randers FC,Aarhus,,3-1,3.40,home
17-04-2025,Al Ettifaq,Al Riyadh,,1-0,1.25,home
17-04-2025,Midtjylland,FC Copenhagen,,4-2,2.40,home
17-04-2025,Bradford City,Notts Co,,1-1,2.20,draw
17-04-2025,Eintracht Frankfurt,Tottenham,,0-1,2.35,away
17-04-2025,La Guaira,Carabobo,,0-0,1.30,draw
17-04-2025,Botafogo SP,Remo,,2-2,3.00,draw
17-04-2025,Ferroviaria,Atletico GO,,2-0,1.50,home
17-04-2025,Cruzeiro,Bahia,,3-0,1.35,home
17-04-2025,Felgueiras,Leixoes,,4-0,1.25,home
17-04-2025,Leiria,Benfica B,,1-3,2.00,away
17-04-2025,Lok. Sofia,Botev Plovdiv,,1-1,3.10,draw
17-04-2025,Derby,Luton,,0-1,1.40,away
17-04-2025,Gateshead,York City,,1-3,2.20,away
17-04-2025,Exeter,Burton,,0-0,2.45,draw
17-04-2025,Portimonense,Pacos Ferreira,,2-0,2.75,home
16-04-2025,Banska Bystrica,Ruzomberok,,0-2,2.20,away
16-04-2025,Hvidovre IF,Fredericia,,0-0,1.25,draw
16-04-2025,Dynamo Moscow,CSKA Moscow,,0-0,3.40,draw
16-04-2025,Inter,Bayern Munich,,2-2,3.65,draw
16-04-2025,Guarani,de Mayo,,0-1,1.30,away
16-04-2025,Mirassol,Gremio,,4-1,1.35,home
16-04-2025,Sport Recife,Bragantino,,0-1,1.30,away
16-04-2025,Internacional,Palmeiras,,0-1,2.95,away
16-04-2025,Avai,Operario-PR,,1-0,2.00,home
16-04-2025,Atl. Tembetary,Olimpia Asuncion,,0-1,1.25,away
16-04-2025,Coritiba,Novorizontino,,0-0,2.80,draw
16-04-2025,Santos,Atletico-MG,,2-0,1.35,home
16-04-2025,Vitoria,Fortaleza,,2-1,2.45,home
16-04-2025,Monterrey,Club America,,1-0,2.60,home
16-04-2025,Queretaro,Atlas,,1-2,2.80,away
16-04-2025,Mazatlan FC,Club Tijuana,,0-2,2.00,away
15-04-2025,Trnava,Slovan Bratislava,,2-1,3.00,home
15-04-2025,Orebro,Helsingborg,,0-2,1.40,away
15-04-2025,Aston Villa,PSG,,3-2,2.05,home
15-04-2025,Alianza,Dep. Pasto,,1-0,1.30,home
15-04-2025,Sp. Luqueno,Sportivo Trinidense,,1-0,2.50,home
15-04-2025,Cuiaba,Athletico-PR,,2-1,1.45,home
15-04-2025,Zeledon,Guanacasteca,,3-0,1.90,home
15-04-2025,Platense,Rosario Central,,0-0,2.70,draw
15-04-2025,Pereira,Dep. Cali,,2-0,2.90,home
15-04-2025,Nacional Asuncion,Cerro Porteno,,1-3,1.30,away
15-04-2025,Aucas,U. Catolica,,2-1,3.10,home
15-04-2025,Ceara,Vasco,,2-1,1.30,home
15-04-2025,Pachuca,Tigres UANL,,0-0,1.90,draw
15-04-2025,Deportes Tolima,Junior,,0-0,1.90,draw
15-04-2025,Puntarenas FC,Saprissa,,1-2,1.25,away
15-04-2025,Juarez,Necaxa,,2-2,2.45,draw
14-04-2025,Netanya,Hapoel Haifa,,2-2,1.35,draw
14-04-2025,Sonderjyske,Vejle,,1-0,2.80,home
14-04-2025,Halmstad,Oster,,1-0,2.80,home
14-04-2025,Lechia Gdansk,Stal Mielec,,3-2,2.10,home
14-04-2025,AIK,Malmo FF,,0-0,1.35,draw
14-04-2025,Jong PSV,Maastricht,,3-2,2.00,home
14-04-2025,Huesca,Malaga,,1-0,1.25,home
14-04-2025,Aldosivi,Racing Club,,0-2,2.00,away
14-04-2025,Racing Montevideo,Liverpool M.,,1-1,3.00,draw
14-04-2025,Bournemouth,Fulham,,1-0,1.30,home
14-04-2025,Hull,Coventry,,1-1,1.40,draw
14-04-2025,Mafra,Penafiel,,4-2,2.40,home
14-04-2025,KR Reykjavik,Valur,,3-3,1.95,draw
14-04-2025,Central Cordoba,Huracan,,1-2,2.85,away
14-04-2025,Defensa y Justicia,Union de Santa Fe,,0-0,1.35,draw
14-04-2025,Godoy Cruz,Lanus,,0-0,2.20,draw
13-04-2025,Wolves,Tottenham,,4-2,2.20,home
13-04-2025,Verona,Genoa,,0-0,2.90,draw
13-04-2025,Cesena,Frosinone,,1-1,1.30,draw
13-04-2025,Triestina,Padova,,0-1,1.30,away
13-04-2025,St Etienne,Brest,,3-3,2.10,draw
13-04-2025,Aarhus,Midtjylland,,1-1,1.30,draw
13-04-2025,Luzern,Young Boys,,5-0,2.20,home
13-04-2025,Sion,Servette,,1-1,2.35,draw
13-04-2025,Venlo,Helmond,,4-1,2.70,home
13-04-2025,Le Havre,Rennes,,1-5,1.30,away
13-04-2025,Nordsjaelland,Randers FC,,5-2,1.30,home
13-04-2025,Betis,Villarreal,,1-2,1.40,away
13-04-2025,Eldense,Gijon,,1-2,2.20,away
13-04-2025,Mirandes,Dep. La Coruna,,2-2,1.75,draw
13-04-2025,Lazio,AS Roma,,1-1,3.20,draw
13-04-2025,Auxerre,Lyon,,1-3,2.00,away
12-04-2025,Nottingham,Everton,,0-1,1.30,away
12-04-2025,Cardiff,Stoke,,0-1,2.25,away
12-04-2025,Millwall,Middlesbrough,,1-0,2.80,home
12-04-2025,Portsmouth,Derby,,2-2,3.00,draw
12-04-2025,QPR,Bristol City,,1-1,3.20,draw
12-04-2025,Zaragoza,Eibar,,2-2,2.90,draw
12-04-2025,Boavista,Nacional,,0-1,3.00,away
12-04-2025,Famalicao,Estoril,,3-0,1.25,home
12-04-2025,Monaco,Marseille,,3-0,2.00,home
12-04-2025,Cadiz CF,Elche,,0-1,2.90,away
12-04-2025,Tenerife,Burgos CF,,0-0,1.25,draw
12-04-2025,Toulouse,Lille,,1-2,1.40,away
12-04-2025,Modena,Sassuolo,,1-3,1.35,away
12-04-2025,Kaiserslautern,Nurnberg,,1-2,1.80,away
12-04-2025,Zurich,Basel,,0-4,3.60,away
12-04-2025,Strasbourg,Nice,,2-2,1.40,draw
11-04-2025,Greuther Furth,FC Koln,,1-1,2.05,draw
11-04-2025,Wehen,Saarbrucken,,1-1,2.20,draw
11-04-2025,Feirense,Leiria,,2-1,3.10,home
11-04-2025,Aalborg,Lyngby,,2-2,1.30,draw
11-04-2025,Roda,FC Emmen,,1-0,2.60,home
11-04-2025,Telstar,Den Haag,,1-1,2.15,draw
11-04-2025,Amiens,Dunkerque,,1-0,1.90,home
11-04-2025,Pau FC,Clermont,,2-2,1.30,draw
11-04-2025,Red Star,Annecy,,0-1,1.30,away
11-04-2025,Wolfsburg,RB Leipzig,,2-3,1.25,away
11-04-2025,Bari,Palermo,,2-1,3.10,home
11-04-2025,Cordoba,Levante,,2-2,1.55,draw
11-04-2025,Udinese,AC Milan,,0-4,1.90,away
11-04-2025,Westerlo,Charleroi,,2-2,3.45,draw
11-04-2025,Valencia,Sevilla,,1-0,1.30,home
11-04-2025,Gil Vicente,Vitoria Guimaraes,,0-1,2.00,away
10-04-2025,Fredericia,Horsens,,5-1,1.35,home
10-04-2025,Bodo/Glimt,Lazio,,2-0,1.35,home
10-04-2025,El Ismaily,Al Ittihad,,0-0,2.70,draw
10-04-2025,Lyon,Manchester Utd,,2-2,3.40,draw
10-04-2025,Rangers,Ath Bilbao,,0-0,2.20,draw
10-04-2025,Djurgarden,SK Rapid,,0-1,1.45,away
10-04-2025,Macara,Dep. Cuenca,,0-1,1.25,away
10-04-2025,Monagas,Rayo Zuliano,,3-2,1.70,home
10-04-2025,Defensa y Justicia (Arg),Vitoria (Bra),,0-0,1.30,draw
10-04-2025,Sportivo Trinidense,Atl. Tembetary,,1-1,1.30,draw
10-04-2025,La Equidad,Santa Fe,,2-1,2.10,home
10-04-2025,Manta,Tecnico U.,,2-1,2.05,home
10-04-2025,Colo Colo (Chi),Fortaleza (Bra),,Abn,1.75,abandoned
10-04-2025,Cuiaba,Avai,,2-2,2.10,draw
10-04-2025,FC Tokyo,Kashiwa Reysol,,1-1,3.10,draw
10-04-2025,Al Okhdood,Al Taawon,,1-1,2.10,draw
09-04-2025,Cherno More,CSKA Sofia,,0-0,2.85,draw
09-04-2025,Slovacko,Hradec Kralove,,1-5,2.30,away
09-04-2025,Orlando Pirates,MC Alger,,0-0,1.70,draw
09-04-2025,Cottbus,RW Essen,,0-1,2.10,away
09-04-2025,VfL Osnabruck,Hansa Rostock,,0-1,2.20,away
09-04-2025,Fredrikstad,Valerenga,,2-0,2.40,home
09-04-2025,Oxford Utd,QPR,,1-3,2.40,away
09-04-2025,Palestino (Chi),Union de Santa Fe (Arg),,2-0,1.40,home
09-04-2025,Nacional (Uru),Bahia (Bra),,0-1,3.10,away
09-04-2025,Olimpia Asuncion (Par),Velez Sarsfield (Arg),,0-4,3.00,away
09-04-2025,U. Espanola (Chi),Once Caldas (Col),,0-2,1.35,away
09-04-2025,UNAM Pumas,Vancouver Whitecaps,,2-2,1.25,draw
09-04-2025,Primorje,Bravo,,3-0,1.30,home
09-04-2025,Fredericia,Horsens,,5-1,1.35,home
09-04-2025,Bodo/Glimt,Lazio,,2-0,1.35,home
09-04-2025,El Ismaily,Al Ittihad,,0-0,2.70,draw
08-04-2025,Blackburn,Sheffield Wed,,2-2,1.45,draw
08-04-2025,Bristol City,West Brom,,2-1,2.35,home
08-04-2025,Norwich,Sunderland,,0-0,1.40,draw
08-04-2025,Preston,Cardiff,,2-2,2.80,draw
08-04-2025,Stoke,Luton,,1-1,3.10,draw
08-04-2025,Watford,Hull,,1-0,2.30,home
08-04-2025,Exeter,Wigan,,1-1,1.45,draw
08-04-2025,Huddersfield,Wycombe,,0-1,2.30,away
08-04-2025,Mansfield,Leyton Orient,,2-3,1.50,away
08-04-2025,Shrewsbury,Reading,,1-3,2.05,away
08-04-2025,Arsenal,Real Madrid,,3-0,1.35,home
08-04-2025,Bayern Munich,Inter,,1-2,2.15,away
08-04-2025,Caracas (Ven),Cienciano (Per),,2-2,2.10,draw
08-04-2025,Libertad Asuncion (Par),Talleres Cordoba (Arg),,2-0,2.60,home
08-04-2025,America De Cali (Col),Corinthians (Bra),,1-1,1.30,draw
08-04-2025,Cruz Azul,Club America,,2-1,3.20,home
07-04-2025,Atromitos,Asteras Tripolis,,0-1,1.25,away
07-04-2025,Omonia Aradippou,Nea Salamis,,0-2,1.45,away
07-04-2025,Cukaricki,IMT Novi Beograd,,0-2,1.25,away
07-04-2025,Novi Pazar,Radnicki Nis,,3-3,1.80,draw
07-04-2025,Kasimpasa,Besiktas,,1-1,1.25,draw
07-04-2025,Brondby,Aarhus,,2-1,2.20,home
07-04-2025,Brage,Falkenberg,,0-2,1.85,away
07-04-2025,Varberg,Orebro,,2-1,2.20,home
07-04-2025,Hapoel Hadera,Sakhnin,,0-1,3.05,away
07-04-2025,CFR Cluj,Univ. Craiova,,2-0,1.25,home
07-04-2025,Maccabi Haifa,H. Beer Sheva,,0-3,2.35,away
07-04-2025,SC Farense,Casa Pia,,0-0,1.35,draw
07-04-2025,Bologna,Napoli,,1-1,2.95,draw
07-04-2025,Dunkerque,Guingamp,,3-1,3.15,home
07-04-2025,Leganes,Osasuna,,1-1,2.95,draw
07-04-2025,Stjarnan,Hafnarfjordur,,2-1,2.15,home
06-04-2025,Brentford,Chelsea,,0-0,2.20,draw
06-04-2025,Empoli,Cagliari,,0-0,3.05,draw
06-04-2025,Catanzaro,Bari,,3-3,3.10,draw
06-04-2025,Palermo,Sassuolo,,5-3,2.60,home
06-04-2025,St. Pauli,B. Monchengladbach,,1-1,1.30,draw
06-04-2025,Sevilla,Atl. Madrid,,1-2,1.30,away
06-04-2025,Levante,Racing Santander,,3-1,1.85,home
06-04-2025,Sandhausen,Verl,,1-3,2.35,away
06-04-2025,Manchester Utd,Manchester City,,0-0,1.30,draw
06-04-2025,Union Berlin,Wolfsburg,,1-0,2.45,home
06-04-2025,Burgos CF,Huesca,,2-1,1.25,home
06-04-2025,Malaga,Cordoba,,0-1,3.05,away
06-04-2025,RW Essen,Hansa Rostock,,2-1,3.20,home
06-04-2025,AS Roma,Juventus,,1-1,1.40,draw
06-04-2025,Villarreal,Ath Bilbao,,0-0,2.20,draw
06-04-2025,Dep. La Coruna,Cadiz CF,,1-0,1.30,home
05-04-2025,Crystal Palace,Brighton,,2-1,2.40,home
05-04-2025,Ipswich,Wolves,,1-2,2.75,away
05-04-2025,West Ham,Bournemouth,,2-2,3.00,draw
05-04-2025,Millwall,Portsmouth,,2-1,1.35,home
05-04-2025,Preston,Stoke,,1-1,1.35,draw
05-04-2025,QPR,Cardiff,,0-0,2.35,draw
05-04-2025,Swansea,Derby,,1-0,1.25,home
05-04-2025,Eibar,R. Oviedo,,1-1,2.40,draw
05-04-2025,Aston Villa,Nottingham,,2-1,1.30,home
05-04-2025,Werder Bremen,Eintracht Frankfurt,,2-0,1.45,home
05-04-2025,Mallorca,Celta Vigo,,1-2,3.05,away
05-04-2025,Granada CF,Almeria,,3-1,3.20,home
05-04-2025,Arouca,Famalicao,,1-2,3.20,away
05-04-2025,Brest,Monaco,,2-1,1.95,home
05-04-2025,Gijon,Tenerife,,1-3,1.25,away
05-04-2025,Lyon,Lille,,2-1,2.20,home
04-04-2025,Stal Mielec,Cracovia,,1-1,2.45,draw
04-04-2025,Karlsruher SC,Hannover,,1-0,1.35,home
04-04-2025,Randers FC,Midtjylland,,2-1,2.35,home
04-04-2025,Petrolul,Sepsi Sf. Gheorghe,,2-1,1.35,home
04-04-2025,FC Emmen,Cambuur,,3-0,2.25,home
04-04-2025,AC Ajaccio,Amiens,,2-1,1.25,home
04-04-2025,Annecy,Bastia,,1-1,1.30,draw
04-04-2025,Laval,Grenoble,,1-2,2.25,away
04-04-2025,Reggiana,Cremonese,,1-2,1.25,away
04-04-2025,Widzew Lodz,Lechia Gdansk,,2-0,2.10,home
04-04-2025,Genoa,Udinese,,1-0,2.95,home
04-04-2025,Drogheda,Waterford,,2-0,2.00,home
04-04-2025,Galway,Shamrock Rovers,,0-1,1.30,away
04-04-2025,Athlone,Bray,,0-1,2.10,away
04-04-2025,Blackburn,Middlesbrough,,0-2,2.45,away
04-04-2025,AFS,Estoril,,0-3,2.45,away
03-04-2025,CFR Cluj,Univ. Craiova,,1-1,1.25,draw
03-04-2025,MTK Budapest,Fehervar FC,,4-2,1.50,home
03-04-2025,Luzern,St. Gallen,,1-1,2.30,draw
03-04-2025,Central Cordoba (Arg),LDU Quito (Ecu),,0-0,1.30,draw
03-04-2025,Bahia (Bra),Internacional (Bra),,1-1,3.10,draw
03-04-2025,Cerro Largo (Uru),Defensa y Justicia (Arg),,0-0,1.30,draw
03-04-2025,Brisbane Roar,Macarthur FC,,1-5,2.30,away
03-04-2025,Otelul,Poli Iasi,,1-0,2.00,home
03-04-2025,Al Kholood,Al Taawon,,0-2,2.40,away
03-04-2025,Stal Mielec,Cracovia,,1-1,2.45,draw
03-04-2025,Jihlava,Prostejov,,3-0,2.10,home
03-04-2025,Varazdin,Gorica,,0-0,1.25,draw
03-04-2025,Pari NN,Orenburg,,1-2,2.10,away
03-04-2025,Al Orubah,Al Okhdood,,0-1,3.30,away
03-04-2025,Randers FC,Midtjylland,,2-1,2.35,home
03-04-2025,AmaZulu,Richards Bay,,1-0,1.25,home
02-04-2025,Slovan Bratislava,Trnava,,2-1,1.25,home
02-04-2025,Aris,Pafos,,0-1,3.00,away
02-04-2025,LASK,Wolfsberger AC,,1-1,3.30,draw
02-04-2025,APOEL,AEK Larnaca,,0-1,2.05,away
02-04-2025,Maribor,Celje,,0-1,1.30,away
02-04-2025,AEK Athens FC,Olympiacos Piraeus,,2-0,1.80,home
02-04-2025,Fenerbahce,Galatasaray,,1-2,2.00,away
02-04-2025,Zurich,Lausanne,,2-2,2.15,draw
02-04-2025,Brighton,Aston Villa,,0-3,1.35,away
02-04-2025,Derby,Preston,,2-0,2.40,home
02-04-2025,Dunfermline,Livingston,,1-0,1.95,home
02-04-2025,Queen’s Park,Airdrieonians,,0-5,2.75,away
02-04-2025,Stuttgart,RB Leipzig,,3-1,1.30,home
02-04-2025,AC Milan,Inter,,1-1,1.30,draw
02-04-2025,Atl. Madrid,Barcelona,,0-1,1.45,away
02-04-2025,FBC Melgar (Per),Vasco (Bra),,3-3,2.15,draw
01-04-2025,Servette,Young Boys,,0-1,2.50,away
01-04-2025,Wolves,West Ham,,1-0,3.20,home
01-04-2025,Burton,Leyton Orient,,2-1,1.30,home
01-04-2025,Crawley,Peterborough,,3-4,1.25,away
01-04-2025,Lincoln,Huddersfield,,1-0,3.10,home
01-04-2025,Mansfield,Charlton,,1-2,1.30,away
01-04-2025,Northampton,Rotherham,,0-2,2.60,away
01-04-2025,Wigan,Bolton,,0-1,3.10,away
01-04-2025,Barrow,Salford,,1-1,1.30,draw
01-04-2025,Crewe,Grimsby,,2-0,1.40,home
01-04-2025,Gillingham,Colchester,,1-1,3.00,draw
01-04-2025,Newport,Bromley,,1-1,2.15,draw
01-04-2025,Port Vale,Bradford City,,2-0,3.00,home
01-04-2025,Swindon,AFC Wimbledon,,2-1,3.10,home
01-04-2025,Nottingham,Manchester Utd,,1-0,2.30,home
01-04-2025,Boavista,Gil Vicente,,1-3,1.25,away
31-03-2025,Verona,Parma,,0-0,3.00,draw
31-03-2025,Benfica B,Academico Viseu,,1-0,1.30,home
31-03-2025,Eyupspor,Basaksehir,,1-3,1.50,away
31-03-2025,Aalesund,Lillestrom,,2-2,2.40,draw
31-03-2025,Egersund,Mjondalen,,3-2,1.65,home
31-03-2025,Ranheim,Lyn,,0-3,3.50,away
31-03-2025,Varnamo,Sirius,,1-2,2.90,away
31-03-2025,GAIS,AIK,,0-1,2.60,away
31-03-2025,U. Cluj,CFR Cluj,,1-0,1.30,home
31-03-2025,H. Beer Sheva,Maccabi Tel Aviv,,1-3,3.25,away
31-03-2025,Jong PSV,Den Bosch,,2-4,2.60,away
31-03-2025,Lecco,Giana Erminio,,1-0,2.90,home
31-03-2025,Cadiz CF,Eibar,,0-0,2.90,draw
31-03-2025,UC Dublin,Bray,,0-1,1.20,away
31-03-2025,Mafra,Felgueiras,,1-0,1.50,home
31-03-2025,Bragantino,Ceara,,2-2,1.25,draw
30-03-2025,Fiorentina,Atalanta,,1-0,2.05,home
30-03-2025,Carrarese,Bari,,2-1,3.10,home
30-03-2025,Cesena,Juve Stabia,,1-2,1.30,away
30-03-2025,Ascoli,Vis Pesaro,,0-0,2.95,draw
30-03-2025,Ross County,Dundee Utd,,0-1,3.10,away
30-03-2025,Freiburg,Union Berlin,,1-2,2.00,away
30-03-2025,Salernitana,Palermo,,1-2,3.10,away
30-03-2025,Le Havre,Nantes,,3-2,2.40,home
30-03-2025,Bournemouth,Manchester City,,1-2,1.25,away
30-03-2025,Trento,AlbinoLeffe,,5-1,1.25,home
30-03-2025,Virtus Verona,Pro Patria,,0-1,1.30,away
30-03-2025,Valencia,Mallorca,,1-0,2.10,home
30-03-2025,Albacete,Mirandes,,3-2,3.00,home
30-03-2025,Huesca,Gijon,,3-2,1.30,home
30-03-2025,Lille,Lens,,1-0,2.00,home
30-03-2025,Betis,Sevilla,,2-1,1.20,home
29-03-2025,Cardiff,Sheffield Wed,,1-1,3.20,draw
29-03-2025,Norwich,West Brom,,1-0,2.20,home
29-03-2025,Portsmouth,Blackburn,,1-0,2.25,home
29-03-2025,Stoke,QPR,,3-1,2.30,home
29-03-2025,Racing Club Ferrol,Dep. La Coruna,,0-1,2.25,away
29-03-2025,Casa Pia,Rio Ave,,2-1,2.00,home
29-03-2025,St. Liege,KV Mechelen,,2-2,1.40,draw
29-03-2025,Eintracht Frankfurt,Stuttgart,,1-0,1.25,home
29-03-2025,Alaves,Rayo Vallecano,,0-2,1.25,away
29-03-2025,Besiktas,Galatasaray,,2-1,1.60,home
29-03-2025,Asteras Tripolis,Aris,,0-2,1.30,away
29-03-2025,FC Rapid Bucuresti,Univ. Craiova,,1-2,3.10,away
29-03-2025,Kaiserslautern,Dusseldorf,,3-1,1.25,home
29-03-2025,Lugano,Servette,,0-2,3.30,away
29-03-2025,Almeria,Levante,,1-0,1.95,home
29-03-2025,Nijmegen,AZ Alkmaar,,3-3,2.10,draw
28-03-2025,Ulm,Darmstadt,,2-1,3.20,home
28-03-2025,Konyaspor,Gaziantep,,1-0,1.35,home
28-03-2025,Verl,RW Essen,,3-0,2.10,home
28-03-2025,Aalborg,Viborg,,0-4,3.40,away
28-03-2025,Eindhoven FC,Helmond,,2-2,1.25,draw
28-03-2025,Maastricht,FC Emmen,,1-2,2.20,away
28-03-2025,Bastia,Dunkerque,,2-0,1.25,home
28-03-2025,Clermont,Amiens,,1-1,1.85,draw
28-03-2025,Martigues,AC Ajaccio,,2-0,1.30,home
28-03-2025,Red Star,Rodez,,1-1,1.30,draw
28-03-2025,Tenerife,Granada CF,,2-1,2.95,home
28-03-2025,Colchester,Grimsby,,1-2,3.00,away
28-03-2025,Strasbourg,Lyon,,4-2,1.25,home
28-03-2025,Bohemians,Galway,,0-2,2.20,away
28-03-2025,Cork City,Drogheda,,1-1,3.10,draw
28-03-2025,Sheffield Utd,Coventry,,3-1,2.05,home
27-03-2025,Danubio,Defensor Sp.,,1-1,3.00,draw
27-03-2025,Comerciantes Unidos,Grau,,2-2,1.40,draw
27-03-2025,Aldosivi,Union de Santa Fe,,2-1,2.85,home
27-03-2025,Leyton Orient,Stevenage,,1-0,3.10,home
27-03-2025,Barracas Central,Estudiantes L.P.,,2-1,2.10,home
27-03-2025,Wanderers,Progreso,,1-1,1.25,draw
27-03-2025,Santa Ana,Cartagines,,0-1,3.10,away
27-03-2025,Guarani,Sportivo Trinidense,,1-3,1.25,away
27-03-2025,Ind. Rivadavia,Racing Club,,2-1,1.40,home
27-03-2025,Miramar,CA Cerro,,1-1,2.85,draw
27-03-2025,Corinthians,Palmeiras,,0-0,1.30,draw
27-03-2025,Macarthur FC,Newcastle Jets,,3-3,1.25,draw
27-03-2025,Cerezo Osaka,Urawa Reds,,1-1,3.30,draw
27-03-2025,Wuhan Three Towns,Zhejiang Professional,,0-4,2.35,away
27-03-2025,Shenzhen Xinpengcheng,Yunnan Yukun,,3-4,3.10,away
27-03-2025,Antalyaspor,Alanyaspor,,2-1,3.05,home
26-03-2025,FK Sarajevo,Borac Banja Luka,,0-2,3.10,away
26-03-2025,Plaza Colonia,Boston River,,0-1,1.25,away
26-03-2025,Danubio,Defensor Sp.,,1-1,3.00,draw
26-03-2025,Comerciantes Unidos,Grau,,2-2,1.40,draw
26-03-2025,Aldosivi,Union de Santa Fe,,2-1,2.85,home
26-03-2025,Leyton Orient,Stevenage,,1-0,3.10,home
26-03-2025,Barracas Central,Estudiantes L.P.,,2-1,2.10,home
26-03-2025,Wanderers,Progreso,,1-1,1.25,draw
26-03-2025,Santa Ana,Cartagines,,0-1,3.10,away
26-03-2025,Ind. Rivadavia,Racing Club,,2-1,1.40,home
26-03-2025,Miramar,CA Cerro,,1-1,2.85,draw
26-03-2025,Corinthians,Palmeiras,,0-0,1.30,draw
26-03-2025,Macarthur FC,Newcastle Jets,,3-3,1.25,draw
26-03-2025,Cerezo Osaka,Urawa Reds,,1-1,3.30,draw
26-03-2025,Krylya Sovetov,Lokomotiv Moscow,,5-1,2.05,home
26-03-2025,Ulm,Darmstadt,,2-1,3.20,home
25-03-2025,Benin,South Africa,,0-2,1.25,away
25-03-2025,Uganda,Guinea,,1-0,1.30,home
25-03-2025,Moldova,Estonia,,2-3,1.25,away
25-03-2025,Kuwait,Oman,,0-1,1.25,away
25-03-2025,North Macedonia,Wales,,1-1,3.10,draw
25-03-2025,Boston Utd,Southend,,3-0,2.00,home
25-03-2025,Rochdale,York City,,0-4,3.20,away
25-03-2025,Wealdstone,Aldershot,,1-3,3.50,away
25-03-2025,Woking,FC Halifax,,0-0,2.60,draw
25-03-2025,Bolivia,Uruguay,,0-0,3.30,draw
25-03-2025,Mauritania,D.R. Congo,,0-2,2.70,away
25-03-2025,Martinique,Suriname,,0-1,1.35,away
25-03-2025,Cerro Largo,Montevideo City,,1-1,3.15,draw
25-03-2025,Argentina,Brazil,,4-1,3.10,home
25-03-2025,Chile,Ecuador,,0-0,2.90,draw
25-03-2025,Venezuela,Peru,,1-0,1.25,home
24-03-2025,Guinea Bissau,Burkina Faso,,1-2,2.70,away
24-03-2025,Lithuania,Finland,,2-2,1.25,draw
24-03-2025,Zaragoza,Cordoba,,1-1,1.25,draw
24-03-2025,Dep. Cali,America De Cali,,1-1,2.20,draw
24-03-2025,Indonesia,Bahrain,,1-0,1.30,home
24-03-2025,Benin,South Africa,,0-2,1.25,away
24-03-2025,Moldova,Estonia,,2-3,1.25,away
24-03-2025,Kuwait,Oman,,0-1,1.25,away
24-03-2025,Morton,Raith,,3-3,2.90,draw
24-03-2025,Boston Utd,Southend,,3-0,2.00,home
24-03-2025,Rochdale,York City,,0-4,3.20,away
24-03-2025,Wealdstone,Aldershot,,1-3,3.50,away
24-03-2025,Woking,FC Halifax,,0-0,2.60,draw
24-03-2025,North Macedonia,Wales,,1-1,3.10,draw
24-03-2025,Bolivia,Uruguay,,0-0,3.30,draw
24-03-2025,Argentina,Brazil,,4-1,3.10,home
23-03-2025,Eibar,Huesca,,2-1,1.20,home
23-03-2025,Gijon,Albacete,,0-2,1.25,away
23-03-2025,Virtus Verona,Lecco,,1-1,1.50,draw
23-03-2025,Pineto,Spal,,3-2,3.10,home
23-03-2025,Marbella,Alcoyano,,0-2,1.30,away
23-03-2025,Tenerife,Cadiz CF,,2-1,3.10,home
23-03-2025,Fuenlabrada,Sevilla FC B,,0-1,2.85,away
23-03-2025,Progreso,River Plate,,2-1,2.45,home
23-03-2025,Vitoria,Bahia,,1-1,2.95,draw
23-03-2025,Austin FC,San Diego FC,,2-1,2.00,home
23-03-2025,2 de Mayo,Cerro Porteno,,1-1,2.00,draw
23-03-2025,Alianza,Bucaramanga,,1-2,2.80,away
23-03-2025,CA Cerro,Danubio,,1-1,2.90,draw
23-03-2025,Sp. Luqueno,Guarani,,0-1,2.95,away
23-03-2025,Atl. Nacional,Ind. Medellin,,1-1,1.60,draw
23-03-2025,Wanderers,Miramar,,1-2,1.25,away
22-03-2025,Crawley,Bristol Rovers,,1-0,2.05,home
22-03-2025,Northampton,Blackpool,,0-2,3.20,away
22-03-2025,Peterborough,Charlton,,3-0,3.25,home
22-03-2025,Wrexham,Stockport County,,1-0,1.35,home
22-03-2025,Legnago Salus,Lucchese,,1-1,2.05,draw
22-03-2025,Pontedera,Ascoli,,1-1,1.35,draw
22-03-2025,Mirandes,Racing Santander,,2-1,1.30,home
22-03-2025,Chico,Dep. Pasto,,0-0,2.55,draw
22-03-2025,Boston River,Racing Montevideo,,1-3,1.35,away
22-03-2025,Granada CF,R. Oviedo,,1-0,2.95,home
22-03-2025,Venlo,Eindhoven FC,,2-2,2.30,draw
22-03-2025,Minnesota United,Los Angeles Galaxy,,2-2,2.00,draw
22-03-2025,Pereira,Once Caldas,,1-1,1.30,draw
22-03-2025,Philadelphia Union,St. Louis City,,1-0,3.50,home
22-03-2025,Sporting Kansas City,Los Angeles FC,,0-2,2.60,away
22-03-2025,Santa Fe,Millonarios,,3-2,1.30,home
21-03-2025,Boulogne,Nimes,,2-1,1.25,home
21-03-2025,Bourg en Bresse,Orleans,,0-0,2.95,draw
21-03-2025,Chateauroux,Versailles,,2-2,1.95,draw
21-03-2025,Dijon,Valenciennes,,2-1,1.40,home
21-03-2025,Sochaux,Rouen,,2-1,1.30,home
21-03-2025,Partick Thistle,Raith,,0-0,2.30,draw
21-03-2025,Finn Harps,Bray,,5-0,2.95,home
21-03-2025,UC Dublin,Treaty United,,0-0,2.75,draw
21-03-2025,Caernarfon,Bala,,5-0,2.20,home
21-03-2025,Haverfordwest,Penybont,,1-2,2.90,away
21-03-2025,Andorra,Latvia,,0-1,1.20,away
21-03-2025,Northern Ireland,Switzerland,,1-1,1.90,draw
21-03-2025,Aberystwyth,Briton Ferry,,0-1,1.25,away
21-03-2025,U. Espanola,A. Italiano,,0-0,3.25,draw
21-03-2025,Huachipato,O’Higgins,,2-1,1.40,home
21-03-2025,Uruguay,Argentina,,0-1,3.85,away
20-03-2025,Sierra Leone,Guinea Bissau,,3-1,1.30,home
20-03-2025,Zimbabwe,Benin,,2-2,2.90,draw
20-03-2025,Malawi,Namibia,,0-1,2.55,away
20-03-2025,Armenia,Georgia,,0-3,1.25,away
20-03-2025,Libya,Angola,,1-1,1.40,draw
20-03-2025,Gambia,Kenya,,3-3,1.35,draw
20-03-2025,Croatia,France,,2-0,2.10,home
20-03-2025,Denmark,Portugal,,1-0,3.25,home
20-03-2025,Italy,Germany,,1-2,3.20,away
20-03-2025,Netherlands,Spain,,2-2,3.30,draw
20-03-2025,Greece,Scotland,,0-1,1.95,away
20-03-2025,Bulgaria,Ireland,,1-2,2.95,away
20-03-2025,Kosovo,Iceland,,2-1,2.15,home
20-03-2025,Slovakia,Slovenia,,0-0,1.30,draw
20-03-2025,Rwanda,Nigeria,,0-2,1.95,away
20-03-2025,Andorra,Latvia,,0-1,1.20,away
19-03-2025,Central Africa,Madagascar,,1-4,2.75,away
19-03-2025,Santa Fe,Bucaramanga,,1-1,1.20,draw
19-03-2025,Vitoria,Sport Recife,,1-0,2.95,home
19-03-2025,Mozambique,Uganda,,3-1,2.80,home
19-03-2025,Sierra Leone,Guinea Bissau,,3-1,1.30,home
19-03-2025,Zimbabwe,Benin,,2-2,2.90,draw
19-03-2025,Malawi,Namibia,,0-1,2.55,away
19-03-2025,Armenia,Georgia,,0-3,1.25,away
19-03-2025,Libya,Angola,,1-1,1.40,draw
19-03-2025,Gambia,Kenya,,3-3,1.35,draw
19-03-2025,Croatia,France,,2-0,2.10,home
19-03-2025,Denmark,Portugal,,1-0,3.25,home
19-03-2025,Italy,Germany,,1-2,3.20,away
19-03-2025,Netherlands,Spain,,2-2,3.30,draw
19-03-2025,Bulgaria,Ireland,,1-2,1.30,away
19-03-2025,Union de Santa Fe,Racing Club,,0-1,3.05,away
18-03-2025,Rotherham,Wycombe,,2-3,1.30,away
18-03-2025,Maidenhead,Aldershot,,0-1,1.35,away
18-03-2025,Welling,Hemel Hempstead,,1-2,2.60,away
18-03-2025,St. Albans,Hampton & Richmond,,2-1,2.10,home
18-03-2025,Kidderminster,Scunthorpe,,1-0,1.30,home
18-03-2025,Alfreton,Darlington,,1-1,1.30,draw
18-03-2025,Glentoran,Larne,,2-2,2.30,draw
18-03-2025,Armenia,Georgia,,0-3,2.00,away
18-03-2025,Croatia,France,,2-0,2.10,home
18-03-2025,Denmark,Portugal,,1-0,3.25,home
18-03-2025,Italy,Germany,,1-2,3.20,away
18-03-2025,Netherlands,Spain,,2-2,3.30,draw
18-03-2025,Bulgaria,Ireland,,1-2,1.30,away
18-03-2025,Kosovo,Iceland,,2-1,2.15,home
18-03-2025,Slovakia,Slovenia,,0-0,1.30,draw
18-03-2025,Canada,Mexico,,0-2,2.60,away
17-03-2025,Novi Pazar,Zeleznicar Pancevo,,3-1,1.30,home
17-03-2025,Castellon,Dep. La Coruna,,2-2,1.30,draw
17-03-2025,Tigre,Central Cordoba,,1-2,1.30,away
17-03-2025,Union de Santa Fe,Banfield,,3-1,1.20,home
17-03-2025,Cerro Largo,CA Cerro,,0-0,1.25,draw
17-03-2025,Nacional Asuncion,Sportivo Trinidense,,1-1,1.30,draw
17-03-2025,Tecnico U.,Barcelona SC,,0-1,3.10,away
17-03-2025,Atl. Tucuman,Velez Sarsfield,,1-2,3.10,away
17-03-2025,San Martin S.J.,Platense,,0-2,2.65,away
17-03-2025,River Plate,Boston River,,0-2,2.50,away
17-03-2025,Croatia,France,,2-0,2.10,home
17-03-2025,Denmark,Portugal,,1-0,3.25,home
17-03-2025,Italy,Germany,,1-2,3.20,away
17-03-2025,Netherlands,Spain,,2-2,3.30,draw
17-03-2025,Greece,Scotland,,0-1,1.95,away
17-03-2025,Canada,Mexico,,0-2,2.60,away
16-03-2025,Bologna,Lazio,,5-0,1.30,home
16-03-2025,Bochum,Eintracht Frankfurt,,1-3,1.25,away
16-03-2025,Sevilla,Ath Bilbao,,0-1,3.10,away
16-03-2025,Aue,Mannheim,,0-1,2.50,away
16-03-2025,A. Klagenfurt,Altach,,2-2,1.50,draw
16-03-2025,BW Linz,Hartberg,,4-1,1.30,home
16-03-2025,Montpellier,St Etienne,,Abn,2.20,abandoned
16-03-2025,Strasbourg,Toulouse,,2-1,2.30,home
16-03-2025,Heidenheim,Holstein Kiel,,3-1,2.00,home
16-03-2025,Fiorentina,Juventus,,3-0,1.30,home
16-03-2025,Osasuna,Getafe,,1-2,2.95,away
16-03-2025,Rayo Vallecano,Real Sociedad,,2-2,1.35,draw
16-03-2025,Stuttgart,Bayer Leverkusen,,3-4,2.25,away
16-03-2025,Alemannia Aachen,Hansa Rostock,,2-1,2.40,home
16-03-2025,Atalanta,Inter,,0-2,3.30,away
16-03-2025,Atl. Madrid,Barcelona,,2-4,3.60,away
15-03-2025,Everton,West Ham,,1-1,1.25,draw
15-03-2025,Ipswich,Nottingham,,2-4,2.00,away
15-03-2025,Southampton,Wolves,,1-2,2.05,away
15-03-2025,Blackburn,Cardiff,,1-2,2.05,away
15-03-2025,Coventry,Sunderland,,3-0,2.70,home
15-03-2025,Luton,Middlesbrough,,0-0,2.60,draw
15-03-2025,Oxford Utd,Watford,,1-0,2.60,home
15-03-2025,Plymouth,Derby,,2-3,3.00,away
15-03-2025,Preston,Portsmouth,,2-1,2.20,home
15-03-2025,Swansea,Burnley,,0-2,1.30,away
15-03-2025,Gil Vicente,Santa Clara,,0-1,1.35,away
15-03-2025,RB Leipzig,Dortmund,,2-0,2.40,home
15-03-2025,Villarreal,Real Madrid,,1-2,1.25,away
15-03-2025,Bari,Salernitana,,0-0,2.35,draw
15-03-2025,Girona,Valencia,,1-1,1.25,draw
15-03-2025,Cordoba,Gijon,,1-1,1.25,draw
14-03-2025,Magdeburg,Hamburger SV,,0-3,2.60,away
14-03-2025,Schalke,Hannover,,1-2,2.50,away
14-03-2025,Almere City,NAC Breda,,1-1,2.40,draw
14-03-2025,Vitesse,Den Haag,,0-1,2.10,away
14-03-2025,AC Ajaccio,Red Star,,2-1,2.90,home
14-03-2025,Amiens,Caen,,2-1,1.40,home
14-03-2025,Annecy,Rodez,,1-1,2.30,draw
14-03-2025,Troyes,Guingamp,,0-1,2.40,away
14-03-2025,Clermont,Grenoble,,0-0,1.30,draw
14-03-2025,Martigues,Pau FC,,2-2,1.30,draw
14-03-2025,St. Pauli,Hoffenheim,,1-0,1.30,home
14-03-2025,Palermo,Cremonese,,2-3,3.00,away
14-03-2025,R. Oviedo,Elche,,1-1,2.30,draw
14-03-2025,Genoa,Lecce,,2-1,1.25,home
14-03-2025,Bristol City,Norwich,,2-1,2.05,home
14-03-2025,Las Palmas,Alaves,,2-2,1.40,draw
13-03-2025,Pergolettese,Lumezzane,,1-0,1.25,home
13-03-2025,Pro Patria,Arzignano,,1-0,2.85,home
13-03-2025,Virtus Verona,Trento,,1-2,1.35,away
13-03-2025,Eintracht Frankfurt,Ajax,,4-1,1.90,home
13-03-2025,Ath Bilbao,AS Roma,,3-1,1.90,home
13-03-2025,Cercle Brugge KSV,Jagiellonia,,2-0,3.60,home
13-03-2025,Djurgarden,Pafos,,3-0,2.60,home
13-03-2025,El Gaish,El Ismaily,,0-1,2.20,away
13-03-2025,AlbinoLeffe,Triestina,,2-0,1.35,home
13-03-2025,Alcione Milano,Lecco,,0-0,1.40,draw
13-03-2025,Pro Vercelli,Atalanta U23,,0-0,1.35,draw
13-03-2025,Bromley,Walsall,,2-2,3.30,draw
13-03-2025,Rangers,Fenerbahce,,0-2,2.50,away
13-03-2025,Vitoria Guimaraes,Betis,,0-4,1.35,away
13-03-2025,Alajuelense,UNAM Pumas,,1-1,3.20,draw
13-03-2025,Slavia Sofia,Beroe,,2-1,2.00,home
12-03-2025,FK Rostov,Zenit,,0-1,2.00,away
12-03-2025,Hradec Kralove,Jablonec,,1-2,3.40,away
12-03-2025,Dukla Prague,Karvina,,0-0,3.20,draw
12-03-2025,CSKA Moscow,Dynamo Moscow,,2-1,2.15,home
12-03-2025,Marumo Gallants,Sekhukhune,,1-2,1.30,away
12-03-2025,Polokwane,Golden Arrows,,0-1,3.00,away
12-03-2025,Lille,Dortmund,,1-2,1.50,away
12-03-2025,Viktoria Koln,RW Essen,,1-0,2.25,home
12-03-2025,Hansa Rostock,Aue,,4-1,2.00,home
12-03-2025,Wehen,Munich 1860,,0-0,1.30,draw
12-03-2025,Pharco,National Bank Egypt,,2-1,2.60,home
12-03-2025,Ghazl El Mahallah,ZED,,0-3,2.80,away
12-03-2025,Watford,Swansea,,1-0,1.30,home
12-03-2025,Stoke,Blackburn,,1-0,1.40,home
12-03-2025,Atl. Madrid,Real Madrid,,1-0,1.45,home
12-03-2025,Fluminense,Flamengo RJ,,1-2,1.90,away
11-03-2025,Burnley,West Brom,,1-1,1.20,draw
11-03-2025,Cardiff,Luton,,1-2,1.35,away
11-03-2025,Derby,Coventry,,2-0,1.30,home
11-03-2025,Norwich,Sheffield Wed,,2-3,2.20,away
11-03-2025,Grimsby,Notts Co,,0-2,2.30,away
11-03-2025,Salford,Chesterfield,,0-4,3.20,away
11-03-2025,Colchester,Port Vale,,2-1,2.95,home
11-03-2025,Queen’s Park,Partick Thistle,,0-2,2.50,away
11-03-2025,Rochdale,Altrincham,,3-0,2.20,home
11-03-2025,Yeovil,Boston Utd,,0-3,3.20,away
11-03-2025,Inverness,Stenhousemuir,,4-1,1.95,home
11-03-2025,Sheffield Utd,Bristol City,,1-1,1.30,draw
11-03-2025,Reading,Wrexham,,2-0,3.10,home
11-03-2025,Bayer Leverkusen,Bayern Munich,,0-2,1.30,away
11-03-2025,Liverpool,PSG,,0-1,1.25,away
11-03-2025,Remo,Criciuma,,1-2,2.45,away
10-03-2025,Leixoes,Tondela,,0-1,1.35,away
10-03-2025,Randers FC,Brondby,,4-2,3.20,home
10-03-2025,UTA Arad,Din. Bucuresti,,0-2,1.25,away
10-03-2025,Motor Lublin,Legia,,3-3,1.90,draw
10-03-2025,Beitar Jerusalem,H. Beer Sheva,,1-1,1.95,draw
10-03-2025,Jong Utrecht,Vitesse,,0-2,2.30,away
10-03-2025,Jong PSV,Oss,,2-2,2.00,draw
10-03-2025,Burgos CF,Albacete,,1-0,1.25,home
10-03-2025,Livingston,St Johnstone,,0-1,3.10,away
10-03-2025,Rodez,Dunkerque,,5-1,1.45,home
10-03-2025,West Ham,Newcastle,,0-1,2.20,away
10-03-2025,Espanyol,Girona,,1-1,3.20,draw
10-03-2025,Famalicao,Rio Ave,,1-0,1.20,home
10-03-2025,Hassania Agadir,Difaa El Jadidi,,1-1,1.35,draw
10-03-2025,Ind. Rivadavia,Union de Santa Fe,,2-0,2.90,home
10-03-2025,Talleres Cordoba,Rosario Central,,0-0,2.00,draw
09-03-2025,Tottenham,Bournemouth,,2-2,1.25,draw
09-03-2025,Westerlo,Anderlecht,,2-0,2.20,home
09-03-2025,Malaga,Cadiz CF,,0-2,2.95,away
09-03-2025,Santa Clara,Moreirense,,1-1,1.20,draw
09-03-2025,Luzern,Basel,,1-1,3.50,draw
09-03-2025,Sion,Lugano,,2-1,2.50,home
09-03-2025,Cittadella,Sudtirol,,1-5,1.35,away
09-03-2025,Le Havre,St Etienne,,1-1,1.30,draw
09-03-2025,Nantes,Strasbourg,,0-1,1.50,away
09-03-2025,Reims,Auxerre,,0-2,3.30,away
09-03-2025,Empoli,AS Roma,,0-1,2.00,away
09-03-2025,Antwerp,Gent,,0-1,3.50,away
09-03-2025,FCSB,Univ. Craiova,,1-0,1.30,home
09-03-2025,Juventus,Atalanta,,0-4,3.30,away
09-03-2025,Nice,Lyon,,0-2,2.00,away
09-03-2025,Real Sociedad,Sevilla,,0-1,3.20,away
08-03-2025,Brighton,Fulham,,2-1,1.25,home
08-03-2025,Derby,Blackburn,,2-1,2.65,home
08-03-2025,Plymouth,Sheffield Wed,,0-3,3.50,away
08-03-2025,Swansea,Middlesbrough,,1-0,2.35,home
08-03-2025,Alaves,Villarreal,,1-0,2.40,home
08-03-2025,Mirandes,R. Oviedo,,1-0,2.75,home
08-03-2025,Sittard,Heracles,,1-0,1.40,home
08-03-2025,Verl,Arminia Bielefeld,,2-1,1.40,home
08-03-2025,Sampdoria,Palermo,,1-1,3.00,draw
08-03-2025,Brentford,Aston Villa,,0-1,2.30,away
08-03-2025,Freiburg,RB Leipzig,,0-0,1.45,draw
08-03-2025,Gijon,Racing Santander,,1-1,2.15,draw
08-03-2025,Estoril,SC Farense,,2-2,1.35,draw
08-03-2025,Brescia,Cesena,,1-1,2.95,draw
08-03-2025,Wolves,Everton,,1-1,1.35,draw
08-03-2025,Braga,FC Porto,,1-0,2.15,home
07-03-2025,Kaiserslautern,Elversberg,,1-1,1.25,draw
07-03-2025,Bodrumspor,Kasimpasa,,1-0,1.30,home
07-03-2025,Eibar,Almeria,,1-0,3.00,home
07-03-2025,NAC Breda,Sparta Rotterdam,,1-1,2.30,draw
07-03-2025,De Graafschap,Excelsior,,2-1,2.20,home
07-03-2025,Den Bosch,Cambuur,,0-2,2.00,away
07-03-2025,Eindhoven FC,Vitesse,,3-3,2.00,draw
07-03-2025,FC Emmen,Den Haag,,0-1,2.50,away
07-03-2025,Helmond,Maastricht,,4-0,1.25,home
07-03-2025,Venlo,Jong Ajax,,1-0,1.30,home
07-03-2025,B. Monchengladbach,Mainz,,1-3,2.55,away
07-03-2025,Cosenza,Reggiana,,1-0,2.95,home
07-03-2025,Cagliari,Genoa,,1-1,3.05,draw
07-03-2025,Toulouse,Monaco,,1-1,1.35,draw
07-03-2025,Dep. La Coruna,Cordoba,,1-1,1.25,draw
07-03-2025,Estrela,Gil Vicente,,1-1,2.60,draw
06-03-2025,AZ Alkmaar,Tottenham,,1-0,2.00,home
06-03-2025,Real Sociedad,Manchester Utd,,1-1,1.25,draw
06-03-2025,Molde,Legia,,3-2,1.30,home
06-03-2025,Panathinaikos,Fiorentina,,3-2,3.25,home
06-03-2025,Al Qadisiya,Al Ittihad,,1-1,2.30,draw
06-03-2025,Bodo/Glimt,Olympiacos Piraeus,,3-0,1.35,home
06-03-2025,Ajax,Eintracht Frankfurt,,1-2,2.50,away
06-03-2025,Plzen,Lazio,,1-2,1.95,away
06-03-2025,AS Roma,Ath Bilbao,,2-1,1.30,home
06-03-2025,Celje,Lugano,,1-0,3.45,home
06-03-2025,Borac Banja Luka,SK Rapid,,1-1,3.20,draw
06-03-2025,Al Wehda,Al Raed,,3-1,1.35,home
06-03-2025,Cerro Largo (Uru),Danubio (Uru),,2-2,2.85,draw
06-03-2025,Guarani (Par),de Mayo (Par),,2-0,2.05,home
06-03-2025,La Guaira (Ven),Caracas (Ven),,0-0,2.95,draw
06-03-2025,Junior (Col),America De Cali (Col),,2-2,1.40,draw
05-03-2025,Cape Town City,TS Galaxy,,1-1,2.85,draw
05-03-2025,Richards Bay,Sekhukhune,,2-1,1.30,home
05-03-2025,Supersport Utd,AmaZulu,,0-0,1.30,draw
05-03-2025,Racing Club Ferrol,Burgos CF,,0-1,1.35,away
05-03-2025,Petrojet,Ghazl El Mahallah,,2-1,1.25,home
05-03-2025,PSG,Liverpool,,0-1,3.70,away
05-03-2025,Puerto Cabello (Ven),Metropolitanos (Ven),,3-0,2.90,home
05-03-2025,Racing Montevideo (Uru),Wanderers (Uru),,0-0,2.20,draw
05-03-2025,U. Espanola (Chi),Everton (Chi),,2-2,1.45,draw
05-03-2025,Once Caldas (Col),Millonarios (Col),,1-0,2.80,home
05-03-2025,Barcelona SC (Ecu),Corinthians (Bra),,3-0,2.20,home
05-03-2025,Guadalajara Chivas,Club America,,1-0,2.20,home
05-03-2025,Puntarenas FC,Cartagines,,1-0,2.10,home
05-03-2025,Mushuc Runa (Ecu),Orense (Ecu),,2-1,1.25,home
05-03-2025,Vancouver Whitecaps,Monterrey,,1-1,3.30,draw
05-03-2025,Seattle Sounders,Cruz Azul,,0-0,2.70,draw
04-03-2025,Club Brugge KV,Aston Villa,,1-3,1.40,away
04-03-2025,Cardiff,Burnley,,1-2,1.20,away
04-03-2025,Millwall,Bristol City,,0-2,2.90,away
04-03-2025,Preston,Swansea,,0-0,1.30,draw
04-03-2025,Blackpool,Peterborough,,0-0,3.50,draw
04-03-2025,Bolton,Birmingham,,3-1,2.00,home
04-03-2025,Cambridge Utd,Stevenage,,0-1,3.05,away
04-03-2025,Huddersfield,Wrexham,,0-1,2.60,away
04-03-2025,Mansfield,Wigan,,0-0,3.10,draw
04-03-2025,Rotherham,Leyton Orient,,1-0,3.30,home
04-03-2025,Shrewsbury,Bristol Rovers,,0-0,1.25,draw
04-03-2025,Real Madrid,Atl. Madrid,,2-1,1.25,home
04-03-2025,PSV,Arsenal,,1-7,1.25,away
04-03-2025,Sp. Luqueno (Par),Ameliano (Par),,2-0,2.60,home
04-03-2025,Universitario de Vinto (Bol),Nacional Potosi (Bol),,0-1,3.25,away
04-03-2025,U. Catolica (Chi),Palestino (Chi),,1-2,2.75,away
03-03-2025,Gloria Buzau,UTA Arad,,1-1,1.45,draw
03-03-2025,Novi Pazar,Napredak,,2-0,1.25,home
03-03-2025,Goztepe,Samsunspor,,2-2,1.25,draw
03-03-2025,Mladost,Zeleznicar Pancevo,,1-1,2.20,draw
03-03-2025,H. Beer Sheva,Maccabi Haifa,,3-3,2.00,draw
03-03-2025,Jong Ajax,Eindhoven FC,,0-2,2.20,away
03-03-2025,Jong AZ,Telstar,,1-2,2.20,away
03-03-2025,Jong Utrecht,Oss,,1-1,2.35,draw
03-03-2025,Cukaricki,Radnicki 1923,,1-1,1.30,draw
03-03-2025,Renate,Atalanta U23,,1-0,1.95,home
03-03-2025,Perugia,Ascoli,,2-1,1.30,home
03-03-2025,Cavese,Casertana,,1-0,2.80,home
03-03-2025,AC Ajaccio,Dunkerque,,1-2,1.25,away
03-03-2025,Barracas Central,Godoy Cruz,,1-2,3.10,away
03-03-2025,San Lorenzo,Racing Club,,3-2,2.90,home
03-03-2025,U. Magdalena,Dep. Cali,,2-2,2.80,draw
02-03-2025,Levadiakos,Atromitos,,1-2,1.30,away
02-03-2025,Aberdeen,Dundee Utd,,2-2,1.25,draw
02-03-2025,Boavista,Santa Clara,,1-0,1.70,home
02-03-2025,Salzburg,Sturm Graz,,3-1,1.30,home
02-03-2025,Angers,Toulouse,,0-4,3.20,away
02-03-2025,Auxerre,Strasbourg,,0-1,3.30,away
02-03-2025,Manchester Utd,Fulham,,1-1,2.80,draw
02-03-2025,Montpellier,Rennes,,0-4,1.30,away
02-03-2025,Augsburg,Freiburg,,0-0,3.10,draw
02-03-2025,Mallorca,Alaves,,1-1,1.30,draw
02-03-2025,Albacete,Cadiz CF,,3-0,2.90,home
02-03-2025,Eldense,Levante,,1-2,3.05,away
02-03-2025,SC Farense,AVS,,0-1,1.30,away
02-03-2025,AC Milan,Lazio,,1-2,3.50,away
02-03-2025,Osasuna,Valencia,,3-3,3.15,draw
02-03-2025,Racing Santander,Elche,,2-0,3.05,home
01-03-2025,Luton,Portsmouth,,1-0,2.10,home
01-03-2025,QPR,Sheffield Utd,,1-2,3.00,away
01-03-2025,Stoke,Watford,,0-0,2.80,draw
01-03-2025,Cercle Brugge KSV,Antwerp,,0-0,3.25,draw
01-03-2025,Panserraikos,Athens Kallithea,,2-1,2.40,home
01-03-2025,Volos,Aris,,1-1,1.30,draw
01-03-2025,Dundee FC,St Johnstone,,1-1,1.35,draw
01-03-2025,Ross County,Kilmarnock,,1-0,3.10,home
01-03-2025,Rayo Vallecano,Sevilla,,1-1,1.30,draw
01-03-2025,Nacional,Famalicao,,2-1,3.05,home
01-03-2025,Osijek,Slaven Belupo,,1-2,1.25,away
01-03-2025,Napoli,Inter,,1-1,1.35,draw
01-03-2025,Zaragoza,Gijon,,1-1,1.30,draw
01-03-2025,Karlsruher SC,FC Koln,,1-0,2.20,home
01-03-2025,Lausanne,Servette,,0-1,3.40,away
01-03-2025,Atl. Madrid,Ath Bilbao,,1-0,2.05,home
28-02-2025,Istra 1961,Lok. Zagreb,,3-2,2.25,home
28-02-2025,Randers FC,Aarhus,,1-1,1.35,draw
28-02-2025,Nimes,Villefranche,,1-0,1.25,home
28-02-2025,Orleans,Sochaux,,4-2,1.30,home
28-02-2025,Paris 13 Atl.,Bourg en Bresse,,0-1,1.25,away
28-02-2025,Valenciennes,Versailles,,0-0,2.30,draw
28-02-2025,Waalwijk,Sittard,,1-2,2.00,away
28-02-2025,Dordrecht,FC Emmen,,3-0,2.50,home
28-02-2025,Annecy,Paris FC,,2-3,1.25,away
28-02-2025,Troyes,Bastia,,2-0,2.80,home
28-02-2025,Clermont,Caen,,0-1,2.20,away
28-02-2025,FC Cartagena SAD,Eibar,,0-2,1.95,away
28-02-2025,Partick Thistle,Livingston,,1-1,2.10,draw
28-02-2025,Charleroi,Genk,,1-1,1.30,draw
28-02-2025,Sheffield Wed,Sunderland,,1-2,3.20,away
28-02-2025,Valladolid,Las Palmas,,1-1,3.20,draw
27-02-2025,Al Orubah,Al Nassr,,2-1,1.20,home
27-02-2025,Al Wahda,Al Ain,,2-1,1.45,home
27-02-2025,KA Akureyri,Fram,,2-5,1.65,away
27-02-2025,Hvidovre IF,Fredericia,,1-0,1.25,home
27-02-2025,TSC,Cukaricki,,2-1,2.25,home
27-02-2025,COD Meknes,Hassania Agadir,,1-0,1.25,home
27-02-2025,Zurich,Young Boys,,2-3,2.00,away
27-02-2025,Bologna,AC Milan,,2-1,1.45,home
27-02-2025,Barrow,Carlisle,,0-1,2.20,away
27-02-2025,Difaa El Jadidi,Union Touarga,,1-0,2.90,home
27-02-2025,FBC Melgar (Per),Deportes Tolima (Col),,1-0,1.25,home
27-02-2025,Botafogo RJ,Racing Club,,0-2,1.75,away
27-02-2025,Central Coast Mariners,Western United,,1-3,1.95,away
27-02-2025,Unirea Slobozia,Otelul,,0-1,1.35,away
27-02-2025,Dynamo Makhachkala,Lokomotiv Moscow,,1-1,2.05,draw
27-02-2025,Istra 1961,Lok. Zagreb,,3-2,2.25,home
26-02-2025,Hajduk Split,Rijeka,,1-3,2.95,away
26-02-2025,Mlada Boleslav,Bohemians,,0-2,2.00,away
26-02-2025,Poli Iasi,FC Hermannstadt,,0-0,1.60,draw
26-02-2025,Pogon Szczecin,Piast Gliwice,,0-0,1.30,draw
26-02-2025,Ankaragucu,Alanyaspor,,1-1,1.80,draw
26-02-2025,Trabzonspor,Rizespor,,5-2,1.85,home
26-02-2025,Radnicki Nis,Vojvodina,,1-4,1.80,away
26-02-2025,IMT Novi Beograd,OFK Beograd,,1-1,1.65,draw
26-02-2025,Brentford,Everton,,1-1,2.00,draw
26-02-2025,Nottingham,Arsenal,,0-0,1.25,draw
26-02-2025,Tottenham,Manchester City,,0-1,1.25,away
26-02-2025,Dundee Utd,Hibernian,,1-3,1.30,away
26-02-2025,Motherwell,Dundee FC,,2-1,2.30,home
26-02-2025,St Johnstone,Ross County,,1-0,1.35,home
26-02-2025,RB Leipzig,Wolfsburg,,1-0,1.30,home
26-02-2025,Atl. San Luis,Guadalajara Chivas,,3-1,2.00,home
25-02-2025,Botev Vratsa,Beroe,,0-0,1.25,draw
25-02-2025,Al Ahli SC,Al Qadisiya,,4-1,1.25,home
25-02-2025,Brighton,Bournemouth,,2-1,2.10,home
25-02-2025,Wolves,Fulham,,1-2,3.35,away
25-02-2025,Crystal Palace,Aston Villa,,4-1,2.50,home
25-02-2025,Cardiff,Hull,,1-0,3.20,home
25-02-2025,Stoke,Middlesbrough,,1-3,1.35,away
25-02-2025,Airdrieonians,Raith,,1-0,1.30,home
25-02-2025,Hamilton,Dunfermline,,1-0,3.05,home
25-02-2025,Arminia Bielefeld,Werder Bremen,,2-1,1.90,home
25-02-2025,Eastbourne Boro,Maidstone,,1-0,2.40,home
25-02-2025,Aldershot,Solihull Moors,,3-1,1.30,home
25-02-2025,Tamworth,Rochdale,,1-1,2.90,draw
25-02-2025,Eastleigh,Gateshead,,1-1,1.35,draw
25-02-2025,Angers,Reims,,1-1,3.10,draw
25-02-2025,Club Tijuana,UNAM Pumas,,4-2,1.95,home
24-02-2025,UTA Arad,Sepsi Sf. Gheorghe,,1-2,2.95,away
24-02-2025,Novi Pazar,TSC,,2-1,1.25,home
24-02-2025,Galatasaray,Fenerbahce,,0-0,3.10,draw
24-02-2025,Viborg,Silkeborg,,1-4,1.35,away
24-02-2025,Motor Lublin,GKS Katowice,,3-2,1.40,home
24-02-2025,Farul Constanta,FC Rapid Bucuresti,,1-3,3.10,away
24-02-2025,Helmond,FC Emmen,,1-2,1.25,away
24-02-2025,Rimini,Arezzo,,0-2,1.30,away
24-02-2025,Sevilla,Mallorca,,1-1,2.00,draw
24-02-2025,Binacional,Cusco,,1-2,1.30,away
24-02-2025,Barracas Central,Newells Old Boys,,2-0,2.75,home
24-02-2025,Sportivo Trinidense,General Caballero JLM,,0-0,2.00,draw
24-02-2025,Tigre,Banfield,,1-0,2.00,home
24-02-2025,Brighton,Bournemouth,,2-1,2.10,home
24-02-2025,Wolves,Fulham,,1-2,3.35,away
24-02-2025,Crystal Palace,Aston Villa,,4-1,2.50,home
23-02-2025,Brescia,Sudtirol,,0-0,1.30,draw
23-02-2025,Cosenza,Palermo,,0-3,1.40,away
23-02-2025,Nantes,Lens,,3-1,3.40,home
23-02-2025,Mansfield,Wrexham,,1-2,1.95,away
23-02-2025,VfL Osnabruck,Mannheim,,1-1,2.15,draw
23-02-2025,Estrela,Santa Clara,,0-0,1.25,draw
23-02-2025,LASK,SK Rapid,,2-1,3.30,home
23-02-2025,Strasbourg,Brest,,0-0,2.05,draw
23-02-2025,Manchester City,Liverpool,,0-2,3.80,away
23-02-2025,Getafe,Betis,,1-2,2.50,away
23-02-2025,Anderlecht,Royale Union SG,,0-2,3.45,away
23-02-2025,Kortrijk,Cercle Brugge KSV,,1-1,1.35,draw
23-02-2025,Hoffenheim,Stuttgart,,1-1,1.30,draw
23-02-2025,Sandhausen,Wehen,,0-1,2.60,away
23-02-2025,Cadiz CF,Castellon,,0-0,1.25,draw
23-02-2025,Famalicao,Moreirense,,2-0,2.30,home
22-02-2025,Fulham,Crystal Palace,,0-2,1.25,away
22-02-2025,Ipswich,Tottenham,,1-4,1.95,away
22-02-2025,Portsmouth,QPR,,2-1,3.30,home
22-02-2025,Swansea,Blackburn,,3-0,3.20,home
22-02-2025,Rayo Vallecano,Villarreal,,0-1,2.95,away
22-02-2025,Burgos CF,R. Oviedo,,1-2,2.70,away
22-02-2025,Eibar,Racing Santander,,2-2,2.20,draw
22-02-2025,Casa Pia,Gil Vicente,,1-0,2.25,home
22-02-2025,Lille,Monaco,,2-1,2.15,home
22-02-2025,Torino,AC Milan,,2-1,1.25,home
22-02-2025,Aston Villa,Chelsea,,2-1,1.50,home
22-02-2025,Granada CF,Zaragoza,,2-2,1.20,draw
22-02-2025,St Etienne,Angers,,3-3,1.30,draw
22-02-2025,St. Gallen,Basel,,2-2,3.45,draw
22-02-2025,Gijon,Almeria,,1-1,3.10,draw
22-02-2025,Estoril,Rio Ave,,2-1,1.30,home
21-02-2025,Eyupspor,Besiktas,,1-3,2.20,away
21-02-2025,Hertha Berlin,Nurnberg,,0-0,1.30,draw
21-02-2025,Munich 1860,Arminia Bielefeld,,0-3,3.20,away
21-02-2025,Dijon,Nancy,,0-1,1.35,away
21-02-2025,Grenoble,Guingamp,,1-1,3.10,draw
21-02-2025,Martigues,Annecy,,2-0,3.20,home
21-02-2025,Freiburg,Werder Bremen,,5-0,1.30,home
21-02-2025,Sampdoria,Sassuolo,,0-0,2.20,draw
21-02-2025,Malaga,Tenerife,,1-0,1.30,home
21-02-2025,Bristol City,Middlesbrough,,2-1,1.60,home
21-02-2025,Lecce,Udinese,,0-1,3.00,away
21-02-2025,KV Mechelen,St. Truiden,,1-1,1.80,draw
21-02-2025,Drogheda,Sligo Rovers,,3-0,3.10,home
21-02-2025,Galway,St. Patricks,,2-1,1.40,home
21-02-2025,Waterford,Shelbourne,,0-1,2.10,away
21-02-2025,Leicester,Brentford,,0-4,2.00,away
20-02-2025,FCSB,PAOK,,2-0,1.45,home
20-02-2025,Bodo/Glimt,Twente,,3-2,2.00,home
20-02-2025,Heidenheim,FC Copenhagen,,1-2,1.25,away
20-02-2025,Anderlecht,Fenerbahce,,2-2,2.40,draw
20-02-2025,Monagas (Ven),Cerro Porteno (Par),,0-4,1.95,away
20-02-2025,Racing Club,Botafogo RJ,,2-0,1.30,home
20-02-2025,Portuguesa,Sao Bernardo,,1-1,3.00,draw
20-02-2025,Saprissa,Vancouver Whitecaps,,2-1,3.30,home
20-02-2025,Hertha Berlin,Nurnberg,,0-0,1.30,draw
20-02-2025,Munich 1860,Arminia Bielefeld,,0-3,3.20,away
20-02-2025,Lyngby,Randers FC,,0-0,1.95,draw
20-02-2025,Freiburg,Werder Bremen,,5-0,1.30,home
20-02-2025,Sampdoria,Sassuolo,,0-0,2.20,draw
20-02-2025,Malaga,Tenerife,,1-0,1.30,home
20-02-2025,Lecce,Udinese,,0-1,3.00,away
20-02-2025,Leicester,Brentford,,0-4,2.00,away
19-02-2025,Braintree,Wealdstone,,1-2,2.90,away
19-02-2025,Eastleigh,Dag & Red,,3-0,1.30,home
19-02-2025,FC Halifax,Rochdale,,0-0,2.50,draw
19-02-2025,Woking,Solihull Moors,,1-0,1.35,home
19-02-2025,PSV,Juventus,,2-1,1.40,home
19-02-2025,Real Madrid,Manchester City,,3-1,1.20,home
19-02-2025,Agua Santa,Inter de Limeira,,2-2,2.30,draw
19-02-2025,Boston River (Uru),Nublense (Chi),,1-0,2.15,home
19-02-2025,Herediano,Real Salt Lake,,0-0,2.30,draw
19-02-2025,EL Nacional (Ecu),Barcelona SC (Ecu),,0-1,3.20,away
19-02-2025,Sporting Kansas City,Inter Miami,,0-1,2.70,away
19-02-2025,Antigua,Seattle Sounders,,1-3,2.10,away
19-02-2025,Motagua,FC Cincinnati,,1-4,2.00,away
19-02-2025,FCSB,PAOK,,2-0,1.45,home
19-02-2025,Bodo/Glimt,Twente,,3-2,2.00,home
19-02-2025,Heidenheim,FC Copenhagen,,1-2,1.25,away
18-02-2025,Ghazl El Mahallah,Al Masry,,1-0,1.35,home
18-02-2025,Preston,Millwall,,1-1,2.95,draw
18-02-2025,Crawley,Wigan,,1-1,1.45,draw
18-02-2025,Mansfield,Lincoln,,0-3,3.10,away
18-02-2025,Wrexham,Leyton Orient,,1-2,1.30,away
18-02-2025,Morton,Hamilton,,2-0,1.30,home
18-02-2025,AFC Fylde,Boston Utd,,1-2,2.30,away
18-02-2025,Hartlepool,Altrincham,,1-2,3.30,away
18-02-2025,Chesham,Salisbury,,2-2,2.05,draw
18-02-2025,Radcliffe,Chorley,,2-0,2.10,home
18-02-2025,Leamington,Buxton,,1-1,3.00,draw
18-02-2025,Deportes Iquique (Chi),Santa Fe (Col),,2-1,1.35,home
18-02-2025,Llaneros,Dep. Cali,,0-1,2.10,away
18-02-2025,Alianza Lima (Per),Boca Juniors (Arg),,1-0,1.30,home
18-02-2025,Chico,Junior,,0-2,2.70,away
18-02-2025,Atlas,Necaxa,,0-4,3.30,away
17-02-2025,Radomlje,Domzale,,1-0,3.10,home
17-02-2025,Slavia Sofia,CSKA 1948 Sofia,,1-1,1.35,draw
17-02-2025,Zeleznicar Pancevo,Vojvodina,,1-1,1.90,draw
17-02-2025,Al Ittihad,El Gouna,,1-0,2.60,home
17-02-2025,Leiria,Academico Viseu,,1-1,2.10,draw
17-02-2025,Randers FC,FC Copenhagen,,1-2,1.50,away
17-02-2025,Jong Utrecht,Venlo,,Postp,2.10,postponed
17-02-2025,Lucchese,Perugia,,2-1,1.35,home
17-02-2025,Almeria,Elche,,1-1,1.25,draw
17-02-2025,Genoa,Venezia,,2-0,1.20,home
17-02-2025,Annecy,Caen,,1-0,2.20,home
17-02-2025,Gimnasia L.P.,San Martin S.J.,,1-0,1.85,home
17-02-2025,Sarmiento Junin,Dep. Riestra,,2-1,2.80,home
17-02-2025,Gil Vicente,Famalicao,,0-2,2.35,away
17-02-2025,Platense,Independiente,,1-1,1.30,draw
17-02-2025,Instituto,San Lorenzo,,0-1,2.75,away
16-02-2025,St. Mirren,Hibernian,,0-0,2.25,draw
16-02-2025,Monza,Lecce,,0-0,3.10,draw
16-02-2025,Frosinone,Reggiana,,1-1,2.90,draw
16-02-2025,Juve Stabia,Cosenza,,3-0,1.20,home
16-02-2025,Eldense,Dep. La Coruna,,2-0,3.00,home
16-02-2025,Huesca,Granada CF,,1-1,1.35,draw
16-02-2025,Cottbus,Verl,,1-0,1.35,home
16-02-2025,Rio Ave,AVS,,1-1,2.20,draw
16-02-2025,Austria Vienna,SK Rapid,,2-1,3.10,home
16-02-2025,Cesena,Pisa,,1-1,3.00,draw
16-02-2025,Tottenham,Manchester Utd,,1-0,3.70,home
16-02-2025,Zaragoza,Burgos CF,,0-1,1.25,away
16-02-2025,Heidenheim,Mainz,,0-2,2.10,away
16-02-2025,Juventus,Inter,,1-0,3.20,home
16-02-2025,Betis,Real Sociedad,,3-0,1.35,home
16-02-2025,Vitoria Guimaraes,Braga,,0-0,1.45,draw
15-02-2025,Fulham,Nottingham,,2-1,3.30,home
15-02-2025,West Ham,Brentford,,0-1,2.80,away
15-02-2025,Hull,Norwich,,1-1,3.30,draw
15-02-2025,Luton,Sheffield Utd,,0-1,2.20,away
15-02-2025,Millwall,West Brom,,1-1,3.00,draw
15-02-2025,Sheffield Wed,Coventry,,1-2,2.45,away
15-02-2025,Stoke,Swansea,,3-1,3.20,home
15-02-2025,FC Cartagena SAD,Malaga,,0-1,1.30,away
15-02-2025,Moreirense,Casa Pia,,3-2,3.00,home
15-02-2025,Nacional,Estoril,,2-2,2.20,draw
15-02-2025,Bari,Cremonese,,1-1,1.25,draw
15-02-2025,Lazio,Napoli,,2-2,1.45,draw
15-02-2025,Bayer Leverkusen,Bayern Munich,,0-0,1.35,draw
15-02-2025,Dusseldorf,Hertha Berlin,,2-1,2.15,home
15-02-2025,Willem II,Groningen,,1-3,3.00,away
15-02-2025,Tenerife,Cordoba,,2-3,1.25,away
14-02-2025,Magdeburg,FC Koln,,3-0,2.20,home
14-02-2025,Viktoria Koln,Alemannia Aachen,,3-1,1.40,home
14-02-2025,G.A. Eagles,Sparta Rotterdam,,1-0,1.30,home
14-02-2025,Den Bosch,Telstar,,0-1,2.50,away
14-02-2025,Dordrecht,Roda,,2-1,2.20,home
14-02-2025,Maastricht,Eindhoven FC,,2-0,2.30,home
14-02-2025,Troyes,Lorient,,0-1,1.25,away
14-02-2025,Clermont,Bastia,,1-1,1.35,draw
14-02-2025,Pau FC,Rodez,,0-5,3.25,away
14-02-2025,Augsburg,RB Leipzig,,0-0,2.10,draw
14-02-2025,Catanzaro,Cittadella,,1-0,1.20,home
14-02-2025,Brest,Auxerre,,2-2,3.20,draw
14-02-2025,Brighton,Chelsea,,3-0,2.25,home
14-02-2025,QPR,Derby,,4-0,2.25,home
14-02-2025,Girona,Getafe,,1-2,3.20,away
14-02-2025,Boavista,Estrela,,0-1,1.35,away
13-02-2025,Ferencvaros,Plzen,,1-0,2.20,home
13-02-2025,Midtjylland,Real Sociedad,,1-2,1.25,away
13-02-2025,Royale Union SG,Ajax,,0-2,1.30,away
13-02-2025,Celje,APOEL,,2-2,1.45,draw
13-02-2025,TSC,Jagiellonia,,1-3,1.90,away
13-02-2025,FC Porto,AS Roma,,1-1,3.40,draw
13-02-2025,AZ Alkmaar,Galatasaray,,4-1,1.25,home
13-02-2025,Twente,Bodo/Glimt,,2-1,1.95,home
13-02-2025,Borac Banja Luka,O. Ljubljana,,1-0,1.30,home
13-02-2025,Gent,Betis,,0-3,1.95,away
13-02-2025,Omonia,Pafos,,1-1,3.10,draw
13-02-2025,Guarani,Novorizontino,,0-0,2.40,draw
13-02-2025,San Lorenzo,Platense,,2-1,2.40,home
13-02-2025,San Martin S.J.,Talleres Cordoba,,0-1,1.25,away
13-02-2025,Union de Santa Fe,Instituto,,0-0,2.80,draw
13-02-2025,Pereira,Deportes Tolima,,0-0,2.40,draw
12-02-2025,Club Brugge KV,Atalanta,,2-1,2.10,home
12-02-2025,Plymouth,Millwall,,5-1,3.10,home
12-02-2025,Swansea,Sheffield Wed,,0-1,1.40,away
12-02-2025,Sheffield Utd,Middlesbrough,,3-1,1.35,home
12-02-2025,Dep. Riestra,Rosario Central,,0-0,2.80,draw
12-02-2025,Monaco,Benfica,,0-1,1.40,away
12-02-2025,Feyenoord,AC Milan,,1-0,1.35,home
12-02-2025,Newells Old Boys,Defensa y Justicia,,0-1,1.45,away
12-02-2025,Agua Santa,Portuguesa,,0-0,2.35,draw
12-02-2025,Noroeste,Sao Bernardo,,2-3,2.95,away
12-02-2025,Argentinos Jrs,Huracan,,1-1,1.20,draw
12-02-2025,Independiente,Velez Sarsfield,,3-0,2.10,home
12-02-2025,Santa Fe,Atl. Nacional,,2-2,2.70,draw
12-02-2025,Modern Sport,El Gaish,,0-0,2.60,draw
12-02-2025,Al Okhdood,Damac,,0-0,3.20,draw
12-02-2025,Al Shabab,Al Qadisiya,,2-3,2.00,away
11-02-2025,Wrexham,Bolton,,1-0,2.10,home
11-02-2025,Derby,Oxford Utd,,0-0,3.00,draw
11-02-2025,Portsmouth,Cardiff,,2-1,1.30,home
11-02-2025,Blackpool,Rotherham,,0-0,1.30,draw
11-02-2025,Crawley,Stevenage,,3-1,1.30,home
11-02-2025,Tranmere,Fleetwood,,0-0,1.35,draw
11-02-2025,Barrow,MK Dons,,2-1,2.00,home
11-02-2025,Newport,Carlisle,,1-0,1.30,home
11-02-2025,Southend,FC Halifax,,3-1,2.15,home
11-02-2025,Dag & Red,Woking,,1-2,2.05,away
11-02-2025,Oldham,Altrincham,,2-2,2.00,draw
11-02-2025,Reading,Shrewsbury,,1-1,2.05,draw
11-02-2025,Manchester City,Real Madrid,,2-3,2.25,away
11-02-2025,Sporting CP,Dortmund,,0-3,2.20,away
11-02-2025,Barracas Central,Central Cordoba,,3-3,2.60,draw
11-02-2025,Tigre,Racing Club,,1-0,1.35,home
10-02-2025,Atromitos,Athens Kallithea,,1-2,1.20,away
10-02-2025,Lamia,Levadiakos,,0-2,1.30,away
10-02-2025,Bodrumspor,Goztepe,,0-0,2.20,draw
10-02-2025,Torreense,Vizela,,2-4,2.20,away
10-02-2025,UTA Arad,CFR Cluj,,1-4,1.80,away
10-02-2025,Puszcza,Zaglebie,,1-2,2.95,away
10-02-2025,Vitesse,FC Emmen,,2-0,1.25,home
10-02-2025,St. Mirren,Hearts,,1-1,2.25,draw
10-02-2025,Caen,Dunkerque,,0-2,1.35,away
10-02-2025,Mallorca,Osasuna,,1-1,3.00,draw
10-02-2025,Los Chankas,Deportivo Garcilaso,,2-2,1.30,draw
10-02-2025,Arouca,Rio Ave,,1-1,1.25,draw
10-02-2025,Atl. Tembetary,General Caballero JLM,,1-0,3.00,home
10-02-2025,Ameliano,de Mayo,,1-1,2.95,draw
10-02-2025,Manchester City,Real Madrid,,2-3,2.25,away
10-02-2025,Sporting CP,Dortmund,,0-3,2.20,away
09-02-2025,Reggiana,Cesena,,0-1,2.30,away
09-02-2025,FeralpiSalo,L.R. Vicenza,,2-0,2.90,home
09-02-2025,Holstein Kiel,Bochum,,2-2,2.30,draw
09-02-2025,Zalaegerszegi,DVTK,,2-1,1.35,home
09-02-2025,Burgos CF,Racing Santander,,2-1,1.50,home
09-02-2025,Cordoba,Huesca,,1-2,1.25,away
09-02-2025,SC Farense,Nacional,,0-2,1.30,away
09-02-2025,Antalyaspor,Basaksehir,,0-0,2.30,draw
09-02-2025,Juve Stabia,Bari,,3-1,2.35,home
09-02-2025,Auxerre,Toulouse,,2-2,1.35,draw
09-02-2025,Lecco,Pro Vercelli,,2-1,2.70,home
09-02-2025,Slaven Belupo,Lok. Zagreb,,2-1,3.35,home
09-02-2025,Puskas Academy,Ferencvaros,,1-0,1.35,home
09-02-2025,Dep. La Coruna,Almeria,,3-1,3.25,home
09-02-2025,Ponte Preta,Guarani,,2-0,2.80,home
09-02-2025,Platense,Instituto,,1-0,2.75,home
08-02-2025,Burton,Blackpool,,1-1,1.30,draw
08-02-2025,Coventry,Ipswich,,1-4,3.00,away
08-02-2025,Everton,Bournemouth,,0-2,2.35,away
08-02-2025,Preston,Wycombe,,0-0,1.30,draw
08-02-2025,Stoke,Cardiff,,2-2,2.10,draw
08-02-2025,Heracles,G.A. Eagles,,4-2,2.10,home
08-02-2025,Munich 1860,Ingolstadt,,1-1,1.30,draw
08-02-2025,Altach,Grazer AK,,1-2,3.20,away
08-02-2025,Nice,Lens,,2-0,3.30,home
08-02-2025,Sampdoria,Modena,,1-0,3.00,home
08-02-2025,B. Monchengladbach,Eintracht Frankfurt,,1-1,2.50,draw
08-02-2025,Malaga,Levante,,1-1,1.35,draw
08-02-2025,Torino,Genoa,,1-1,3.00,draw
08-02-2025,Brighton,Chelsea,,2-1,2.20,home
08-02-2025,St Etienne,Rennes,,0-2,1.30,away
08-02-2025,Famalicao,Vitoria Guimaraes,,0-0,1.35,draw
07-02-2025,Preussen Munster,Hamburger SV,,1-2,1.95,away
07-02-2025,Sandhausen,Arminia Bielefeld,,1-0,2.20,home
07-02-2025,Nantes,Brest,,0-2,1.50,away
07-02-2025,FC Botosani,Din. Bucuresti,,1-1,1.30,draw
07-02-2025,Stade Nyonnais,Schaffhausen,,0-1,3.20,away
07-02-2025,FC Volendam,Den Haag,,1-2,1.95,away
07-02-2025,Grenoble,Red Star,,0-0,3.10,draw
07-02-2025,Laval,Annecy,,0-1,1.25,away
07-02-2025,Sturm Graz,Austria Vienna,,2-2,3.10,draw
07-02-2025,Brescia,Salernitana,,0-0,3.05,draw
07-02-2025,Perugia,Vis Pesaro,,0-1,1.30,away
07-02-2025,Latina,Cavese,,1-0,2.50,home
07-02-2025,Albacete,Zaragoza,,2-1,3.05,home
07-02-2025,Como,Juventus,,1-2,1.25,away
07-02-2025,KV Mechelen,Gent,,3-3,1.55,draw
07-02-2025,FC Porto,Sporting CP,,1-1,3.20,draw
06-02-2025,Petrolul,FCSB,,0-0,1.20,draw
06-02-2025,Winterthur,Zurich,,0-2,2.00,away
06-02-2025,Chesterfield,Doncaster,,5-2,1.40,home
06-02-2025,Antwerp,Anderlecht,,2-2,1.25,draw
06-02-2025,Aldosivi,Barracas Central,,1-3,2.85,away
06-02-2025,Sarmiento Junin,San Martin S.J.,,1-1,1.30,draw
06-02-2025,A. Italiano,U. Espanola,,3-1,2.30,home
06-02-2025,Bucaramanga,Atl. Nacional,,0-0,2.10,draw
06-02-2025,Blooming (Bol),EL Nacional (Ecu),,3-2,3.15,home
06-02-2025,Sandhausen,Arminia Bielefeld,,1-0,2.20,home
06-02-2025,Brescia,Salernitana,,0-0,3.05,draw
06-02-2025,Perugia,Vis Pesaro,,0-1,1.30,away
06-02-2025,Latina,Cavese,,1-0,2.50,home
06-02-2025,Albacete,Zaragoza,,2-1,3.05,home
06-02-2025,Como,Juventus,,1-2,1.25,away
06-02-2025,FC Porto,Sporting CP,,1-1,3.20,draw
05-02-2025,USM Alger,Khenchela,,3-0,1.35,home
05-02-2025,TS Galaxy,Polokwane,,0-0,2.70,draw
05-02-2025,Olympiacos Piraeus,Panathinaikos,,1-0,1.25,home
05-02-2025,Univ. Craiova,U. Cluj,,1-0,1.20,home
05-02-2025,St. Gallen,Lugano,,2-1,3.30,home
05-02-2025,Genk,Club Brugge KV,,1-1,3.40,draw
05-02-2025,Newcastle,Arsenal,,2-0,1.90,home
05-02-2025,AC Milan,AS Roma,,3-1,1.30,home
05-02-2025,Noroeste,Ponte Preta,,1-2,3.00,away
05-02-2025,Vasco,Fluminense,,1-2,2.30,away
05-02-2025,Nacional Asuncion (Par),Alianza Lima (Per),,1-1,1.30,draw
05-02-2025,Juventude,Gremio,,2-0,1.30,home
05-02-2025,America MG,Cruzeiro,,1-1,3.00,draw
05-02-2025,Wellington Phoenix,Brisbane Roar,,1-1,2.90,draw
05-02-2025,Winterthur,Zurich,,0-2,2.00,away
05-02-2025,Antwerp,Anderlecht,,2-2,1.25,draw
04-02-2025,Konyaspor,Eyupspor,,3-1,1.30,home
04-02-2025,Schaffhausen,Lausanne Ouchy,,0-1,1.95,away
04-02-2025,Port Vale,Wrexham,,1-4,1.80,away
04-02-2025,Heracles,Utrecht,,2-0,1.95,home
04-02-2025,Grasshoppers,Lausanne,,2-2,2.20,draw
04-02-2025,Sion,Servette,,3-3,2.20,draw
04-02-2025,Rotherham,Bradford City,,0-1,1.30,away
04-02-2025,QPR,Blackburn,,2-1,3.05,home
04-02-2025,Salford,Bromley,,3-3,1.30,draw
04-02-2025,Newport,Morecambe,,2-1,1.40,home
04-02-2025,Rochdale,Oldham,,0-1,2.05,away
04-02-2025,Wealdstone,Tamworth,,0-1,2.00,away
04-02-2025,Dag & Red,Forest Green,,0-2,2.00,away
04-02-2025,Stranraer,Forfar Athletic,,Postp,1.40,postponed
04-02-2025,Stirling,Spartans,,1-3,1.40,away
04-02-2025,Godoy Cruz,Talleres Cordoba,,Abn,2.10,abandoned
03-02-2025,Farul Constanta,Petrolul,,2-1,2.90,home
03-02-2025,Slask Wroclaw,Piast Gliwice,,1-3,1.40,away
03-02-2025,De Graafschap,Den Haag,,1-2,1.35,away
03-02-2025,Jong AZ,Venlo,,3-0,2.00,home
03-02-2025,Jong Utrecht,Jong Ajax,,Postp,1.35,postponed
03-02-2025,Cagliari,Lazio,,1-2,1.95,away
03-02-2025,Pro Vercelli,Novara,,1-0,2.70,home
03-02-2025,Middlesbrough,Sunderland,,2-3,1.55,away
03-02-2025,Defensa y Justicia,Central Cordoba,,2-1,1.30,home
03-02-2025,Tigre,Union de Santa Fe,,1-0,1.30,home
03-02-2025,Estudiantes L.P.,Racing Club,,2-0,3.00,home
03-02-2025,Argentinos Jrs,Platense,,1-0,2.05,home
03-02-2025,Novorizontino,Corinthians,,0-1,2.10,away
03-02-2025,Gloria Buzau,FC Botosani,,0-2,2.60,away
03-02-2025,Grasshoppers,Lausanne,,2-2,2.20,draw
03-02-2025,Sion,Servette,,3-3,2.20,draw
02-02-2025,Brentford,Tottenham,,0-2,2.10,away
02-02-2025,Manchester Utd,Crystal Palace,,0-2,1.30,away
02-02-2025,Carrarese,Brescia,,1-2,2.95,away
02-02-2025,Salernitana,Cremonese,,1-0,3.10,home
02-02-2025,Sudtirol,Reggiana,,2-0,2.90,home
02-02-2025,Toulouse,Nice,,1-1,1.50,draw
02-02-2025,Bristol Rovers,Peterborough,,3-1,2.30,home
02-02-2025,Valencia,Celta Vigo,,2-1,2.35,home
02-02-2025,Eibar,Dep. La Coruna,,0-1,1.35,away
02-02-2025,Reims,Nantes,,1-2,3.30,away
02-02-2025,Arsenal,Manchester City,,5-1,1.30,home
02-02-2025,Osasuna,Real Sociedad,,2-1,1.35,home
02-02-2025,FC Cartagena SAD,Cordoba,,0-1,1.20,away
02-02-2025,AS Roma,Napoli,,1-1,3.20,draw
02-02-2025,Betis,Ath Bilbao,,2-2,3.20,draw
02-02-2025,Tenerife,Albacete,,3-1,3.00,home
01-02-2025,Monza,Verona,,0-1,1.35,away
01-02-2025,Sibenik,Slaven Belupo,,1-1,1.95,draw
01-02-2025,Bochum,Freiburg,,0-1,3.30,away
01-02-2025,St. Pauli,Augsburg,,1-1,3.20,draw
01-02-2025,Derby,Sheffield Utd,,0-1,1.30,away
01-02-2025,Millwall,QPR,,2-1,2.20,home
01-02-2025,Swansea,Coventry,,0-2,2.70,away
01-02-2025,Blackpool,Charlton,,2-2,3.10,draw
01-02-2025,Leyton Orient,Stockport County,,0-1,1.50,away
01-02-2025,Wigan,Lincoln,,1-1,2.80,draw
01-02-2025,Nacional,Arouca,,1-2,3.10,away
01-02-2025,Santa Clara,Casa Pia,,2-1,1.25,home
01-02-2025,Lausanne,Young Boys,,1-2,1.30,away
01-02-2025,Wolves,Aston Villa,,2-0,2.10,home
01-02-2025,Union Berlin,RB Leipzig,,0-0,2.20,draw
01-02-2025,Gil Vicente,Estoril,,1-2,1.25,away
31-01-2025,Konyaspor,Bodrumspor,,3-1,2.00,home
31-01-2025,Nurnberg,Darmstadt,,1-0,2.35,home
31-01-2025,Alemannia Aachen,Cottbus,,0-0,3.30,draw
31-01-2025,Pacos Ferreira,Leixoes,,0-0,2.40,draw
31-01-2025,Dordrecht,De Graafschap,,1-1,2.50,draw
31-01-2025,Amiens,Annecy,,1-0,1.30,home
31-01-2025,Bastia,Metz,,1-1,3.00,draw
31-01-2025,Grenoble,Rodez,,2-1,1.40,home
31-01-2025,Werder Bremen,Mainz,,1-0,1.25,home
31-01-2025,Palermo,Pisa,,1-2,1.30,away
31-01-2025,Eldense,Granada CF,,0-3,2.90,away
31-01-2025,Parma,Lecce,,1-3,1.30,away
31-01-2025,Leuven,KV Mechelen,,1-0,2.35,home
31-01-2025,Blackburn,Preston,,2-1,2.15,home
31-01-2025,Leganes,Rayo Vallecano,,0-1,3.00,away
31-01-2025,Boavista,Famalicao,,0-2,1.30,away
30-01-2025,Al Riyadh,Al Wehda,,1-0,1.25,home
30-01-2025,APOEL,Pafos,,1-1,3.00,draw
30-01-2025,Berkane,FAR Rabat,,2-0,1.25,home
30-01-2025,Ajax,Galatasaray,,2-1,2.50,home
30-01-2025,Anderlecht,Hoffenheim,,3-4,2.20,away
30-01-2025,Ferencvaros,AZ Alkmaar,,4-3,1.40,home
30-01-2025,Midtjylland,Fenerbahce,,2-2,2.00,draw
30-01-2025,Nice,Bodo/Glimt,,1-1,2.70,draw
30-01-2025,Rangers,Royale Union SG,,2-1,2.15,home
30-01-2025,Twente,Besiktas,,1-0,1.25,home
30-01-2025,Aldosivi,Defensa y Justicia,,0-5,2.95,away
30-01-2025,Guarani,General Caballero JLM,,2-1,1.25,home
30-01-2025,Ameliano,Olimpia Asuncion,,2-2,2.90,draw
30-01-2025,Argentinos Jrs,Tigre,,1-0,1.25,home
30-01-2025,Central Cordoba,Atl. Tucuman,,2-0,2.90,home
30-01-2025,Zeledon,Herediano,,0-1,3.00,away
29-01-2025,Barrow,Doncaster,,1-3,1.35,away
29-01-2025,Tenerife,Dep. La Coruna,,0-0,2.90,draw
29-01-2025,Juventus,Benfica,,0-2,1.30,away
29-01-2025,Lille,Feyenoord,,6-1,1.25,home
29-01-2025,PSV,Liverpool,,3-2,3.00,home
29-01-2025,Sturm Graz,RB Leipzig,,1-0,1.30,home
29-01-2025,Stuttgart,PSG,,1-4,2.50,away
29-01-2025,Young Boys,Crvena zvezda,,0-1,1.50,away
29-01-2025,Gimnasia L.P.,San Lorenzo,,0-2,2.80,away
29-01-2025,Talleres Cordoba,Independiente,,2-3,2.80,away
29-01-2025,Sao Bernardo,Santos,,3-1,3.00,home
29-01-2025,Huracan,Estudiantes L.P.,,0-0,2.90,draw
29-01-2025,Union de Santa Fe,Boca Juniors,,1-1,2.90,draw
29-01-2025,Atlas,Monterrey,,3-3,1.30,draw
29-01-2025,Queretaro,Pachuca,,0-1,1.90,away
29-01-2025,UNAM Pumas,Toluca,,1-1,3.30,draw
28-01-2025,Portsmouth,Millwall,,0-1,2.50,away
28-01-2025,Burton,Reading,,3-2,2.40,home
28-01-2025,Lincoln,Blackpool,,0-2,3.20,away
28-01-2025,Peterborough,Wigan,,1-0,2.80,home
28-01-2025,Accrington,Cheltenham,,0-0,1.30,draw
28-01-2025,Colchester,Port Vale,,Postp,1.35,postponed
28-01-2025,Crewe,AFC Wimbledon,,1-1,1.40,draw
28-01-2025,Fleetwood,Walsall,,2-0,1.30,home
28-01-2025,Grimsby,Gillingham,,1-1,3.20,draw
28-01-2025,Hamilton,Raith,,0-3,2.50,away
28-01-2025,Huddersfield,Birmingham,,0-1,3.10,away
28-01-2025,Dep. Riestra,San Martin S.J.,,0-0,2.80,draw
28-01-2025,Rosario Central,Lanus,,2-1,1.30,home
28-01-2025,Sarmiento Junin,Godoy Cruz,,0-0,1.45,draw
28-01-2025,Puebla,Mazatlan FC,,0-1,3.20,away
28-01-2025,Club Leon,Guadalajara Chivas,,2-1,2.60,home
27-01-2025,Petrolul,FC Botosani,,3-1,1.25,home
27-01-2025,Haras El Hodood,Modern Sport,,1-0,2.50,home
27-01-2025,Venezia,Verona,,1-1,1.35,draw
27-01-2025,Torreense,Benfica B,,1-1,3.20,draw
27-01-2025,Maccabi Haifa,Maccabi Tel Aviv,,Abn,3.30,abandoned
27-01-2025,Jong PSV,Venlo,,1-2,3.75,away
27-01-2025,Cadiz CF,Mirandes,,3-1,2.80,home
27-01-2025,Genoa,Monza,,2-0,1.30,home
27-01-2025,Annecy,Dunkerque,,0-2,3.00,away
27-01-2025,Burnley,Leeds,,0-0,2.40,draw
27-01-2025,Alaves,Celta Vigo,,1-1,1.40,draw
27-01-2025,AVS,Gil Vicente,,1-0,1.35,home
27-01-2025,Nova Iguacu,Boavista,,0-0,3.00,draw
27-01-2025,Banfield,Newells Old Boys,,3-0,2.75,home
27-01-2025,Aguilas,La Equidad,,1-1,1.25,draw
27-01-2025,San Marcos de Arica,Coquimbo,,2-2,2.10,draw
26-01-2025,Crystal Palace,Brentford,,1-2,2.05,away
26-01-2025,Udinese,AS Roma,,1-2,1.35,away
26-01-2025,Brescia,Catanzaro,,2-3,1.30,away
26-01-2025,Reggiana,Palermo,,2-1,2.50,home
26-01-2025,Le Havre,Brest,,0-1,2.25,away
26-01-2025,Hoffenheim,Eintracht Frankfurt,,2-2,1.35,draw
26-01-2025,Albacete,Almeria,,2-1,1.30,home
26-01-2025,Luzern,Zurich,,3-1,2.10,home
26-01-2025,Nantes,Lyon,,1-1,3.50,draw
26-01-2025,St. Pauli,Union Berlin,,3-0,2.50,home
26-01-2025,Racing Club Ferrol,Burgos CF,,Postp,2.75,postponed
26-01-2025,Malaga,Zaragoza,,1-2,1.35,away
26-01-2025,Leuven,Gent,,0-0,3.30,draw
26-01-2025,Fulham,Manchester Utd,,0-1,1.30,away
26-01-2025,Lazio,Fiorentina,,1-2,3.40,away
26-01-2025,Nice,Marseille,,2-0,3.50,home
25-01-2025,Bournemouth,Nottingham,,5-0,2.05,home
25-01-2025,Cardiff,Derby,,2-1,2.20,home
25-01-2025,Preston,Middlesbrough,,2-1,1.35,home
25-01-2025,QPR,Sheffield Wed,,0-2,2.45,away
25-01-2025,Cordoba,Racing Santander,,1-2,1.40,away
25-01-2025,Sandhausen,Saarbrucken,,3-4,2.20,away
25-01-2025,SC Farense,Rio Ave,,1-2,1.35,away
25-01-2025,Mantova,Sampdoria,,2-2,3.10,draw
25-01-2025,Napoli,Juventus,,2-1,1.25,home
25-01-2025,Manchester City,Chelsea,,3-1,2.05,home
25-01-2025,Dep. La Coruna,Levante,,1-2,3.20,away
25-01-2025,Strasbourg,Lille,,2-1,1.40,home
25-01-2025,Hertha Berlin,Hamburger SV,,2-3,2.35,away
25-01-2025,Empoli,Bologna,,1-1,2.10,draw
25-01-2025,Groningen,Heerenveen,,1-0,1.60,home
25-01-2025,Tenerife,Eldense,,0-1,2.05,away
24-01-2025,Greuther Furth,Kaiserslautern,,2-4,1.25,away
24-01-2025,Viktoria Koln,Mannheim,,1-0,2.40,home
24-01-2025,Chateauroux,Nimes,,3-2,2.80,home
24-01-2025,Concarneau,Nancy,,0-2,1.25,away
24-01-2025,Valenciennes,Orleans,,1-0,1.25,home
24-01-2025,Vitesse,Dordrecht,,0-3,1.25,away
24-01-2025,Caen,Guingamp,,0-1,1.35,away
24-01-2025,Laval,Troyes,,1-0,2.95,home
24-01-2025,Spezia,Sassuolo,,2-1,3.00,home
24-01-2025,Lucchese,Ascoli,,2-1,2.65,home
24-01-2025,Newport,Swindon,,1-2,2.00,away
24-01-2025,Torino,Cagliari,,2-0,1.30,home
24-01-2025,Auxerre,St Etienne,,1-1,1.95,draw
24-01-2025,St. Truiden,Antwerp,,1-1,3.50,draw
24-01-2025,Las Palmas,Osasuna,,1-1,3.10,draw
24-01-2025,Arouca,Moreirense,,1-0,3.00,home
23-01-2025,AZ Alkmaar,AS Roma,,1-0,1.30,home
23-01-2025,Fenerbahce,Lyon,,0-0,2.10,draw
23-01-2025,Hoffenheim,Tottenham,,2-3,2.20,away
23-01-2025,Malmo FF,Twente,,2-3,1.30,away
23-01-2025,Plzen,Anderlecht,,2-0,1.35,home
23-01-2025,Qarabag,FCSB,,2-3,2.25,away
23-01-2025,Wrexham,Birmingham,,1-1,2.15,draw
23-01-2025,Elfsborg,Nice,,1-0,2.30,home
23-01-2025,Lazio,Real Sociedad,,3-1,1.60,home
23-01-2025,Ludogorets,Midtjylland,,0-2,2.40,away
23-01-2025,PAOK,Slavia Prague,,2-0,2.60,home
23-01-2025,Royale Union SG,Braga,,2-1,1.30,home
23-01-2025,Noroeste,Botafogo SP,,0-0,2.30,draw
23-01-2025,Sao Bernardo,Mirassol,,1-2,2.60,away
23-01-2025,Godoy Cruz,Rosario Central,,0-3,2.30,away
23-01-2025,Tigre,Velez Sarsfield,,3-0,1.25,home
22-01-2025,ZED,Pyramids,,0-1,1.30,away
22-01-2025,RB Leipzig,Sporting CP,,2-1,2.35,home
22-01-2025,Shakhtar Donetsk,Brest,,2-0,1.45,home
22-01-2025,Marica,Nova Iguacu,,2-0,2.75,home
22-01-2025,Portsmouth,Stoke,,3-1,2.40,home
22-01-2025,Sheffield Wed,Bristol City,,2-2,2.40,draw
22-01-2025,PSG,Manchester City,,4-2,2.40,home
22-01-2025,Ponte Preta,Portuguesa,,0-0,2.20,draw
22-01-2025,Santos,Palmeiras,,1-2,1.30,away
22-01-2025,Petrojet,Al Masry,,2-1,2.35,home
22-01-2025,AmaZulu,Stellenbosch,,0-5,2.35,away
22-01-2025,AZ Alkmaar,AS Roma,,1-0,1.30,home
22-01-2025,Fenerbahce,Lyon,,0-0,2.10,draw
22-01-2025,Hoffenheim,Tottenham,,2-3,2.20,away
22-01-2025,Malmo FF,Twente,,2-3,1.30,away
22-01-2025,Plzen,Anderlecht,,2-0,1.35,home
21-01-2025,Omonia Aradippou,Omonia 29th May,,1-0,2.05,home
21-01-2025,El Ismaily,Smouha,,1-0,1.25,home
21-01-2025,Enppi,El Gaish,,0-1,1.20,away
21-01-2025,Monaco,Aston Villa,,1-0,3.50,home
21-01-2025,Blackburn,Coventry,,0-2,2.50,away
21-01-2025,Derby,Sunderland,,0-1,2.10,away
21-01-2025,Hull,QPR,,1-2,1.30,away
21-01-2025,Oxford Utd,Luton,,3-2,1.35,home
21-01-2025,Swansea,Sheffield Utd,,1-2,2.50,away
21-01-2025,Bolton,Charlton,,1-2,1.30,away
21-01-2025,Peterborough,Exeter,,1-1,1.95,draw
21-01-2025,Millwall,Cardiff,,2-2,2.90,draw
21-01-2025,Atl. Madrid,Bayer Leverkusen,,2-1,3.20,home
21-01-2025,Benfica,Barcelona,,4-5,2.00,away
21-01-2025,Bologna,Dortmund,,2-1,2.20,home
21-01-2025,Club Brugge KV,Juventus,,0-0,2.25,draw
20-01-2025,Farul Constanta,UTA Arad,,1-1,1.25,draw
20-01-2025,Al Feiha,Al Kholood,,1-0,2.30,home
20-01-2025,Al Raed,Al Okhdood,,0-2,2.35,away
20-01-2025,Genclerbirligi,Kocaelispor,,1-0,2.15,home
20-01-2025,AEK Larnaca,APOEL,,2-1,3.00,home
20-01-2025,Hapoel Hadera,Ironi Tiberias,,1-2,2.90,away
20-01-2025,Gubbio,Perugia,,1-0,1.35,home
20-01-2025,Mirandes,Malaga,,3-2,1.20,home
20-01-2025,Como,Udinese,,4-1,1.30,home
20-01-2025,Troyes,Annecy,,0-1,1.30,away
20-01-2025,Dundee FC,Dundee Utd,,1-0,2.70,home
20-01-2025,Boavista,Casa Pia,,2-3,1.25,away
20-01-2025,Monaco,Aston Villa,,1-0,3.50,home
20-01-2025,Atl. Madrid,Bayer Leverkusen,,2-1,3.20,home
20-01-2025,Benfica,Barcelona,,4-5,2.00,away
20-01-2025,Club Brugge KV,Juventus,,0-0,2.25,draw
19-01-2025,Everton,Tottenham,,3-2,2.40,home
19-01-2025,Parma,Venezia,,1-1,3.50,draw
19-01-2025,Catanzaro,Pisa,,0-0,2.90,draw
19-01-2025,Pacos Ferreira,Mafra,,2-1,1.35,home
19-01-2025,St Etienne,Nantes,,1-1,2.50,draw
19-01-2025,Union Berlin,Mainz,,2-1,2.80,home
19-01-2025,Alemannia Aachen,RW Essen,,2-0,1.30,home
19-01-2025,Nacional,AVS,,3-1,2.05,home
19-01-2025,Tondela,Maritimo,,0-0,1.30,draw
19-01-2025,Carrarese,Spezia,,0-4,2.95,away
19-01-2025,Angers,Auxerre,,2-0,3.20,home
19-01-2025,Pontedera,Vis Pesaro,,0-1,1.40,away
19-01-2025,Osasuna,Rayo Vallecano,,1-1,3.20,draw
19-01-2025,Mannheim,Ingolstadt,,0-0,1.45,draw
19-01-2025,Foggia,Latina,,1-0,1.25,home
19-01-2025,Valencia,Real Sociedad,,1-0,3.00,home
18-01-2025,West Ham,Crystal Palace,,0-2,1.30,away
18-01-2025,Coventry,Bristol City,,1-0,1.30,home
18-01-2025,Derby,Watford,,0-2,3.30,away
18-01-2025,Luton,Preston,,0-0,1.30,draw
18-01-2025,Oxford Utd,Blackburn,,1-0,2.30,home
18-01-2025,Mansfield,Wycombe,,1-2,2.50,away
18-01-2025,Rotherham,Charlton,,4-2,3.20,home
18-01-2025,Stevenage,Wigan,,1-2,2.95,away
18-01-2025,Dender,Cercle Brugge KSV,,0-1,3.10,away
18-01-2025,Eldense,Cadiz CF,,1-4,2.80,away
18-01-2025,Juventus,AC Milan,,2-0,1.30,home
18-01-2025,KV Mechelen,Genk,,1-2,2.10,away
18-01-2025,Gijon,Elche,,1-1,3.10,draw
18-01-2025,Utrecht,AZ Alkmaar,,0-0,1.30,draw
18-01-2025,Hamburger SV,FC Koln,,1-0,3.60,home
18-01-2025,Atalanta,Napoli,,2-3,1.30,away
17-01-2025,Dusseldorf,Darmstadt,,2-2,2.30,draw
17-01-2025,Supersport Utd,Polokwane,,0-1,1.25,away
17-01-2025,Boulogne,Dijon,,2-2,2.90,draw
17-01-2025,Cambuur,Excelsior,,1-0,2.60,home
17-01-2025,Venlo,Telstar,,1-0,3.00,home
17-01-2025,AC Ajaccio,Caen,,2-1,1.35,home
17-01-2025,Amiens,Bastia,,1-0,3.00,home
17-01-2025,Red Star,Pau FC,,1-3,1.50,away
17-01-2025,Eintracht Frankfurt,Dortmund,,2-0,2.15,home
17-01-2025,Sampdoria,Cesena,,1-2,1.35,away
17-01-2025,Lecco,Novara,,1-1,2.80,draw
17-01-2025,Harrogate,Cheltenham,,2-0,2.30,home
17-01-2025,Gent,Charleroi,,1-1,1.35,draw
17-01-2025,Burnley,Sunderland,,0-0,3.10,draw
17-01-2025,Lille,Nice,,2-1,1.25,home
17-01-2025,Chaves,Academico Viseu,,3-0,3.00,home
16-01-2025,Hapoel Haifa,Hapoel Tel Aviv,,1-2,2.30,away
16-01-2025,De Graafschap,Heracles,,0-2,1.25,away
16-01-2025,Ipswich,Brighton,,0-2,1.95,away
16-01-2025,Anderlecht,Antwerp,,1-0,2.20,home
16-01-2025,Agua Santa,Sao Bernardo,,1-2,2.65,away
16-01-2025,Bragantino,Corinthians,,1-2,2.10,away
16-01-2025,Sporting San Jose,Cartagines,,1-1,3.10,draw
16-01-2025,Dusseldorf,Darmstadt,,2-2,2.30,draw
16-01-2025,Supersport Utd,Polokwane,,0-1,1.25,away
16-01-2025,AC Ajaccio,Caen,,2-1,1.35,home
16-01-2025,Amiens,Bastia,,1-0,3.00,home
16-01-2025,Red Star,Pau FC,,1-3,1.50,away
16-01-2025,Eintracht Frankfurt,Dortmund,,2-0,2.15,home
16-01-2025,Sampdoria,Cesena,,1-2,1.35,away
16-01-2025,Harrogate,Cheltenham,,2-0,2.30,home
16-01-2025,Gent,Charleroi,,1-1,1.35,draw
15-01-2025,Damac,Al Ettifaq,,0-3,2.25,away
15-01-2025,Al Salmiya,Kazma SC,,3-1,2.30,home
15-01-2025,Pafos,Aris,,1-1,1.95,draw
15-01-2025,Bochum,St. Pauli,,1-0,1.45,home
15-01-2025,Brest,Nantes,,2-1,2.05,home
15-01-2025,Panathinaikos,Olympiacos Piraeus,,1-1,2.65,draw
15-01-2025,G.A. Eagles,Twente,,3-1,1.25,home
15-01-2025,Pontevedra,Getafe,,0-1,2.05,away
15-01-2025,Almeria,Leganes,,2-3,1.95,away
15-01-2025,Marica,Boavista,,1-0,1.40,home
15-01-2025,Everton,Aston Villa,,0-1,1.30,away
15-01-2025,Stuttgart,RB Leipzig,,2-1,1.90,home
15-01-2025,AD Santos,San Carlos,,1-1,3.10,draw
15-01-2025,Guarani,Botafogo SP,,2-0,3.00,home
15-01-2025,Santa Ana,Puntarenas FC,,1-2,1.35,away
15-01-2025,Volta Redonda,Fluminense,,1-0,1.35,home
14-01-2025,AZ Alkmaar,Ajax,,2-0,3.50,home
14-01-2025,Cheltenham,Colchester,,2-1,2.50,home
14-01-2025,Chesterfield,Rotherham,,0-0,2.45,draw
14-01-2025,Lincoln,Bolton,,0-1,1.40,away
14-01-2025,West Ham,Fulham,,3-2,1.40,home
14-01-2025,Wolfsburg,B. Monchengladbach,,5-1,3.80,home
14-01-2025,Cardiff,Watford,,1-1,1.35,draw
14-01-2025,Plymouth,Oxford Utd,,1-1,1.50,draw
14-01-2025,Dunfermline,Ayr,,0-2,2.25,away
14-01-2025,Atalanta,Juventus,,1-1,1.30,draw
14-01-2025,Le Mans,Valenciennes,,1-1,1.25,draw
14-01-2025,Reims,Monaco,,1-1,1.95,draw
14-01-2025,Peterborough,Walsall,,4-2,3.40,home
14-01-2025,Forest Green,Barnet,,0-0,2.25,draw
14-01-2025,Alfreton,Brackley Town,,3-4,3.00,away
14-01-2025,Marseille,Lille,,1-1,1.30,draw
13-01-2025,Asteras Tripolis,Panetolikos,,2-0,1.95,home
13-01-2025,OFI Crete,Levadiakos,,0-0,3.10,draw
13-01-2025,Jong AZ,Jong Ajax,,2-1,1.20,home
13-01-2025,Audace Cerignola,Avellino,,1-1,1.30,draw
13-01-2025,Cavese,Giugliano,,1-0,2.95,home
13-01-2025,Eldense,Eibar,,1-3,2.85,away
13-01-2025,AZ Alkmaar,Ajax,,2-0,3.50,home
13-01-2025,West Ham,Fulham,,3-2,1.40,home
13-01-2025,Wolfsburg,B. Monchengladbach,,5-1,3.80,home
13-01-2025,Cardiff,Watford,,1-1,1.35,draw
13-01-2025,Bochum,St. Pauli,,1-0,2.50,home
13-01-2025,Panathinaikos,Olympiacos Piraeus,,1-1,2.70,draw
13-01-2025,G.A. Eagles,Twente,,3-1,1.25,home
13-01-2025,Everton,Aston Villa,,0-1,2.30,away
13-01-2025,Leicester,Crystal Palace,,0-2,1.25,away
13-01-2025,Stuttgart,RB Leipzig,,2-1,3.10,home
12-01-2025,Frosinone,Cremonese,,0-3,3.10,away
12-01-2025,Reggiana,Bari,,0-0,2.95,draw
12-01-2025,Sudtirol,Catanzaro,,1-1,2.95,draw
12-01-2025,Aberdeen,Hearts,,0-0,1.30,draw
12-01-2025,Dender,Gent,,0-0,1.30,draw
12-01-2025,Cadiz CF,Levante,,0-0,3.10,draw
12-01-2025,NAC Breda,Heerenveen,,2-4,2.10,away
12-01-2025,Augsburg,Stuttgart,,0-1,2.00,away
12-01-2025,Bologna,AS Roma,,2-2,1.40,draw
12-01-2025,Anderlecht,Club Brugge KV,,0-3,3.20,away
12-01-2025,Leiria,Chaves,,1-1,2.30,draw
12-01-2025,Leixoes,Torreense,,1-1,1.30,draw
12-01-2025,Cercle Brugge KSV,KV Mechelen,,1-0,1.35,home
12-01-2025,Brescia,Sampdoria,,1-1,3.15,draw
12-01-2025,Gil Vicente,Moreirense,,1-0,2.95,home
12-01-2025,Alverca,Tondela,,1-1,1.45,draw
11-01-2025,Heidenheim,Union Berlin,,2-0,1.30,home
11-01-2025,Hoffenheim,Wolfsburg,,0-1,3.50,away
11-01-2025,Aldershot,Solihull Moors,,Postp,1.35,postponed
11-01-2025,Gillingham,Fleetwood,,Postp,2.10,postponed
11-01-2025,Swindon,Crewe,,0-0,3.20,draw
11-01-2025,Exeter,Oxford Utd,,3-1,2.70,home
11-01-2025,St. Mirren,Dundee Utd,,0-1,3.00,away
11-01-2025,Albacete,Racing Santander,,2-2,3.25,draw
11-01-2025,Huesca,Mirandes,,1-0,2.80,home
11-01-2025,Heracles,Sparta Rotterdam,,1-1,2.50,draw
11-01-2025,Helmond,FC Emmen,,Postp,1.30,postponed
11-01-2025,Malaga,Dep. La Coruna,,1-1,1.40,draw
11-01-2025,Tenerife,Castellon,,2-0,2.60,home
11-01-2025,Leyton Orient,Derby,,Postp,2.90,postponed
11-01-2025,Zwolle,Nijmegen,,0-1,1.30,away
11-01-2025,Sporting CP,Benfica,,1-1,1.40,draw
10-01-2025,Sittard,G.A. Eagles,,0-3,2.30,away
10-01-2025,De Graafschap,Den Haag,,Postp,2.20,postponed
10-01-2025,Rodez,Troyes,,2-1,1.25,home
10-01-2025,Oss,Maastricht,,1-0,1.25,home
10-01-2025,Eindhoven FC,FC Volendam,,1-3,1.95,away
10-01-2025,Annecy,Guingamp,,1-4,1.30,away
10-01-2025,Pau FC,Dunkerque,,1-1,2.15,draw
10-01-2025,Dortmund,Bayer Leverkusen,,2-3,3.60,away
10-01-2025,Lucchese,Spal,,2-3,2.70,away
10-01-2025,Wycombe,Portsmouth,,2-0,2.15,home
10-01-2025,Hamilton,Partick Thistle,,1-2,1.25,away
10-01-2025,Larne,Cliftonville,,2-0,2.05,home
10-01-2025,Rayo Vallecano,Celta Vigo,,2-1,2.70,home
10-01-2025,Auxerre,Lille,,0-0,1.25,draw
10-01-2025,Club Tijuana,Toluca,,2-4,1.30,away
10-01-2025,Wellington Phoenix,Adelaide United,,1-2,2.00,away
09-01-2025,PAOK,AEK Athens FC,,1-0,2.05,home
09-01-2025,Nimes,Nancy,,1-2,3.00,away
09-01-2025,Rouen,Le Mans,,2-2,1.30,draw
09-01-2025,Sittard,G.A. Eagles,,0-3,2.30,away
09-01-2025,De Graafschap,Den Haag,,Postp,2.20,postponed
09-01-2025,Roda,Cambuur,,Postp,1.25,postponed
09-01-2025,Oss,Maastricht,,1-0,1.25,home
09-01-2025,Annecy,Guingamp,,1-4,1.30,away
09-01-2025,Pau FC,Dunkerque,,1-1,2.15,draw
09-01-2025,Rodez,Troyes,,2-1,1.25,home
09-01-2025,Dortmund,Bayer Leverkusen,,2-3,3.60,away
09-01-2025,Lucchese,Spal,,2-3,2.70,away
09-01-2025,Wycombe,Portsmouth,,2-0,2.15,home
09-01-2025,Larne,Cliftonville,,2-0,2.05,home
09-01-2025,Hamilton,Partick Thistle,,1-2,1.25,away
09-01-2025,Rayo Vallecano,Celta Vigo,,2-1,2.70,home
08-01-2025,Trabzonspor,Alanyaspor,,3-0,1.85,home
08-01-2025,Kaizer Chiefs,Stellenbosch,,2-1,1.25,home
08-01-2025,AmaZulu,Sekhukhune,,0-2,1.30,away
08-01-2025,Kilmarnock,Motherwell,,0-0,1.95,draw
08-01-2025,Antwerp,Royale Union SG,,5-1,2.10,home
08-01-2025,Edinburgh City,East Fife,,2-4,3.40,away
08-01-2025,Sittard,G.A. Eagles,,0-3,2.30,away
08-01-2025,De Graafschap,Den Haag,,Postp,2.20,postponed
08-01-2025,Roda,Cambuur,,Postp,1.25,postponed
08-01-2025,Oss,Maastricht,,1-0,1.25,home
08-01-2025,Annecy,Guingamp,,1-4,1.30,away
08-01-2025,Pau FC,Dunkerque,,1-1,2.15,draw
08-01-2025,Rodez,Troyes,,2-1,1.25,home
08-01-2025,Dortmund,Bayer Leverkusen,,2-3,3.60,away
08-01-2025,Wycombe,Portsmouth,,2-0,2.15,home
08-01-2025,Rayo Vallecano,Celta Vigo,,2-1,2.70,home
07-01-2025,Omonia Aradippou,Paralimni,,2-0,1.30,home
07-01-2025,Al Taawon,Al Qadisiya,,0-3,2.00,away
07-01-2025,Wycombe,Huddersfield,,0-1,1.30,away
07-01-2025,Sporting CP,FC Porto,,1-0,3.20,home
07-01-2025,Eastleigh,Oldham,,2-2,2.20,draw
07-01-2025,Eldense,Valencia,,0-2,1.25,away
07-01-2025,Omonia 29th May,Karmiotissa,,1-2,3.20,away
07-01-2025,Al Fateh,Al Wehda,,1-2,1.25,away
07-01-2025,Al Riyadh,Al Khaleej,,2-2,1.30,draw
07-01-2025,PAOK,AEK Athens FC,,1-0,2.05,home
07-01-2025,Nantes,Monaco,,2-2,1.90,draw
07-01-2025,Sittard,G.A. Eagles,,0-3,2.30,away
07-01-2025,Dortmund,Bayer Leverkusen,,2-3,3.60,away
07-01-2025,Wycombe,Portsmouth,,2-0,2.15,home
07-01-2025,Rayo Vallecano,Celta Vigo,,2-1,2.70,home
07-01-2025,Auxerre,Lille,,0-0,1.25,draw
06-01-2025,Pro Patria,Giana Erminio,,1-2,2.75,away
06-01-2025,Pro Vercelli,Lumezzane,,3-3,1.45,draw
06-01-2025,Arezzo,Vis Pesaro,,0-0,1.80,draw
06-01-2025,Pianese,Ascoli,,1-1,1.40,draw
06-01-2025,Picerno,Trapani,,0-0,2.25,draw
06-01-2025,Foggia,Altamura,,0-2,1.85,away
06-01-2025,Hapoel Petah Tikva,Hapoel Tel Aviv,,0-1,2.25,away
06-01-2025,H. Ironi Rishon,MS Kafr Qasim,,0-1,1.30,away
06-01-2025,Maccabi Bnei Raina,Hapoel Jerusalem,,0-0,2.85,draw
06-01-2025,Wolves,Nottingham,,0-3,2.25,away
06-01-2025,QPR,Luton,,2-1,2.50,home
06-01-2025,Gil Vicente,Rio Ave,,1-1,1.30,draw
06-01-2025,Melbourne City,Western United,,2-0,1.25,home
06-01-2025,Brisbane Roar,Newcastle Jets,,0-1,1.25,away
06-01-2025,Sporting CP,FC Porto,,1-0,3.20,home
06-01-2025,Eldense,Valencia,,0-2,1.85,away
05-01-2025,Lecce,Genoa,,0-0,3.00,draw
05-01-2025,Torres,Pescara,,1-0,1.35,home
05-01-2025,Angers,Brest,,2-0,1.30,home
05-01-2025,Motherwell,Aberdeen,,2-0,1.25,home
05-01-2025,Chesterfield,Gillingham,,Postp,1.80,postponed
05-01-2025,Crewe,Bromley,,4-1,3.30,home
05-01-2025,Fleetwood,AFC Wimbledon,,Postp,2.70,postponed
05-01-2025,Newport,Morecambe,,Postp,2.25,postponed
05-01-2025,Dundee Utd,Hearts,,0-1,2.25,away
05-01-2025,St Johnstone,Dundee FC,,1-3,2.25,away
05-01-2025,Vizela,Maritimo,,3-2,1.30,home
05-01-2025,Lecco,Trento,,1-2,1.30,away
05-01-2025,Casa Pia,Famalicao,,1-1,3.00,draw
05-01-2025,Pacos Ferreira,Academico Viseu,,4-3,3.00,home
05-01-2025,AS Roma,Lazio,,2-0,1.30,home
05-01-2025,Estrela,Estoril,,2-4,2.25,away
04-01-2025,Venezia,Empoli,,1-1,3.10,draw
04-01-2025,Southampton,Brentford,,0-5,2.50,away
04-01-2025,Norwich,Coventry,,2-1,3.40,home
04-01-2025,Watford,Sheffield Utd,,1-2,1.40,away
04-01-2025,Exeter,Bolton,,1-2,2.15,away
04-01-2025,MK Dons,Salford,,0-1,1.30,away
04-01-2025,Tranmere,Carlisle,,1-0,2.10,home
04-01-2025,Athens Kallithea,Lamia,,2-1,1.30,home
04-01-2025,Feirense,Leixoes,,1-0,2.90,home
04-01-2025,St Etienne,Reims,,3-1,1.30,home
04-01-2025,Fiorentina,Napoli,,0-3,3.10,away
04-01-2025,Samsunspor,Trabzonspor,,2-1,2.20,home
04-01-2025,Nea Salamis,Achnas,,0-3,1.40,away
04-01-2025,Raja Casablanca (Mar),Mamelodi Sundowns (Rsa),,1-0,2.80,home
04-01-2025,Verona,Udinese,,0-0,2.45,draw
04-01-2025,Boavista,Arouca,,1-3,1.40,away
03-01-2025,Paralimni,Omonia 29th May,,2-1,3.00,home
03-01-2025,Alanyaspor,Konyaspor,,2-1,1.95,home
03-01-2025,Rizespor,Besiktas,,1-1,2.45,draw
03-01-2025,Granada CF,Getafe,,0-0,2.95,draw
03-01-2025,Juventus,AC Milan,,1-2,1.35,away
03-01-2025,AC Ajaccio,Annecy,,1-2,2.95,away
03-01-2025,Amiens,Troyes,,0-3,2.25,away
03-01-2025,Caen,Clermont,,0-1,1.30,away
03-01-2025,Grenoble,Bastia,,3-2,2.85,home
03-01-2025,Nice,Rennes,,3-2,1.30,home
03-01-2025,Tottenham,Newcastle,,1-2,2.25,away
03-01-2025,Blackburn,Burnley,,0-1,1.30,away
03-01-2025,Swansea,West Brom,,1-1,2.50,draw
03-01-2025,Burton,Northampton,,0-1,2.15,away
03-01-2025,Cambridge Utd,Bristol Rovers,,0-1,1.25,away
03-01-2025,Antalyaspor,Eyupspor,,1-4,1.45,away
02-01-2025,Kilmarnock,St. Mirren,,2-0,1.30,home
02-01-2025,Rangers,Celtic,,3-0,1.95,home
02-01-2025,St Johnstone,Hibernian,,1-1,1.95,draw
02-01-2025,Dundee FC,Dundee Utd,,1-2,2.45,away
02-01-2025,Inter,Atalanta,,2-0,1.25,home
02-01-2025,Gillingham,Bromley,,0-3,1.30,away
02-01-2025,Brisbane Roar,Central Coast Mariners,,1-3,2.30,away
02-01-2025,Paralimni,Omonia 29th May,,2-1,3.00,home
02-01-2025,Alanyaspor,Konyaspor,,2-1,1.95,home
02-01-2025,Rizespor,Besiktas,,1-1,2.45,draw
02-01-2025,Juventus,AC Milan,,1-2,1.35,away
02-01-2025,AC Ajaccio,Annecy,,1-2,2.95,away
02-01-2025,Amiens,Troyes,,0-3,2.25,away
02-01-2025,Caen,Clermont,,0-1,1.30,away
02-01-2025,Grenoble,Bastia,,3-2,2.85,home
02-01-2025,Nice,Rennes,,3-2,1.30,home
01-01-2025,Cardiff,Coventry,,1-1,2.30,draw
01-01-2025,Luton,Norwich,,0-1,3.30,away
01-01-2025,Portsmouth,Swansea,,4-0,2.30,home
01-01-2025,Barnsley,Wrexham,,2-1,3.30,home
01-01-2025,Bristol Rovers,Leyton Orient,,2-3,2.00,away
01-01-2025,Burton,Peterborough,,2-2,1.25,draw
01-01-2025,Cambridge Utd,Reading,,1-3,2.50,away
01-01-2025,Crawley,Charlton,,Postp,1.85,postponed
01-01-2025,Lincoln,Rotherham,,0-1,1.25,away
01-01-2025,Mansfield,Bolton,,2-1,2.40,home
01-01-2025,Northampton,Stevenage,,0-0,2.00,draw
01-01-2025,Stockport County,Birmingham,,1-1,1.30,draw
01-01-2025,Wigan,Huddersfield,,Postp,1.30,postponed
01-01-2025,Accrington,Grimsby,,3-2,2.35,home
01-01-2025,Hull,Middlesbrough,,0-1,1.25,away
01-01-2025,Sunderland,Sheffield Utd,,2-1,1.30,home
31-12-2024,Modern Sport,El Ismaily,,0-0,1.10,draw
31-12-2024,Ironi Tiberias,Kiryat Shmona,,3-1,1.40,home
31-12-2024,Ghazl El Mahallah,National Bank Egypt,,0-1,1.25,away
31-12-2024,SC Ashdod,Sakhnin,,3-5,2.80,away
31-12-2024,Auckland FC,Melbourne Victory,,0-0,2.75,draw
31-12-2024,WS Wanderers,Macarthur FC,,2-3,2.10,away
31-12-2024,QPR,Watford,,3-1,3.25,home
31-12-2024,Cardiff,Coventry,,1-1,2.30,draw
31-12-2024,Luton,Norwich,,0-1,3.30,away
31-12-2024,Portsmouth,Swansea,,4-0,2.30,home
31-12-2024,Barnsley,Wrexham,,2-1,3.30,home
31-12-2024,Burton,Peterborough,,2-2,1.25,draw
31-12-2024,Cambridge Utd,Reading,,1-3,2.50,away
31-12-2024,Mansfield,Bolton,,2-1,2.40,home
31-12-2024,Hull,Middlesbrough,,0-1,1.25,away
31-12-2024,Sunderland,Sheffield Utd,,2-1,1.30,home
30-12-2024,Pharco,Smouha,,2-1,1.25,home
30-12-2024,ZED,Petrojet,,1-1,2.75,draw
30-12-2024,Aston Villa,Brighton,,2-2,2.00,draw
30-12-2024,Ballymena,Glenavon,,0-2,1.40,away
30-12-2024,Carrick Rangers,Crusaders,,0-0,1.40,draw
30-12-2024,Manchester Utd,Newcastle,,0-2,2.60,away
30-12-2024,Famalicao,Santa Clara,,1-2,1.40,away
30-12-2024,Central Coast Mariners,Melbourne City,,1-1,2.15,draw
30-12-2024,Ceramica Cleopatra,Al Masry,,1-1,2.90,draw
30-12-2024,Modern Sport,El Ismaily,,0-0,1.10,draw
30-12-2024,Ironi Tiberias,Kiryat Shmona,,3-1,1.40,home
30-12-2024,SC Ashdod,Sakhnin,,3-5,2.80,away
30-12-2024,Auckland FC,Melbourne Victory,,0-0,2.75,draw
30-12-2024,WS Wanderers,Macarthur FC,,2-3,2.10,away
30-12-2024,Plymouth,Bristol City,,2-2,1.85,draw
30-12-2024,QPR,Watford,,3-1,3.25,home
29-12-2024,Bari,Spezia,,2-0,1.35,home
29-12-2024,Carrarese,Cesena,,2-0,1.35,home
29-12-2024,Everton,Nottingham,,0-2,1.50,away
29-12-2024,Fulham,Bournemouth,,2-2,3.60,draw
29-12-2024,Stoke,Sunderland,,1-0,1.35,home
29-12-2024,Swansea,Luton,,2-1,3.30,home
29-12-2024,Peterborough,Barnsley,,1-3,2.50,away
29-12-2024,Bradford City,Chesterfield,,2-1,2.30,home
29-12-2024,Cheltenham,Notts Co,,3-5,3.30,away
29-12-2024,Colchester,Doncaster,,1-1,2.35,draw
29-12-2024,Tranmere,Barrow,,1-1,2.50,draw
29-12-2024,Cittadella,Palermo,,2-1,1.30,home
29-12-2024,Sampdoria,Pisa,,0-1,3.10,away
29-12-2024,AC Milan,AS Roma,,1-1,1.30,draw
29-12-2024,Middlesbrough,Burnley,,0-0,3.20,draw
29-12-2024,Sporting CP,Benfica,,1-0,3.50,home
28-12-2024,Empoli,Genoa,,1-2,2.90,away
28-12-2024,Parma,Monza,,2-1,1.35,home
28-12-2024,Raith,Livingston,,2-1,3.10,home
28-12-2024,Alloa,Stenhousemuir,,1-3,1.35,away
28-12-2024,Arbroath,Montrose,,3-0,1.70,home
28-12-2024,Dumbarton,Kelty Hearts,,2-0,1.30,home
28-12-2024,Elgin City,Peterhead,,2-0,2.40,home
28-12-2024,Forfar Athletic,Stirling,,2-2,2.00,draw
28-12-2024,Spartans,Edinburgh City,,1-0,1.85,home
28-12-2024,Stranraer,Clyde,,1-1,2.25,draw
28-12-2024,AVS,Estrela,,1-1,1.35,draw
28-12-2024,Estoril,Moreirense,,2-2,1.35,draw
28-12-2024,Supersport Utd,Stellenbosch,,1-1,2.85,draw
28-12-2024,Lazio,Atalanta,,1-1,3.30,draw
28-12-2024,Udinese,Torino,,2-2,1.30,draw
28-12-2024,Preston,Sheffield Wed,,3-1,3.05,home
27-12-2024,St. Truiden,Cercle Brugge KSV,,1-1,1.30,draw
27-12-2024,Arouca,Gil Vicente,,1-1,3.00,draw
27-12-2024,Central Coast Mariners,Auckland FC,,1-4,2.30,away
27-12-2024,Sydney FC,Melbourne Victory,,3-0,2.50,home
27-12-2024,Golden Arrows,Polokwane,,0-0,1.35,draw
27-12-2024,Empoli,Genoa,,1-2,2.90,away
27-12-2024,Parma,Monza,,2-1,1.35,home
27-12-2024,Raith,Livingston,,2-1,3.10,home
27-12-2024,Alloa,Stenhousemuir,,1-3,1.35,away
27-12-2024,Arbroath,Montrose,,3-0,1.70,home
27-12-2024,Elgin City,Peterhead,,2-0,2.40,home
27-12-2024,Forfar Athletic,Stirling,,2-2,2.00,draw
27-12-2024,Stranraer,Clyde,,1-1,2.25,draw
27-12-2024,AVS,Estrela,,1-1,1.35,draw
27-12-2024,Estoril,Moreirense,,2-2,1.35,draw
27-12-2024,Lazio,Atalanta,,1-1,3.30,draw
26-12-2024,Newcastle,Aston Villa,,3-0,1.90,home
26-12-2024,Nottingham,Tottenham,,1-0,1.25,home
26-12-2024,Southampton,West Ham,,0-1,1.30,away
26-12-2024,Blackburn,Sunderland,,2-2,1.40,draw
26-12-2024,Bristol City,Luton,,1-0,1.30,home
26-12-2024,Norwich,Millwall,,2-1,2.20,home
26-12-2024,Oxford Utd,Cardiff,,3-2,1.40,home
26-12-2024,Preston,Hull,,1-0,3.25,home
26-12-2024,Sheffield Utd,Burnley,,0-2,3.10,away
26-12-2024,Huddersfield,Stockport County,,1-0,2.10,home
26-12-2024,Peterborough,Mansfield,,0-3,2.90,away
26-12-2024,Stevenage,Wycombe,,0-3,3.15,away
26-12-2024,Wrexham,Blackpool,,2-1,3.10,home
26-12-2024,Wolves,Manchester Utd,,2-0,1.90,home
26-12-2024,Derby,West Brom,,2-1,2.70,home
26-12-2024,Gent,Royale Union SG,,1-3,1.30,away
25-12-2024,Al Ittihad,Modern Sport,,0-0,2.75,draw
25-12-2024,Pisa,Sassuolo,,3-1,3.20,home
25-12-2024,Antwerp,Genk,,2-2,1.50,draw
25-12-2024,Brescia,Modena,,3-3,3.00,draw
25-12-2024,Cesena,Cremonese,,0-1,3.00,away
25-12-2024,Frosinone,Salernitana,,2-0,3.20,home
25-12-2024,Reggiana,Juve Stabia,,2-1,3.00,home
25-12-2024,Sudtirol,Cittadella,,1-2,3.00,away
25-12-2024,Nottingham,Tottenham,,1-0,1.25,home
25-12-2024,Southampton,West Ham,,0-1,1.30,away
25-12-2024,Blackburn,Sunderland,,2-2,1.40,draw
25-12-2024,Bristol City,Luton,,1-0,1.30,home
25-12-2024,Norwich,Millwall,,2-1,2.20,home
25-12-2024,Oxford Utd,Cardiff,,3-2,1.40,home
25-12-2024,Preston,Hull,,1-0,3.25,home
25-12-2024,Sheffield Utd,Burnley,,0-2,3.10,away
24-12-2024,ZED,Enppi,,0-0,1.25,draw
24-12-2024,Al Ittihad,Modern Sport,,0-0,2.75,draw
24-12-2024,Pisa,Sassuolo,,3-1,3.20,home
24-12-2024,Brescia,Modena,,3-3,3.00,draw
24-12-2024,Cesena,Cremonese,,0-1,3.00,away
24-12-2024,Reggiana,Juve Stabia,,2-1,3.00,home
24-12-2024,Sudtirol,Cittadella,,1-2,3.00,away
24-12-2024,Nottingham,Tottenham,,1-0,1.25,home
24-12-2024,Southampton,West Ham,,0-1,1.30,away
24-12-2024,Blackburn,Sunderland,,2-2,1.40,draw
24-12-2024,Bristol City,Luton,,1-0,1.30,home
24-12-2024,Norwich,Millwall,,2-1,2.20,home
24-12-2024,Oxford Utd,Cardiff,,3-2,1.40,home
24-12-2024,Preston,Hull,,1-0,3.25,home
24-12-2024,Sheffield Utd,Burnley,,0-2,3.10,away
24-12-2024,Derby,West Brom,,2-1,2.70,home
23-12-2024,UTA Arad,FC Botosani,,2-0,1.30,home
23-12-2024,OFI Crete,Volos,,4-0,1.35,home
23-12-2024,Basaksehir,Kasimpasa,,2-2,1.35,draw
23-12-2024,Jong Ajax,Roda,,3-1,1.25,home
23-12-2024,Dungannon,Larne,,0-1,1.30,away
23-12-2024,Estrela,Rio Ave,,1-0,3.20,home
23-12-2024,Pisa,Sassuolo,,3-1,3.20,home
23-12-2024,Hearts,Hibernian,,1-2,3.50,away
23-12-2024,Brescia,Modena,,3-3,3.00,draw
23-12-2024,Cesena,Cremonese,,0-1,3.00,away
23-12-2024,Cosenza,Catanzaro,,1-1,3.00,draw
23-12-2024,Frosinone,Salernitana,,2-0,3.20,home
23-12-2024,Reggiana,Juve Stabia,,2-1,3.00,home
23-12-2024,Sudtirol,Cittadella,,1-2,3.00,away
23-12-2024,Nottingham,Tottenham,,1-0,1.25,home
23-12-2024,Southampton,West Ham,,0-1,1.30,away
22-12-2024,Leicester,Wolves,,0-3,2.45,away
22-12-2024,Venezia,Cagliari,,2-1,1.40,home
22-12-2024,Juve Stabia,Cesena,,1-0,3.00,home
22-12-2024,Pescara,Ternana,,0-0,2.70,draw
22-12-2024,Bochum,Heidenheim,,2-0,2.30,home
22-12-2024,West Brom,Bristol City,,2-0,1.30,home
22-12-2024,St. Liege,Gent,,0-1,2.40,away
22-12-2024,Castellon,Elche,,0-2,3.30,away
22-12-2024,Torreense,Penafiel,,0-1,2.00,away
22-12-2024,Willem II,Nijmegen,,4-1,2.40,home
22-12-2024,Wolfsburg,Dortmund,,1-3,1.25,away
22-12-2024,Sochaux,Clermont,,0-0,3.00,draw
22-12-2024,Santa Clara,Braga,,0-2,1.35,away
22-12-2024,Royale Union SG,Club Brugge KV,,2-2,1.45,draw
22-12-2024,Din. Bucuresti,FC Rapid Bucuresti,,0-0,1.35,draw
22-12-2024,Cercle Brugge KSV,Leuven,,1-0,2.10,home
21-12-2024,Brentford,Nottingham,,0-2,1.30,away
21-12-2024,West Ham,Brighton,,1-1,1.25,draw
21-12-2024,Cardiff,Sheffield Utd,,0-2,2.05,away
21-12-2024,Millwall,Blackburn,,1-0,3.15,home
21-12-2024,QPR,Preston,,2-1,3.10,home
21-12-2024,Burton,Exeter,,1-2,2.30,away
21-12-2024,Mansfield,Rotherham,,1-0,3.40,home
21-12-2024,Northampton,Charlton,,0-5,1.75,away
21-12-2024,Celta Vigo,Real Sociedad,,2-0,1.40,home
21-12-2024,Osasuna,Ath Bilbao,,1-2,2.10,away
21-12-2024,Almere City,Heerenveen,,3-0,2.20,home
21-12-2024,Boavista,AVS,,0-0,1.30,draw
21-12-2024,AZ Alkmaar,Twente,,1-0,2.20,home
21-12-2024,Beerschot VA,Kortrijk,,2-2,1.30,draw
21-12-2024,Heracles,Groningen,,Abn,2.20,abandoned
21-12-2024,Velez Sarsfield,Estudiantes L.P.,,0-3,1.30,away
20-12-2024,Mladost,Novi Pazar,,1-3,1.35,away
20-12-2024,Sepsi Sf. Gheorghe,U. Cluj,,0-0,1.35,draw
20-12-2024,Elversberg,Schalke,,1-4,2.10,away
20-12-2024,Ingolstadt,Cottbus,,1-1,2.10,draw
20-12-2024,Waalwijk,Zwolle,,1-1,1.25,draw
20-12-2024,Salernitana,Brescia,,0-0,1.30,draw
20-12-2024,Lucchese,Pineto,,3-3,2.20,draw
20-12-2024,FC Cartagena SAD,Albacete,,0-0,1.30,draw
20-12-2024,Wycombe,Bolton,,0-0,2.10,draw
20-12-2024,Crewe,Colchester,,0-0,2.10,draw
20-12-2024,Gillingham,Cheltenham,,2-2,2.10,draw
20-12-2024,Motherwell,Kilmarnock,,1-1,2.15,draw
20-12-2024,Troyes,Metz,,3-0,3.15,home
20-12-2024,Westerlo,KV Mechelen,,1-1,2.20,draw
20-12-2024,Luton,Derby,,2-1,1.30,home
20-12-2024,Casa Pia,Arouca,,3-1,2.35,home
19-12-2024,El Gaish,Petrojet,,0-1,1.25,away
19-12-2024,FAR Rabat,Wydad,,2-2,1.95,draw
19-12-2024,FC Rapid Bucuresti,CFR Cluj,,0-2,1.80,away
19-12-2024,Zamalek,Ceramica Cleopatra,,1-1,2.30,draw
19-12-2024,Tottenham,Manchester Utd,,4-3,2.65,home
19-12-2024,Borac Banja Luka,Omonia,,0-0,2.65,draw
19-12-2024,Cercle Brugge KSV,Basaksehir,,1-1,2.10,draw
19-12-2024,Djurgarden,Legia,,3-1,1.30,home
19-12-2024,Jagiellonia,O. Ljubljana,,0-0,2.05,draw
19-12-2024,Lugano,Pafos,,2-2,2.10,draw
19-12-2024,SK Rapid,FC Copenhagen,,3-0,2.65,home
19-12-2024,TSC,Noah,,4-3,1.35,home
19-12-2024,Vitoria Guimaraes,Fiorentina,,1-1,1.35,draw
19-12-2024,Dep. La Coruna,Castellon,,5-1,1.30,home
19-12-2024,Huesca,Tenerife,,1-0,1.25,home
19-12-2024,Adelaide United,Sydney FC,,3-3,2.10,draw
18-12-2024,Poli Iasi,FC Hermannstadt,,0-0,3.05,draw
18-12-2024,Panionios,Asteras Tripolis,,0-2,1.30,away
18-12-2024,Racing Club Ferrol,Almeria,,1-4,1.85,away
18-12-2024,Din. Bucuresti,Petrolul,,0-0,2.90,draw
18-12-2024,FCSB,Univ. Craiova,,0-2,2.25,away
18-12-2024,Heracles,Nijmegen,,0-0,2.35,draw
18-12-2024,Sparta Rotterdam,G.A. Eagles,,1-1,2.40,draw
18-12-2024,AEK Athens FC,PAOK,,1-0,1.30,home
18-12-2024,Malaga,Eldense,,3-0,1.25,home
18-12-2024,Mirandes,Gijon,,1-1,2.85,draw
18-12-2024,Espanyol,Valencia,,1-1,1.35,draw
18-12-2024,Universitario de Vinto,Wilstermann,,1-1,2.00,draw
18-12-2024,Deportes Tolima,Atl. Nacional,,1-1,2.15,draw
18-12-2024,Tottenham,Manchester Utd,,4-3,2.65,home
18-12-2024,Dep. La Coruna,Castellon,,5-1,1.30,home
18-12-2024,Huesca,Tenerife,,1-0,1.25,home
17-12-2024,Albacete,Levante,,0-0,3.20,draw
17-12-2024,Kelty Hearts,Arbroath,,3-2,2.25,home
17-12-2024,Elgin City,Clyde,,4-2,1.25,home
17-12-2024,Forfar Athletic,Peterhead,,1-1,1.30,draw
17-12-2024,Tonbridge,Chesham,,1-0,2.60,home
17-12-2024,Glenavon,Crusaders,,3-1,2.30,home
17-12-2024,Cordoba,Eibar,,2-1,1.30,home
17-12-2024,Zaragoza,R. Oviedo,,2-3,3.00,away
17-12-2024,Panionios,Asteras Tripolis,,0-2,1.30,away
17-12-2024,Heracles,Nijmegen,,0-0,2.35,draw
17-12-2024,Sparta Rotterdam,G.A. Eagles,,1-1,2.40,draw
17-12-2024,Monaco,PSG,,2-4,1.90,away
17-12-2024,Malaga,Eldense,,3-0,1.25,home
17-12-2024,Mirandes,Gijon,,1-1,2.85,draw
17-12-2024,Espanyol,Valencia,,1-1,1.35,draw
17-12-2024,Deportes Tolima,Atl. Nacional,,1-1,2.15,draw
16-12-2024,Aalborg,Silkeborg,,1-2,1.40,away
16-12-2024,Lazio,Inter,,0-6,2.05,away
16-12-2024,Dunkerque,Caen,,3-1,1.30,home
16-12-2024,Rio Ave,Vitoria Guimaraes,,2-2,1.95,draw
16-12-2024,Ind. Rivadavia,Dep. Riestra,,0-0,1.25,draw
16-12-2024,Shabab Al-Ahli Dubai,Al Wasl,,3-0,1.80,home
16-12-2024,Albacete,Levante,,0-0,3.20,draw
16-12-2024,Cordoba,Eibar,,2-1,1.30,home
16-12-2024,Zaragoza,R. Oviedo,,2-3,3.00,away
16-12-2024,Panionios,Asteras Tripolis,,0-2,1.30,away
16-12-2024,Sparta Rotterdam,G.A. Eagles,,1-1,2.40,draw
16-12-2024,Monaco,PSG,,2-4,1.90,away
16-12-2024,Espanyol,Valencia,,1-1,3.00,draw
16-12-2024,Deportes Tolima,Atl. Nacional,,1-1,2.15,draw
16-12-2024,Botev Plovdiv,Ludogorets,,2-4,1.20,away
16-12-2024,Tottenham,Manchester Utd,,4-3,2.65,home
15-12-2024,Watford,West Brom,,2-1,3.10,home
15-12-2024,Bologna,Fiorentina,,1-0,3.10,home
15-12-2024,Montpellier,Nice,,2-2,1.60,draw
15-12-2024,Norwich,Burnley,,1-2,3.10,away
15-12-2024,Kilmarnock,Hearts,,1-0,2.45,home
15-12-2024,Alaves,Ath Bilbao,,1-1,1.30,draw
15-12-2024,VfL Osnabruck,RW Essen,,2-0,1.35,home
15-12-2024,Arouca,Santa Clara,,1-0,1.30,home
15-12-2024,Lugano,Lausanne,,1-4,2.15,away
15-12-2024,Zurich,St. Gallen,,0-2,2.20,away
15-12-2024,Le Havre,Strasbourg,,0-3,3.20,away
15-12-2024,Salernitana,Juve Stabia,,1-2,2.20,away
15-12-2024,Como,AS Roma,,2-0,2.30,home
15-12-2024,RB Leipzig,Eintracht Frankfurt,,2-1,3.00,home
15-12-2024,Tenerife,Dep. La Coruna,,Postp,1.40,postponed
15-12-2024,Estoril,Casa Pia,,0-2,1.40,away
14-12-2024,Blackburn,Luton,,2-0,2.10,home
14-12-2024,Oxford Utd,Sheffield Wed,,1-3,1.30,away
14-12-2024,Stoke,Cardiff,,2-2,2.20,draw
14-12-2024,Swansea,Sunderland,,2-3,3.10,away
14-12-2024,Mallorca,Girona,,2-1,3.00,home
14-12-2024,Cadiz CF,Albacete,,1-0,2.00,home
14-12-2024,SC Farense,Gil Vicente,,0-1,1.45,away
14-12-2024,Marseille,Lille,,1-1,1.30,draw
14-12-2024,Sampdoria,Spezia,,0-0,3.00,draw
14-12-2024,Nottingham,Aston Villa,,2-1,1.30,home
14-12-2024,St. Pauli,Werder Bremen,,0-2,1.30,away
14-12-2024,Sevilla,Celta Vigo,,1-0,2.20,home
14-12-2024,Eibar,Zaragoza,,2-1,1.35,home
14-12-2024,Eldense,Elche,,0-0,2.95,draw
14-12-2024,Nacional,Moreirense,,1-0,2.60,home
14-12-2024,R. Oviedo,Granada CF,,2-0,3.10,home
13-12-2024,Bourg en Bresse,Versailles,,1-0,2.95,home
13-12-2024,Dijon,Sochaux,,0-0,1.30,draw
13-12-2024,Nancy,Orleans,,1-0,3.00,home
13-12-2024,Zwolle,Willem II,,0-1,2.00,away
13-12-2024,De Graafschap,Cambuur,,0-2,2.25,away
13-12-2024,Jong AZ,FC Emmen,,1-1,2.10,draw
13-12-2024,Oss,Jong Ajax,,2-1,2.45,home
13-12-2024,Amiens,Laval,,1-3,3.10,away
13-12-2024,Bastia,Guingamp,,3-1,2.90,home
13-12-2024,Clermont,Rodez,,1-1,1.40,draw
13-12-2024,Freiburg,Wolfsburg,,3-2,1.30,home
13-12-2024,Pisa,Bari,,2-0,1.25,home
13-12-2024,Livingston,Partick Thistle,,2-0,1.30,home
13-12-2024,Empoli,Torino,,0-1,2.85,away
13-12-2024,KV Mechelen,Antwerp,,1-1,2.30,draw
13-12-2024,Valladolid,Valencia,,1-0,1.45,home
12-12-2024,Ludogorets,AZ Alkmaar,,2-2,1.30,draw
12-12-2024,Malmo FF,Galatasaray,,2-2,1.25,draw
12-12-2024,Royale Union SG,Nice,,2-1,2.15,home
12-12-2024,Basaksehir,Heidenheim,,3-1,1.30,home
12-12-2024,Noah,APOEL,,1-3,3.10,away
12-12-2024,O. Ljubljana,Cercle Brugge KSV,,1-4,2.15,away
12-12-2024,Ajax,Lazio,,1-3,1.30,away
12-12-2024,Elfsborg,Qarabag,,1-0,2.60,home
12-12-2024,Lyon,Eintracht Frankfurt,,3-2,1.30,home
12-12-2024,Rangers,Tottenham,,1-1,2.00,draw
12-12-2024,Mlada Boleslav,Jagiellonia,,1-0,3.50,home
12-12-2024,Omonia,SK Rapid,,3-1,3.40,home
12-12-2024,Shamrock Rovers,Borac Banja Luka,,3-0,2.15,home
12-12-2024,St. Gallen,Vitoria Guimaraes,,1-4,1.40,away
12-12-2024,Atl. Nacional,America De Cali,,3-1,1.95,home
12-12-2024,Club America,Monterrey,,2-1,2.00,home
11-12-2024,Fenerbahce,Ath Bilbao,,0-2,2.40,away
11-12-2024,Omonia Aradippou,Anorthosis,,2-4,1.75,away
11-12-2024,Paralimni,Nea Salamis,,0-0,3.10,draw
11-12-2024,Millwall,Sheffield Utd,,0-1,2.55,away
11-12-2024,Cardiff,Preston,,0-2,3.00,away
11-12-2024,Hull,Watford,,1-1,3.00,draw
11-12-2024,West Brom,Coventry,,2-0,3.10,home
11-12-2024,Dortmund,Barcelona,,2-3,1.35,away
11-12-2024,Juventus,Manchester City,,2-0,1.25,home
11-12-2024,Vikingur Reykjavik,Djurgarden,,1-2,2.15,away
11-12-2024,Ludogorets,AZ Alkmaar,,2-2,1.30,draw
11-12-2024,Malmo FF,Galatasaray,,2-2,1.25,draw
11-12-2024,Royale Union SG,Nice,,2-1,2.15,home
11-12-2024,Basaksehir,Heidenheim,,3-1,1.30,home
11-12-2024,Noah,APOEL,,1-3,3.10,away
11-12-2024,Ajax,Lazio,,1-3,1.30,away
10-12-2024,D. Zagreb,Celtic,,0-0,1.35,draw
10-12-2024,Burton,Stevenage,,0-4,2.25,away
10-12-2024,Charlton,Leyton Orient,,0-2,2.20,away
10-12-2024,Cheltenham,Cambridge Utd,,2-1,1.30,home
10-12-2024,Chesterfield,Wigan,,3-2,2.50,home
10-12-2024,Walsall,Reading,,1-1,2.10,draw
10-12-2024,Portsmouth,Norwich,,0-0,1.30,draw
10-12-2024,Sheffield Wed,Blackburn,,0-1,1.30,away
10-12-2024,Bolton,Huddersfield,,3-1,2.20,home
10-12-2024,Colchester,AFC Wimbledon,,2-0,2.10,home
10-12-2024,FC Halifax,Sutton,,0-0,3.10,draw
10-12-2024,Wealdstone,Altrincham,,3-3,2.70,draw
10-12-2024,Atalanta,Real Madrid,,2-3,1.30,away
10-12-2024,Bayer Leverkusen,Inter,,1-0,2.20,home
10-12-2024,Club Brugge KV,Sporting CP,,2-1,2.20,home
10-12-2024,RB Leipzig,Aston Villa,,2-3,1.30,away
09-12-2024,Athens Kallithea,Levadiakos,,2-4,2.90,away
09-12-2024,FC Hermannstadt,Otelul,,1-0,2.70,home
09-12-2024,Gaziantep,Rizespor,,1-0,2.50,home
09-12-2024,Korona Kielce,Pogon Szczecin,,0-0,1.35,draw
09-12-2024,U. Cluj,CFR Cluj,,3-2,2.50,home
09-12-2024,Jong Utrecht,Eindhoven FC,,0-4,1.35,away
09-12-2024,Lucchese,Arezzo,,0-1,2.20,away
09-12-2024,Perugia,Campobasso,,2-1,2.35,home
09-12-2024,Giugliano,Monopoli,,1-2,3.00,away
09-12-2024,Monza,Udinese,,1-2,3.00,away
09-12-2024,Estrela,Arouca,,2-1,3.10,home
09-12-2024,Belgrano,Estudiantes L.P.,,2-2,2.50,draw
09-12-2024,D. Zagreb,Celtic,,0-0,1.35,draw
09-12-2024,Atalanta,Real Madrid,,2-3,1.30,away
09-12-2024,Brest,PSV,,1-0,1.30,home
09-12-2024,RB Leipzig,Aston Villa,,2-3,1.30,away
08-12-2024,Ipswich,Bournemouth,,1-2,2.05,away
08-12-2024,Verona,Empoli,,1-4,2.90,away
08-12-2024,Wolfsburg,Mainz,,4-3,1.30,home
08-12-2024,West Brom,Sheffield Utd,,2-2,3.20,draw
08-12-2024,Malaga,Almeria,,1-1,2.20,draw
08-12-2024,Boavista,SC Farense,,1-1,1.35,draw
08-12-2024,FC Emmen,Excelsior,,1-1,1.30,draw
08-12-2024,Nantes,Rennes,,1-0,3.15,home
08-12-2024,Strasbourg,Reims,,0-0,1.40,draw
08-12-2024,Tottenham,Chelsea,,3-4,2.35,away
08-12-2024,Hoffenheim,Freiburg,,1-1,2.50,draw
08-12-2024,Venezia,Como,,2-2,2.60,draw
08-12-2024,Albacete,Castellon,,0-0,2.00,draw
08-12-2024,Burgos CF,Eldense,,1-0,2.00,home
08-12-2024,Dender,Westerlo,,1-0,1.30,home
08-12-2024,Viktoria Koln,VfL Osnabruck,,2-0,1.30,home
07-12-2024,Brentford,Newcastle,,4-2,1.25,home
07-12-2024,Dundee Utd,Kilmarnock,,1-1,2.15,draw
07-12-2024,Hull,Blackburn,,0-1,3.30,away
07-12-2024,Luton,Swansea,,1-1,3.30,draw
07-12-2024,Millwall,Coventry,,0-1,3.00,away
07-12-2024,St. Mirren,Motherwell,,0-1,1.95,away
07-12-2024,Portsmouth,Bristol City,,3-0,2.20,home
07-12-2024,QPR,Norwich,,3-0,1.30,home
07-12-2024,Crawley,Stevenage,,Postp,3.20,postponed
07-12-2024,Mansfield,Huddersfield,,1-2,2.10,away
07-12-2024,Wolfsberger AC,LASK,,2-1,3.20,home
07-12-2024,Cosenza,Frosinone,,0-1,1.30,away
07-12-2024,Valencia,Rayo Vallecano,,0-1,1.25,away
07-12-2024,B. Monchengladbach,Dortmund,,1-1,2.05,draw
07-12-2024,Preussen Munster,Magdeburg,,1-2,1.30,away
07-12-2024,Huesca,Eibar,,2-1,1.30,home
06-12-2024,Trabzonspor,Kasimpasa,,2-2,2.20,draw
06-12-2024,Elversberg,Nurnberg,,2-1,2.10,home
06-12-2024,Verl,Saarbrucken,,1-1,2.40,draw
06-12-2024,Sepsi Sf. Gheorghe,FC Rapid Bucuresti,,2-0,1.40,home
06-12-2024,Stade Nyonnais,Xamax,,2-1,2.10,home
06-12-2024,Nimes,Le Mans,,0-0,2.95,draw
06-12-2024,Villefranche,Dijon,,1-0,2.25,home
06-12-2024,Helmond,Den Bosch,,0-0,1.25,draw
06-12-2024,Annecy,Clermont,,2-0,1.35,home
06-12-2024,Laval,Caen,,1-0,3.40,home
06-12-2024,Red Star,Bastia,,0-0,3.10,draw
06-12-2024,Rodez,Pau FC,,1-0,1.30,home
06-12-2024,Juve Stabia,Sudtirol,,2-1,1.25,home
06-12-2024,Trento,Novara,,1-3,2.95,away
06-12-2024,Mirandes,Levante,,2-1,2.95,home
06-12-2024,Burnley,Middlesbrough,,1-1,1.35,draw
05-12-2024,Mlada Boleslav,Liberec,,1-0,3.30,home
05-12-2024,Moss,Haugesund,,0-0,3.00,draw
05-12-2024,Barakaldo,Racing Club Ferrol,,1-2,2.00,away
05-12-2024,Marbella,Burgos CF,,1-0,1.30,home
05-12-2024,Ponferradina,Castellon,,1-1,1.30,draw
05-12-2024,Aarau,Etoile-Carouge,,0-1,2.00,away
05-12-2024,Fulham,Brighton,,3-1,1.30,home
05-12-2024,Lazio,Napoli,,3-1,3.15,home
05-12-2024,Bournemouth,Tottenham,,1-0,1.25,home
05-12-2024,Athletico-PR,Bragantino,,1-2,1.30,away
05-12-2024,Club America,Cruz Azul,,0-0,3.00,draw
05-12-2024,Brisbane Roar,Melbourne City,,1-4,2.25,away
05-12-2024,Elversberg,Nurnberg,,2-1,2.10,home
05-12-2024,Sepsi Sf. Gheorghe,FC Rapid Bucuresti,,2-0,1.40,home
05-12-2024,Verl,Saarbrucken,,1-1,2.40,draw
05-12-2024,Helmond,Den Bosch,,0-0,2.10,draw
04-12-2024,Gimnastic,Huesca,,0-1,2.50,away
04-12-2024,Petrolul,Univ. Craiova,,0-2,3.15,away
04-12-2024,Cultural Leonesa,Almeria,,1-2,1.60,away
04-12-2024,Bohemians,Hradec Kralove,,0-3,1.30,away
04-12-2024,Everton,Wolves,,4-0,1.30,home
04-12-2024,Bromley,Gillingham,,2-1,2.25,home
04-12-2024,Fleetwood,Doncaster,,2-4,2.25,away
04-12-2024,Karlsruher SC,Augsburg,,1-1,2.30,draw
04-12-2024,RB Leipzig,Eintracht Frankfurt,,3-0,1.25,home
04-12-2024,Zamora,Tenerife,,0-0,2.85,draw
04-12-2024,Ath Bilbao,Real Madrid,,2-1,2.30,home
04-12-2024,Vasco,Atletico-MG,,2-0,3.10,home
04-12-2024,Vitoria,Gremio,,1-1,2.30,draw
04-12-2024,Atletico GO,Fortaleza,,3-1,1.50,home
04-12-2024,Cruzeiro,Palmeiras,,1-2,2.00,away
04-12-2024,Internacional,Botafogo RJ,,0-1,1.45,away
03-12-2024,FC Hermannstadt,Farul Constanta,,1-1,1.95,draw
03-12-2024,Sakhnin,Hapoel Haifa,,0-2,1.40,away
03-12-2024,MTK Budapest,Paks,,3-1,2.25,home
03-12-2024,Grasshoppers,Zurich,,0-1,3.20,away
03-12-2024,Ipswich,Crystal Palace,,0-1,1.40,away
03-12-2024,Exeter,Wycombe,,2-2,1.95,draw
03-12-2024,Rotherham,Lincoln,,2-1,3.05,home
03-12-2024,Wrexham,Barnsley,,1-0,1.30,home
03-12-2024,Bradford City,Barrow,,1-1,2.00,draw
03-12-2024,Cheltenham,Port Vale,,1-1,2.10,draw
03-12-2024,Grimsby,Accrington,,5-2,2.80,home
03-12-2024,MK Dons,Chesterfield,,3-0,1.40,home
03-12-2024,Cove Rangers,Stenhousemuir,,0-3,2.10,away
03-12-2024,Salisbury,Worthing,,0-2,1.25,away
03-12-2024,B.Spartans,Utd of Manch.,,2-2,2.20,draw
03-12-2024,Leicester,West Ham,,3-1,1.40,home
02-12-2024,FK Zorya Luhansk,Karpaty Lviv,,2-1,3.00,home
02-12-2024,APOEL,Aris,,1-2,3.10,away
02-12-2024,Sakaryaspor,Boluspor,,2-1,2.30,home
02-12-2024,Motor Lublin,Radomiak Radom,,1-0,1.35,home
02-12-2024,Otelul,FCSB,,1-4,1.25,away
02-12-2024,Arezzo,Entella,,1-1,2.70,draw
02-12-2024,Pontedera,Spal,,5-1,1.40,home
02-12-2024,Sorrento,Giugliano,,3-0,3.00,home
02-12-2024,AS Roma,Atalanta,,0-2,1.30,away
02-12-2024,Sevilla,Osasuna,,1-1,2.05,draw
02-12-2024,Barracas Central,Tigre,,0-0,2.20,draw
02-12-2024,Platense,Union de Santa Fe,,1-0,2.70,home
02-12-2024,Talleres Cordoba,Huracan,,1-0,1.25,home
02-12-2024,Ind. Rivadavia,Argentinos Jrs,,2-1,1.35,home
02-12-2024,MTK Budapest,Paks,,3-1,2.25,home
02-12-2024,Grasshoppers,Zurich,,0-1,3.20,away
01-12-2024,Frosinone,Cesena,,3-2,3.10,home
01-12-2024,Palermo,Spezia,,2-0,3.10,home
01-12-2024,Casertana,Potenza,,0-0,2.95,draw
01-12-2024,Derby,Sheffield Wed,,1-2,3.20,away
01-12-2024,Hearts,Aberdeen,,1-1,2.80,draw
01-12-2024,Leuven,Anderlecht,,0-0,2.20,draw
01-12-2024,Solihull Moors,Bromley,,1-2,1.25,away
01-12-2024,Estoril,Famalicao,,2-1,3.20,home
01-12-2024,Den Bosch,Dordrecht,,2-3,1.25,away
01-12-2024,Liverpool,Manchester City,,2-0,2.10,home
01-12-2024,Le Havre,Angers,,0-1,1.30,away
01-12-2024,Campobasso,Rimini,,1-2,1.30,away
01-12-2024,Turris,ACR Messina,,1-2,1.30,away
01-12-2024,Hajduk Split,D. Zagreb,,1-0,3.10,home
01-12-2024,Rayo Vallecano,Ath Bilbao,,1-2,1.40,away
01-12-2024,Marseille,Monaco,,2-1,2.60,home
30-11-2024,Crystal Palace,Newcastle,,1-1,1.30,draw
30-11-2024,Wolves,Bournemouth,,2-4,1.30,away
30-11-2024,Norwich,Luton,,4-2,2.00,home
30-11-2024,Preston,West Brom,,1-1,1.35,draw
30-11-2024,Stoke,Burnley,,0-2,2.30,away
30-11-2024,Cambridge Utd,Wigan,,1-1,1.35,draw
30-11-2024,Exeter,Chesterfield,,2-0,2.20,home
30-11-2024,Stevenage,Mansfield,,0-1,2.30,away
30-11-2024,Walsall,Charlton,,0-4,2.35,away
30-11-2024,Rio Ave,Moreirense,,3-2,1.50,home
30-11-2024,Grazer AK,Wolfsberger AC,,3-4,3.30,away
30-11-2024,Alanyaspor,Trabzonspor,,2-1,2.75,home
30-11-2024,Basaksehir,Goztepe,,4-1,3.00,home
30-11-2024,Mantova,Modena,,0-0,1.50,draw
30-11-2024,Espanyol,Celta Vigo,,3-1,2.25,home
30-11-2024,Tenerife,Elche,,1-1,2.80,draw
29-11-2024,Antalyaspor,Sivasspor,,2-1,2.00,home
29-11-2024,Magdeburg,Hertha Berlin,,1-3,1.50,away
29-11-2024,Schalke,Kaiserslautern,,0-3,2.10,away
29-11-2024,Academico Viseu,Leixoes,,2-0,3.00,home
29-11-2024,Den Haag,FC Emmen,,2-1,1.95,home
29-11-2024,Roda,FC Volendam,,1-1,2.10,draw
29-11-2024,Telstar,Cambuur,,2-2,2.10,draw
29-11-2024,Vitesse,Helmond,,2-1,2.30,home
29-11-2024,Dumbarton,Alloa,,3-2,2.25,home
29-11-2024,Reims,Lens,,0-2,1.40,away
29-11-2024,Kortrijk,KV Mechelen,,3-1,2.05,home
29-11-2024,Sheffield Utd,Sunderland,,1-0,1.25,home
29-11-2024,Mallorca,Valencia,,2-1,1.20,home
29-11-2024,SC Farense,Estrela,,1-0,3.15,home
29-11-2024,San Lorenzo,Belgrano,,0-2,1.25,away
29-11-2024,Estudiantes L.P.,River Plate,,1-2,1.30,away
28-11-2024,Anderlecht,FC Porto,,2-2,1.35,draw
28-11-2024,AZ Alkmaar,Galatasaray,,1-1,2.20,draw
28-11-2024,Dyn. Kyiv,Plzen,,1-2,1.30,away
28-11-2024,Qarabag,Lyon,,1-4,1.30,away
28-11-2024,Borac Banja Luka,LASK,,2-1,1.25,home
28-11-2024,Celje,Jagiellonia,,3-3,2.30,draw
28-11-2024,TNS,Djurgarden,,0-1,2.10,away
28-11-2024,Braga,Hoffenheim,,3-0,2.05,home
28-11-2024,FCSB,Olympiacos Piraeus,,0-0,2.10,draw
28-11-2024,Midtjylland,Eintracht Frankfurt,,1-2,2.05,away
28-11-2024,Slavia Prague,Fenerbahce,,1-2,3.00,away
28-11-2024,Twente,Royale Union SG,,0-1,1.35,away
28-11-2024,Lugano,Gent,,2-0,1.40,home
28-11-2024,Omonia,Legia,,0-3,3.20,away
28-11-2024,Atl. San Luis,U.A.N.L.- Tigres,,3-0,2.15,home
28-11-2024,Monterrey,U.N.A.M.- Pumas,,1-0,2.05,home
27-11-2024,Sturm Graz,Girona,,1-0,2.05,home
27-11-2024,GV San Jose,Bolivar,,3-2,1.90,home
27-11-2024,Boston River,Racing Montevideo,,1-2,3.00,away
27-11-2024,Portsmouth,Millwall,,Postp,3.10,postponed
27-11-2024,Ebbsfleet,Eastleigh,,0-1,2.20,away
27-11-2024,Gosport,Bracknell,,Postp,2.50,postponed
27-11-2024,Derby,Swansea,,1-2,3.10,away
27-11-2024,Aston Villa,Juventus,,0-0,1.35,draw
27-11-2024,Bologna,Lille,,1-2,1.35,away
27-11-2024,Celtic,Club Brugge KV,,1-1,2.05,draw
27-11-2024,Monaco,Benfica,,2-3,1.40,away
27-11-2024,Cerro Largo,Defensor Sp.,,3-0,1.35,home
27-11-2024,Cruzeiro,Gremio,,1-1,1.95,draw
27-11-2024,Royal Pari,Nacional Potosi,,2-0,2.10,home
27-11-2024,Club America,Toluca,,2-0,1.30,home
27-11-2024,Once Caldas,Junior,,2-2,1.25,draw
26-11-2024,Burnley,Coventry,,2-0,1.30,home
26-11-2024,Hull,Sheffield Wed,,0-2,3.25,away
26-11-2024,Stoke,Preston,,0-0,1.30,draw
26-11-2024,Watford,Bristol City,,1-0,2.35,home
26-11-2024,Bristol Rovers,Blackpool,,0-2,3.50,away
26-11-2024,Burton,Charlton,,0-1,1.30,away
26-11-2024,Leyton Orient,Huddersfield,,0-2,1.35,away
26-11-2024,Tranmere,AFC Wimbledon,,0-2,2.20,away
26-11-2024,Hibernian,Aberdeen,,3-3,1.40,draw
26-11-2024,Altrincham,York City,,3-0,3.30,home
26-11-2024,Braintree,Maidenhead,,1-3,2.10,away
26-11-2024,Sutton,Solihull Moors,,1-0,2.65,home
26-11-2024,Woking,Southend,,0-0,2.15,draw
26-11-2024,Bath,Salisbury,,1-0,2.35,home
26-11-2024,Sunderland,West Brom,,0-0,1.35,draw
26-11-2024,Sporting CP,Arsenal,,1-5,3.40,away
25-11-2024,FC Botosani,Poli Iasi,,1-1,2.75,draw
25-11-2024,Empoli,Udinese,,1-1,2.85,draw
25-11-2024,UTA Arad,Univ. Craiova,,1-2,1.85,away
25-11-2024,Lucchese,Pontedera,,2-1,2.75,home
25-11-2024,Venezia,Lecce,,0-1,1.30,away
25-11-2024,Dunkerque,AC Ajaccio,,1-0,1.85,home
25-11-2024,Port Vale,Crewe,,1-1,2.00,draw
25-11-2024,Central Cordoba,Rosario Central,,0-1,1.30,away
25-11-2024,Belgrano,Ind. Rivadavia,,0-2,1.20,away
25-11-2024,Sporting CP,Arsenal,,1-5,3.40,away
25-11-2024,Sunderland,West Brom,,0-0,1.35,draw
25-11-2024,Burton,Charlton,,0-1,1.30,away
25-11-2024,Leyton Orient,Huddersfield,,0-2,1.35,away
25-11-2024,Tranmere,AFC Wimbledon,,0-2,2.20,away
25-11-2024,Sutton,Solihull Moors,,1-0,2.65,home
25-11-2024,Altrincham,York City,,3-0,3.30,home
24-11-2024,Como,Fiorentina,,0-2,1.35,away
24-11-2024,Torino,Monza,,1-1,1.20,draw
24-11-2024,Lille,Rennes,,1-0,1.95,home
24-11-2024,Holstein Kiel,Mainz,,0-3,2.30,away
24-11-2024,Leuven,Royale Union SG,,1-1,1.95,draw
24-11-2024,Sevilla,Rayo Vallecano,,1-0,1.35,home
24-11-2024,Dep. La Coruna,Gijon,,1-1,2.05,draw
24-11-2024,Mirandes,Eldense,,1-0,1.20,home
24-11-2024,Ingolstadt,VfL Osnabruck,,4-2,1.95,home
24-11-2024,Basel,Servette,,3-1,1.95,home
24-11-2024,Palermo,Sampdoria,,1-1,3.20,draw
24-11-2024,Huesca,Castellon,,1-1,3.20,draw
24-11-2024,Olympiacos Piraeus,AEK Athens FC,,4-1,1.30,home
24-11-2024,Lazio,Bologna,,3-0,3.40,home
24-11-2024,Ath Bilbao,Real Sociedad,,1-0,3.00,home
24-11-2024,Elche,R. Oviedo,,4-0,1.25,home
23-11-2024,Bournemouth,Brighton,,1-2,1.30,away
23-11-2024,Everton,Brentford,,0-0,2.40,draw
23-11-2024,Luton,Hull,,1-0,2.00,home
23-11-2024,Millwall,Sunderland,,1-1,3.00,draw
23-11-2024,Preston,Derby,,1-1,3.20,draw
23-11-2024,QPR,Stoke,,1-1,2.50,draw
23-11-2024,Granada CF,Cadiz CF,,0-0,1.25,draw
23-11-2024,Unterhaching,Wehen,,1-1,3.50,draw
23-11-2024,Lens,Marseille,,1-3,1.60,away
23-11-2024,AC Milan,Juventus,,0-0,3.25,draw
23-11-2024,Las Palmas,Mallorca,,2-3,1.50,away
23-11-2024,Burgos CF,Eibar,,1-0,2.90,home
23-11-2024,Cordoba,Zaragoza,,2-2,1.30,draw
23-11-2024,St Etienne,Montpellier,,1-0,2.95,home
23-11-2024,Malaga,Racing Santander,,0-0,1.45,draw
23-11-2024,Reims,Lyon,,1-1,2.45,draw
22-11-2024,Paderborn,Nurnberg,,3-2,1.25,home
22-11-2024,Athens Kallithea,Panserraikos,,1-2,2.15,away
22-11-2024,Nordsjaelland,Aarhus,,1-0,1.30,home
22-11-2024,Troyes,Grenoble,,0-0,1.30,draw
22-11-2024,Caen,Rodez,,3-3,1.25,draw
22-11-2024,Clermont,Metz,,1-1,3.10,draw
22-11-2024,Martigues,Laval,,0-3,1.95,away
22-11-2024,Pau FC,Red Star,,4-1,2.10,home
22-11-2024,Cosenza,Modena,,1-1,2.90,draw
22-11-2024,Triestina,Renate,,0-1,1.25,away
22-11-2024,Perugia,Arezzo,,2-0,2.95,home
22-11-2024,Rimini,Vis Pesaro,,0-1,3.00,away
22-11-2024,Picerno,Altamura,,2-0,1.95,home
22-11-2024,Racing Club Ferrol,Levante,,0-0,1.35,draw
22-11-2024,Cheltenham,Tranmere,,1-0,2.45,home
22-11-2024,Plymouth,Watford,,2-2,2.20,draw
21-11-2024,Lunds,Ostersund,,0-2,2.20,away
21-11-2024,Landskrona,Varnamo,,2-2,2.05,draw
21-11-2024,Stockholm Internazionale,Sundsvall,,0-1,1.90,away
21-11-2024,Barracas Central,Belgrano,,1-1,1.25,draw
21-11-2024,Sportivo Trinidense,Cerro Porteno,,3-2,1.20,home
21-11-2024,Independiente,Gimnasia L.P.,,1-0,1.20,home
21-11-2024,Vasco,Internacional,,0-1,2.20,away
21-11-2024,Once Caldas,Deportes Tolima,,0-0,2.90,draw
21-11-2024,Club Tijuana,Club America,,2-2,2.15,draw
21-11-2024,Paderborn,Nurnberg,,3-2,1.25,home
21-11-2024,Nordsjaelland,Aarhus,,1-0,1.30,home
21-11-2024,Racing Club Ferrol,Levante,,0-0,1.35,draw
21-11-2024,Cosenza,Modena,,1-1,2.90,draw
21-11-2024,Perugia,Arezzo,,2-0,2.95,home
21-11-2024,Rimini,Vis Pesaro,,0-1,3.00,away
21-11-2024,Picerno,Altamura,,2-0,1.95,home
20-11-2024,Eldense,Huesca,,2-1,1.25,home
20-11-2024,Bragantino,Sao Paulo,,1-1,2.90,draw
20-11-2024,Criciuma,Vitoria,,0-1,1.30,away
20-11-2024,Newells Old Boys,Central Cordoba,,2-3,1.30,away
20-11-2024,Bahia,Palmeiras,,1-2,2.00,away
20-11-2024,Cuiaba,Flamengo RJ,,1-2,2.00,away
20-11-2024,Estudiantes L.P.,Rosario Central,,1-1,1.20,draw
20-11-2024,Atletico-MG,Botafogo RJ,,0-0,3.20,draw
20-11-2024,Guanacasteca,Puntarenas FC,,2-1,2.05,home
20-11-2024,Atl. Nacional,Santa Fe,,5-0,2.05,home
20-11-2024,Lunds,Ostersund,,0-2,2.20,away
20-11-2024,Landskrona,Varnamo,,2-2,2.05,draw
20-11-2024,Stockholm Internazionale,Sundsvall,,0-1,1.90,away
20-11-2024,Barracas Central,Belgrano,,1-1,1.25,draw
20-11-2024,Independiente,Gimnasia L.P.,,1-0,1.20,home
20-11-2024,Vasco,Internacional,,0-1,2.20,away
19-11-2024,Sierra Leone,Zambia,,0-2,1.30,away
19-11-2024,Tanzania,Guinea,,1-0,1.35,home
19-11-2024,Guinea Bissau,Mozambique,,1-2,1.95,away
19-11-2024,Congo,Uganda,,0-1,2.80,away
19-11-2024,United Arab Emirates,Qatar,,5-0,1.40,home
19-11-2024,Oman,Iraq,,0-1,2.30,away
19-11-2024,Czech Republic U21,Belgium U21,,1-1,2.65,draw
19-11-2024,Bradford City,Rotherham,,0-1,2.15,away
19-11-2024,Welling,Weymouth,,Postp,2.65,postponed
19-11-2024,Bath,Maidstone,,3-3,1.90,draw
19-11-2024,Hereford,Scarborough,,Postp,2.15,postponed
19-11-2024,Leamington,Chester,,Postp,1.35,postponed
19-11-2024,Oxford City,Alfreton,,1-2,1.45,away
19-11-2024,Folkestone,Dulwich Hamlet,,2-1,2.00,home
19-11-2024,Gainsborough,Warrington Rylands,,Postp,1.25,postponed
19-11-2024,Albania,Ukraine,,1-2,2.25,away
18-11-2024,Monopoli,Audace Cerignola,,1-1,2.80,draw
18-11-2024,Progreso,Fenix,,2-2,2.70,draw
18-11-2024,Croatia,Portugal,,1-1,3.20,draw
18-11-2024,Poland,Scotland,,1-2,2.30,away
18-11-2024,Serbia,Denmark,,0-0,1.40,draw
18-11-2024,Banfield,Tigre,,0-1,1.30,away
18-11-2024,CA Cerro,Boston River,,0-0,1.30,draw
18-11-2024,Platense,Godoy Cruz,,1-0,1.20,home
18-11-2024,Botafogo SP,Avai,,1-3,1.30,away
18-11-2024,Cerro Largo,Wanderers,,4-0,1.25,home
18-11-2024,Atl. Tucuman,Huracan,,4-2,2.90,home
18-11-2024,Instituto,Argentinos Jrs,,1-0,3.00,home
18-11-2024,Rampla Juniors,River Plate,,0-3,2.15,away
18-11-2024,Bradford City,Rotherham,,0-1,2.15,away
18-11-2024,Chile,Venezuela,,4-2,3.10,home
18-11-2024,Bragantino,Sao Paulo,,1-1,2.60,draw
17-11-2024,Arezzo,Pescara,,0-0,3.10,draw
17-11-2024,Torres,Entella,,0-1,2.80,away
17-11-2024,Altamura,ACR Messina,,2-1,1.20,home
17-11-2024,Brusque,Guarani,,2-1,1.30,home
17-11-2024,Cadiz CF,Cordoba,,2-0,1.25,home
17-11-2024,Benevento,Avellino,,2-2,2.10,draw
17-11-2024,Latina,Crotone,,0-4,2.90,away
17-11-2024,Finland,Greece,,0-2,1.90,away
17-11-2024,Almeria,Dep. La Coruna,,2-1,1.20,home
17-11-2024,FC Cartagena SAD,Huesca,,1-0,2.80,home
17-11-2024,Chapecoense-SC,Coritiba,,2-1,3.05,home
17-11-2024,Italy,France,,1-3,1.50,away
17-11-2024,Zaragoza,Malaga,,0-0,1.20,draw
17-11-2024,2 de Mayo,Olimpia Asuncion,,0-0,2.90,draw
17-11-2024,San Lorenzo,Racing Club,,1-2,2.90,away
17-11-2024,Ind. Medellin,Atl. Nacional,,1-0,3.05,home
16-11-2024,Bristol Rovers,Crawley,,0-0,1.90,draw
16-11-2024,Cambridge Utd,Barnsley,,1-1,1.85,draw
16-11-2024,Stockport County,Wrexham,,1-0,2.30,home
16-11-2024,Eldense,Albacete,,2-0,3.25,home
16-11-2024,Ethiopia,Tanzania,,0-2,2.05,away
16-11-2024,Pineto,Perugia,,3-1,2.85,home
16-11-2024,Pontedera,Pianese,,1-2,3.10,away
16-11-2024,Georgia,Ukraine,,1-1,1.45,draw
16-11-2024,Montenegro,Iceland,,0-2,3.20,away
16-11-2024,Andorra,Moldova,,0-1,1.20,away
16-11-2024,Levante,Elche,,1-1,2.30,draw
16-11-2024,Guinea,D.R. Congo,,1-0,1.30,home
16-11-2024,Albania,Czech Republic,,0-0,1.60,draw
16-11-2024,Gijon,Granada CF,,1-2,1.90,away
16-11-2024,Athletico-PR,Atletico-MG,,1-0,1.30,home
16-11-2024,Ponte Preta,Sport Recife,,0-4,1.30,away
15-11-2024,Georgia U21,Croatia U21,,1-0,3.20,home
15-11-2024,Cape Verde,Egypt,,1-1,2.45,draw
15-11-2024,Mozambique,Mali,,0-1,1.95,away
15-11-2024,Zimbabwe,Kenya,,1-1,2.55,draw
15-11-2024,Finland U21,Norway U21,,5-1,1.40,home
15-11-2024,Cyprus,Lithuania,,2-1,1.30,home
15-11-2024,Gambia,Comoros,,1-2,1.30,away
15-11-2024,Angola,Ghana,,1-1,2.60,draw
15-11-2024,Belgium U21,Czech Republic U21,,0-2,1.85,away
15-11-2024,Vis Pesaro,Ascoli,,1-1,2.90,draw
15-11-2024,Catania,Trapani,,2-1,3.00,home
15-11-2024,Foggia,Casertana,,0-0,3.20,draw
15-11-2024,Scotland,Croatia,,1-0,1.30,home
15-11-2024,Denmark,Spain,,1-2,1.25,away
15-11-2024,Luxembourg,Bulgaria,,0-1,2.90,away
15-11-2024,Uruguay,Colombia,,3-2,1.35,home
14-11-2024,Niger,Sudan,,4-0,1.30,home
14-11-2024,Burundi,Malawi,,0-0,2.90,draw
14-11-2024,Oman,Palestine,,1-0,1.90,home
14-11-2024,Qatar,Uzbekistan,,3-2,2.45,home
14-11-2024,Iraq,Jordan,,0-0,3.10,draw
14-11-2024,Belgium,Italy,,0-1,1.40,away
14-11-2024,Greece,England,,0-3,1.90,away
14-11-2024,Slovenia,Norway,,1-4,1.35,away
14-11-2024,Montserrat,Saint Vincent and the Grenadines,,1-2,1.25,away
14-11-2024,Jamaica,USA,,0-1,1.25,away
14-11-2024,Costa Rica,Panama,,0-1,1.30,away
14-11-2024,Botswana,Mauritania,,1-1,2.35,draw
14-11-2024,Uganda,South Africa,,0-2,2.75,away
14-11-2024,Cape Verde,Egypt,,1-1,2.45,draw
14-11-2024,Mozambique,Mali,,0-1,1.95,away
14-11-2024,Zimbabwe,Kenya,,1-1,2.55,draw
13-11-2024,Wales U19,Scotland U19,,1-0,1.25,home
13-11-2024,Liberia,Togo,,1-0,2.85,home
13-11-2024,Alcoyano,Villarreal B,,0-2,1.30,away
13-11-2024,Cerro Largo,Liverpool M.,,0-0,3.00,draw
13-11-2024,Carabobo,Monagas,,1-0,1.85,home
13-11-2024,La Guaira,Estudiantes Merida,,3-1,1.30,home
13-11-2024,Liberia,San Carlos,,Postp,2.85,postponed
13-11-2024,Australia,Saudi Arabia,,0-0,1.85,draw
13-11-2024,Danubio,CA Cerro,,0-0,1.25,draw
13-11-2024,Burundi,Malawi,,0-0,2.90,draw
13-11-2024,Oman,Palestine,,1-0,1.90,home
13-11-2024,Qatar,Uzbekistan,,3-2,2.45,home
13-11-2024,Iraq,Jordan,,0-0,3.10,draw
13-11-2024,Belgium,Italy,,0-1,1.40,away
13-11-2024,Greece,England,,0-3,1.90,away
13-11-2024,Slovenia,Norway,,1-4,1.35,away
12-11-2024,Morecambe,Carlisle,,1-2,1.25,away
12-11-2024,Charlton,Bromley,,1-0,1.25,home
12-11-2024,MK Dons,Leyton Orient,,1-3,1.25,away
12-11-2024,Northampton,Burton,,2-5,2.35,away
12-11-2024,Port Vale,Wrexham,,1-1,1.30,draw
12-11-2024,Slough,Dorking,,3-2,2.40,home
12-11-2024,Torquay,Maidstone,,1-1,1.40,draw
12-11-2024,Buxton,Brackley Town,,0-2,1.45,away
12-11-2024,Darlington,Peterborough Sports,,2-2,1.95,draw
12-11-2024,Marine,Curzon Ashton,,0-2,2.75,away
12-11-2024,Hashtag,Dartford,,3-3,2.55,draw
12-11-2024,Chatham,Horsham FC,,2-0,3.60,home
12-11-2024,Chertsey,Basingstoke,,3-0,3.80,home
12-11-2024,Basford,Stockton,,2-1,2.10,home
12-11-2024,Guarani,Amazonas,,0-0,2.85,draw
12-11-2024,Botafogo SP,Ceara,,1-4,3.00,away
11-11-2024,Gloria Buzau,Petrolul,,0-1,1.35,away
11-11-2024,Hobro IK,Hillerod,,2-2,1.40,draw
11-11-2024,Otelul,CFR Cluj,,0-1,1.25,away
11-11-2024,Turris,Altamura,,1-1,2.90,draw
11-11-2024,La Coruna,Eibar,,1-0,1.20,home
11-11-2024,Imbabura,Dep. Cuenca,,0-2,1.40,away
11-11-2024,Lanus,Platense,,0-0,2.80,draw
11-11-2024,Tigre,Defensa y Justicia,,0-4,2.20,away
11-11-2024,Sportivo Ameliano,de Mayo,,0-2,2.00,away
11-11-2024,Belgrano,Instituto,,3-1,3.00,home
11-11-2024,Coritiba,Santos,,0-2,2.95,away
11-11-2024,Australia,Saudi Arabia,,0-0,1.85,draw
11-11-2024,Qatar,Uzbekistan,,3-2,2.45,home
11-11-2024,Iraq,Jordan,,0-0,3.10,draw
11-11-2024,Belgium,Italy,,0-1,1.40,away
11-11-2024,Slovenia,Norway,,1-4,3.20,away
10-11-2024,Nottingham,Newcastle,,1-3,1.50,away
10-11-2024,AS Roma,Bologna,,2-3,3.30,away
10-11-2024,Cittadella,Cesena,,0-2,1.35,away
10-11-2024,Juve Stabia,Spezia,,0-3,1.35,away
10-11-2024,Reggiana,Catanzaro,,2-2,1.35,draw
10-11-2024,Nice,Lille,,2-2,3.25,draw
10-11-2024,Augsburg,Hoffenheim,,0-0,2.15,draw
10-11-2024,Le Havre,Reims,,0-3,2.25,away
10-11-2024,Montpellier,Brest,,3-1,1.30,home
10-11-2024,Rennes,Toulouse,,0-2,2.15,away
10-11-2024,Basaksehir,Besiktas,,0-0,3.30,draw
10-11-2024,Salernitana,Bari,,0-2,1.35,away
10-11-2024,Chelsea,Arsenal,,1-1,3.40,draw
10-11-2024,Stuttgart,Eintracht Frankfurt,,2-3,1.95,away
10-11-2024,St.Gilloise,Genk,,0-1,2.85,away
10-11-2024,Heidenheim,Wolfsburg,,1-3,3.30,away
09-11-2024,Brentford,Bournemouth,,3-2,2.70,home
09-11-2024,Crystal Palace,Fulham,,0-2,1.30,away
09-11-2024,West Ham,Everton,,0-0,2.15,draw
09-11-2024,Wolverhampton,Southampton,,2-0,1.95,home
09-11-2024,Norwich,Bristol City,,0-2,1.35,away
09-11-2024,Portsmouth,Preston,,3-1,1.40,home
09-11-2024,Sunderland,Coventry,,2-2,1.30,draw
09-11-2024,Mirandes,Cadiz CF,,2-2,2.60,draw
09-11-2024,Casa Pia,SC Farense,,1-1,1.25,draw
09-11-2024,Estoril,AVS,,0-0,2.25,draw
09-11-2024,Strasbourg,Monaco,,1-3,2.05,away
09-11-2024,Rizespor,Trabzonspor,,3-1,2.45,home
09-11-2024,Huesca,Zaragoza,,1-1,2.70,draw
09-11-2024,Servette,Zurich,,1-1,1.30,draw
09-11-2024,Leganes,Sevilla,,1-0,3.00,home
09-11-2024,Boavista,Rio Ave,,0-2,3.10,away
08-11-2024,Nurnberg,Kaiserslautern,,0-0,2.00,draw
08-11-2024,Vizela,Chaves,,0-1,2.95,away
08-11-2024,MVV,De Graafschap,,0-0,1.75,draw
08-11-2024,Oss,Den Bosch,,1-0,2.00,home
08-11-2024,VVV Venlo,AZ Alkmar II,,0-1,1.25,away
08-11-2024,Ajaccio,Clermont,,2-0,2.80,home
08-11-2024,Grenoble,Dunkerque,,0-1,1.45,away
08-11-2024,Laval,Bastia,,2-2,1.30,draw
08-11-2024,Red Star 93,Troyes,,0-3,3.30,away
08-11-2024,Rodez,Annecy,,5-1,1.25,home
08-11-2024,Barnsley,Rotherham,,2-0,2.10,home
08-11-2024,Union Berlin,Freiburg,,0-0,3.25,draw
08-11-2024,Frosinone,Palermo,,1-1,2.35,draw
08-11-2024,Elche,Almeria,,1-2,1.25,away
08-11-2024,Lecce,Empoli,,1-1,2.95,draw
08-11-2024,Moreirense,Gil Vicente,,3-2,3.00,home
07-11-2024,Elfsborg,Braga,,1-1,1.25,draw
07-11-2024,FCSB,Midtjylland,,2-0,1.30,home
07-11-2024,Galatasaray,Tottenham,,3-2,2.60,home
07-11-2024,Olympiacos,Rangers,,1-1,1.80,draw
07-11-2024,St.Gilloise,AS Roma,,1-1,2.50,draw
07-11-2024,Helsinki,Olimpija,,0-2,2.05,away
07-11-2024,Genoa,Como,,1-1,1.45,draw
07-11-2024,WBA,Burnley,,0-0,1.50,draw
07-11-2024,AZ Alkmaar,Fenerbahce,,3-1,1.40,home
07-11-2024,Dyn. Kyiv,Ferencvaros,,0-4,2.40,away
07-11-2024,Hoffenheim,Olympique Lyon,,2-2,1.45,draw
07-11-2024,Lazio,FC Porto,,2-1,3.30,home
07-11-2024,Djurgarden,Panathinaikos,,2-1,2.10,home
07-11-2024,Hearts,Heidenheim,,0-2,2.10,away
07-11-2024,Jagiellonia,Molde,,3-0,2.40,home
07-11-2024,LASK,Cercle Brugge,,0-0,1.95,draw
06-11-2024,Club Brugge KV,Aston Villa,,1-0,1.30,home
06-11-2024,Shakhtar Donetsk,Young Boys,,2-1,2.00,home
06-11-2024,Millwall,Leeds,,1-0,1.90,home
06-11-2024,Blackburn,Stoke,,0-2,2.00,away
06-11-2024,Luton,Cardiff,,1-0,1.90,home
06-11-2024,Preston,Sunderland,,0-0,1.35,draw
06-11-2024,Inter,Arsenal,,1-0,1.40,home
06-11-2024,Sparta Prague,Brest,,1-2,3.30,away
06-11-2024,Stuttgart,Atalanta,,0-2,1.45,away
06-11-2024,Banfield,Belgrano,,1-1,3.00,draw
06-11-2024,Atletico GO,Atletico-MG,,1-0,3.10,home
06-11-2024,Cruzeiro,Flamengo RJ,,0-1,2.00,away
06-11-2024,Instituto,River Plate,,2-3,2.10,away
06-11-2024,Necaxa,Atl. San Luis,,1-1,2.15,draw
06-11-2024,Tigres Uanl,Toluca,,2-1,1.25,home
06-11-2024,Juarez,Club Tijuana,,1-1,2.50,draw
05-11-2024,Dynamo Moscow,Lokomotiv Moscow,,1-2,2.85,away
05-11-2024,Slovan Bratislava,D. Zagreb,,1-4,1.95,away
05-11-2024,Bristol City,Sheffield Utd,,1-2,1.35,away
05-11-2024,Oxford Utd,Hull,,1-0,1.40,home
05-11-2024,QPR,Middlesbrough,,1-4,1.30,away
05-11-2024,Sheffield Wed,Norwich,,2-0,1.30,home
05-11-2024,Burton,Crawley,,0-0,2.15,draw
05-11-2024,Stockport County,Wycombe,,0-5,3.30,away
05-11-2024,Plymouth,Portsmouth,,1-0,1.40,home
05-11-2024,Swansea,Watford,,1-0,1.95,home
05-11-2024,Bologna,Monaco,,0-1,1.45,away
05-11-2024,Celtic,RB Leipzig,,3-1,2.70,home
05-11-2024,Lille,Juventus,,1-1,2.50,draw
05-11-2024,Sporting CP,Manchester City,,4-1,3.80,home
05-11-2024,Gimnasia L.P.,Central Cordoba,,0-0,2.15,draw
05-11-2024,San Lorenzo,Estudiantes L.P.,,1-1,2.65,draw
04-11-2024,Asteras Tripolis,OFI,,3-0,1.30,home
04-11-2024,Slobozia,Botosani,,1-0,1.45,home
04-11-2024,GKS Katowice,Korona Kielce,,1-2,2.10,away
04-11-2024,Empoli,Como,,1-0,3.10,home
04-11-2024,Parma,Genoa,,0-1,1.85,away
04-11-2024,Orgryte,Ostersund,,2-1,3.65,home
04-11-2024,Norrkoping,AIK,,1-0,1.30,home
04-11-2024,PSV II,Emmen,,2-3,1.90,away
04-11-2024,Utrecht II,MVV,,4-3,1.50,home
04-11-2024,Zaglebie,Slask,,3-0,3.05,home
04-11-2024,Ajaccio,Metz,,0-1,1.20,away
04-11-2024,Fulham,Brentford,,2-1,2.00,home
04-11-2024,Celta Vigo,Getafe,,1-0,1.25,home
04-11-2024,Nacional,Santa Clara,,2-0,2.25,home
04-11-2024,Corinthians,Palmeiras,,2-0,3.15,home
04-11-2024,Ind. Rivadavia,Rosario,,1-1,2.75,draw
03-11-2024,Tottenham,Aston Villa,,4-1,1.95,home
03-11-2024,Torino,Fiorentina,,0-1,2.30,away
03-11-2024,Catanzaro,Frosinone,,0-0,1.30,draw
03-11-2024,Cremonese,Pisa,,1-3,1.30,away
03-11-2024,Toulouse,Reims,,1-0,3.50,home
03-11-2024,Millwall,Burnley,,1-0,1.40,home
03-11-2024,Cercle Brugge,Charleroi,,2-0,2.35,home
03-11-2024,Wehen,Arminia Bielefeld,,0-0,2.40,draw
03-11-2024,RKC Waalwijk,Almere,,2-0,2.45,home
03-11-2024,Helmond,Excelsior,,0-1,2.45,away
03-11-2024,Auxerre,Rennes,,4-0,2.05,home
03-11-2024,Le Havre,Montpellier,,1-0,1.30,home
03-11-2024,Manchester Utd,Chelsea,,1-1,1.25,draw
03-11-2024,B. Monchengladbach,Werder Bremen,,4-1,2.05,home
03-11-2024,Verona,AS Roma,,3-2,1.85,home
03-11-2024,Nantes,Olympique Marseille,,1-2,2.05,away
02-11-2024,Ipswich,Leicester,,1-1,2.25,draw
02-11-2024,Nottingham,West Ham,,3-0,2.15,home
02-11-2024,Southampton,Everton,,1-0,2.65,home
02-11-2024,Cardiff,Norwich,,2-1,2.60,home
02-11-2024,Preston,Bristol City,,1-3,3.10,away
02-11-2024,QPR,Sunderland,,0-0,2.05,draw
02-11-2024,Sheffield Wed,Watford,,2-6,1.95,away
02-11-2024,Udinese,Juventus,,0-2,1.95,away
02-11-2024,Wolverhampton,Crystal Palace,,2-2,1.30,draw
02-11-2024,Dortmund,RB Leipzig,,2-1,1.25,home
02-11-2024,Heracles,NAC Breda,,2-0,1.55,home
02-11-2024,Ajax,PSV,,3-2,2.75,home
02-11-2024,Brest,Nice,,0-1,3.20,away
02-11-2024,Hertha Berlin,FC Koln,,0-1,1.20,away
02-11-2024,Fortuna S.,Heerenveen,,3-0,1.30,home
02-11-2024,St Etienne,Strasbourg,,2-0,1.95,home
01-11-2024,Gaziantep,Goztepe,,2-1,1.30,home
01-11-2024,Munster,Fortuna Dusseldorf,,1-0,2.00,home
01-11-2024,Ulm,Schalke,,0-0,2.60,draw
01-11-2024,Eindhoven,ADO Den Haag,,0-4,1.80,away
01-11-2024,Ajax II,VVV Venlo,,0-1,2.15,away
01-11-2024,AZ Alkmar II,Cambuur,,2-3,2.90,away
01-11-2024,Annecy,Pau,,2-0,2.20,home
01-11-2024,Troyes,Laval,,0-0,2.10,draw
01-11-2024,Dunkerque,Amiens,,3-1,3.15,home
01-11-2024,Martigues,Red Star 93,,0-1,3.20,away
01-11-2024,Bohemians,Galway,,1-1,2.70,draw
01-11-2024,Derry City,Shelbourne,,0-1,1.65,away
01-11-2024,Drogheda,Dundalk,,0-0,1.25,draw
01-11-2024,Luton,WBA,,1-1,1.40,draw
01-11-2024,Alaves,Mallorca,,1-0,2.95,home
01-11-2024,Lille,Olympique Lyon,,1-1,1.25,draw
31-10-2024,Modern Sport,Enppi,,0-0,1.25,draw
31-10-2024,Casertana,Altamura,,1-1,2.90,draw
31-10-2024,Latina,Monopoli,,0-1,2.80,away
31-10-2024,Al Ittihad J.,Al Ahli Jeddah,,1-0,1.25,home
31-10-2024,Braga,Vitoria Guimaraes,,2-1,3.20,home
31-10-2024,Brondby,Midtjylland,,1-0,1.35,home
31-10-2024,FC Botosani,FC Rapid Bucuresti,,0-2,1.85,away
31-10-2024,Juventus U23,Sorrento,,0-1,2.35,away
31-10-2024,Grasshoppers,Lugano,,1-1,2.35,draw
31-10-2024,Como,Lazio,,1-5,1.40,away
31-10-2024,ACR Messina,Cavese,,1-3,2.90,away
31-10-2024,Crotone,Benevento,,2-2,1.30,draw
31-10-2024,Foggia,Audace Cerignola,,0-1,2.90,away
31-10-2024,Sarmiento Junin,Independiente,,0-0,2.30,draw
31-10-2024,Godoy Cruz,Atl. Tucuman,,1-1,3.05,draw
31-10-2024,Racing Club,Corinthians,,2-1,1.95,home
30-10-2024,Hertha Berlin,Heidenheim,,2-1,2.80,home
30-10-2024,Paderborn,Werder Bremen,,0-1,2.20,away
30-10-2024,Venezia,Udinese,,3-2,1.35,home
30-10-2024,Sudtirol,Frosinone,,1-1,2.95,draw
30-10-2024,Brighton,Liverpool,,2-3,1.25,away
30-10-2024,Cittadella,Sampdoria,,0-0,1.30,draw
30-10-2024,Mantova,Palermo,,0-0,1.45,draw
30-10-2024,Sion,Zurich,,0-2,2.20,away
30-10-2024,Young Boys,Basel,,3-2,1.25,home
30-10-2024,Newcastle,Chelsea,,2-0,3.50,home
30-10-2024,Dundee Utd,Motherwell,,1-2,2.15,away
30-10-2024,Hearts,Kilmarnock,,1-2,1.90,away
30-10-2024,Ross County,Hibernian,,0-0,1.30,draw
30-10-2024,SG Dynamo Dresden,Darmstadt,,2-2,2.35,draw
30-10-2024,Aberdeen,Rangers,,2-1,2.05,home
30-10-2024,Tottenham,Manchester City,,2-1,2.50,home
29-10-2024,Cagliari,Bologna,,0-2,3.20,away
29-10-2024,Lecce,Verona,,1-0,1.30,home
29-10-2024,Bari,Carrarese,,0-0,1.20,draw
29-10-2024,Brescia,Spezia,,1-1,3.00,draw
29-10-2024,Juve Stabia,Sassuolo,,2-2,3.25,draw
29-10-2024,Modena,Cremonese,,2-2,3.15,draw
29-10-2024,Reggiana,Cosenza,,0-1,1.40,away
29-10-2024,Salernitana,Cesena,,1-1,3.15,draw
29-10-2024,Yverdon,Lausanne,,0-3,1.95,away
29-10-2024,Stevenage,Bolton,,1-4,1.35,away
29-10-2024,Fleetwood,Salford,,2-2,2.00,draw
29-10-2024,Morton,Queen’s Park,,0-1,2.40,away
29-10-2024,FC Koln,Holstein Kiel,,3-0,1.85,home
29-10-2024,Jahn Regensburg,Greuther Furth,,1-0,2.10,home
29-10-2024,Wolfsburg,Dortmund,,0-0,2.05,draw
29-10-2024,AC Milan,Napoli,,0-2,1.40,away
28-10-2024,Krylya Sovetov,Krasnodar,,1-2,1.77,away
28-10-2024,Galatasaray,Besiktas,,2-1,1.25,home
28-10-2024,Mafra,Leiria,,2-1,2.90,home
28-10-2024,Randers FC,Nordsjaelland,,4-0,2.05,home
28-10-2024,Maccabi Netanya,Hapoel Haifa,,0-3,2.15,away
28-10-2024,Ferrol,Tenerife,,1-1,2.70,draw
28-10-2024,Mallorca,Ath Bilbao,,0-0,2.95,draw
28-10-2024,Gimnasia L.P.,Union de Santa Fe,,2-3,2.85,away
28-10-2024,Cuiaba,Corinthians,,0-1,2.30,away
28-10-2024,Huracan,Cordoba Santiago,,0-0,1.20,draw
28-10-2024,Cagliari,Bologna,,0-2,3.20,away
28-10-2024,Lecce,Verona,,1-0,1.30,home
28-10-2024,AC Milan,Napoli,,0-2,1.40,away
28-10-2024,Venezia,Udinese,,3-2,2.70,home
28-10-2024,Dundee Utd,Motherwell,,1-2,2.15,away
28-10-2024,Ross County,Hibernian,,0-0,1.30,draw
27-10-2024,West Ham,Manchester Utd,,2-1,2.30,home
27-10-2024,Monza,Venezia,,2-2,2.15,draw
27-10-2024,Catanzaro,Sudtirol,,3-0,1.25,home
27-10-2024,Frosinone,Pisa,,0-0,1.35,draw
27-10-2024,Norwich City,Middlesbrough FC,,3-3,3.45,draw
27-10-2024,Getafe,Valencia,,1-1,1.25,draw
27-10-2024,La Coruna,Santander,,1-2,3.15,away
27-10-2024,LASK,Sturm Graz,,1-2,3.50,away
27-10-2024,Arsenal,Liverpool,,2-2,3.40,draw
27-10-2024,Union Berlin,Eintracht Frankfurt,,1-1,2.55,draw
27-10-2024,Betis,Atletico Madrid,,1-0,3.20,home
27-10-2024,Albacete,Gijon,,3-3,1.35,draw
27-10-2024,Huesca,Almeria,,2-2,1.35,draw
27-10-2024,Heidenheim,Hoffenheim,,0-0,2.95,draw
27-10-2024,Fiorentina,AS Roma,,5-1,3.25,home
27-10-2024,Granada,Levante,,1-2,2.00,away
26-10-2024,Aston Villa,Bournemouth,,1-1,1.90,draw
26-10-2024,Derby,Hull,,1-1,3.30,draw
26-10-2024,Plymouth,Preston,,3-3,1.40,draw
26-10-2024,Swansea,Millwall,,0-1,3.20,away
26-10-2024,Rayo Vallecano,Alaves,,1-0,1.25,home
26-10-2024,Angers,St Etienne,,4-2,1.50,home
26-10-2024,Brommapojkarna,Kalmar,,1-2,1.95,away
26-10-2024,Goztepe,Trabzonspor,,2-1,2.30,home
26-10-2024,Everton,Fulham,,1-1,1.45,draw
26-10-2024,Las Palmas,Girona,,1-0,2.80,home
26-10-2024,Zaragoza,Castellon,,1-2,2.00,away
26-10-2024,Reims,Brest,,1-2,2.15,away
26-10-2024,Ajaccio,Bastia,,0-0,2.30,draw
26-10-2024,Lens,Lille,,0-2,1.30,away
26-10-2024,Heerenveen,Sparta Rotterdam,,2-0,2.40,home
26-10-2024,Real Madrid,Barcelona,,0-4,2.00,away
25-10-2024,Udinese,Cagliari,,2-0,3.20,home
25-10-2024,Demirspor,Sivasspor,,2-4,1.45,away
25-10-2024,Stabaek,Valerenga,,1-2,1.20,away
25-10-2024,Casa Pia,Nacional,,1-0,1.25,home
25-10-2024,Almere City,NEC,,1-0,2.35,home
25-10-2024,Oss,AZ Alkmar II,,2-1,2.25,home
25-10-2024,VVV Venlo,Den Bosch,,1-2,2.20,away
25-10-2024,Mainz,B. Monchengladbach,,1-1,2.90,draw
25-10-2024,Spezia,Bari,,0-0,2.15,draw
25-10-2024,Torino,Como,,1-0,1.35,home
25-10-2024,St. Patricks,Derry City,,1-0,2.25,home
25-10-2024,Waterford,Bohemians,,1-1,3.20,draw
25-10-2024,Leicester,Nottingham,,1-3,2.40,away
25-10-2024,Portsmouth,Sheffield Wed,,1-2,2.10,away
25-10-2024,Espanyol,Sevilla,,0-2,2.45,away
25-10-2024,Santa Clara,Gil Vicente,,2-1,1.25,home
24-10-2024,Ferencvaros,Nice,,1-0,3.40,home
24-10-2024,Midtjylland,St.Gilloise,,1-0,2.20,home
24-10-2024,Qarabag,Ajax,,0-3,1.25,away
24-10-2024,Celje,Basaksehir,,5-1,1.35,home
24-10-2024,Djurgarden,Vitoria Guimaraes,,1-2,2.15,away
24-10-2024,Gent,Molde,,2-1,2.00,home
24-10-2024,Hearts,Omonia,,2-0,2.35,home
24-10-2024,Larne,Shamrock Rovers,,1-4,1.30,away
24-10-2024,Fenerbahce,Manchester Utd,,1-1,2.90,draw
24-10-2024,Malmo FF,Olympiacos Piraeus,,0-1,1.35,away
24-10-2024,Twente,Lazio,,0-2,2.50,away
24-10-2024,Mlada Boleslav,Lugano,,0-1,2.25,away
24-10-2024,O. Ljubljana,LASK,,2-0,1.30,home
24-10-2024,Paphos,Heidenheim,,0-1,2.30,away
24-10-2024,TNS,FC Astana,,2-0,3.40,home
24-10-2024,TSC Backa Topola,Legia,,0-3,2.00,away
