date,home_team,away_team,league,score,odds,result
23-10-2024,Munich 1860,VfL Osnabruck,,2-2,2.20,draw
23-10-2024,RW Essen,Verl,,1-3,2.20,away
23-10-2024,Wehen,SG Dynamo Dresden,,1-0,1.25,home
23-10-2024,Eibar,Cadiz CF,,1-0,3.00,home
23-10-2024,Eldense,Zaragoza,,2-3,1.45,away
23-10-2024,Hull,Burnley,,1-1,2.50,draw
23-10-2024,Blackburn,WBA,,0-0,2.70,draw
23-10-2024,Luton,Sunderland,,1-2,2.70,away
23-10-2024,Aldershot,Southend,,0-0,2.80,draw
23-10-2024,Altrincham,Hartlepool,,1-1,2.05,draw
23-10-2024,Boston Utd,AFC Fylde,,1-2,2.60,away
23-10-2024,Sutton,Gateshead,,0-1,2.20,away
23-10-2024,Wealdstone,Braintree,,3-2,2.25,home
23-10-2024,Middlesbrough,Sheffield Utd,,1-0,1.30,home
23-10-2024,Cartagena,Elche,,0-0,1.35,draw
23-10-2024,Barcelona,Bayern Munich,,4-1,1.25,home
22-10-2024,Cardiff,Portsmouth,,2-0,2.00,home
22-10-2024,Oxford Utd,Derby,,1-1,1.40,draw
22-10-2024,Preston,Norwich,,2-2,1.30,draw
22-10-2024,Sheffield Wed,Swansea,,0-0,1.30,draw
22-10-2024,Stoke,Bristol City,,2-2,3.30,draw
22-10-2024,Barnsley,Charlton,,2-2,3.10,draw
22-10-2024,Bristol Rovers,Shrewsbury,,1-0,2.05,home
22-10-2024,Crawley,Lincoln,,3-0,2.00,home
22-10-2024,Exeter,Reading,,1-2,1.30,away
22-10-2024,Leyton Orient,Rotherham,,1-0,2.50,home
22-10-2024,Peterborough,Blackpool,,5-1,3.50,home
22-10-2024,Wigan,Mansfield,,1-2,3.30,away
22-10-2024,Wrexham,Huddersfield,,0-0,1.40,draw
22-10-2024,Barrow,Notts Co,,1-1,2.70,draw
22-10-2024,Cheltenham,Bradford City,,1-1,2.05,draw
22-10-2024,QPR,Coventry,,1-1,2.40,draw
21-10-2024,Nea Salamis,AEL Limassol,,0-2,3.30,away
21-10-2024,Bodrumspor,Rizespor,,0-1,2.35,away
21-10-2024,Esenler,Keciorengucu,,2-2,3.30,draw
21-10-2024,Aarhus,Brondby,,1-0,3.30,home
21-10-2024,Aalesund,Start,,3-1,1.75,home
21-10-2024,Asane,Ranheim,,1-2,2.40,away
21-10-2024,Kongsvinger,Stabaek,,1-3,1.55,away
21-10-2024,Mjondalen,Sogndal,,0-0,2.20,draw
21-10-2024,Norrkoping,Brommapojkarna,,1-1,2.30,draw
21-10-2024,Hapoel E.H.,Maccabi Netanya,,2-2,1.90,draw
21-10-2024,Goteborg,AIK,,1-2,3.00,away
21-10-2024,FC Rapid Bucuresti,Farul Constanta,,5-0,1.25,home
21-10-2024,Albacete,Burgos CF,,2-0,1.25,home
21-10-2024,Verona,Monza,,0-3,1.30,away
21-10-2024,Troyes,Paris FC,,0-3,1.80,away
21-10-2024,Nottingham,Crystal Palace,,1-0,1.35,home
20-10-2024,Lecce,Fiorentina,,0-6,1.35,away
20-10-2024,Le Havre,Olympique Lyon,,0-4,2.00,away
20-10-2024,Holstein Kiel,Union Berlin,,0-2,2.15,away
20-10-2024,Hull,Sunderland,,0-1,3.45,away
20-10-2024,Leuven,Antwerp,,1-1,2.20,draw
20-10-2024,Ferrol,Huesca,,0-0,1.30,draw
20-10-2024,Bielefeld,Osnabruck,,3-1,2.00,home
20-10-2024,Auxerre,Reims,,2-1,2.55,home
20-10-2024,Nantes,Nice,,1-1,1.35,draw
20-10-2024,Wolfsburg,Werder,,2-4,2.05,away
20-10-2024,Cagliari,Torino,,3-2,2.60,home
20-10-2024,Elche,Gijon,,2-1,1.25,home
20-10-2024,Zaragoza,Almeria,,1-2,1.25,away
20-10-2024,Standard,Charleroi,,2-1,3.20,home
20-10-2024,Unterhaching,Munich 1860,,2-2,2.00,draw
20-10-2024,Roma,Inter,,0-1,1.85,away
19-10-2024,Fulham,Aston Villa,,1-3,1.40,away
19-10-2024,Ipswich,Everton,,0-2,1.40,away
19-10-2024,Newcastle,Brighton,,0-1,1.95,away
19-10-2024,Southampton,Leicester,,2-3,2.30,away
19-10-2024,Blackburn,Swansea,,1-0,2.05,home
19-10-2024,Millwall,Derby,,1-1,2.00,draw
19-10-2024,Sheffield Wed,Burnley,,0-2,2.60,away
19-10-2024,Stoke,Norwich,,1-1,2.60,draw
19-10-2024,Osasuna,Betis,,1-2,3.25,away
19-10-2024,Brest,Rennes,,1-1,3.25,draw
19-10-2024,Halmstad,Sirius,,3-1,1.95,home
19-10-2024,Eyupspor,Goztepe,,1-0,1.30,home
19-10-2024,Grasshoppers,Zurich,,1-2,1.30,away
19-10-2024,Young Boys,Luzern,,2-1,1.25,home
19-10-2024,Girona,Sociedad,,0-1,3.25,away
19-10-2024,Kaiserslautern,Paderborn,,3-0,2.20,home
18-10-2024,Orgryte,Sandviken,,4-2,2.00,home
18-10-2024,Akhmat Grozny,Fakel,,2-3,1.90,away
18-10-2024,Cambuur,FC Volendam,,1-2,2.00,away
18-10-2024,Den Bosch,Vitesse,,4-2,2.10,home
18-10-2024,Eindhoven FC,FC Emmen,,0-3,2.45,away
18-10-2024,Ajax II,Utrecht II,,0-0,1.95,draw
18-10-2024,AZ Alkmaar II,Helmond,,2-3,1.50,away
18-10-2024,Oss,Telstar,,1-1,1.95,draw
18-10-2024,VVV Venlo,Dordrecht,,2-3,1.50,away
18-10-2024,Bastia,Clermont,,0-0,1.30,draw
18-10-2024,Grenoble,Metz,,2-0,1.30,home
18-10-2024,Laval,Dunkerque,,3-2,1.30,home
18-10-2024,Martigues,Rodez,,0-2,1.95,away
18-10-2024,Red Star,Caen,,2-2,3.20,draw
18-10-2024,Bari,Catanzaro,,1-1,1.90,draw
18-10-2024,Monaco,Lille,,0-0,1.95,draw
17-10-2024,Shrewsbury,Exeter,,0-2,1.40,away
17-10-2024,Flamengo RJ,Fluminense,,0-2,1.20,away
17-10-2024,CC Mariners,Melbourne Victory,,0-0,3.30,draw
17-10-2024,Kawasaki Frontale,Gamba Osaka,,1-1,2.00,draw
17-10-2024,Yokohama F. Marinos,Albirex Niigata,,0-0,2.05,draw
17-10-2024,Pohang Steelers,Suwon FC,,1-1,2.00,draw
17-10-2024,Gwangju Sangmu,Daegu,,1-1,2.05,draw
17-10-2024,Bastia,Clermont,,0-0,1.30,draw
17-10-2024,Grenoble,Metz,,2-0,1.30,home
17-10-2024,Laval,Dunkerque,,3-2,1.30,home
17-10-2024,Martigues,Rodez,,0-2,1.95,away
17-10-2024,Red Star,Caen,,2-2,3.20,draw
17-10-2024,Eindhoven FC,FC Emmen,,0-3,2.45,away
17-10-2024,Monaco,Lille,,0-0,1.95,draw
17-10-2024,Shelbourne,Waterford,,3-1,1.80,home
17-10-2024,St. Patricks,Galway,,2-1,2.20,home
16-10-2024,Boston River,Progreso,,1-0,2.00,home
16-10-2024,Nacional A.,de Mayo,,0-0,2.00,draw
16-10-2024,River M.,Defensor Sporting,,0-1,1.30,away
16-10-2024,Puntarenas FC,Herediano,,0-2,2.15,away
16-10-2024,Cerro Largo,Dep.Maldonado,,1-0,2.00,home
16-10-2024,Union Comercio,Comerciantes Unidos,,3-2,2.00,home
16-10-2024,Fenix,CA Cerro,,1-3,3.00,away
16-10-2024,Shrewsbury,Exeter,,0-2,3.20,away
16-10-2024,Cartagines,San Carlos,,4-4,3.25,draw
16-10-2024,Orgryte,Sandviken,,4-2,1.25,home
16-10-2024,Cambuur,FC Volendam,,1-2,2.00,away
16-10-2024,Den Bosch,Vitesse,,4-2,1.25,home
16-10-2024,Eindhoven FC,FC Emmen,,0-3,2.45,away
16-10-2024,AZ Alkmaar II,Helmond,,2-3,1.50,away
16-10-2024,Oss,Telstar,,1-1,1.95,draw
16-10-2024,VVV Venlo,Dordrecht,,2-3,1.50,away
15-10-2024,Kyrgyzstan,North Korea,,1-0,2.20,home
15-10-2024,Botswana,Cape Verde,,1-0,1.20,home
15-10-2024,Rwanda,Benin,,2-1,2.80,home
15-10-2024,Guinea B.,Mali,,0-0,1.95,draw
15-10-2024,Palestine,Kuwait,,2-2,1.85,draw
15-10-2024,Liverpool M.,Wanderers,,1-1,1.30,draw
15-10-2024,Poland,Croatia,,3-3,2.20,draw
15-10-2024,Switzerland,Denmark,,2-2,1.35,draw
15-10-2024,Belarus,Luxembourg,,1-1,2.85,draw
15-10-2024,Jaguares C.,Chico,,1-0,1.25,home
15-10-2024,Paraguay,Venezuela,,2-1,2.05,home
15-10-2024,Mexico,USA,,2-0,2.20,home
15-10-2024,Boston River,Progreso,,1-0,2.00,home
15-10-2024,Nacional A.,de Mayo,,0-0,2.00,draw
15-10-2024,River M.,Defensor Sporting,,0-1,1.30,away
15-10-2024,Shrewsbury,Exeter,,0-2,3.20,away
14-10-2024,Georgia,Albania,,0-1,1.90,away
14-10-2024,Gijon,Castellon,,2-1,1.35,home
14-10-2024,Bohemians,St. Patricks,,1-3,2.20,away
14-10-2024,Finn Harps,Wexford,,1-3,2.10,away
14-10-2024,Belgium,France,,1-2,2.40,away
14-10-2024,Bosnia & Herzegovina,Hungary,,0-2,1.30,away
14-10-2024,Ukraine,Czech Republic,,1-1,2.65,draw
14-10-2024,Patriotas,Santa Fe,,1-2,1.30,away
14-10-2024,Once Caldas,Dep. Pasto,,2-1,1.80,home
14-10-2024,Brusque,Ituano,,1-0,1.25,home
14-10-2024,Guarani,CRB,,2-1,1.25,home
14-10-2024,China,Indonesia,,2-1,2.15,home
14-10-2024,Kyrgyzstan,North Korea,,1-0,2.20,home
14-10-2024,Palestine,Kuwait,,2-2,1.85,draw
14-10-2024,Paraguay,Venezuela,,2-1,2.05,home
14-10-2024,Mexico,USA,,2-0,2.20,home
13-10-2024,Alania,Baltika,,0-2,2.30,away
13-10-2024,Rotor,SKA Khabarovsk,,1-1,1.25,draw
13-10-2024,Chayka P.,Kamaz,,0-0,3.00,draw
13-10-2024,Santander,Levante,,1-0,2.00,home
13-10-2024,Oviedo,Almeria,,3-2,1.35,home
13-10-2024,Academico Viseu,Maritimo,,0-2,3.10,away
13-10-2024,Arezzo,Rimini,,1-1,1.25,draw
13-10-2024,Vis Pesaro,Pineto,,1-1,1.20,draw
13-10-2024,Armenia,North Macedonia,,0-2,3.20,away
13-10-2024,Malta,Moldova,,1-0,2.90,home
13-10-2024,Burgos CF,Mirandes,,0-1,2.00,away
13-10-2024,Granada CF,Cordoba,,1-0,1.95,home
13-10-2024,Ferreira,Torreense,,1-0,2.05,home
13-10-2024,Greece,R.Ireland,,2-0,1.15,home
13-10-2024,Austria,Norway,,5-1,2.00,home
13-10-2024,Elche,La Coruna,,0-0,2.40,draw
12-10-2024,Crawley,Shrewsbury,,3-5,3.40,away
12-10-2024,Peterborough,Rotherham,,3-3,3.50,draw
12-10-2024,Cheltenham,Swindon,,2-3,3.30,away
12-10-2024,Harrogate,Newport,,1-0,1.95,home
12-10-2024,Milton Keynes Dons,Port Vale,,0-1,1.30,away
12-10-2024,Salford,Grimsby,,1-2,1.30,away
12-10-2024,Tranmere,Bradford City,,0-2,3.20,away
12-10-2024,Fylde,Rochdale,,1-4,1.95,away
12-10-2024,Altrincham,Solihull Moors,,1-1,1.30,draw
12-10-2024,Maidstone,Ebbsfleet,,3-0,2.00,home
12-10-2024,Scarborough,Chester,,3-1,2.30,home
12-10-2024,Tamworth,Macclesfield,,4-2,2.45,home
12-10-2024,Woking,Slough,,2-1,1.95,home
12-10-2024,Cartagena,Ferrol,,0-1,2.85,away
12-10-2024,Perugia,Virtus Entella,,0-1,1.45,away
12-10-2024,Serbia,Switzerland,,2-0,1.50,home
11-10-2024,Madagascar,Gambia,,1-1,3.00,draw
11-10-2024,Benin,Rwanda,,3-0,1.30,home
11-10-2024,Estonia,Azerbaijan,,3-1,3.10,home
11-10-2024,Wales U21,Czech Republic U21,,1-2,2.20,away
11-10-2024,R.Ireland U21,Norway U21,,1-1,1.30,draw
11-10-2024,Scotland U21,Belgium U21,,0-2,1.90,away
11-10-2024,Renate,Novara,,0-1,2.80,away
11-10-2024,Hamilton,Morton,,0-1,3.10,away
11-10-2024,Alloa,Arbroath,,1-0,1.35,home
11-10-2024,Waterford,Drogheda,,0-0,2.80,draw
11-10-2024,Athlone,Cork City,,4-1,1.85,home
11-10-2024,Bray,Finn Harps,,2-2,1.85,draw
11-10-2024,Treaty United,UCD,,2-2,3.30,draw
11-10-2024,Ukraine,Georgia,,1-0,1.30,home
11-10-2024,Iceland,Wales,,2-2,3.10,draw
11-10-2024,Slovakia,Sweden,,2-2,1.45,draw
10-10-2024,Namibia,Zimbabwe,,0-1,2.70,away
10-10-2024,Uzbekistan,Iran,,0-0,2.90,draw
10-10-2024,Bahrain,Indonesia,,2-2,1.50,draw
10-10-2024,Latvia,North Macedonia,,0-3,1.25,away
10-10-2024,Italy,Belgium,,2-2,1.30,draw
10-10-2024,Finland,R.Ireland,,1-2,2.95,away
10-10-2024,Faroe Islands,Armenia,,2-2,1.30,draw
10-10-2024,Bolivia,Colombia,,1-0,2.50,home
10-10-2024,Madagascar,Gambia,,1-1,3.00,draw
10-10-2024,Benin,Rwanda,,3-0,1.30,home
10-10-2024,Estonia,Azerbaijan,,3-1,3.10,home
10-10-2024,Leiria,Felgueiras,,1-3,3.20,away
10-10-2024,Tenerife,Zaragoza,,2-3,2.75,away
10-10-2024,Waterford,Drogheda,,0-0,2.80,draw
10-10-2024,Athlone,Cork City,,4-1,1.85,home
10-10-2024,Bray,Finn Harps,,2-2,1.85,draw
09-10-2024,Orleans,Valenciennes,,4-1,1.90,home
09-10-2024,Botafogo SP,Guarani,,3-2,2.70,home
09-10-2024,Uzbekistan,Iran,,0-0,2.90,draw
09-10-2024,Bahrain,Indonesia,,2-2,1.50,draw
09-10-2024,Latvia,North Macedonia,,0-3,1.25,away
09-10-2024,Italy,Belgium,,2-2,1.30,draw
09-10-2024,Finland,R.Ireland,,1-2,2.95,away
09-10-2024,Faroe Islands,Armenia,,2-2,1.30,draw
09-10-2024,Bolivia,Colombia,,1-0,2.50,home
09-10-2024,Madagascar,Gambia,,1-1,3.00,draw
09-10-2024,Benin,Rwanda,,3-0,1.30,home
09-10-2024,Leiria,Felgueiras,,1-3,3.20,away
09-10-2024,Tenerife,Zaragoza,,2-3,2.75,away
09-10-2024,Waterford,Drogheda,,0-0,2.80,draw
09-10-2024,Athlone,Cork City,,4-1,1.85,home
09-10-2024,Bray,Finn Harps,,2-2,1.85,draw
08-10-2024,Cheltenham,Reading,,Postp,1.85,postponed
08-10-2024,Swindon,Bristol Rovers,,4-0,2.10,home
08-10-2024,Tranmere,Accrington,,2-1,1.85,home
08-10-2024,Carlisle,Wigan,,0-2,2.10,away
08-10-2024,Morecambe,Nottingham U21,,4-2,2.70,home
08-10-2024,Fleetwood,Barrow,,3-0,1.25,home
08-10-2024,Peterborough,Stevenage,,2-0,1.30,home
08-10-2024,Leyton Orient,Colchester,,1-1,1.25,draw
08-10-2024,Notts Co,Northampton,,0-2,1.25,away
08-10-2024,Grimsby,Lincoln,,1-2,1.95,away
08-10-2024,Huddersfield,Barnsley,,2-0,1.95,home
08-10-2024,Crawley,AFC Wimbledon,,3-4,2.45,away
08-10-2024,Tamworth,Gateshead,,2-1,1.25,home
08-10-2024,Canvey,Cray Valley,,4-4,2.50,draw
08-10-2024,Winchester,Poole,,1-1,2.30,draw
08-10-2024,Morpeth,Ilkeston,,1-2,2.10,away
07-10-2024,Sokol S.,Rotor,,0-1,2.70,away
07-10-2024,Hvidovre,Kolding IF,,0-0,3.10,draw
07-10-2024,Barracas,Ind. Rivadavia,,1-1,2.90,draw
07-10-2024,Banfield,Estudiantes,,1-2,2.75,away
07-10-2024,Defensa Justicia,Rosario,,2-1,1.35,home
07-10-2024,Cobreloa,Copiapo,,4-1,1.30,home
07-10-2024,Atl. Tucuman,Tigre,,1-2,1.25,away
07-10-2024,Goias,Santos,,3-1,2.90,home
07-10-2024,Sport Recife,Ceara CE,,2-1,2.10,home
07-10-2024,Macara,Delfin,,0-2,1.15,away
07-10-2024,Deportivo Pereira,Deportivo Tolima,,1-0,2.85,home
07-10-2024,Albirex Niigata,Kawasaki Frontale,,4-1,2.45,home
07-10-2024,Yokohama F. Marinos,Nagoya GE,,1-3,2.80,away
07-10-2024,Italy,Belgium,,2-2,1.30,draw
07-10-2024,Finland,R.Ireland,,1-2,2.95,away
07-10-2024,Bolivia,Colombia,,1-0,2.50,home
06-10-2024,Aston Villa,Manchester Utd,,0-0,2.25,draw
06-10-2024,Catanzaro,Modena,,2-2,1.40,draw
06-10-2024,Penafiel,Leiria,,1-0,1.35,home
06-10-2024,Eldense,Castellon,,2-3,3.20,away
06-10-2024,Saarbrucken,Bielefeld,,0-0,2.10,draw
06-10-2024,Farense,Estoril,,1-0,2.20,home
06-10-2024,Mafra,Alverca,,1-1,2.35,draw
06-10-2024,Sturm Graz,Salzburg,,5-0,2.80,home
06-10-2024,Strasbourg,Lens,,2-2,3.40,draw
06-10-2024,Brighton,Tottenham,,3-2,2.20,home
06-10-2024,Monza,AS Roma,,1-1,1.95,draw
06-10-2024,Sevilla,Betis,,1-0,3.20,home
06-10-2024,Levante,Oviedo,,0-0,1.30,draw
06-10-2024,Fiorentina,AC Milan,,2-1,2.20,home
06-10-2024,Sociedad,Atl. Madrid,,1-1,1.30,draw
06-10-2024,Albacete,Cordoba,,1-1,1.30,draw
05-10-2024,Brentford,Wolverhampton,,5-3,2.10,home
05-10-2024,Leicester,Bournemouth,,1-0,1.35,home
05-10-2024,Coventry,Sheffield Wed,,1-2,1.85,away
05-10-2024,Derby,QPR,,2-0,1.35,home
05-10-2024,Plymouth,Blackburn,,2-1,1.25,home
05-10-2024,Sheffield Utd,Luton,,2-0,1.85,home
05-10-2024,Swansea,Stoke,,0-0,2.20,draw
05-10-2024,Watford,Middlesbrough,,2-1,2.00,home
05-10-2024,Getafe,Osasuna,,1-1,1.25,draw
05-10-2024,Everton,Newcastle,,0-0,2.20,draw
05-10-2024,St. Pauli,Mainz,,0-3,2.40,away
05-10-2024,Las Palmas,Celta Vigo,,0-1,2.25,away
05-10-2024,Valladolid,Rayo Vallecano,,1-2,3.00,away
05-10-2024,Zaragoza,Santander,,2-3,1.35,away
05-10-2024,NAC Breda,NEC,,1-0,3.30,home
05-10-2024,Schalke,Hertha Berlin,,2-2,2.70,draw
04-10-2024,Almere City,Willem II,,0-1,1.30,away
04-10-2024,Den Bosch,De Graafschap,,2-2,2.20,draw
04-10-2024,Dordrecht,PSV II,,2-0,1.75,home
04-10-2024,Helmond,Ajax II,,1-1,1.50,draw
04-10-2024,AZ Alkmar II,Eindhoven FC,,2-3,2.00,away
04-10-2024,Utrecht II,Telstar,,1-1,2.00,draw
04-10-2024,Roda,Excelsior,,3-0,2.15,home
04-10-2024,Vitesse,FC Volendam,,1-2,2.15,away
04-10-2024,Augsburg,B. Monchengladbach,,2-1,2.75,home
04-10-2024,Leko,Renate,,0-2,2.45,away
04-10-2024,Rimini,Spal,,0-1,1.35,away
04-10-2024,Huesca,Cadiz CF,,3-1,2.60,home
04-10-2024,Verona,Venezia,,2-1,1.35,home
04-10-2024,Sunderland,Leeds,,2-2,3.40,draw
04-10-2024,Leganes,Valencia,,0-0,1.40,draw
04-10-2024,Rio Ave,Famalicao,,1-1,1.45,draw
03-10-2024,Hoffenheim,Dyn. Kyiv,,2-0,2.10,home
03-10-2024,Maccabi Tel Aviv,Midtjylland,,0-2,2.30,away
03-10-2024,Olympiacos Piraeus,Braga,,3-0,1.30,home
03-10-2024,Qarabag,Malmo FF,,1-2,2.00,away
03-10-2024,Slavia Prague,Ajax,,1-1,1.80,draw
03-10-2024,Cercle Brugge,St. Gallen,,6-2,1.30,home
03-10-2024,Din. Minsk,Hearts,,1-2,1.50,away
03-10-2024,Noah,Mlada Boleslav,,Postp,1.45,postponed
03-10-2024,Besiktas,Eintracht Frankfurt,,1-3,2.50,away
03-10-2024,Elfsborg,AS Roma,,1-0,1.75,home
03-10-2024,Porto,Manchester Utd,,3-3,2.75,draw
03-10-2024,Rangers,Olympique Lyon,,1-4,2.45,away
03-10-2024,St.Gilloise,Bodo/Glimt,,0-0,2.00,draw
03-10-2024,Twente,Fenerbahce,,1-1,2.50,draw
03-10-2024,Petrocub,Paphos,,1-4,1.65,away
03-10-2024,Shamrock Rovers,Apoel Nicosia,,1-1,1.20,draw
02-10-2024,Dynamo Moscow,Spartak Moscow,,2-3,1.40,away
02-10-2024,Girona,Feyenoord,,2-3,1.95,away
02-10-2024,Hvidovre IF,Kolding IF,,1-1,1.35,draw
02-10-2024,Levanger,Stabaek,,1-2,2.45,away
02-10-2024,Akhmat Grozny,Krasnodar,,3-0,1.90,home
02-10-2024,Preston,Watford,,3-0,1.50,home
02-10-2024,Bristol City,Sheffield Wed,,0-0,2.10,draw
02-10-2024,Benfica,Atl. Madrid,,4-0,1.40,home
02-10-2024,RB Leipzig,Juventus,,2-3,1.40,away
02-10-2024,Sturm Graz,Club Brugge KV,,0-1,2.45,away
02-10-2024,Toronto,New York,,1-4,2.65,away
02-10-2024,Columbus,Inter Miami,,2-3,1.90,away
02-10-2024,Nashville,DC United,,3-4,2.20,away
02-10-2024,Colorado,Los Angeles Galaxy,,1-3,2.10,away
02-10-2024,San Jose,Dallas,,3-2,2.70,home
02-10-2024,Vancouver,Seattle,,0-3,2.30,away
01-10-2024,Cardiff,Millwall,,1-0,1.35,home
01-10-2024,Coventry,Blackburn,,3-0,2.00,home
01-10-2024,QPR,Hull,,1-3,2.80,away
01-10-2024,Norwich,Leeds,,1-1,1.90,draw
01-10-2024,Barnsley,Wycombe,,2-2,2.15,draw
01-10-2024,Bristol Rovers,Charlton,,3-2,1.35,home
01-10-2024,Cambridge Utd,Rotherham,,0-1,2.05,away
01-10-2024,Crawley,Mansfield,,0-2,2.35,away
01-10-2024,Leyton Orient,Exeter,,0-1,1.90,away
01-10-2024,Shrewsbury,Stockport County,,0-2,1.85,away
01-10-2024,Stevenage,Wrexham,,1-0,3.20,home
01-10-2024,Wigan,Peterborough,,3-0,2.50,home
01-10-2024,WBA,Middlesbrough,,0-1,1.30,away
01-10-2024,PSV,Sporting CP,,1-1,2.50,draw
01-10-2024,Tigre,Independiente,,1-1,1.30,draw
01-10-2024,Rosario,Velez,,3-0,1.30,home
30-09-2024,Zorya,Vorskla Poltava,,2-0,3.10,home
30-09-2024,LKS Lodz,Wisla Plock,,0-1,1.30,away
30-09-2024,Lamia,Panserraikos,,1-2,3.10,away
30-09-2024,Hapoel E.H.,MS Ashdod,,0-3,3.00,away
30-09-2024,Bnei Sakhnin,Maccabi Netanya,,1-0,2.25,home
30-09-2024,Ostersund,Oddevold,,0-2,1.30,away
30-09-2024,Karagumruk,Istanbulspor,,1-0,2.10,home
30-09-2024,Nordsjaelland,Brondby,,4-1,1.50,home
30-09-2024,Goteborg,GAIS,,2-0,2.50,home
30-09-2024,Sudtirol,Palermo,,1-3,2.90,away
30-09-2024,Ajax II,Dordrecht,,0-1,1.25,away
30-09-2024,PSV II,Helmond,,1-3,1.25,away
30-09-2024,Brescia,Cremonese,,3-2,2.95,home
30-09-2024,Guingamp,Caen,,3-1,1.95,home
30-09-2024,Parma,Cagliari,,2-3,2.10,away
30-09-2024,Argentinos Jrs,Atl. Tucuman,,0-0,1.95,draw
29-09-2024,Torino,Lazio,,2-3,3.15,away
29-09-2024,Levante,Almeria,,4-2,2.40,home
29-09-2024,Hartberg,Altach,,2-0,1.30,home
29-09-2024,Toulouse,Olympique Lyon,,1-2,1.50,away
29-09-2024,Como,Verona,,3-2,2.15,home
29-09-2024,Modena,Sampdoria,,1-3,3.00,away
29-09-2024,Salernitana,Catanzaro,,0-0,2.00,draw
29-09-2024,Swansea,Bristol City,,1-1,2.35,draw
29-09-2024,Burgos,Granada,,2-2,1.35,draw
29-09-2024,Luzern,Basel,,1-0,2.40,home
29-09-2024,Angers,Reims,,1-3,1.30,away
29-09-2024,Manchester Utd,Tottenham,,0-3,3.85,away
29-09-2024,Hoffenheim,Werder Bremen,,3-4,2.30,away
29-09-2024,Empoli,Fiorentina,,0-0,3.30,draw
29-09-2024,Oviedo,Eibar,,1-0,1.30,home
29-09-2024,Atl. Madrid,Real Madrid,,1-1,2.45,draw
28-09-2024,Derby,Norwich,,2-3,2.45,away
28-09-2024,Sheffield Wed,WBA,,3-2,2.35,home
28-09-2024,Getafe,Alaves,,2-0,2.80,home
28-09-2024,Bari,Cosenza,,1-1,1.25,draw
28-09-2024,Carrarese,Reggiana,,0-0,2.95,draw
28-09-2024,B. Monchengladbach,Union Berlin,,1-0,2.10,home
28-09-2024,Wolfsburg,Stuttgart,,2-2,2.15,draw
28-09-2024,Brentford,West Ham,,1-1,1.35,draw
28-09-2024,Everton,Crystal Palace,,2-1,1.50,home
28-09-2024,Nottingham,Fulham,,0-1,3.30,away
28-09-2024,Watford,Sunderland,,2-1,2.40,home
28-09-2024,Mirandes,Huesca,,1-0,2.70,home
28-09-2024,Gijon,Zaragoza,,1-0,1.30,home
28-09-2024,Munster,Schalke,,1-2,1.25,away
28-09-2024,Bologna,Atalanta,,1-1,2.90,draw
28-09-2024,Malaga,Elche,,0-3,3.00,away
27-09-2024,Horn,Amstetten,,3-3,2.70,draw
27-09-2024,Kapfenberg,Liefering,,0-2,1.60,away
27-09-2024,Bregenz,Viena 1894,,3-2,2.70,home
27-09-2024,Greuther Furth,Fortuna Dusseldorf,,1-2,2.20,away
27-09-2024,Ulm,Braunschweig,,3-1,2.70,home
27-09-2024,Auxerre,Brest,,3-0,2.50,home
27-09-2024,Sivasspor,Basaksehir,,1-2,3.30,away
27-09-2024,Heracles,Heerenveen,,2-1,2.65,home
27-09-2024,Eindhoven,Roda,,0-0,1.50,draw
27-09-2024,Amiens,Rodez,,2-1,2.20,home
27-09-2024,Grenoble,Clermont,,3-0,3.00,home
27-09-2024,Laval,Pau,,3-1,1.40,home
27-09-2024,Martigues,Dunkerque,,1-1,1.40,draw
27-09-2024,Albacete,La Coruna,,2-5,2.25,away
27-09-2024,Cittadella,Frosinone,,1-2,3.05,away
27-09-2024,Valladolid,Mallorca,,1-2,1.40,away
26-09-2024,Kifisia,Lamia,,1-0,1.40,home
26-09-2024,Zakynthos,Panargiakos,,2-0,1.65,home
26-09-2024,Spartak K.,Enisey,,1-0,1.85,home
26-09-2024,Larissa,Panserraikos,,0-1,3.20,away
26-09-2024,Malmo,Rangers,,0-2,2.30,away
26-09-2024,Espanyol,Villarreal,,1-2,1.30,away
26-09-2024,Las Palmas,Betis,,1-1,2.30,draw
26-09-2024,Halmstad,Kalmar,,2-2,1.25,draw
26-09-2024,Hammarby TFF,Hacken,,2-0,2.10,home
26-09-2024,Vasteras,Goteborg,,1-1,2.20,draw
26-09-2024,Versailles,Valenciennes,,1-1,1.35,draw
26-09-2024,Cercle Brugge,Gent,,2-1,2.35,home
26-09-2024,Roma,Ath Bilbao,,1-1,2.10,draw
26-09-2024,Ajax,Besiktas,,4-0,1.25,home
26-09-2024,Celta,Atl. Madrid,,0-1,1.95,away
26-09-2024,Penarol,Flamengo,,0-0,2.25,draw
25-09-2024,Volgar A.,Ufa,,1-1,3.20,draw
25-09-2024,Orel,Sokol S.,,2-3,2.10,away
25-09-2024,Khimik Arsenal,Chayka P.,,0-3,2.10,away
25-09-2024,Austria Vienna,Sturm Graz,,2-2,1.35,draw
25-09-2024,Kamaz,Torpedo Moscow,,1-2,1.40,away
25-09-2024,Aachen,Mannheim,,0-0,2.20,draw
25-09-2024,Motor Lublin,Jagiellonia,,0-2,2.25,away
25-09-2024,AmaZulu,Kaizer Chiefs,,1-3,1.30,away
25-09-2024,Stellenbosch,Cape Town City,,3-0,1.25,home
25-09-2024,Apoel Nicosia,Paphos,,1-0,3.00,home
25-09-2024,Anderlecht,Ferencvaros,,2-1,2.20,home
25-09-2024,Dyn. Kyiv,Lazio,,0-3,2.00,away
25-09-2024,Ludogorets,Slavia Prague,,0-2,2.10,away
25-09-2024,Midtjylland,Hoffenheim,,1-1,2.35,draw
25-09-2024,Nice,Sociedad,,1-1,1.35,draw
25-09-2024,Bragantino,Internacional,,2-2,2.45,draw
24-09-2024,AlbinoLeffe,Pro Patria,,0-0,1.25,draw
24-09-2024,Sturm II,SV Stripfing,,3-0,2.35,home
24-09-2024,Volgo U.,Rotor,,1-1,3.00,draw
24-09-2024,Valencia,Osasuna,,0-0,1.25,draw
24-09-2024,Erzgebirge Aue,Wehen,,2-1,2.50,home
24-09-2024,Sandhausen,Ingolstadt,,4-3,2.40,home
24-09-2024,Ajaccio,Grenoble,,2-0,1.45,home
24-09-2024,Clermont,Red Star 93,,1-1,1.85,draw
24-09-2024,Dunkerque,Bastia,,2-1,2.90,home
24-09-2024,Paris,Guingamp,,2-0,3.00,home
24-09-2024,Rodez,Laval,,1-3,1.55,away
24-09-2024,Leyton,Peterborough,,2-2,2.60,draw
24-09-2024,Wigan,Stevenage,,0-0,2.35,draw
24-09-2024,Arezzo,Gubbio,,2-0,1.25,home
24-09-2024,Altamura,Cavese,,0-0,2.95,draw
24-09-2024,Corinthians,Fortaleza CE,,3-0,2.05,home
23-09-2024,Kolos K.,Zorya,,1-0,1.30,home
23-09-2024,Akhmat Grozny,Krylya Sovetov,,1-1,3.00,draw
23-09-2024,Vysocina Jihlava,Vlasim,,2-2,2.40,draw
23-09-2024,Enosis P.,Omonia Aradippou,,0-2,3.15,away
23-09-2024,Gaziantep,Trabzonspor,,0-0,1.35,draw
23-09-2024,Hillerod,Fredericia,,0-3,1.80,away
23-09-2024,KFUM,Molde,,1-1,2.00,draw
23-09-2024,Arda Kardzhali,Botev Plovdiv,,1-0,3.10,home
23-09-2024,AZ Alkmar II,De Graafschap,,2-2,1.25,draw
23-09-2024,Huesca,Cordoba,,4-1,2.75,home
23-09-2024,Rimini,AC Milan U23,,1-0,3.20,home
23-09-2024,Drogheda,Galway,,0-0,1.30,draw
23-09-2024,Paysandu,Sport Recife,,0-1,3.10,away
23-09-2024,Sarmiento,Cordoba Santiago,,1-3,1.50,away
23-09-2024,Brusque,Amazonas,,1-0,2.60,home
23-09-2024,Bucaramanga,Atl. Nacional,,1-0,2.80,home
22-09-2024,Heerenveen,Groningen,,2-1,2.85,home
22-09-2024,Fiorentina,Lazio,,2-1,2.30,home
22-09-2024,Preston,Blackburn,,0-0,3.20,draw
22-09-2024,Getafe,Leganes,,1-1,2.10,draw
22-09-2024,Tenerife,Gijon,,1-1,1.30,draw
22-09-2024,Monza,Bologna,,1-2,3.10,away
22-09-2024,Frosinone,Bari,,0-3,3.20,away
22-09-2024,Mantova,Cittadella,,1-0,1.65,home
22-09-2024,Cartagena,Cadiz,,1-2,2.30,away
22-09-2024,Gil Vicente,Casa Pia,,1-1,1.25,draw
22-09-2024,Angers,Nantes,,1-1,3.20,draw
22-09-2024,Brest,Toulouse,,2-0,1.55,home
22-09-2024,Montpellier,Auxerre,,3-2,2.30,home
22-09-2024,Stuttgart,Dortmund,,5-1,2.30,home
22-09-2024,Farense,Arouca,,0-1,1.45,away
22-09-2024,Olympique Lyon,Olympique Marseille,,2-3,2.20,away
21-09-2024,Valladolid,Sociedad,,0-0,1.25,draw
21-09-2024,Venezia,Genoa,,2-0,3.20,home
21-09-2024,Bochum,Holstein Kiel,,2-2,2.00,draw
21-09-2024,Heidenheim,Freiburg,,0-3,3.45,away
21-09-2024,Union Berlin,Hoffenheim,,2-1,2.10,home
21-09-2024,Fulham,Newcastle,,3-1,2.85,home
21-09-2024,Leicester,Everton,,1-1,2.70,draw
21-09-2024,Southampton,Ipswich,,1-1,3.10,draw
21-09-2024,Juventus,Napoli,,0-0,1.30,draw
21-09-2024,Westerlo,Antwerp,,1-2,2.15,away
21-09-2024,Crystal Palace,Manchester Utd,,0-0,1.45,draw
21-09-2024,Valencia,Girona,,2-0,2.80,home
21-09-2024,Rennes,Lens,,1-1,3.30,draw
21-09-2024,Fenerbahce,Galatasaray,,1-3,2.10,away
21-09-2024,Kaiserslautern,Hamburger SV,,2-2,2.10,draw
21-09-2024,Lecce,Parma,,2-2,1.30,draw
20-09-2024,Cagliari,Empoli,,0-2,1.30,away
20-09-2024,Paderborn,Hannover,,2-1,1.25,home
20-09-2024,Hatayspor,Bodrumspor,,0-1,1.50,away
20-09-2024,Viborg,Nordsjaelland,,3-2,2.90,home
20-09-2024,Amiens,Clermont,,1-0,2.70,home
20-09-2024,Bastia,Paris FC,,2-1,3.10,home
20-09-2024,Dunkerque,Pau FC,,3-2,2.50,home
20-09-2024,Martigues,Grenoble,,0-4,2.30,away
20-09-2024,Troyes,Rodez,,0-3,2.50,away
20-09-2024,Den Bosch,FC Emmen,,1-0,2.40,home
20-09-2024,Dordrecht,Excelsior,,2-2,2.35,draw
20-09-2024,Catanzaro,Cremonese,,1-2,1.35,away
20-09-2024,Augsburg,Mainz,,2-3,2.50,away
20-09-2024,Verona,Torino,,2-3,3.10,away
20-09-2024,Motherwell,Dundee Utd,,2-1,2.20,home
20-09-2024,Alaves,Sevilla,,2-1,1.25,home
18-09-2024,Akron Togliatti,Fakel,,2-0,1.30,home
18-09-2024,CSKA,Krasnodar,,2-0,2.15,home
18-09-2024,IMT,Radnicki 1923,,0-4,2.30,away
18-09-2024,Jezero,Mornar Bar,,2-2,1.25,draw
18-09-2024,Sparta Prague,Salzburg,,3-0,1.40,home
18-09-2024,Samsunspor,Basaksehir,,2-0,1.90,home
18-09-2024,Orebro,Sandviken,,1-0,2.20,home
18-09-2024,Skovde,Varberg BoIS FC,,2-2,2.10,draw
18-09-2024,Lausanne,Lugano,,1-2,2.05,away
18-09-2024,Atletico Grau,Alianza Lima,,1-0,2.80,home
18-09-2024,Dynamo Makhachkala,Dynamo Moscow,,2-2,2.05,draw
18-09-2024,Club Brugge,Dortmund,,0-3,2.00,away
18-09-2024,Comerciantes Unidos,Univ.Cesar Vallejo,,2-0,2.95,home
18-09-2024,Atlanta Utd,Inter Miami,,2-2,1.25,draw
18-09-2024,Minnesota,Cincinnati,,1-2,1.40,away
18-09-2024,Kansas City,Colorado,,4-1,2.20,home
17-09-2024,Shanghai Shenhua,Pohang Steelers,,4-1,2.20,home
17-09-2024,Pakhtakor,Al Wasl,,0-1,1.30,away
17-09-2024,Resita,Csikszereda,,2-3,2.30,away
17-09-2024,Mallorca,Sociedad,,1-0,1.40,home
17-09-2024,LKS Lodz,Wisla Krakow,,3-1,2.40,home
17-09-2024,Anderlecht,Genk,,0-2,2.10,away
17-09-2024,Volendam,Dordrecht,,2-0,2.05,home
17-09-2024,Elgin City,Spartans,,1-1,1.45,draw
17-09-2024,Carrick Rangers,Ballymena,,1-4,2.70,away
17-09-2024,Fylde,Southend,,2-1,2.10,home
17-09-2024,Oxford City,Peterborough Sports,,1-3,2.10,away
17-09-2024,Sportivo Ameliano,Sol de America,,1-0,2.95,home
17-09-2024,Real Soacha,Cartagena,,2-1,1.40,home
17-09-2024,Guarani,Mirassol,,1-0,2.85,home
17-09-2024,Colo Colo,River Plate,,1-1,2.90,draw
17-09-2024,Pachuca,Toluca,,2-2,1.40,draw
16-09-2024,Egersund,Ranheim,,0-2,2.10,away
16-09-2024,UTA Arad,FC Hermannstadt,,1-1,3.10,draw
16-09-2024,Omonia,AEK Larnaca,,1-0,1.25,home
16-09-2024,Parma,Udinese,,2-3,1.35,away
16-09-2024,Fredericia,Hobro,,1-1,2.10,draw
16-09-2024,Feirense,Pacos Ferreira,,2-0,1.40,home
16-09-2024,Mjondalen,Bryne,,1-1,1.95,draw
16-09-2024,Start,Levanger,,1-1,2.20,draw
16-09-2024,Hapoel E.H.,Maccabi Petah Tikva,,0-1,1.80,away
16-09-2024,Rapid Bucuresti,Univ. Cluj,,0-2,1.20,away
16-09-2024,Barracas,Banfield,,0-1,2.50,away
16-09-2024,Almeria,Castellon,,2-5,1.85,away
16-09-2024,Grenoble,Caen,,3-1,3.20,home
16-09-2024,Galway,Shamrock,,1-2,2.25,away
16-09-2024,Rayo Vallecano,Osasuna,,3-1,1.25,home
16-09-2024,Estrela Amadora,Boavista,,2-2,1.90,draw
15-09-2024,Tottenham,Arsenal,,0-1,3.60,away
15-09-2024,Augsburg,St. Pauli,,3-1,2.10,home
15-09-2024,Portsmouth,WBA,,0-3,1.90,away
15-09-2024,St. Truiden,Leuven,,2-1,3.40,home
15-09-2024,Girona,Barcelona,,1-4,1.80,away
15-09-2024,Heracles,Almere City,,0-0,1.30,draw
15-09-2024,Austria Wien,Sturm Graz,,Postp,2.10,postponed
15-09-2024,Nantes,Reims,,1-2,2.35,away
15-09-2024,Wolverhampton,Newcastle,,1-2,2.10,away
15-09-2024,Mainz,Werder Bremen,,1-2,1.30,away
15-09-2024,Las Palmas,Ath Bilbao,,2-3,1.25,away
15-09-2024,Burgos,Zaragoza,,1-0,1.35,home
15-09-2024,Estoril,Nacional,,1-0,3.25,home
15-09-2024,Lillestroem,Rosenborg,,1-1,2.45,draw
15-09-2024,Elche,Granada,,2-2,2.25,draw
15-09-2024,Braga,Guimaraes,,0-2,1.25,away
14-09-2024,Fulham,West Ham,,1-1,2.80,draw
14-09-2024,Blackburn,Bristol City,,3-0,2.10,home
14-09-2024,Derby,Cardiff,,1-0,2.30,home
14-09-2024,Sheffield Wed,QPR,,1-1,3.10,draw
14-09-2024,Swansea,Norwich,,1-0,1.60,home
14-09-2024,Watford,Coventry,,1-1,2.50,draw
14-09-2024,Sivasspor,Gaziantep,,3-2,2.10,home
14-09-2024,Espanyol,Alaves,,3-2,3.00,home
14-09-2024,Casa Pia,Moreirense,,3-1,3.00,home
14-09-2024,Midtjylland,FC Copenhagen,,2-1,3.40,home
14-09-2024,Sevilla,Getafe,,1-0,1.30,home
14-09-2024,Malaga,Huesca,,1-0,1.30,home
14-09-2024,Santander,Gijon,,1-0,2.05,home
14-09-2024,AVS,Rio Ave,,1-0,1.30,home
14-09-2024,Bodrumspor,Basaksehir,,0-1,1.35,away
14-09-2024,Bournemouth,Chelsea,,0-1,2.00,away
12-09-2024,Karlsruher SC,Schalke,,2-0,1.90,home
12-09-2024,Munster,Paderborn,,3-3,2.05,draw
12-09-2024,Torreense,Portimonense,,3-2,1.35,home
12-09-2024,Den Bosch,ADO Den Haag,,2-0,1.95,home
12-09-2024,Eindhoven,Dordrecht,,0-0,2.40,draw
12-09-2024,Emmen,Roda,,1-3,2.20,away
12-09-2024,AZ Alkmar II,Vitesse,,0-1,2.20,away
12-09-2024,MVV,Volendam,,2-2,1.25,draw
12-09-2024,Oss,PSV II,,0-3,2.10,away
12-09-2024,Annecy,Amiens,,3-0,1.30,home
12-09-2024,Laval,AC Ajaccio,,1-1,2.80,draw
12-09-2024,Cesena,Modena,,2-2,1.25,draw
12-09-2024,Cordoba,La Coruna,,2-0,3.00,home
12-09-2024,Dunfermline,Raith,,2-0,3.10,home
12-09-2024,St Etienne,Lille,,1-0,1.90,home
12-09-2024,Hull,Sheffield Utd,,0-2,1.30,away
11-09-2024,Internacional,Fortaleza,,2-1,2.10,home
11-09-2024,America De Cali,Deportes Tolima,,1-0,2.20,home
11-09-2024,Ind. Medellin,CPD Junior,,2-0,1.20,home
11-09-2024,Adelaide,Sydney W.,,1-1,2.40,draw
11-09-2024,Sp. Luqueno,de Mayo,,2-3,2.30,away
11-09-2024,Nacional A.,Olimpia,,2-0,1.25,home
11-09-2024,Atletico-MG,Sao Paulo,,0-0,1.30,draw
11-09-2024,Munster,Paderborn,,3-3,2.05,draw
11-09-2024,Den Bosch,ADO Den Haag,,2-0,1.95,home
11-09-2024,Eindhoven,Dordrecht,,0-0,2.40,draw
11-09-2024,Emmen,Roda,,1-3,2.20,away
11-09-2024,AZ Alkmar II,Vitesse,,0-1,2.20,away
11-09-2024,MVV,Volendam,,2-2,1.25,draw
11-09-2024,Oss,PSV II,,0-3,2.10,away
11-09-2024,Cesena,Modena,,2-2,1.25,draw
11-09-2024,Cordoba,La Coruna,,2-0,3.00,home
10-09-2024,Namibia,Kenya,,1-2,2.70,away
10-09-2024,Latvia,Faroe Islands,,1-0,1.25,home
10-09-2024,Boston Utd,Hartlepool,,1-2,1.75,away
10-09-2024,Dag & Red,Sutton,,3-0,2.40,home
10-09-2024,Ebbsfleet,Aldershot,,0-0,2.25,draw
10-09-2024,FC Halifax,Oldham,,1-1,2.35,draw
10-09-2024,Woking,Wealdstone,,1-0,2.10,home
10-09-2024,Yeovil,Solihull Moors,,0-1,2.15,away
10-09-2024,Netherlands,Germany,,2-2,3.45,draw
10-09-2024,Albania,Georgia,,0-1,1.35,away
10-09-2024,Czech Republic,Ukraine,,3-2,2.25,home
10-09-2024,R.Ireland,Greece,,0-2,1.40,away
10-09-2024,Macedonia,Armenia,,2-0,1.25,home
10-09-2024,Andorra,Malta,,0-1,1.30,away
10-09-2024,Benin,Libya,,2-1,2.75,home
10-09-2024,Colombia,Argentina,,2-1,2.85,home
09-09-2024,Equatorial Guinea,Togo,,2-2,1.20,draw
09-09-2024,Torpedo Moscow,Arsenal Tula,,2-2,2.90,draw
09-09-2024,Madagascar,Comoros,,1-1,2.80,draw
09-09-2024,Uganda,Congo,,2-0,1.15,home
09-09-2024,Norway,Austria,,2-1,2.20,home
09-09-2024,Montenegro,Wales,,1-2,1.35,away
09-09-2024,Albacete,Eibar,,0-1,2.20,away
09-09-2024,Castellon,Cadiz,,1-3,2.20,away
09-09-2024,Botafogo SP,Goias,,1-0,2.90,home
09-09-2024,SKA Khabarovsk,Chayka P.,,1-0,2.35,home
09-09-2024,UAE,Iran,,0-1,1.20,away
09-09-2024,Boston Utd,Hartlepool,,1-2,1.25,away
09-09-2024,Dag & Red,Sutton,,3-0,2.40,home
09-09-2024,Ebbsfleet,Aldershot,,0-0,2.25,draw
09-09-2024,Halifax,Oldham,,1-1,2.35,draw
09-09-2024,Woking,Wealdstone,,1-0,2.10,home
08-09-2024,Amorebieta,Gimnastic,,0-1,3.10,away
08-09-2024,Yeclano,UD Ibiza,,0-1,3.10,away
08-09-2024,Cartagena,Levante,,0-1,2.30,away
08-09-2024,Fuenlabrada,Alcorcon,,0-0,1.30,draw
08-09-2024,Eldense,Almeria,,1-0,2.30,home
08-09-2024,Zaragoza,Elche,,3-0,3.00,home
08-09-2024,Sestao River,Lugo,,0-1,1.25,away
08-09-2024,Alcoyano,Murcia,,0-3,2.75,away
08-09-2024,Sevilla II,At.Sanluqueno,,5-2,1.25,home
08-09-2024,Once Caldas,Millonarios,,1-1,1.30,draw
08-09-2024,Coritiba,Novorizontino,,2-2,1.20,draw
08-09-2024,Dep. Pasto,Ind. Medellin,,1-0,2.95,home
08-09-2024,Torpedo Moscow,Arsenal Tula,,2-2,2.90,draw
08-09-2024,Albacete,Eibar,,0-1,2.20,away
08-09-2024,Castellon,Cadiz,,1-3,2.20,away
08-09-2024,Botafogo SP,Goias,,1-0,2.90,home
07-09-2024,Faroe Islands,North Macedonia,,1-1,1.20,draw
07-09-2024,Charlton,Rotherham,,1-1,2.25,draw
07-09-2024,Cheltenham,Harrogate,,1-0,1.95,home
07-09-2024,Colchester,Bromley,,1-1,3.20,draw
07-09-2024,Crewe,Morecambe,,1-0,1.80,home
07-09-2024,Milton Keynes Dons,Walsall,,1-0,1.60,home
07-09-2024,Newport,Port Vale,,1-4,2.15,away
07-09-2024,Granada,La Coruna,,1-1,1.30,draw
07-09-2024,Georgia,Czech Republic,,4-1,3.40,home
07-09-2024,Gijon,Oviedo,,3-1,1.25,home
07-09-2024,Huesca,Burgos,,0-1,1.30,away
07-09-2024,Cordoba,Malaga,,0-0,3.15,draw
07-09-2024,New England,St. Louis City,,2-2,3.60,draw
07-09-2024,New York,Kansas City,,1-1,1.65,draw
07-09-2024,Chicago,DC United,,1-2,3.30,away
07-09-2024,Vancouver,Dallas,,0-0,2.00,draw
06-09-2024,Lithuania,Cyprus,,0-1,1.30,away
06-09-2024,Athlone,Finn Harps,,1-4,1.90,away
06-09-2024,Cobh Ramblers,Wexford,,1-2,2.05,away
06-09-2024,UCD,Cork City,,0-1,2.00,away
06-09-2024,Slovenia,Austria,,1-1,2.20,draw
06-09-2024,Iceland,Montenegro,,2-0,1.30,home
06-09-2024,Wales,Turkey,,0-0,2.60,draw
06-09-2024,Kosovo,Romania,,0-3,1.40,away
06-09-2024,Tenerife,Santander,,0-1,3.10,away
06-09-2024,Charlton,Rotherham,,1-1,2.25,draw
06-09-2024,Cheltenham,Harrogate,,1-0,1.95,home
06-09-2024,Colchester,Bromley,,1-1,3.20,draw
06-09-2024,Crewe,Morecambe,,1-0,1.80,home
06-09-2024,Milton Keynes Dons,Walsall,,1-0,1.60,home
06-09-2024,Newport,Port Vale,,1-4,2.15,away
06-09-2024,Granada,La Coruna,,1-1,1.30,draw
05-09-2024,Dundalk,St. Patricks,,1-2,2.30,away
05-09-2024,Scotland,Poland,,2-3,1.35,away
05-09-2024,Denmark,Switzerland,,2-0,1.35,home
05-09-2024,Belarus,Bulgaria,,0-0,1.20,draw
05-09-2024,Northern Ireland,Luxembourg,,2-0,1.25,home
05-09-2024,Palestino,U. De Chile,,0-5,2.25,away
05-09-2024,Cuiaba,Juventude,,0-0,1.95,draw
05-09-2024,Paysandu,Amazonas,,0-1,1.95,away
05-09-2024,Lithuania,Cyprus,,0-1,1.30,away
05-09-2024,Le Mans,Dijon,,0-0,3.20,draw
05-09-2024,Nancy,Villefranche,,2-0,1.90,home
05-09-2024,Nimes,Rouen,,2-2,2.10,draw
05-09-2024,Athlone,Finn Harps,,1-4,1.90,away
05-09-2024,Cobh Ramblers,Wexford,,1-2,2.05,away
05-09-2024,UCD,Cork City,,0-1,2.00,away
05-09-2024,Slovenia,Austria,,1-1,2.20,draw
04-09-2024,Vila Nova,CRB,,1-0,1.20,home
04-09-2024,Qatar,UAE,,1-3,1.80,away
04-09-2024,Dundalk,St. Patricks,,1-2,2.30,away
04-09-2024,Scotland,Poland,,2-3,1.35,away
04-09-2024,Denmark,Switzerland,,2-0,1.35,home
04-09-2024,Northern Ireland,Luxembourg,,2-0,1.25,home
04-09-2024,San Marino,Liechtenstein,,1-0,2.10,home
04-09-2024,Bolivia,Venezuela,,4-0,1.20,home
04-09-2024,Cuiaba,Juventude,,0-0,1.95,draw
04-09-2024,Le Mans,Dijon,,0-0,3.20,draw
04-09-2024,Nancy,Villefranche,,2-0,1.90,home
04-09-2024,Nimes,Rouen,,2-2,2.10,draw
04-09-2024,Athlone,Finn Harps,,1-4,1.90,away
04-09-2024,Cobh Ramblers,Wexford,,1-2,2.05,away
04-09-2024,UCD,Cork City,,0-1,2.00,away
04-09-2024,Tenerife,Santander,,0-1,3.10,away
03-09-2024,Newport,Cheltenham,,1-2,1.25,away
03-09-2024,Doncaster,Huddersfield,,2-1,2.60,home
03-09-2024,Lincoln,Chesterfield,,0-1,2.10,away
03-09-2024,Gillingham,Peterborough,,1-2,1.25,away
03-09-2024,Bromley,Cambridge Utd,,3-3,2.50,draw
03-09-2024,Bath,Truro,,1-0,2.50,home
03-09-2024,Salisbury,Chesham,,1-2,2.60,away
03-09-2024,Tonbridge,St. Albans,,2-0,1.90,home
03-09-2024,Weston,Slough Town,,2-0,1.25,home
03-09-2024,Weymouth,Hampton & Richmond,,0-1,2.25,away
03-09-2024,Brackley Town,Chorley,,0-2,2.20,away
03-09-2024,Curzon,Scunthorpe,,0-1,1.95,away
03-09-2024,Darlington,Alfreton,,0-0,1.25,draw
03-09-2024,Scarborough,King’s Lynn,,0-0,2.00,draw
03-09-2024,Warrington,Leamington,,1-1,1.25,draw
03-09-2024,Southport,Farsley Celtic,,1-1,2.00,draw
02-09-2024,Slobozia,Gloria Buzau,,2-1,1.25,home
02-09-2024,Rotor,Chayka P.,,0-0,1.25,draw
02-09-2024,Eibar,Levante,,2-2,1.25,draw
02-09-2024,Asane,Kongsvinger,,2-1,1.90,home
02-09-2024,Levanger,Egersund,,2-1,2.65,home
02-09-2024,Raufoss,Sogndal,,4-1,2.50,home
02-09-2024,Univ. Cluj,Din. Bucuresti,,1-0,1.20,home
02-09-2024,Arzignano,AlbinoLeffe,,1-1,2.10,draw
02-09-2024,Vis Pesaro,Arezzo,,3-0,2.95,home
02-09-2024,Altamura,Foggia,,0-2,2.10,away
02-09-2024,Cavese,Crotone,,2-1,2.10,home
02-09-2024,Salford,Milton Keynes Dons,,1-0,2.20,home
02-09-2024,Catania,Benevento,,1-0,2.60,home
02-09-2024,Elche,Cordoba,,3-1,1.25,home
02-09-2024,Gimnasia L.P.,Argentinos Jrs,,1-0,3.00,home
02-09-2024,Sportivo T.,Sol de America,,1-0,2.25,home
01-09-2024,Heidenheim,Augsburg,,4-0,2.45,home
01-09-2024,Kilmarnock,Hibernian,,1-1,2.45,draw
01-09-2024,Unterhaching,RW Essen,,2-0,2.35,home
01-09-2024,Manchester Utd,Liverpool,,0-3,1.85,away
01-09-2024,Altach,Austria Wien,,1-1,1.40,draw
01-09-2024,Alaves,Las Palmas,,2-0,1.85,home
01-09-2024,Osasuna,Celta Vigo,,3-2,3.10,home
01-09-2024,Burgos,Castellon,,0-2,1.40,away
01-09-2024,La Coruna,Ferrol,,1-0,1.85,home
01-09-2024,Reims,Rennes,,2-1,2.35,home
01-09-2024,Genoa,Verona,,0-2,1.25,away
01-09-2024,Sevilla,Girona,,0-2,2.35,away
01-09-2024,Mirandes,Zaragoza,,0-0,2.50,draw
01-09-2024,Getafe,Sociedad,,0-0,1.25,draw
01-09-2024,Udinese,Como,,1-0,1.25,home
01-09-2024,Lille,PSG,,1-3,1.90,away
31-08-2024,Everton,Bournemouth,,2-3,2.50,away
31-08-2024,Ipswich,Fulham,,1-1,2.30,draw
31-08-2024,Nottingham,Wolves,,1-1,2.05,draw
31-08-2024,Derby,Bristol City,,3-0,2.40,home
31-08-2024,Millwall,Sheffield Wed,,3-0,2.40,home
31-08-2024,Oxford Utd,Preston,,3-1,1.30,home
31-08-2024,Plymouth,Stoke,,0-1,2.15,away
31-08-2024,Lecce,Cagliari,,1-0,3.20,home
31-08-2024,Montpellier,Nantes,,1-3,1.30,away
31-08-2024,Ath Bilbao,Atl. Madrid,,0-1,1.40,away
31-08-2024,Espanyol,Rayo Vallecano,,2-1,3.00,home
31-08-2024,Kaiserslautern,Hertha Berlin,,3-4,1.25,away
31-08-2024,Lazio,AC Milan,,2-2,1.40,draw
31-08-2024,Toulouse,Olympique Marseille,,1-3,2.00,away
31-08-2024,Leganes,Mallorca,,0-1,2.85,away
31-08-2024,Valencia,Villarreal,,1-1,3.40,draw
30-08-2024,Fortuna Dusseldorf,Hannover,,1-0,1.35,home
30-08-2024,Jahn Regensburg,Greuther Furth,,0-4,2.35,away
30-08-2024,Lyngby,Vejle Kolding,,1-0,2.40,home
30-08-2024,KFUM,Lillestrom,,2-0,1.65,home
30-08-2024,Xamax,Vaduz,,4-1,2.05,home
30-08-2024,Caen,Annecy,,1-1,2.00,draw
30-08-2024,Clermont,Paris FC,,0-1,1.45,away
30-08-2024,Dunkerque,Rodez,,1-0,3.20,home
30-08-2024,Grenoble,Pau FC,,1-1,1.30,draw
30-08-2024,Martigues,Bastia,,0-1,2.40,away
30-08-2024,Ajaccio,Troyes,,2-1,2.00,home
30-08-2024,Schaffhausen,Thun,,2-2,1.95,draw
30-08-2024,Union Berlin,St. Pauli,,1-0,1.95,home
30-08-2024,Dundalk,Shelbourne,,0-1,2.90,away
30-08-2024,Galway,Derry City,,1-0,1.30,home
30-08-2024,Oviedo,Santander,,1-3,3.20,away
29-08-2024,Astana,Brann,,3-0,1.80,home
29-08-2024,Helsinki,Ki Klaksvik,,2-1,2.05,home
29-08-2024,Zira,Omonia,,1-0,3.40,home
29-08-2024,Ruzomberok,Noah,,3-1,1.40,home
29-08-2024,Elfsborg,Molde,,0-1,2.30,away
29-08-2024,Olimpija,Rijeka,,5-0,3.05,home
29-08-2024,Paks,M.Boleslav,,0-3,2.40,away
29-08-2024,Paphos,Cluj,,3-0,2.00,home
29-08-2024,Panathinaikos,Lens,,2-0,3.30,home
29-08-2024,Zrinjski,Guimaraes,,0-4,1.35,away
29-08-2024,Maribor,Djurgardens,,0-1,1.45,away
29-08-2024,FCSB,LASK,,1-0,2.10,home
29-08-2024,Hearts,Plzen,,0-1,1.90,away
29-08-2024,Rapid,Braga,,2-2,1.40,draw
29-08-2024,TSC Backa Topola,Maccabi T.A.,,1-5,1.30,away
29-08-2024,Juventude,Corinthians,,2-1,2.70,home
28-08-2024,Qarabag,D. Zagreb,,0-2,1.95,away
28-08-2024,Valladolid,Leganes,,0-0,1.25,draw
28-08-2024,Al Wehda,Al Orubah,,2-1,1.35,home
28-08-2024,Cesena,Catanzaro,,2-0,1.80,home
28-08-2024,Cosenza,Spezia,,0-0,3.05,draw
28-08-2024,Juve Stabia,Mantova,,1-0,1.40,home
28-08-2024,West Ham,Bournemouth,,1-0,2.10,home
28-08-2024,Nottingham,Newcastle,,1-1,1.25,draw
28-08-2024,Crvena zvezda,Bodo/Glimt,,2-0,2.05,home
28-08-2024,Slovan Bratislava,FC Midtjylland,,3-2,3.25,home
28-08-2024,Slavia Prague,Lille,,2-1,2.40,home
28-08-2024,Cruzeiro,Internacional,,0-0,2.20,draw
28-08-2024,Criciuma,Bragantino,,1-0,2.40,home
28-08-2024,Godoy Cruz,Independiente,,0-3,1.35,away
28-08-2024,Bahia,Flamengo RJ,,0-1,2.95,away
28-08-2024,Sao Paulo,Atletico-MG,,0-1,2.90,away
27-08-2024,Akhmat Grozny,CSKA,,0-2,2.00,away
27-08-2024,Fakel,Rubin,,0-2,3.05,away
27-08-2024,Mallorca,Sevilla,,0-0,3.10,draw
27-08-2024,Brage,Helsingborg,,0-3,1.35,away
27-08-2024,Utsikten,Orebro,,3-2,2.60,home
27-08-2024,Bari,Sassuolo,,1-1,2.35,draw
27-08-2024,Salernitana,Sampdoria,,3-2,1.40,home
27-08-2024,Frosinone,Modena,,1-1,2.20,draw
27-08-2024,Fleetwood,Rotherham,,2-1,2.20,home
27-08-2024,QPR,Luton,,1-1,2.35,draw
27-08-2024,Sparta Prague,Malmo,,2-0,1.90,home
27-08-2024,Metropolitanos,Dep.La Guaira,,0-0,2.20,draw
27-08-2024,General Caballero,Sportivo T.,,2-1,1.45,home
27-08-2024,Brusque,Sport Recife,,1-0,1.25,home
27-08-2024,Coritiba,Avai,,1-0,1.20,home
27-08-2024,Seattle,Los Angeles,,0-1,2.70,away
26-08-2024,Cagliari,Como,,1-1,1.35,draw
26-08-2024,Cartagena,Zaragoza,,1-2,2.85,away
26-08-2024,Aalesund,Bryne,,1-2,2.30,away
26-08-2024,Mjondalen,Levanger,,2-0,2.20,home
26-08-2024,Start,Raufoss,,1-2,1.25,away
26-08-2024,Halmstad,Vasteras,,0-1,2.15,away
26-08-2024,Norrkoping,Mjallby,,1-2,2.50,away
26-08-2024,Orgryte,Degerfors,,1-3,1.35,away
26-08-2024,Sundsvall,Oddevold,,3-0,2.60,home
26-08-2024,Korona Kielce,Stal Mielec,,2-1,2.00,home
26-08-2024,Foggia,Trapani,,2-2,3.00,draw
26-08-2024,Red Star 93,Ajaccio,,1-0,1.30,home
26-08-2024,Barracas,Velez,,0-5,1.95,away
26-08-2024,Cordoba Santiago,Banfield,,0-0,2.90,draw
26-08-2024,Villarreal,Celta Vigo,,4-3,1.85,home
26-08-2024,Cordoba,Burgos,,2-2,1.25,draw
25-08-2024,Swansea,Cardiff,,1-1,1.95,draw
25-08-2024,Motherwell,Hearts,,3-1,3.40,home
25-08-2024,Arouca,Nacional,,1-0,1.30,home
25-08-2024,Nantes,Auxerre,,2-0,1.35,home
25-08-2024,Strasbourg,Rennes,,3-1,2.20,home
25-08-2024,Torino,Atalanta,,2-1,2.40,home
25-08-2024,Leganes,Las Palmas,,2-1,3.00,home
25-08-2024,Albacete,Elche,,1-0,2.95,home
25-08-2024,Estoril,Gil Vicente,,0-0,2.60,draw
25-08-2024,Alaves,Betis,,0-0,3.10,draw
25-08-2024,Odd Grenland,Rosenborg,,1-3,1.90,away
25-08-2024,Catanzaro,Juve Stabia,,0-0,1.30,draw
25-08-2024,Mantova,Cosenza,,3-2,2.05,home
25-08-2024,Napoli,Bologna,,3-0,1.95,home
25-08-2024,Castellon,Oviedo,,0-0,1.30,draw
25-08-2024,AVS,Vitoria Guimaraes,,1-0,1.25,home
24-08-2024,Crystal Palace,West Ham,,0-2,1.35,away
24-08-2024,Southampton,Nottingham,,0-1,1.50,away
24-08-2024,Norwich,Sheffield Utd,,1-1,1.45,draw
24-08-2024,Preston,Luton,,1-0,2.15,home
24-08-2024,Stoke,WBA,,1-2,2.85,away
24-08-2024,Sunderland,Burnley,,1-0,2.90,home
24-08-2024,Hibernian,Dundee,,2-2,3.20,draw
24-08-2024,Cottbus,Aachen,,2-1,3.55,home
24-08-2024,WSG Tirol,Austria Kl.,,0-1,2.25,away
24-08-2024,Osasuna,Mallorca,,1-0,3.00,home
24-08-2024,Olympique Lyon,Monaco,,0-2,2.70,away
24-08-2024,Udinese,Lazio,,2-1,1.35,home
24-08-2024,Monza,Genoa,,0-1,1.50,away
24-08-2024,St Etienne,Le Havre,,0-2,2.05,away
24-08-2024,Espanyol,Sociedad,,0-1,2.10,away
24-08-2024,Getafe,Rayo Vallecano,,0-0,2.95,draw
23-08-2024,Santander,Eibar,,2-2,1.30,draw
23-08-2024,Hannover,Hamburger,,1-0,2.55,home
23-08-2024,Celta,Valencia,,3-1,3.30,home
23-08-2024,Den Bosch,MVV,,1-1,2.05,draw
23-08-2024,Emmen,Helmond,,0-0,1.95,draw
23-08-2024,Oss,Cambuur,,1-0,2.10,home
23-08-2024,Bastia,Amiens,,1-0,2.95,home
23-08-2024,Laval,Guingamp,,0-1,2.95,away
23-08-2024,Pau,Caen,,1-0,1.40,home
23-08-2024,Rodez,Metz,,1-3,1.40,away
23-08-2024,Troyes,Clermont,,0-1,1.30,away
23-08-2024,Alanyaspor,Goztepe,,1-1,1.30,draw
23-08-2024,Wil,Xamax,,4-0,2.85,home
23-08-2024,Modena,Bari,,2-1,3.00,home
23-08-2024,Sevilla,Villarreal,,1-2,3.50,away
23-08-2024,Huesca,La Coruna,,2-1,2.80,home
22-08-2024,Pyunik Yerevan,Celje,,1-0,3.10,home
22-08-2024,FK Panevezys,TNS,,0-3,3.20,away
22-08-2024,Rigas,APOEL,,2-1,2.60,home
22-08-2024,Hacken,Heidenheim,,1-2,2.95,away
22-08-2024,Cluj,Paphos,,1-0,1.85,home
22-08-2024,Partizan,Gent,,0-1,2.00,away
22-08-2024,Lugano,Besiktas,,3-3,2.05,draw
22-08-2024,Klaksvik,Helsinki,,2-2,2.15,draw
22-08-2024,Lincoln RI,Larne,,2-1,2.95,home
22-08-2024,St. Gallen,Trabzonspor,,0-0,1.25,draw
22-08-2024,Barracas,Gimnasia L.P.,,0-1,1.20,away
22-08-2024,Belgrano,Athletico-PR,,0-2,3.00,away
22-08-2024,Sportivo Ameliano,Libertad,,0-0,1.20,draw
22-08-2024,Nublense,Union Espanola,,0-0,1.25,draw
22-08-2024,Cruzeiro,Boca Juniors,,2-1,1.20,home
22-08-2024,Bolivar,Flamengo,,1-0,1.85,home
21-08-2024,SC Ismaily,Smouha,,2-0,1.40,home
21-08-2024,Vendsyssel,Hobro,,0-3,1.35,away
21-08-2024,Dyn. Kyiv,Salzburg,,0-2,2.30,away
21-08-2024,Malmo FF,Sparta Prague,,0-2,1.30,away
21-08-2024,Young Boys,Galatasaray,,3-2,1.85,home
21-08-2024,Guarani,Santos,,1-1,1.25,draw
21-08-2024,CRB,Ceara,,0-2,2.25,away
21-08-2024,Lanus,LDU Quito,,3-1,2.00,home
21-08-2024,Pyunik Yerevan,Celje,,1-0,3.10,home
21-08-2024,FK Panevezys,TNS,,0-3,3.20,away
21-08-2024,Hacken,Heidenheim,,1-2,2.95,away
21-08-2024,Rigas,APOEL,,2-1,2.60,home
21-08-2024,Partizan,Gent,,0-1,2.00,away
21-08-2024,Klaksvik,Helsinki,,2-2,2.15,draw
21-08-2024,Lincoln RI,Larne,,2-1,2.95,home
21-08-2024,St. Gallen,Trabzonspor,,0-0,1.25,draw
20-08-2024,HB Koge,B.93,,0-4,1.80,away
20-08-2024,Asane,Aalesund,,2-0,2.10,home
20-08-2024,Salford,Port Vale,,0-2,3.20,away
20-08-2024,Braintree,Aldershot,,2-1,2.20,home
20-08-2024,Eastleigh,Solihull Moors,,2-1,1.45,home
20-08-2024,Halifax,Gateshead,,1-1,2.10,draw
20-08-2024,Maidenhead,Altrincham,,0-1,2.50,away
20-08-2024,Oldham,Fylde,,1-1,1.90,draw
20-08-2024,Tamworth,Hartlepool,,0-1,1.40,away
20-08-2024,Wealdstone,Sutton,,0-1,2.25,away
20-08-2024,Woking,Dag & Red,,1-0,3.20,home
20-08-2024,York City,Rochdale,,1-0,1.40,home
20-08-2024,Wimbledon,Wycombe,,1-0,1.40,home
20-08-2024,Fluminense,Gremio,,2-1,2.05,home
20-08-2024,Dep. Cali,Santa Fe,,1-3,2.85,away
20-08-2024,CPD Junior,Colo Colo,,1-2,1.25,away
19-08-2024,Raufoss,Egersund,,4-1,2.00,home
19-08-2024,Lecce,Atalanta,,0-4,1.90,away
19-08-2024,Valladolid,Espanyol,,1-0,2.30,home
19-08-2024,Tondela,Porto II,,2-2,2.20,draw
19-08-2024,Versailles,Le Mans,,1-0,3.00,home
19-08-2024,Bryne,Kongsvinger,,1-1,1.30,draw
19-08-2024,Moss,Sogndal,,3-0,3.40,home
19-08-2024,Sandnes,Stabaek,,1-3,1.80,away
19-08-2024,Ajax II,MVV,,0-0,1.25,draw
19-08-2024,Eyupspor,Bodrumspor,,4-1,1.25,home
19-08-2024,Hatayspor,Kasimpasa,,1-1,3.40,draw
19-08-2024,Eldense,Tenerife,,2-1,2.90,home
19-08-2024,Martigues,Lorient,,0-1,1.25,away
19-08-2024,Metz,Bastia,,1-1,1.25,draw
19-08-2024,Estrela Amadora,Famalicao,,0-3,2.80,away
19-08-2024,Villarreal,Atl. Madrid,,2-2,2.05,draw
18-08-2024,Bolton,Wrexham,,0-0,1.85,draw
18-08-2024,Leuven,Cercle Brugge,,1-1,2.75,draw
18-08-2024,Moreirense,Arouca,,3-1,2.35,home
18-08-2024,Hartberg,Austria Vienna,,1-1,2.45,draw
18-08-2024,Gijon,Levante,,1-2,1.30,away
18-08-2024,Santander,Almeria,,2-2,3.05,draw
18-08-2024,Montpellier,Strasbourg,,1-1,2.05,draw
18-08-2024,Toulouse,Nantes,,0-0,1.25,draw
18-08-2024,Chelsea,Manchester City,,0-2,1.85,away
18-08-2024,Bologna,Udinese,,1-1,1.20,draw
18-08-2024,Kortrijk,Standard,,1-0,1.40,home
18-08-2024,Burgos,Cartagena,,3-1,1.80,home
18-08-2024,Elche,Huesca,,0-1,1.95,away
18-08-2024,Atromitos,Aris,,1-1,1.40,draw
18-08-2024,Cagliari,Roma,,0-0,1.95,draw
18-08-2024,Rennes,Olympique Lyon,,3-0,2.95,home
17-08-2024,Everton,Brighton,,0-3,2.65,away
17-08-2024,Nottingham,Bournemouth,,1-1,2.40,draw
17-08-2024,Bristol City,Millwall,,4-2,4-3,home
17-08-2024,Norwich,Blackburn,,2-2,3.50,draw
17-08-2024,Plymouth,Hull,,1-1,2.30,draw
17-08-2024,Swansea,Preston,,3-0,2.00,home
17-08-2024,Watford,Stoke,,3-0,1.45,home
17-08-2024,Blackpool,Stockport County,,0-3,2.05,away
17-08-2024,Cambridge Utd,Crawley,,0-1,2.10,away
17-08-2024,Heerenveen,Utrecht,,1-1,2.45,draw
17-08-2024,Rio Ave,Farense,,1-0,1.25,home
17-08-2024,Bielefeld,Hannover,,2-0,1.90,home
17-08-2024,West Ham,Aston Villa,,1-2,2.60,away
17-08-2024,Parma,Fiorentina,,1-1,2.20,draw
17-08-2024,La Coruna,Oviedo,,0-1,1.35,away
17-08-2024,Empoli,Monza,,0-0,1.35,draw
16-08-2024,Celta Vigo,Alaves,,2-1,1.25,home
16-08-2024,Mirandes,Cordoba,,1-0,2.45,home
16-08-2024,Oddevold,Utsikten,,2-1,2.05,home
16-08-2024,Den Bosch,AZ Alkmar II,,6-0,1.25,home
16-08-2024,Excelsior,De Graafschap,,3-1,1.25,home
16-08-2024,Utrecht II,PSV II,,0-2,2.40,away
16-08-2024,VVV Venlo,Vitesse,,0-1,2.20,away
16-08-2024,Ajaccio,Rodez,,1-0,2.25,home
16-08-2024,Amiens,Red Star 93,,3-0,1.30,home
16-08-2024,Dunkerque,Annecy,,0-2,3.00,away
16-08-2024,Grenoble,Laval,,2-1,2.20,home
16-08-2024,Primorje,Domzale,,2-1,2.25,home
16-08-2024,Brescia,Palermo,,1-0,3.10,home
16-08-2024,Gil Vicente,AVS,,4-2,3.20,home
16-08-2024,Las Palmas,Sevilla,,2-2,3.20,draw
16-08-2024,Cadiz,Zaragoza,,0-4,1.20,away
15-08-2024,Lincoln RI,Din. Minsk,,2-1,1.25,home
15-08-2024,Rapid,Trabzonspor,,2-0,1.35,home
15-08-2024,Legia,Brondby,,1-1,1.30,draw
15-08-2024,Zira,Osijek,,2-2,2.40,draw
15-08-2024,Elfsborg,Rijeka,,2-0,2.00,home
15-08-2024,Hapoel B.S.,Mlada Boleslav,,2-4,2.20,away
15-08-2024,Sheriff Tiraspol,Olimpija,,0-1,2.30,away
15-08-2024,Cercle Brugge,Molde,,1-0,2.10,home
15-08-2024,Vojvodina,Maribor,,1-0,2.20,home
15-08-2024,Granada,Albacete,,1-2,1.85,away
15-08-2024,Servette,Braga,,1-2,2.70,away
15-08-2024,Slask,St. Gallen,,3-2,3.40,home
15-08-2024,Wisla Krakow,Trnava,,2-0,1.40,home
15-08-2024,Shamrock,Celje,,2-1,3.30,home
15-08-2024,Decic,Helsinki,,2-1,1.50,home
15-08-2024,Betis,Girona,,1-1,2.40,draw
14-08-2024,Fehervar,Omonia,,0-2,2.30,away
14-08-2024,Sandnes,Aalesund,,0-2,1.90,away
14-08-2024,Hull,Sheffield Wed,,1-2,2.80,away
14-08-2024,Rosario,Fortaleza CE,,1-1,2.90,draw
14-08-2024,Palestino,Ind. Medellin,,2-2,1.35,draw
14-08-2024,Botafogo,Palmeiras,,2-1,3.00,home
14-08-2024,Talleres,River Plate,,0-1,1.35,away
14-08-2024,Rapid,Trabzonspor,,2-0,1.35,home
14-08-2024,Legia,Brondby,,1-1,1.30,draw
14-08-2024,Pyunik,Ordabasy,,1-0,1.30,home
14-08-2024,Zira,Osijek,,2-2,2.40,draw
14-08-2024,Elfsborg,Rijeka,,2-0,2.00,home
14-08-2024,Cercle Brugge,Molde,,1-0,2.10,home
14-08-2024,Servette,Braga,,1-2,2.70,away
14-08-2024,Shamrock Rovers,Celje,,2-1,3.30,home
14-08-2024,Betis,Girona,,1-1,2.40,draw
13-08-2024,Stockport,Blackburn,,1-6,1.65,away
13-08-2024,FCSB,Sparta Prague,,2-3,3.20,away
13-08-2024,Barrow,Port Vale,,3-2,2.50,home
13-08-2024,Bristol City,Coventry,,0-1,2.30,away
13-08-2024,Bromley,AFC Wimbledon,,1-2,2.70,away
13-08-2024,Burton,Blackpool,,0-4,1.80,away
13-08-2024,Charlton,Birmingham,,0-1,1.30,away
13-08-2024,Colchester,Reading,,2-2,3.20,draw
13-08-2024,Crawley,Swindon,,4-2,1.25,home
13-08-2024,Grimsby,Bradford City,,1-1,2.30,draw
13-08-2024,Northampton,Wycombe,,0-2,2.30,away
13-08-2024,Oxford Utd,Peterborough,,2-0,2.20,home
13-08-2024,Portsmouth,Millwall,,0-1,1.40,away
13-08-2024,Preston,Sunderland,,2-0,1.40,home
13-08-2024,Salford,Doncaster,,0-2,2.35,away
13-08-2024,Shrewsbury,Notts Co,,3-0,1.35,home
12-08-2024,Petrolul,Univ. Cluj,,0-0,1.35,draw
12-08-2024,Felgueiras,Portimonense,,0-0,2.95,draw
12-08-2024,Viborg,Aalborg,,2-3,1.95,away
12-08-2024,Hammarby TFF,Brommapojkarna,,3-3,1.90,draw
12-08-2024,Orgryte,Orebro,,3-1,2.40,home
12-08-2024,AZ Alkmar II,Roda,,6-1,2.35,home
12-08-2024,PSV II,Ajax II,,2-2,2.35,draw
12-08-2024,Bodrumspor,Gaziantep,,0-1,3.30,away
12-08-2024,Rizespor,Basaksehir,,1-1,1.35,draw
12-08-2024,Akranes,Fram,,1-0,1.35,home
12-08-2024,KR Reykjavik,Hafnarfjordur,,1-0,2.35,home
12-08-2024,Bravo,Koper,,1-0,2.30,home
12-08-2024,Salernitana,Spezia,,3-3,3.05,draw
12-08-2024,Luton,Burnley,,1-4,3.30,away
12-08-2024,CSMS Iasi,Din. Bucuresti,,2-2,1.45,draw
12-08-2024,Arouca,Vitoria Guimaraes,,0-1,1.40,away
11-08-2024,Aberdeen,St. Mirren,,3-1,1.25,home
11-08-2024,Brondby,Aarhus,,0-1,3.60,away
11-08-2024,Estoril,Santa Clara,,1-4,1.30,away
11-08-2024,Lugano,Luzern,,2-3,2.00,away
11-08-2024,Zurich,Lausanne,,2-0,1.90,home
11-08-2024,De Graafschap,FC Volendam,,4-3,2.15,home
11-08-2024,Austria Vienna,Wolfsberger,,3-1,3.50,home
11-08-2024,KFUM Oslo,Rosenborg,,1-0,3.50,home
11-08-2024,Odd Grenland,Sarpsborg 08,,1-1,2.50,draw
11-08-2024,Brescia,Venezia,,3-1,1.40,home
11-08-2024,Sivasspor,Trabzonspor,,0-0,2.00,draw
11-08-2024,Charleroi,Gent,,1-0,2.80,home
11-08-2024,Farense,Moreirense,,1-2,2.50,away
11-08-2024,Lillestrom,Molde,,1-2,2.25,away
11-08-2024,Sampdoria,Como,,1-1,1.35,draw
11-08-2024,Alanyaspor,Eyupspor,,1-1,1.30,draw
10-08-2024,Gillingham,Carlisle,,4-1,1.95,home
10-08-2024,Harrogate,Bromley,,0-2,1.40,away
10-08-2024,Salford,Port Vale,,0-2,2.90,away
10-08-2024,Tranmere,Notts Co,,0-0,1.40,draw
10-08-2024,Haugesund,HamKam,,0-1,3.50,away
10-08-2024,WSG Tirol,GAK,,0-0,2.65,draw
10-08-2024,Viking,Bodo/Glimt,,1-1,2.60,draw
10-08-2024,Bristol Rovers,Northampton,,1-0,1.85,home
10-08-2024,Burton,Lincoln,,2-3,2.05,away
10-08-2024,Crawley,Blackpool,,2-1,1.80,home
10-08-2024,Exeter,Rotherham,,1-0,2.20,home
10-08-2024,Leyton Orient,Bolton,,1-2,1.30,away
10-08-2024,Peterborough,Huddersfield,,0-2,1.35,away
10-08-2024,Wigan,Charlton,,0-1,3.30,away
10-08-2024,Wrexham,Wycombe,,3-2,1.30,home
10-08-2024,NEC,Twente,,1-2,1.95,away
09-08-2024,Radomiak,Gornik,,1-2,1.30,away
09-08-2024,Kaiserslautern,Greuther Furth,,2-2,2.15,draw
09-08-2024,Jahn Regensburg,Ulm,,1-0,1.40,home
09-08-2024,KTE,Debrecen,,1-1,3.10,draw
09-08-2024,Sandefjord,Stromsgodset,,2-2,1.40,draw
09-08-2024,FCSB,Farul Constanta,,3-2,1.30,home
09-08-2024,Eindhoven,Den Bosch,,2-0,1.90,home
09-08-2024,Emmen,Dordrecht,,1-2,2.25,away
09-08-2024,MVV,Cambuur,,0-1,2.25,away
09-08-2024,Oss,Excelsior,,3-1,1.80,home
09-08-2024,Rakow,Lech Poznan,,0-0,1.80,draw
09-08-2024,Standard,Mechelen,,0-0,3.40,draw
09-08-2024,Bohemians,Waterford,,2-3,1.72,away
09-08-2024,Blackburn,Derby,,4-2,2.25,home
09-08-2024,Preston,Sheffield Utd,,0-2,2.30,away
09-08-2024,Barnsley,Mansfield,,1-2,1.30,away
08-08-2024,Ararat-Armenia,Puskas,,0-1,3.00,away
08-08-2024,Ilves,Djurgarden,,1-1,1.95,draw
08-08-2024,Silkeborg,Gent,,2-2,2.25,draw
08-08-2024,KI Klaksvik,Borac Banja Luka,,2-1,2.35,home
08-08-2024,Molde,Cercle Brugge,,3-0,1.90,home
08-08-2024,Brondby,Legia,,2-3,1.90,away
08-08-2024,Zurich,Vitoria Guimaraes,,0-3,1.30,away
08-08-2024,CSKA 1948,Paphos,,2-1,1.95,home
08-08-2024,Argentinos Jrs,Sarmiento Junin,,0-0,1.80,draw
08-08-2024,Panathinaikos,Ajax,,0-1,2.25,away
08-08-2024,Partizan,Lugano,,0-1,2.20,away
08-08-2024,Rijeka,Elfsborg,,1-1,1.25,draw
08-08-2024,Botev Plovdiv,Zrinjski,,2-1,1.30,home
08-08-2024,Kilmarnock,Tromso,,2-2,1.45,draw
08-08-2024,Maribor,Vojvodina,,2-1,1.95,home
08-08-2024,St. Mirren,Brann,,1-1,1.95,draw
07-08-2024,Slovan Bratislava,Apoel Nicosia,,2-0,1.30,home
07-08-2024,Jagiellonia,Bodo/Glimt,,0-1,3.50,away
07-08-2024,Sportivo Ameliano,Guarani Asuncion,,2-2,3.00,draw
07-08-2024,Bahia,Botafogo RJ,,1-0,2.20,home
07-08-2024,Bragantino,Athletico-PR,,2-3,1.25,away
07-08-2024,Palmeiras,Flamengo RJ,,1-0,3.30,home
07-08-2024,Bucaramanga,Santa Fe,,0-1,1.70,away
07-08-2024,Gremio,Corinthians,,0-0,1.25,draw
07-08-2024,Ararat-Armenia,Puskas,,0-1,3.00,away
07-08-2024,Silkeborg,Gent,,2-2,2.25,draw
07-08-2024,KI Klaksvik,Borac Banja Luka,,2-1,2.35,home
07-08-2024,Molde,Cercle Brugge,,3-0,1.90,home
07-08-2024,Brondby,Legia,,2-3,1.90,away
07-08-2024,Panathinaikos,Ajax,,0-1,2.25,away
07-08-2024,Partizan,Lugano,,0-1,2.20,away
07-08-2024,Rijeka,Elfsborg,,1-1,1.25,draw
06-08-2024,USA W,Germany W,,0-0,1.90,draw
06-08-2024,Malmo,PAOK,,2-2,2.20,draw
06-08-2024,Midtjylland,Ferencvaros,,2-0,1.25,home
06-08-2024,Dyn. Kyiv,Rangers,,1-1,2.10,draw
06-08-2024,Lille,Fenerbahce,,2-1,3.20,home
06-08-2024,Fram,Stjarnan,,2-1,1.35,home
06-08-2024,KA Akureyri,Valur,,1-0,1.90,home
06-08-2024,Sol de America,Olimpia,,0-1,1.25,away
06-08-2024,Cerezo Osaka,M.Zelvia,,0-0,3.20,draw
06-08-2024,Gamba Osaka,Tokyo,,0-0,2.05,draw
06-08-2024,Kawasaki Frontale,Vissel Kobe,,3-0,2.10,home
06-08-2024,Kyoto Purple Sanga,Nagoya GE,,3-2,1.30,home
06-08-2024,Bellmare S.,Fukuoka,,1-1,2.25,draw
06-08-2024,Tokyo Verdy,Sanfrecce Hiroshima,,0-1,1.90,away
06-08-2024,Urawa RD,Kashiwa R.,,Postp,2.20,postponed
06-08-2024,Slavia Prague,St.Gilloise,,3-1,1.85,home
05-08-2024,Slobozia,UTA Arad,,0-1,2.90,away
05-08-2024,Arsenal Tula,Yenisey,,2-1,2.00,home
05-08-2024,Cracovia K.,Widzew,,1-3,3.25,away
05-08-2024,Dep. Riestra,Central Cordoba,,1-0,3.00,home
05-08-2024,Botev Vratsa,Beroe,,1-2,2.45,away
05-08-2024,Shelbourne,Derry City,,0-0,2.90,draw
05-08-2024,St Johnstone,Aberdeen,,1-2,1.30,away
05-08-2024,Rapid Bucuresti,Sepsi,,2-2,2.00,draw
05-08-2024,Chapecoense,Mirassol,,0-1,1.45,away
05-08-2024,Gimnasia L.P.,Rosario,,0-1,3.05,away
05-08-2024,CA Atlanta,Gimnasia M.,,1-2,2.80,away
05-08-2024,Ferro Oeste,Agropecuario,,3-0,1.25,home
05-08-2024,Platense,Banfield,,0-1,2.65,away
05-08-2024,Atl. Rafaela,Temperley,,1-0,2.80,home
05-08-2024,Cruzeiro,Fortaleza CE,,1-2,1.90,away
05-08-2024,Quilmes,San Martin,,0-1,1.25,away
04-08-2024,Trelleborg,Landskrona,,1-3,1.35,away
04-08-2024,St. Mirren,Hibernian,,3-0,3.25,home
04-08-2024,Cottbus,Bielefeld,,1-2,1.35,away
04-08-2024,Young Boys,Zurich,,2-2,2.00,draw
04-08-2024,Kalmar,Hammarby TFF,,1-4,2.30,away
04-08-2024,Fakel,Krasnodar,,0-0,1.70,draw
04-08-2024,BW Linz,Austria Vienna,,1-0,2.25,home
04-08-2024,Rapid,Sturm,,1-0,2.20,home
04-08-2024,Fredrikstad,Kfum,,0-0,3.50,draw
04-08-2024,Ham Kam,Viking,,3-3,2.15,draw
04-08-2024,Stromsgodset,Brann,,2-3,1.50,away
04-08-2024,Gnistan,VPS,,3-0,2.25,home
04-08-2024,KuPS,SJK,,2-1,1.35,home
04-08-2024,Rosenborg,Tromso,,1-0,2.00,home
04-08-2024,Ingolstadt,Mannheim,,2-1,1.95,home
04-08-2024,Akhmat Grozny,Lokomotiv Moscow,,0-5,2.10,away
03-08-2024,Motherwell,Ross County,,0-0,1.90,draw
03-08-2024,Airdrie,Raith,,1-0,3.00,home
03-08-2024,Hamilton,Ayr,,0-2,2.10,away
03-08-2024,Livingston,Dunfermline,,2-0,1.25,home
03-08-2024,Hartberg,LASK,,1-2,3.30,away
03-08-2024,Grasshoppers,Basel,,0-3,2.50,away
03-08-2024,Lugano,Servette,,3-1,2.70,home
03-08-2024,Banska Bystrica,Skalica,,1-1,3.25,draw
03-08-2024,Leuven,Genk,,3-1,1.25,home
03-08-2024,Rubin Kazan,Khimki,,2-3,1.25,away
03-08-2024,Galatasaray,Besiktas,,0-5,3.30,away
03-08-2024,Sigma Olomouc,Teplice,,2-1,2.00,home
03-08-2024,Luzern,Sion,,1-0,1.25,home
03-08-2024,St. Truiden,Charleroi,,1-4,2.80,away
03-08-2024,HNK Gorica,Varazdin,,0-0,3.10,draw
03-08-2024,Sporting,Porto,,3-3,3.30,draw
02-08-2024,Otelul Galati,Hermannstadt,,1-0,1.20,home
02-08-2024,Gyor,Debrecen,,0-3,1.40,away
02-08-2024,Munich 1860,Saarbrucken,,0-1,3.40,away
02-08-2024,B.93,Vendsyssel,,1-2,1.30,away
02-08-2024,Kolding IF,Fredericia,,1-0,3.40,home
02-08-2024,Orebro,Ostersund,,4-1,3.40,home
02-08-2024,Sundsvall,Utsikten,,1-0,2.30,home
02-08-2024,S.Nyonnais,Schaffhausen,,0-3,3.30,away
02-08-2024,Napredak,IMT,,1-1,2.40,draw
02-08-2024,Radomlje,Domzale,,1-0,2.15,home
02-08-2024,Koln,Hamburger,,1-2,1.35,away
02-08-2024,Drogheda,Bohemians,,2-2,3.45,draw
02-08-2024,Dundalk,Galway,,0-2,3.15,away
02-08-2024,Cobh Ramblers,Longford,,1-0,1.95,home
02-08-2024,Finn Harps,Bray,,1-2,3.20,away
02-08-2024,UCD,Wexford,,1-1,2.10,draw
01-08-2024,Bravo,Zrinjski,,1-3,1.30,away
01-08-2024,Sabah,Maccabi Haifa,,2-5,2.10,away
01-08-2024,Polissya Zhytomyr,Olimpija,,1-2,3.40,away
01-08-2024,Tobol,St. Gallen,,0-1,1.90,away
01-08-2024,Paide,Stjarnan,,4-0,1.35,home
01-08-2024,Dynamo Makhachkala,Krylya Sovetov,,1-0,3.00,home
01-08-2024,Brann,Go Head,,2-1,1.75,home
01-08-2024,Torpedo Kutaisi,Omonia,,1-2,3.50,away
01-08-2024,CS Universitatea,Maribor,,3-2,1.90,home
01-08-2024,Silkeborg,Molde,,3-2,2.50,home
01-08-2024,Cherno More,Hapoel B.S.,,1-2,2.50,away
01-08-2024,Smouha,Al Masry,,1-0,1.40,home
01-08-2024,St. Mirren,Valur,,4-1,1.90,home
01-08-2024,Buducnost,CSKA 1948,,1-0,3.20,home
01-08-2024,Egnatia,Vikingur,,0-2,3.20,away
01-08-2024,Juventude,Fluminense,,3-2,1.40,home
31-07-2024,Spartak Moscow,Dynamo Moscow,,3-0,2.10,home
31-07-2024,Keflavik,Thor,,3-2,2.05,home
31-07-2024,Krasnodar,CSKA,,1-0,3.25,home
31-07-2024,Al Ittihad,Enppi,,0-0,2.80,draw
31-07-2024,Maccabi Tel Aviv,FCSB,,0-1,3.30,away
31-07-2024,Trnava,Sarajevo,,3-0,1.25,home
31-07-2024,Colombia W,Canada W,,0-1,1.85,away
31-07-2024,Fylkir,Fram,,0-0,2.35,draw
31-07-2024,Throttur,Fjolnir,,0-0,2.45,draw
31-07-2024,Union de Santa Fe,Rosario,,1-0,1.25,home
31-07-2024,Flamengo,Palmeiras,,2-0,1.20,home
31-07-2024,Charlotte,Cruz Azul,,0-0,2.20,draw
31-07-2024,Santos Laguna,DC United,,0-3,1.85,away
31-07-2024,Atletico GO,Vasco da Gama,,1-1,3.00,draw
31-07-2024,Corinthians,Gremio,,0-0,1.25,draw
31-07-2024,San Jose,Los Angeles Galaxy,,1-2,1.95,away
30-07-2024,El Daklyeh,El Gaish,,0-1,1.20,away
30-07-2024,Drita,Breidablik,,1-0,3.25,home
30-07-2024,Lokomotiv Moscow,FK Rostov,,1-0,2.10,home
30-07-2024,Rubin Kazan,Akron Togliatti,,4-0,1.85,home
30-07-2024,Pyunik,Struga,,3-1,1.95,home
30-07-2024,Petrocub,Apoel Nicosia,,1-1,3.00,draw
30-07-2024,Baladeya,SC Ismaily,,4-2,1.20,home
30-07-2024,Hamrun,Ballkani,,0-2,1.35,away
30-07-2024,Slovan Bratislava,Celje,,5-0,1.25,home
30-07-2024,Israel Ol.,Japan Ol.,,0-1,1.85,away
30-07-2024,Paraguay Ol.,Mali Ol.,,1-0,3.40,home
30-07-2024,Atl. San Luis,CF Montreal,,2-3,2.25,away
30-07-2024,Pachuca,New York Red Bulls,,1-1,2.25,draw
30-07-2024,Oriente Petrolero,Wilstermann,,1-0,1.70,home
30-07-2024,Monterrey,Austin FC,,0-2,1.95,away
30-07-2024,Minnesota United,Necaxa,,1-0,2.00,home
29-07-2024,Beroe,Lok. Sofia,,0-0,1.25,draw
29-07-2024,Helsingborg,Oster,,3-2,1.30,home
29-07-2024,Orgryte,Oddevold,,4-2,3.30,home
29-07-2024,KR Reykjavik,KA Akureyri,,2-2,2.80,draw
29-07-2024,Barracas Central,Atl. Tucuman,,0-2,1.40,away
29-07-2024,River M.,Racing M.,,2-2,3.10,draw
29-07-2024,Arka Gdynia,LKS Lodz,,2-1,1.90,home
29-07-2024,Petrolul,Rapid Bucuresti,,1-0,1.95,home
29-07-2024,Defensa y Justicia,Platense,,1-3,1.25,away
29-07-2024,Paysandu,Novorizontino,,1-3,2.15,away
29-07-2024,Cordoba Santiago,Velez,,0-2,1.95,away
29-07-2024,Tigre,Dep. Riestra,,2-1,2.35,home
29-07-2024,Argentinos Jrs,Lanus,,2-0,2.15,home
29-07-2024,Belgrano,Godoy Cruz,,1-0,2.85,home
29-07-2024,Cobreloa,Palestino,,3-1,2.20,home
29-07-2024,Fortaleza,Dep. Cali,,2-1,3.00,home
28-07-2024,Aalborg,Silkeborg,,2-1,2.55,home
28-07-2024,St. Gallen,Young Boys,,4-0,2.35,home
28-07-2024,Elfsborg,Djurgarden,,1-2,2.70,away
28-07-2024,Hammarby TFF,Mjallby,,3-0,2.15,home
28-07-2024,Orenburg,Akhmat Grozny,,0-0,1.35,draw
28-07-2024,Odd Grenland,Stromsgodset,,2-0,3.50,home
28-07-2024,Sandefjord,Haugesund,,4-3,3.60,home
28-07-2024,Mlada Boleslav,Slovacko,,3-0,1.35,home
28-07-2024,Piast Gliwice,Slask Wroclaw,,2-0,1.25,home
28-07-2024,Ruzomberok,Banska Bystrica,,1-1,3.30,draw
28-07-2024,Charleroi,Antwerp,,0-1,2.15,away
28-07-2024,KTE,Fehervar,,0-0,3.20,draw
28-07-2024,Ujpest,Puskas,,1-2,1.95,away
28-07-2024,Westerlo,Cercle Brugge,,3-0,1.35,home
28-07-2024,Viking,Molde,,1-0,2.50,home
28-07-2024,Korona Kielce,Legia,,0-1,1.95,away
27-07-2024,Norrkoping,Kalmar,,2-0,1.25,home
27-07-2024,Nordsjaelland,Midtjylland,,2-2,2.10,draw
27-07-2024,Asane,Raufoss,,0-0,2.10,draw
27-07-2024,Kongsvinger,Levanger,,3-3,1.85,draw
27-07-2024,Mjondalen,Lyn,,1-2,2.00,away
27-07-2024,Stabaek,Moss,,1-4,1.95,away
27-07-2024,Dynamo Moscow,Lokomotiv Moscow,,3-1,2.10,home
27-07-2024,Goteborg,Brommapojkarna,,3-4,1.30,away
27-07-2024,Radomiak,Jagiellonia,,2-3,2.05,away
27-07-2024,Grasshoppers,Luzern,,2-2,2.35,draw
27-07-2024,Sion,Lausanne,,4-0,2.60,home
27-07-2024,Fredrikstad,Rosenborg,,2-2,1.30,draw
27-07-2024,Beerschot VA,Leuven,,0-0,2.45,draw
27-07-2024,Halmstad,Varnamo,,1-0,1.25,home
27-07-2024,Widzew,Lech Poznan,,2-1,1.95,home
27-07-2024,Basel,Lugano,,1-2,2.40,away
26-07-2024,Krylya Sovetov,FK Rostov,,1-3,3.50,away
26-07-2024,FC Hermannstadt,Unirea Slobozia,,1-1,1.20,draw
26-07-2024,Zalaegerszegi,MTK,,0-1,1.95,away
26-07-2024,Niepolomice,Gornik,,2-2,3.20,draw
26-07-2024,Sonderjyske,Lyngby,,1-1,1.25,draw
26-07-2024,Hobro,Esbjerg,,3-6,3.40,away
26-07-2024,Horsens,Hillerod,,3-2,2.55,home
26-07-2024,Kolding IF,Hvidovre IF,,0-0,3.50,draw
26-07-2024,Stade Lausanne Ouchy,Schaffhausen,,0-1,1.90,away
26-07-2024,S.Nyonnais,Bellinzona,,2-1,3.30,home
26-07-2024,Etoile-Carouge,Xamax,,3-1,2.50,home
26-07-2024,Nyiregyhaza,Gyor,,2-1,1.35,home
26-07-2024,Lendava,Radomlje,,2-1,3.20,home
26-07-2024,Lechia Gdansk,Motor Lublin,,0-2,1.85,away
26-07-2024,Bohemians,Dundalk,,1-1,1.30,draw
26-07-2024,Drogheda,Waterford,,2-0,2.25,home
25-07-2024,KuPS,Tromso,,0-1,2.25,away
25-07-2024,Zira,Dun. Streda,,4-0,2.70,home
25-07-2024,Ilves,Austria Vienna,,2-1,1.95,home
25-07-2024,Sumqayit,Fehervar FC,,1-2,1.25,away
25-07-2024,Milsami,FC Astana,,1-1,2.05,draw
25-07-2024,Zalgiris,Paphos,,2-1,1.40,home
25-07-2024,Go Head,Brann,,0-0,2.80,draw
25-07-2024,Zimbru,Ararat-Armenia,,0-3,2.60,away
25-07-2024,Sheriff Tiraspol,Elfsborg,,0-1,2.45,away
25-07-2024,Hapoel B.S.,Cherno More,,0-0,3.00,draw
25-07-2024,Paks,AEK Larnaca,,3-0,3.30,home
25-07-2024,Maribor,CS Universitatea,,2-0,1.50,home
25-07-2024,Kilmarnock,Cercle Brugge,,1-1,1.85,draw
25-07-2024,St. Patricks,Vaduz,,3-1,3.10,home
25-07-2024,Valur,St. Mirren,,0-0,2.60,draw
25-07-2024,Sarajevo,Trnava,,0-0,1.40,draw
24-07-2024,Struga,Pyunik Yerevan,,2-1,2.35,home
24-07-2024,Riga FC,Slask Wroclaw,,1-0,3.20,home
24-07-2024,Japan Ol.,Paraguay Ol.,,5-0,1.75,home
24-07-2024,Celje,Slovan Bratislava,,1-1,2.35,draw
24-07-2024,Servette,Young Boys,,3-1,2.15,home
24-07-2024,Mali Ol.,Israel Ol.,,1-1,3.15,draw
24-07-2024,Metropolitanos,Universidad Central,,0-0,2.55,draw
24-07-2024,Criciuma,Fortaleza,,1-1,3.10,draw
24-07-2024,Godoy Cruz,River Plate,,2-1,1.90,home
24-07-2024,Huracan,Estudiantes L.P.,,0-0,1.35,draw
24-07-2024,Sao Paulo,Botafogo RJ,,2-2,1.30,draw
24-07-2024,Brusque,Paysandu PA,,1-0,2.90,home
24-07-2024,Mun.Liberia,Alajuelense,,1-2,1.25,away
24-07-2024,Atletico GO,Bahia,,1-1,3.20,draw
24-07-2024,Fluminense,Palmeiras,,1-0,1.30,home
24-07-2024,Millonarios,Atl. Nacional,,1-2,1.95,away
23-07-2024,Raufoss,Levanger,,0-3,2.30,away
23-07-2024,Differdange,Ordabasy,,1-0,3.10,home
23-07-2024,FCSB,Maccabi Tel Aviv,,1-1,2.40,draw
23-07-2024,Dep. Riestra,Argentinos Jrs,,2-0,1.25,home
23-07-2024,Hamilton,Ross County,,1-2,1.95,away
23-07-2024,Patriotas,Fortaleza,,0-2,2.80,away
23-07-2024,Gimnasia L.P.,San Lorenzo,,0-1,2.90,away
23-07-2024,Chapecoense-SC,Sport Recife,,1-1,1.30,draw
23-07-2024,Operario,Novorizontino,,0-0,1.25,draw
23-07-2024,Racing Montevideo,Huachipato,,0-1,3.20,away
23-07-2024,Ponte Preta,Vila Nova FC,,2-0,1.30,home
23-07-2024,Newcastle Jets,Western United,,4-1,2.15,home
23-07-2024,Cheongju,Asan Chungnam,,0-3,2.95,away
23-07-2024,Gimpo FC,Seoul E-Land,,2-5,3.20,away
23-07-2024,Struga,Pyunik Yerevan,,2-1,2.35,home
23-07-2024,Riga FC,Slask Wroclaw,,1-0,3.20,home
22-07-2024,SC Ismaily,El Gouna,,1-1,1.20,draw
22-07-2024,Rotor,Torpedo Moscow,,1-1,1.30,draw
22-07-2024,Metta,Tukums 2000,,0-0,1.95,draw
22-07-2024,Vysocina Jihlava,Brno,,0-2,2.40,away
22-07-2024,Gloria Buzau,Sepsi,,1-2,1.30,away
22-07-2024,Hebar,Spartak Varna,,0-2,2.25,away
22-07-2024,GAIS,AIK,,2-0,2.40,home
22-07-2024,Varbergs BoIS FC,Landskrona,,1-1,2.30,draw
22-07-2024,Nizhny Novgorod,Rubin Kazan,,2-4,2.45,away
22-07-2024,Stal Mielec,Widzew Lodz,,1-1,2.35,draw
22-07-2024,Future,Smouha,,3-0,2.90,home
22-07-2024,Pyramids,Al Ahly,,0-1,3.10,away
22-07-2024,Septemvri Sofia,Beroe,,0-1,1.25,away
22-07-2024,Otelul Galati,Farul Constanta,,0-0,2.35,draw
22-07-2024,Fram,Valur,,Postp,1.75,postponed
22-07-2024,Deportivo Pereira,Ind. Medellin,,1-1,3.15,draw
21-07-2024,Horsens,Fredericia,,1-3,1.95,away
21-07-2024,Vejle Kolding,Randers,,2-3,1.40,away
21-07-2024,Hillerod,Hobro IK,,2-2,1.75,draw
21-07-2024,Lausanne,Basel,,3-2,1.35,home
21-07-2024,Luzern,Servette,,1-2,2.10,away
21-07-2024,Elfsborg,Mjallby,,3-1,1.90,home
21-07-2024,Goteborg,Vasteras,,1-1,2.00,draw
21-07-2024,Orenburg,Spartak Moscow,,2-0,2.15,home
21-07-2024,Ham Kam,Fredrikstad,,0-1,3.25,away
21-07-2024,Haugesund,Viking,,1-0,1.95,home
21-07-2024,Viborg,Brondby,,3-3,1.95,draw
21-07-2024,Akhmat Grozny,Krasnodar,,1-1,1.40,draw
21-07-2024,Khimki,Dynamo Makhachkala,,1-1,3.20,draw
21-07-2024,Rosenborg,Lillestrom,,Abn,2.05,abandoned
21-07-2024,Hradec,Teplice,,1-0,1.25,home
21-07-2024,Cordoba Santiago,Platense,,0-2,3.20,away
20-07-2024,Varnamo,Hacken,,2-2,1.25,draw
20-07-2024,Gefle,Trelleborg,,2-2,1.45,draw
20-07-2024,Oddevold,Helsingborg,,0-3,3.15,away
20-07-2024,Egersund,Bryne,,0-2,2.60,away
20-07-2024,Moss,Kongsvinger,,1-0,2.40,home
20-07-2024,Ranheim,Sogndal,,3-0,2.00,home
20-07-2024,Raufoss,Stabaek,,0-0,1.95,draw
20-07-2024,Bohemians 05,Ostrava,,2-1,2.50,home
20-07-2024,Budejovice,Sigma Olomouc,,0-2,3.40,away
20-07-2024,Brommapojkarna,Hammarby TFF,,0-2,2.40,away
20-07-2024,Yverdon,Zurich,,0-2,1.25,away
20-07-2024,Bellinzona,Wil,,2-1,1.30,home
20-07-2024,Rostov,CSKA,,0-0,2.50,draw
20-07-2024,Club Brugge,St.Gilloise,,1-2,2.10,away
20-07-2024,Winterthur,St. Gallen,,1-0,1.95,home
20-07-2024,Rapid Bucuresti,Cluj,,2-2,2.35,draw
19-07-2024,CSMS Iasi,Botosani,,1-0,2.90,home
19-07-2024,Aarhus,Midtjylland,,1-1,2.15,draw
19-07-2024,Polonia,Pruszkow,,0-1,2.10,away
19-07-2024,Opava,Vlasim,,3-3,1.70,draw
19-07-2024,B.93,Kolding IF,,0-0,1.80,draw
19-07-2024,Radnicki 1923,Zeleznicar Pancevo,,2-3,1.25,away
19-07-2024,Schaffhausen,Etoile-Carouge,,2-3,2.10,away
19-07-2024,Xamax,Stade Lausanne Ouchy,,3-2,2.20,home
19-07-2024,Barracas,Newells Old Boys,,0-1,3.00,away
19-07-2024,Cajamarca,Cusco,,2-1,2.20,home
19-07-2024,Levski Krumovgrad,Slavia Sofia,,1-0,1.45,home
19-07-2024,Odra Opole,Ruch Chorzow,,0-2,3.20,away
19-07-2024,Jaguares C.,Patriotas,,0-0,2.00,draw
19-07-2024,Nacional A.,Sportivo T.,,0-0,3.30,draw
19-07-2024,Rosario,Sarmiento,,4-2,1.20,home
19-07-2024,Fortaleza,Deportes Tolima,,1-1,1.35,draw
18-07-2024,Llapi,Wisla Krakow,,1-2,2.90,away
18-07-2024,Paphos,Elfsborg,,2-5,2.40,away
18-07-2024,Zira,Sheriff Tiraspol,,1-2,1.30,away
18-07-2024,Inter Escaldes,Velez Mostar,,5-1,2.10,home
18-07-2024,Milsami Ursidos,Torpedo Zhodino,,0-0,2.15,draw
18-07-2024,St Josephs,Shelbourne,,1-1,2.00,draw
18-07-2024,Vllaznia,Valur,,0-4,2.30,away
18-07-2024,Marsaxlokk,Partizani,,1-2,1.95,away
18-07-2024,Hunedoara,Paks,,0-2,2.00,away
18-07-2024,Tirana,Torpedo Kutaisi,,0-1,2.35,away
18-07-2024,Shkendija,Noah,,1-2,2.00,away
18-07-2024,Buducnost,Malisheva,,3-0,1.95,home
18-07-2024,Sarajevo,Aktobe,,1-2,1.40,away
18-07-2024,IR Reykjavik,Keflavik,,0-1,1.20,away
18-07-2024,Ind. Rivadavia,Gimnasia L.P.,,1-0,3.00,home
18-07-2024,Palestino,Cuiaba,,1-1,1.45,draw
17-07-2024,KaPa,JIPPO,,1-4,1.95,away
17-07-2024,KTP,TPS,,1-2,2.00,away
17-07-2024,SalPa,SJK II,,2-1,3.25,home
17-07-2024,Petrocub,Ordabasy S.,,1-0,1.40,home
17-07-2024,Egnatia,Borac Banja Luka,,2-1,2.50,home
17-07-2024,Larne,Rigas,,0-4,1.90,away
17-07-2024,Atletico GO,Vasco da Gama,,0-1,3.20,away
17-07-2024,Atlanta Utd,New York City,,2-2,1.25,draw
17-07-2024,Operario PR,Goias,,2-0,2.85,home
17-07-2024,Botafogo,Palmeiras,,1-0,3.20,home
17-07-2024,Dallas,Austin,,3-1,2.00,home
17-07-2024,Nashville,Orlando City,,0-3,2.45,away
17-07-2024,B.Guayaquil,Bragantino,,1-1,1.35,draw
17-07-2024,Juarez,Pumas Unam,,1-2,1.35,away
17-07-2024,Los Angeles Galaxy,Colorado,,3-2,1.90,home
17-07-2024,San Jose,Houston,,0-1,2.85,away
16-07-2024,Lincoln RI,Hamrun,,0-1,2.35,away
16-07-2024,Pyunik Yerevan,Din. Minsk,,0-1,1.45,away
16-07-2024,Ayr,Falkirk,,1-0,2.45,home
16-07-2024,Elgin,Kelty Hearts,,1-1,1.90,draw
16-07-2024,Cove,Spartans,,0-5,2.00,away
16-07-2024,Alloa,East Fife,,0-0,1.95,draw
16-07-2024,Decic,TNS,,1-1,1.95,draw
16-07-2024,Shamrock,Vikingur,,2-1,1.40,home
16-07-2024,Zamora,Inter de Barinas,,1-0,3.00,home
16-07-2024,Envigado,CD Equidad,,2-1,3.00,home
16-07-2024,Juventude,Atletico-MG,,1-1,1.30,draw
16-07-2024,Huachipato,Racing M.,,2-3,1.90,away
16-07-2024,Aguilas,America De Cali,,1-2,3.00,away
16-07-2024,Corinthians,Criciuma,,2-1,1.20,home
16-07-2024,Rosario,Internacional,,1-0,2.85,home
16-07-2024,Atlas,Santos Laguna,,1-0,1.85,home
15-07-2024,Botosani,Otelul Galati,,2-3,2.85,away
15-07-2024,Hammarby TFF,Goteborg,,0-1,1.90,away
15-07-2024,Petrolul,Gloria Buzau,,0-0,1.25,draw
15-07-2024,Fylkir,Akranes,,3-0,2.05,home
15-07-2024,Envigado,CD Equidad,,2-1,3.00,home
15-07-2024,Juventude,Atletico-MG,,1-1,1.30,draw
15-07-2024,Aguilas,America De Cali,,1-2,3.00,away
15-07-2024,Corinthians,Criciuma,,2-1,1.20,home
15-07-2024,Rosario,Internacional,,1-0,2.85,home
15-07-2024,Queretaro,Guadalajara,,0-2,2.00,away
15-07-2024,Deportivo Cali,Deportivo Pereira,,0-2,2.95,away
15-07-2024,Puebla,Leon,,2-2,2.15,draw
15-07-2024,Atletico GO,Vasco da Gama,,0-1,3.20,away
15-07-2024,Botafogo,Palmeiras,,1-0,3.20,home
15-07-2024,Juarez,Pumas Unam,,1-2,1.35,away
15-07-2024,Tigres Uanl,America,,1-0,2.30,home
14-07-2024,Ural,Sochi,,2-0,2.05,home
14-07-2024,Cerro,Cerro Largo,,0-1,3.00,away
14-07-2024,Hacken,Elfsborg,,3-5,2.00,away
14-07-2024,Kalmar,Brommapojkarna,,0-1,2.50,away
14-07-2024,Jaro,KTP,,5-2,3.30,home
14-07-2024,Neftekhimik,Tyumen,,3-0,1.25,home
14-07-2024,Lahti,AC Oulu,,1-2,3.30,away
14-07-2024,Torpedo Moscow,SKA Khabarovsk,,4-0,1.25,home
14-07-2024,Fenix,Defensor Sporting,,1-2,3.15,away
14-07-2024,Rodina,Baltika,,0-0,2.85,draw
14-07-2024,Chayka P.,Sokol S.,,1-1,2.10,draw
14-07-2024,Vila Nova,Avai,,2-1,2.95,home
14-07-2024,Spain,England,,2-1,2.90,home
14-07-2024,Cusco,Melgar,,0-3,1.30,away
14-07-2024,Wanderers,Progreso,,4-2,3.05,home
14-07-2024,Argentina,Colombia,,0-0,1.20,draw
13-07-2024,Fredrikstad,Molde,,0-0,1.35,draw
13-07-2024,Lillestrom,Stromsgodset,,3-1,2.10,home
13-07-2024,Odd Grenland,HamKam,,1-2,2.35,away
13-07-2024,Sirius,GAIS,,3-1,1.35,home
13-07-2024,UTA Arad,FC Rapid Bucuresti,,1-1,1.35,draw
13-07-2024,Cruzeiro,Bragantino,,2-1,1.95,home
13-07-2024,Tromso,Kfum,,1-2,2.00,away
13-07-2024,Sport Recife,America MG,,1-1,3.10,draw
13-07-2024,CRB,Coritiba,,2-1,2.30,home
13-07-2024,Leon,Pachuca,,0-0,1.45,draw
13-07-2024,Montreal,Atlanta Utd,,1-0,2.35,home
13-07-2024,New England,Orlando City,,1-3,2.70,away
13-07-2024,Toronto,Philadelphia,,2-1,2.10,home
13-07-2024,Chicago Fire,New York City,,0-0,2.30,draw
13-07-2024,Dallas,Los Angeles Galaxy,,2-0,2.35,home
13-07-2024,Santos Laguna,Pumas Unam,,1-1,2.05,draw
12-07-2024,Sarpsborg 08,Rosenborg,,4-1,2.25,home
12-07-2024,Al Ahly Cairo,Pyramids,,3-2,1.30,home
12-07-2024,Union Comercio,Los Chankas,,1-2,1.85,away
12-07-2024,Hermannstadt,CS Universitatea,,0-0,3.10,draw
12-07-2024,Galway,Waterford,,1-0,1.25,home
12-07-2024,Kerry,Bray,,3-3,2.10,draw
12-07-2024,IR Reykjavik,Grindavik,,3-0,2.05,home
12-07-2024,ADT Tarma,Sporting Cristal,,3-1,2.15,home
12-07-2024,Ponte Preta,Mirassol,,4-2,2.80,home
12-07-2024,Dep.Maldonado,Racing Montevideo,,1-1,3.00,draw
12-07-2024,Botafogo SP,Amazonas,,0-1,1.20,away
12-07-2024,Paysandu,Ceara CE,,2-1,3.00,home
12-07-2024,Tijuana,Guadalajara,,4-2,1.40,home
12-07-2024,Mazatlan,Atl. San Luis,,2-2,2.15,draw
12-07-2024,Atlas,Tigres Uanl,,1-1,2.05,draw
12-07-2024,Tokyo,Albirex Niigata,,2-0,3.30,home
11-07-2024,Aktobe,Sarajevo,,0-1,2.00,away
11-07-2024,Siauliai FA,Levadia Tallinn,,0-2,1.35,away
11-07-2024,Tikves,Breidablik,,3-2,2.00,home
11-07-2024,Liepaja,Vikingur Gota,,1-1,2.15,draw
11-07-2024,Mikkeli,KaPa,,2-6,2.30,away
11-07-2024,Noah,Shkendija,,2-0,1.95,home
11-07-2024,Ruzomberok,Tobol Kostanay,,5-2,1.50,home
11-07-2024,VPS,Zalgiris,,1-2,1.40,away
11-07-2024,Caernarfon,Crusaders,,2-0,1.85,home
11-07-2024,Botev Plovdiv,Maribor,,2-1,2.80,home
11-07-2024,Mornar Bar,Dinamo Tbilisi,,2-1,1.90,home
11-07-2024,Fram,KR Reykjavik,,1-0,2.15,home
11-07-2024,Criciuma,Fluminense,,1-1,2.00,draw
11-07-2024,Atletico-MG,Sao Paulo,,2-1,3.00,home
11-07-2024,Vitoria,Botafogo RJ,,0-1,1.45,away
11-07-2024,Sarpsborg 08,Rosenborg,,4-1,2.25,home
10-07-2024,Din. Minsk,Pyunik Yerevan,,0-0,2.50,draw
10-07-2024,Netherlands,England,,1-2,1.35,away
10-07-2024,Gremio,Cruzeiro,,0-2,1.35,away
10-07-2024,Athletico-PR,Bahia,,1-3,2.25,away
10-07-2024,Vasco da Gama,Corinthians,,2-0,2.00,home
10-07-2024,Kansas City,Dallas,,1-1,1.95,draw
10-07-2024,Tikves,Breidablik,,3-2,2.00,home
10-07-2024,Liepaja,Vikingur Gota,,1-1,2.15,draw
10-07-2024,Elfsborg,Paphos,,3-0,1.75,home
10-07-2024,Ruzomberok,Tobol Kostanay,,5-2,1.50,home
10-07-2024,Botev Plovdiv,Maribor,,2-1,2.80,home
10-07-2024,Wisla Krakovv,Llapi,,2-0,1.65,home
10-07-2024,Fram,KR Reykjavik,,1-0,2.15,home
10-07-2024,Criciuma,Fluminense,,1-1,2.00,draw
10-07-2024,Atletico-MG,Sao Paulo,,2-1,3.00,home
10-07-2024,Vitoria,Botafogo RJ,,0-1,1.45,away
09-07-2024,Vikingur,Shamrock,,0-0,1.90,draw
09-07-2024,Spain,France,,2-1,1.35,home
09-07-2024,Jeonbuk,Jeju Utd,,2-1,2.10,home
09-07-2024,Pohang Steelers,Gangwon FC,,2-0,1.90,home
09-07-2024,Ulsan,Gwangju Sangmu,,0-1,1.90,away
09-07-2024,Din. Minsk,Pyunik Yerevan,,0-0,2.50,draw
09-07-2024,Netherlands,England,,1-2,1.35,away
09-07-2024,Borac Banja Luka,Egnatia,,1-0,1.90,home
09-07-2024,Gremio,Cruzeiro,,0-2,1.35,away
09-07-2024,Athletico-PR,Bahia,,1-3,2.25,away
09-07-2024,Vasco da Gama,Corinthians,,2-0,2.00,home
09-07-2024,Colombia,Uruguay,,1-0,2.90,home
09-07-2024,Fram,KR Reykjavik,,1-0,2.15,home
09-07-2024,Criciuma,Fluminense,,1-1,2.00,draw
09-07-2024,Atletico-MG,Sao Paulo,,2-1,3.00,home
09-07-2024,Vitoria,Botafogo RJ,,0-1,1.45,away
08-07-2024,AC Oulu,SJK,,1-2,2.00,away
08-07-2024,Grobina,Tukums 2000,,2-1,2.35,home
08-07-2024,Kristiansund,Fredrikstad,,3-1,1.90,home
08-07-2024,Vasteras,Hacken,,1-2,2.30,away
08-07-2024,Avai,Novorizontino,,0-1,1.20,away
08-07-2024,Amazonas,Vila Nova,,1-2,1.25,away
08-07-2024,Daegu,Incheon United,,0-0,2.25,draw
08-07-2024,Gimcheon Sangmu,Suwon City,,2-3,2.05,away
08-07-2024,Spain,France,,2-1,1.35,home
08-07-2024,Netherlands,England,,1-2,1.35,away
08-07-2024,Colombia,Uruguay,,1-0,2.90,home
08-07-2024,Mikkeli,KaPa,,2-6,2.30,away
08-07-2024,Fram,KR Reykjavik,,1-0,2.15,home
08-07-2024,FC Hermannstadt,CS Universitatea,,0-0,3.10,draw
08-07-2024,Galway,Waterford,,1-0,1.95,home
08-07-2024,Kerry,Bray,,3-3,3.20,draw
07-07-2024,GAIS,Hammarby TFF,,0-0,1.25,draw
07-07-2024,Ham Kam,Tromso,,0-0,2.35,draw
07-07-2024,Haugesund,Sarpsborg 08,,1-2,2.10,away
07-07-2024,Kfum,Viking,,1-2,2.25,away
07-07-2024,Mariehamn,Haka,,0-3,2.35,away
07-07-2024,Dnepr Mogilev,Shakhtyor Soligorsk,,2-3,2.40,away
07-07-2024,Juventude,Gremio,,3-0,2.30,home
07-07-2024,Ituano,Botafogo SP,,3-2,1.45,home
07-07-2024,Atletico GO,Athletico-PR,,1-2,2.30,away
07-07-2024,Vitoria,Criciuma,,2-1,1.25,home
07-07-2024,Guarani,Sport Recife,,0-1,2.30,away
07-07-2024,Botafogo,Atletico-MG,,3-0,1.25,home
07-07-2024,Houston,Los Angeles,,Postp,2.40,postponed
07-07-2024,San Jose,Chicago Fire,,1-0,2.10,home
07-07-2024,Pachuca,Monterrey,,0-1,2.20,away
07-07-2024,Portland,Nashville,,4-1,1.75,home
06-07-2024,Mjallby,Sirius,,3-2,2.10,home
06-07-2024,Al Moqawloon,Future,,Postp,1.25,postponed
06-07-2024,KR Reykjavik,Stjarnan,,1-1,2.15,draw
06-07-2024,Smorgon,Bate Barisov,,0-0,2.00,draw
06-07-2024,Vitebsk,Minsk Isloch,,0-1,3.00,away
06-07-2024,Banga Gargzdai,Dziugas Telsiai,,0-0,3.00,draw
06-07-2024,Smouha,Enppi,,2-0,2.80,home
06-07-2024,ZED,NB Egypt,,0-1,2.85,away
06-07-2024,England,Switzerland,,1-1,2.20,draw
06-07-2024,Gomel,Arsenal Dzyarzhynsk,,5-0,3.15,home
06-07-2024,Montreal,Vancouver,,1-1,1.25,draw
06-07-2024,Philadelphia,New York,,0-0,1.25,draw
06-07-2024,Sao Paulo,Bragantino,,2-0,1.25,home
06-07-2024,Austin FC,New York City,,2-1,2.80,home
06-07-2024,Guadalajara,Toluca,,0-0,3.30,draw
06-07-2024,Uruguay,Brazil,,0-0,2.60,draw
05-07-2024,Kauno Zalgiris,Zalgiris,,1-0,1.80,home
05-07-2024,Siauliai FA,Transinvest,,1-0,1.80,home
05-07-2024,Mozambique,Namibia,,0-0,2.60,draw
05-07-2024,Spain,Germany,,1-1,2.60,draw
05-07-2024,Portugal,France,,0-0,2.40,draw
05-07-2024,Puebla,Santos Laguna,,1-0,3.60,home
05-07-2024,Venezuela,Canada,,1-1,1.35,draw
05-07-2024,Queretaro,Club Tijuana,,1-2,1.40,away
05-07-2024,Juarez,Atlas,,2-2,2.10,draw
05-07-2024,M.Zelvia,Nagoya GE,,1-0,1.95,home
05-07-2024,Tokyo Verdy,Cerezo Osaka,,1-1,3.00,draw
05-07-2024,Jubilo Iwata,Kawasaki Frontale,,2-2,1.95,draw
05-07-2024,Gamba Osaka,Yokohama F. Marinos,,4-0,1.25,home
05-07-2024,Kashiwa Reysol,FC Tokyo,,3-2,1.25,home
05-07-2024,Ilves,Helsinki,,3-0,3.40,home
05-07-2024,Mjallby,Sirius,,3-2,2.10,home
04-07-2024,Panevezys,Hegelmann Litauen,,0-1,1.30,away
04-07-2024,El Gaish,Al Ittihad,,0-0,2.65,draw
04-07-2024,Galway,Bohemians D.,,1-1,1.30,draw
04-07-2024,Waterford,St. Patricks,,1-0,2.60,home
04-07-2024,Treaty United,Cobh Ramblers,,0-1,3.25,away
04-07-2024,UCD,Athlone,,1-2,1.25,away
04-07-2024,Gremio,Palmeiras,,2-2,2.25,draw
04-07-2024,Fluminense,Internacional,,1-1,1.40,draw
04-07-2024,Dallas,Portland,,3-2,2.25,home
04-07-2024,Los Angeles Galaxy,Los Angeles,,1-2,2.20,away
04-07-2024,Sanfrecce Hiroshima,Vissel Kobe,,1-3,2.20,away
04-07-2024,Incheon United,Gimcheon Sangmu,,1-1,2.65,draw
04-07-2024,Suwon City,Ulsan,,1-1,2.10,draw
04-07-2024,Spain,Germany,,1-1,2.60,draw
04-07-2024,Portugal,France,,0-0,2.40,draw
04-07-2024,Ceara CE,Santos,,0-1,3.00,away
03-07-2024,Tukums 2000,BFC Daugavpils,,1-2,2.25,away
03-07-2024,Ceramica Cleopatra,SC Ismaily,,1-0,1.25,home
03-07-2024,Sandefjord,Tromso,,1-2,2.70,away
03-07-2024,Tallinna Kalev,Kuressaare,,2-2,2.60,draw
03-07-2024,Cuiaba,Botafogo,,1-2,3.00,away
03-07-2024,Criciuma,Cruzeiro,,1-0,1.40,home
03-07-2024,Vasco da Gama,Fortaleza CE,,2-0,3.10,home
03-07-2024,Charlotte FC,Inter Miami,,1-2,2.00,away
03-07-2024,DC United,Cincinnati,,2-3,2.50,away
03-07-2024,Toronto,Orlando City,,1-2,2.25,away
03-07-2024,CSA,Figueirense,,3-1,1.30,home
03-07-2024,New England,Atlanta Utd,,2-1,2.05,home
03-07-2024,Athletico-PR,Sao Paulo,,1-2,3.10,away
03-07-2024,Atletico-MG,Flamengo,,2-4,1.40,away
03-07-2024,Chicago,Philadelphia,,4-3,2.00,home
03-07-2024,Minnesota,Vancouver,,1-3,2.15,away
02-07-2024,Enppi,Al Moqawloon,,2-2,1.75,draw
02-07-2024,Austria,Turkey,,1-2,1.30,away
02-07-2024,Goias,America MG,,2-1,2.30,home
02-07-2024,Novorizontino,Mirassol,,1-1,2.35,draw
02-07-2024,Costa Rica,Paraguay,,2-1,2.00,home
02-07-2024,Ceramica Cleopatra,SC Ismaily,,1-0,1.25,home
02-07-2024,Sandefjord,Tromso,,1-2,2.70,away
02-07-2024,Cuiaba,Botafogo,,1-2,3.00,away
02-07-2024,Vasco da Gama,Fortaleza CE,,2-0,3.10,home
02-07-2024,Criciuma,Cruzeiro,,1-0,1.40,home
02-07-2024,Charlotte FC,Inter Miami,,1-2,2.00,away
02-07-2024,DC United,Cincinnati,,2-3,2.50,away
02-07-2024,Toronto,Orlando City,,1-2,2.25,away
02-07-2024,New England,Atlanta Utd,,2-1,2.05,home
02-07-2024,Atletico-MG,Flamengo,,2-4,1.40,away
02-07-2024,Athletico-PR,Sao Paulo,,1-2,3.10,away
01-07-2024,Asan Chungnam,Seoul E.,,2-0,2.90,home
01-07-2024,Gyeongnam FC,Jeonnam D.,,2-4,2.60,away
01-07-2024,France,Belgium,,1-0,1.35,home
01-07-2024,Dep.Laferrere,Argentino de Quilmes,,1-1,1.95,draw
01-07-2024,HFX Wanderers,Cavalry,,1-0,3.05,home
01-07-2024,Talleres (R.E),Quilmes,,1-0,2.70,home
01-07-2024,Londrina,Tombense,,3-3,1.25,draw
01-07-2024,Bolivia,Panama,,1-3,1.60,away
01-07-2024,USA,Uruguay,,0-1,1.35,away
01-07-2024,NB Egypt,Smouha,,Postp,3.00,postponed
01-07-2024,Austria,Turkey,,1-2,1.30,away
01-07-2024,Goias,America MG,,2-1,2.30,home
01-07-2024,Novorizontino,Mirassol,,1-1,2.35,draw
01-07-2024,Costa Rica,Paraguay,,2-1,2.00,home
01-07-2024,Sandefjord,Tromso,,1-2,2.70,away
01-07-2024,Cuiaba,Botafogo RJ,,1-2,3.00,away
30-06-2024,Sangan,Kashiwa R.,,1-4,2.05,away
30-06-2024,Bellmare S.,Kyoto Purple Sanga,,0-1,2.00,away
30-06-2024,Incheon United,Gangwon FC,,0-1,1.50,away
30-06-2024,Bucheon,Anyang,,1-2,2.20,away
30-06-2024,Changchun,Qingdao Hainiu,,5-0,2.00,home
30-06-2024,Meizhou Hakka,Henan Songshan,,0-3,1.35,away
30-06-2024,Guoan Beijing,Shandong,,2-0,3.30,home
30-06-2024,Chacarita,Ferro Oeste,,1-1,1.25,draw
30-06-2024,Arsenal Sarandi,Gimnasia Jujuy,,0-1,2.75,away
30-06-2024,Aldosivi,Deportivo Madryn,,1-0,2.80,home
30-06-2024,Guillermo Brown,Alvarado,,0-0,2.25,draw
30-06-2024,Nueva Chicago,Def. de Belgrano,,0-0,2.20,draw
30-06-2024,Gimnasia y Tiro,San Telmo,,0-3,2.35,away
30-06-2024,Gremio,Fluminense,,1-0,2.10,home
30-06-2024,Criciuma,Internacional,,1-1,3.00,draw
30-06-2024,Vitoria,Athletico-PR,,0-1,1.35,away
29-06-2024,Kawasaki Frontale,Sanfrecce Hiroshima,,1-1,1.35,draw
29-06-2024,Oita Trinita,Kofu,,0-0,2.05,draw
29-06-2024,Kusatsu,Fujieda,,1-2,3.05,away
29-06-2024,Tokushima,V-Varen Nagasaki,,2-2,2.10,draw
29-06-2024,Jeonbuk M.,Seoul,,1-5,3.30,away
29-06-2024,Daejeon,Suwon City,,0-2,1.35,away
29-06-2024,Tianjin Jinmen Tiger,Shenzhen PC,,3-0,3.30,home
29-06-2024,Sundsvall,Orebro,,1-3,1.45,away
29-06-2024,Utsikten,Oddevold,,2-3,1.30,away
29-06-2024,Botafogo SP,Sport Recife,,1-1,2.90,draw
29-06-2024,Cuiaba,Bragantino,,1-1,3.00,draw
29-06-2024,Vasco da Gama,Botafogo,,1-1,2.40,draw
29-06-2024,Montreal,Philadelphia,,4-2,2.45,home
29-06-2024,New England,Columbus,,1-5,2.10,away
29-06-2024,Dallas,Cincinnati,,0-1,2.50,away
29-06-2024,San Jose,Los Angeles Galaxy,,0-3,2.40,away
28-06-2024,Inter Turku,VPS,,3-1,2.30,home
28-06-2024,JaPS,KaPa,,2-2,2.00,draw
28-06-2024,Odd Grenland,Kristiansund,,1-1,2.00,draw
28-06-2024,Dundalk,Waterford,,0-2,3.15,away
28-06-2024,Shelbourne,Galway,,2-0,1.25,home
28-06-2024,Athlone,Treaty United,,1-0,1.95,home
28-06-2024,Kerry,Wexford,,1-1,3.00,draw
28-06-2024,Longford,Finn Harps,,1-1,2.20,draw
28-06-2024,Tromso,Molde,,0-2,1.35,away
28-06-2024,Hafnarfjordur,Breidablik,,1-0,2.05,home
28-06-2024,Atl. Ottawa,Forge,,4-3,3.00,home
28-06-2024,Sundsvall,Orebro,,1-3,3.30,away
28-06-2024,Utsikten,Oddevold,,2-3,1.30,away
28-06-2024,Switzerland,Italy,,2-0,1.30,home
28-06-2024,Cuiaba,Bragantino,,1-1,3.00,draw
28-06-2024,Vasco da Gama,Botafogo,,1-1,2.40,draw
27-06-2024,Sandefjord,HamKam,,1-2,1.95,away
27-06-2024,Vestri,Fram,,1-3,2.00,away
27-06-2024,Lillestrom,KFUM,,2-1,1.85,home
27-06-2024,Stjarnan,Vikingur,,0-4,1.90,away
27-06-2024,Inter Turku,VPS,,3-1,2.30,home
27-06-2024,JaPS,KaPa,,2-2,2.00,draw
27-06-2024,Odd Grenland,Kristiansund,,1-1,2.00,draw
27-06-2024,Helsingborg,Varberg BoIS FC,,1-0,1.90,home
27-06-2024,Dundalk,Waterford,,0-2,3.15,away
27-06-2024,Shelbourne,Galway,,2-0,1.25,home
27-06-2024,St. Patricks,Bohemians,,0-0,1.25,draw
27-06-2024,Athlone,Treaty United,,1-0,1.25,home
27-06-2024,Cobh Ramblers,UCD,,2-2,1.90,draw
27-06-2024,Longford,Finn Harps,,1-1,2.20,draw
27-06-2024,Tromso,Molde,,0-2,1.35,away
27-06-2024,Hafnarfjordur,Breidablik,,1-0,2.05,home
26-06-2024,Suduva,Panevezys,,1-3,1.30,away
26-06-2024,Jelgava,Tukums 2000,,0-0,3.30,draw
26-06-2024,Slovakia,Romania,,1-1,2.10,draw
26-06-2024,Dainava,Dziugas Telsiai,,3-1,2.90,home
26-06-2024,Czech Republic,Turkey,,1-2,1.50,away
26-06-2024,Botafogo,Bragantino,,2-1,1.25,home
26-06-2024,Cruzeiro,Athletico-PR,,2-0,2.20,home
26-06-2024,Atletico GO,Gremio,,1-1,2.10,draw
26-06-2024,Juventude,Flamengo,,2-1,1.90,home
26-06-2024,Fortaleza CE,Palmeiras,,3-0,2.30,home
26-06-2024,Internacional,Atletico-MG,,1-2,2.95,away
26-06-2024,Venezuela,Mexico,,1-0,1.30,home
26-06-2024,Sandefjord,HamKam,,1-2,1.95,away
26-06-2024,Vestri,Fram,,1-3,2.00,away
26-06-2024,Stjarnan,Vikingur,,0-4,1.90,away
26-06-2024,Lillestrom,KFUM,,2-1,1.85,home
25-06-2024,Netherlands,Austria,,2-3,2.20,away
25-06-2024,Denmark,Serbia,,0-0,2.20,draw
25-06-2024,Peru,Canada,,0-1,2.30,away
25-06-2024,Mirassol,Santos,,0-0,2.70,draw
25-06-2024,Ponte Preta,Ceara CE,,3-1,2.90,home
25-06-2024,Amazonas,Coritiba,,1-0,2.80,home
25-06-2024,Fukuoka,Yokohama F. Marinos,,2-1,3.20,home
25-06-2024,Tokyo,Sapporo,,1-0,1.85,home
25-06-2024,Jubilo Iwata,Tokyo Verdy,,3-0,1.45,home
25-06-2024,Kashima Antlers,Gamba Osaka,,0-0,1.30,draw
25-06-2024,Kyoto Purple Sanga,Kashiwa Reysol,,2-2,1.30,draw
25-06-2024,Nagoya GE,Urawa RD,,0-1,3.10,away
25-06-2024,Vissel Kobe,M.Zelvia,,0-0,3.25,draw
25-06-2024,Jeju Utd,Incheon Utd,,1-0,2.50,home
25-06-2024,Jeonbuk M.,Pohang Steelers,,1-1,2.40,draw
25-06-2024,Seoul,Gangwon FC,,2-0,1.30,home
24-06-2024,Pharco,Al Ittihad,,1-0,2.90,home
24-06-2024,Orebro,Trelleborg,,1-1,1.35,draw
24-06-2024,Croatia,Italy,,1-1,1.55,draw
24-06-2024,Gyeongnam FC,Anyang,,0-0,3.25,draw
24-06-2024,Jeonnam D.,Suwon Bluewings,,1-1,1.55,draw
24-06-2024,Netherlands,Austria,,2-3,2.20,away
24-06-2024,Denmark,Serbia,,0-0,2.20,draw
24-06-2024,Mirassol,Santos,,0-0,2.90,draw
24-06-2024,Peru,Canada,,0-1,2.30,away
24-06-2024,Ponte Preta,Ceara CE,,3-1,2.90,home
24-06-2024,Slovakia,Romania,,1-1,2.10,draw
24-06-2024,Czech Republic,Turkey,,1-2,1.50,away
24-06-2024,Cruzeiro,Athletico-PR,,2-0,2.20,home
24-06-2024,Atletico GO,Gremio,,1-1,2.10,draw
24-06-2024,Fortaleza CE,Palmeiras,,3-0,2.30,home
24-06-2024,Internacional,Atletico-MG,,1-2,2.95,away
23-06-2024,Oddevold,Degerfors,,1-1,2.20,draw
23-06-2024,Ostersund,Utsikten,,1-0,3.30,home
23-06-2024,Future,SC Ismaily,,0-1,1.30,away
23-06-2024,Liverpool M.,Boston River,,1-0,1.30,home
23-06-2024,Aalesund,Ranheim,,0-3,2.25,away
23-06-2024,Asane,Moss,,1-4,2.25,away
23-06-2024,Mjondalen,Egersund,,0-3,3.80,away
23-06-2024,Raufoss,Start,,2-1,2.00,home
23-06-2024,Skovde,Sandviken,,0-2,2.00,away
23-06-2024,Rampla Juniors,Miramar,,1-2,3.10,away
23-06-2024,Al Masry Club,Ceramica Cleopatra,,0-2,2.95,away
23-06-2024,Espanyol,Oviedo,,2-0,1.95,home
23-06-2024,Bahia,Cruzeiro,,4-1,1.95,home
23-06-2024,Chapecoense,Paysandu,,1-2,1.30,away
23-06-2024,Scotland,Hungary,,0-1,2.60,away
23-06-2024,Wanderers,River M.,,1-3,1.35,away
22-06-2024,Transinvest,Dziugas Telsiai,,3-0,2.10,home
22-06-2024,Sogndal,Kongsvinger,,2-0,2.60,home
22-06-2024,Dep.Maldonado,Fenix,,1-3,2.90,away
22-06-2024,El Geish,Smouha,,2-2,2.75,draw
22-06-2024,Enppi,El Gouna,,1-0,1.25,home
22-06-2024,Racing M.,Defensor Sporting,,0-1,2.30,away
22-06-2024,Cuiaba,Atletico GO,,0-0,3.00,draw
22-06-2024,Gremio,Internacional,,0-1,3.00,away
22-06-2024,DC United,Houston Dynamo,,1-4,3.40,away
22-06-2024,Ituano,Brusque,,1-1,2.15,draw
22-06-2024,Vasco da Gama,Sao Paulo,,4-1,2.25,home
22-06-2024,Nashville SC,New York City,,1-0,1.35,home
22-06-2024,Portland,Vancouver,,2-0,1.40,home
22-06-2024,Sapporo,Yokohama F. Marinos,,0-1,1.30,away
22-06-2024,Incheon,Pohang Steelers,,1-3,3.20,away
22-06-2024,Jeju United,Ulsan,,2-3,1.85,away
21-06-2024,Slovakia,Ukraine,,1-2,2.10,away
21-06-2024,BFC Daugavpils,Jelgava,,3-0,2.30,home
21-06-2024,Poland,Austria,,1-3,2.10,away
21-06-2024,Netherlands,France,,0-0,2.25,draw
21-06-2024,Peru,Chile,,0-0,2.00,draw
21-06-2024,Albirex Niigata,Kawasaki Frontale,,2-2,2.30,draw
21-06-2024,Tokyo Verdy,Nagoya Grampus,,1-0,3.00,home
21-06-2024,Daegu,Jeonbuk M.,,3-0,3.25,home
21-06-2024,Gamba Osaka,Vissel Kobe,,2-1,1.25,home
21-06-2024,Jubilo Iwata,Cerezo Osaka,,1-1,1.30,draw
21-06-2024,Kashiwa Reysol,Sanfrecce Hiroshima,,0-1,1.25,away
21-06-2024,Sangan,Kyoto Purple Sanga,,3-0,3.30,home
21-06-2024,Bellmare S.,Tokyo,,0-1,3.30,away
21-06-2024,Urawa RD,Kashima A.,,2-2,3.30,draw
21-06-2024,Daejeon Citizen,Gwangju Sangmu,,2-1,1.30,home
21-06-2024,Gangwon FC,Gimcheon Sangmu,,2-3,2.30,away
20-06-2024,Slovenia,Serbia,,1-1,1.75,draw
20-06-2024,Vasalunds,Stockholm,,0-2,1.95,away
20-06-2024,CS Sfaxien,Esperance,,0-0,1.25,draw
20-06-2024,Eskilsminne IF,Ariana,,2-0,2.35,home
20-06-2024,IFK Stocksund,Hammarby TFF,,1-0,2.00,home
20-06-2024,Afturelding,IBV,,0-3,1.20,away
20-06-2024,Spain,Italy,,1-0,1.30,home
20-06-2024,Nublense,Huachipato,,3-0,1.35,home
20-06-2024,IR Reykjavik,Fjolnir,,3-1,1.95,home
20-06-2024,Vitoria,Atletico-MG,,4-2,3.00,home
20-06-2024,Vila Nova,Mirassol,,1-0,2.95,home
20-06-2024,Ceara CE,Sport Recife,,0-0,2.00,draw
20-06-2024,Slovakia,Ukraine,,1-2,2.10,away
20-06-2024,Poland,Austria,,1-3,2.10,away
20-06-2024,Netherlands,France,,0-0,2.25,draw
20-06-2024,Peru,Chile,,0-0,2.00,draw
19-06-2024,Haka,Inter Turku,,0-0,2.45,draw
19-06-2024,Helsinki,KuPS,,3-1,1.35,home
19-06-2024,Lahti,Gnistan,,3-3,2.40,draw
19-06-2024,Grotta,Njardvik,,2-3,2.10,away
19-06-2024,Botafogo,Athletico-PR,,1-1,2.00,draw
19-06-2024,Juventude,Vasco da Gama,,2-0,1.30,home
19-06-2024,Fortaleza CE,Gremio,,1-0,1.25,home
19-06-2024,Montreal,New York,,2-2,2.05,draw
19-06-2024,Charlotte FC,Orlando City,,2-2,2.00,draw
19-06-2024,DC United,Atlanta Utd,,0-1,1.95,away
19-06-2024,Inter Miami,Columbus,,2-1,2.55,home
19-06-2024,Toronto,Nashville,,1-2,3.30,away
19-06-2024,Botafogo SP,Ponte Preta,,2-0,1.25,home
19-06-2024,Internacional,Corinthians,,1-0,2.20,home
19-06-2024,Coritiba,America MG,,1-0,2.10,home
19-06-2024,Dallas,Minnesota,,5-3,2.00,home
18-06-2024,Dainava,Siauliai FA,,2-2,2.10,draw
18-06-2024,ZED,Pharco,,2-2,1.25,draw
18-06-2024,Fylkir,Vestri,,3-2,1.85,home
18-06-2024,Akranes,KR Reykjavik,,2-1,1.25,home
18-06-2024,Stjarnan,Hafnarfjordur,,4-2,2.00,home
18-06-2024,Valur,Vikingur,,2-2,1.25,draw
18-06-2024,Yokohama F. Marinos,Sanfrecce Hiroshima,,3-2,1.80,home
18-06-2024,E.I.F.,Mariehamn,,1-2,3.10,away
18-06-2024,Haka,Inter Turku,,0-0,2.45,draw
18-06-2024,Helsinki,KuPS,,3-1,1.35,home
18-06-2024,Lahti,Gnistan,,3-3,2.40,draw
18-06-2024,Botafogo,Athletico-PR,,1-1,2.00,draw
18-06-2024,Juventude,Vasco da Gama,,2-0,2.20,home
18-06-2024,Fortaleza CE,Gremio,,1-0,1.95,home
18-06-2024,Montreal,New York,,2-2,2.05,draw
18-06-2024,Charlotte FC,Orlando City,,2-2,2.00,draw
17-06-2024,Romania,Ukraine,,3-0,1.90,home
17-06-2024,Trelleborg,Brage,,1-0,2.75,home
17-06-2024,Atletico-MG,Palmeiras,,0-4,1.40,away
17-06-2024,Akranes,KR Reykjavik,,2-1,1.25,home
17-06-2024,Stjarnan,Hafnarfjordur,,4-2,2.00,home
17-06-2024,Valur,Vikingur,,2-2,1.25,draw
17-06-2024,E.I.F.,Mariehamn,,1-2,3.10,away
17-06-2024,Haka,Inter Turku,,0-0,2.45,draw
17-06-2024,Helsinki,KuPS,,3-1,1.35,home
17-06-2024,Lahti,Gnistan,,3-3,2.40,draw
17-06-2024,Montreal,New York,,2-2,2.05,draw
17-06-2024,Charlotte FC,Orlando City,,2-2,2.00,draw
17-06-2024,DC United,Atlanta Utd,,0-1,1.95,away
17-06-2024,Inter Miami,Columbus,,2-1,2.55,home
17-06-2024,Toronto,Nashville,,1-2,3.30,away
17-06-2024,Dallas,Minnesota,,5-3,2.00,home
16-06-2024,Egersund,Valerenga,,1-1,2.00,draw
16-06-2024,Lyn,Sogndal,,1-2,1.95,away
16-06-2024,Moss,Bryne,,1-0,2.35,home
16-06-2024,Sandnes,Mjondalen,,2-3,1.25,away
16-06-2024,Start,Stabaek,,4-3,2.10,home
16-06-2024,Botafogo SP,Vila Nova,,1-0,1.25,home
16-06-2024,Sandviken,Oddevold,,2-0,2.00,home
16-06-2024,Fenix,Wanderers,,3-1,2.90,home
16-06-2024,Danubio,Rampla Juniors,,2-0,1.25,home
16-06-2024,Vitoria,Internacional,,2-1,2.20,home
16-06-2024,Athletico-PR,Flamengo RJ,,1-1,2.50,draw
16-06-2024,Corinthians,Sao Paulo,,2-2,2.90,draw
16-06-2024,Gremio,Botafogo RJ,,1-2,2.25,away
16-06-2024,Criciuma,Bahia,,2-2,1.35,draw
16-06-2024,Cuiaba,Fortaleza CE,,5-0,2.80,home
16-06-2024,Vasco da Gama,Cruzeiro,,0-0,3.10,draw
15-06-2024,Gefle,Landskrona,,1-2,2.05,away
15-06-2024,Hungary,Switzerland,,1-3,2.25,away
15-06-2024,Rosengard,Trollhattan,,1-1,1.90,draw
15-06-2024,Spain,Croatia,,3-0,1.90,home
15-06-2024,River M.,Dep.Maldonado,,1-1,1.35,draw
15-06-2024,Union de Santa Fe,San Lorenzo,,2-1,1.30,home
15-06-2024,Ponte Preta,Novorizontino,,1-0,2.80,home
15-06-2024,Ituano,Paysandu,,3-5,2.90,away
15-06-2024,Atl. Tucuman,Defensa y Justicia,,1-1,2.00,draw
15-06-2024,Atlanta Utd,Houston,,2-2,1.25,draw
15-06-2024,Montreal,Salt Lake,,0-0,2.00,draw
15-06-2024,Charlotte FC,DC United,,1-0,2.00,home
15-06-2024,New England,Vancouver,,3-2,3.40,home
15-06-2024,Orlando City,Los Angeles,,1-3,1.50,away
15-06-2024,Dallas,St. Louis City,,2-0,2.85,home
15-06-2024,San Jose,Cincinnati,,2-4,2.70,away
14-06-2024,Ceramica Cleopatra,Zamalek,,1-2,1.30,away
14-06-2024,Maghreb Fes,Olympique de Safi,,0-1,2.55,away
14-06-2024,Wydad Casablanca,Moghreb Tetouan,,1-0,1.70,home
14-06-2024,Torns,Eskilsminne IF,,0-0,1.45,draw
14-06-2024,Miramar,Cerro,,1-0,3.00,home
14-06-2024,Boca Juniors,Velez,,1-0,2.00,home
14-06-2024,Operario PR,Santos,,1-0,2.30,home
14-06-2024,New York City,Columbus Crew,,2-3,2.10,away
14-06-2024,Yokohama F. Marinos,M.Zelvia,,1-3,2.60,away
14-06-2024,Cerezo Osaka,Urawa RD,,2-1,3.20,home
14-06-2024,Kyoto Purple Sanga,Sapporo,,2-0,2.35,home
14-06-2024,Kagoshima Utd,Montedio Yamagata,,2-1,1.45,home
14-06-2024,Gwangju Sangmu,Gimcheon Sangmu,,2-0,2.10,home
14-06-2024,Gangwon FC,Suwon City,,3-1,2.20,home
14-06-2024,Henan Songshan,Guoan Beijing,,2-1,1.40,home
14-06-2024,Hungary,Switzerland,,1-3,2.25,away
13-06-2024,Bohemians,Derry City,,1-2,1.90,away
13-06-2024,Dundalk,Sligo Rovers,,1-0,1.90,home
13-06-2024,St. Patricks,Shamrock Rovers,,2-1,1.90,home
13-06-2024,Waterford,Shelbourne,,0-1,3.00,away
13-06-2024,Bray,Athlone,,1-0,2.05,home
13-06-2024,Finn Harps,UCD,,1-1,3.00,draw
13-06-2024,Kerry,Longford,,2-1,2.30,home
13-06-2024,Sarmiento Junin,Estudiantes L.P.,,2-0,1.90,home
13-06-2024,Tigre,Belgrano,,1-1,1.40,draw
13-06-2024,Internacional,Sao Paulo,,0-0,1.40,draw
13-06-2024,Lanus,Racing Club,,2-0,2.30,home
13-06-2024,Newells Old Boys,Instituto,,0-2,1.25,away
13-06-2024,Bahia,Fortaleza,,1-0,1.25,home
13-06-2024,Nantong Zhiyun,Shenzhen Xinpengcheng,,0-1,2.30,away
13-06-2024,Operario PR,Santos,,1-0,2.30,home
13-06-2024,Boca Juniors,Velez Sarsfield,,1-0,2.00,home
12-06-2024,Inter Turku,Ilves,,0-2,1.25,away
12-06-2024,Mariehamn,VPS,,0-0,1.80,draw
12-06-2024,Gimnasia J,Chacarita,,0-1,1.30,away
12-06-2024,Eibar,Oviedo,,0-2,1.95,away
12-06-2024,Godoy Cruz,Rosario Central,,1-1,3.10,draw
12-06-2024,Independiente,Banfield,,2-1,3.00,home
12-06-2024,Bohemians,Derry City,,1-2,1.90,away
12-06-2024,Dundalk,Sligo Rovers,,1-0,1.90,home
12-06-2024,St. Patricks,Shamrock Rovers,,2-1,1.90,home
12-06-2024,Waterford,Shelbourne,,0-1,3.00,away
12-06-2024,Bray,Athlone,,1-0,2.05,home
12-06-2024,Finn Harps,UCD,,1-1,3.00,draw
12-06-2024,Kerry,Longford,,2-1,2.30,home
12-06-2024,Sarmiento Junin,Estudiantes L.P.,,2-0,1.90,home
12-06-2024,Tigre,Belgrano,,1-1,1.40,draw
12-06-2024,Internacional,Sao Paulo,,0-0,1.40,draw
11-06-2024,South Sudan,Sudan,,0-3,2.90,away
11-06-2024,Mauritius,Eswatini,,2-1,2.70,home
11-06-2024,Azerbaijan,Kazakhstan,,3-2,1.35,home
11-06-2024,Lesotho,Rwanda,,0-1,2.85,away
11-06-2024,Oman,Kyrgyzstan,,1-1,1.75,draw
11-06-2024,Angola,Cameroon,,1-1,2.65,draw
11-06-2024,Gabon,Gambia,,3-2,2.15,home
11-06-2024,Atletico GO,Corinthians,,2-2,3.00,draw
11-06-2024,Juventude,Vitoria,,1-1,1.25,draw
11-06-2024,Mirassol,Goias,,1-0,2.10,home
11-06-2024,Botafogo,Fluminense,,1-0,3.50,home
11-06-2024,Chile,Paraguay,,3-0,1.80,home
11-06-2024,Bragantino,Atletico-MG,,1-2,1.35,away
11-06-2024,Inter Turku,Ilves,,0-2,1.25,away
11-06-2024,Mariehamn,VPS,,0-0,1.80,draw
11-06-2024,Eibar,Oviedo,,0-2,1.95,away
10-06-2024,Poland,Turkey,,2-1,1.35,home
10-06-2024,Vila Nova FC,Ceara,,3-2,1.50,home
10-06-2024,Atletico GO,Corinthians,,2-2,3.00,draw
10-06-2024,Juventude,Vitoria,,1-1,1.25,draw
10-06-2024,Botafogo RJ,Fluminense,,1-0,3.50,home
10-06-2024,Bragantino,Atletico-MG,,1-2,1.35,away
10-06-2024,Godoy Cruz,Rosario Central,,1-1,3.10,draw
10-06-2024,Independiente,Banfield,,2-1,3.00,home
10-06-2024,Bohemians,Derry City,,1-2,1.90,away
10-06-2024,Dundalk,Sligo Rovers,,1-0,1.90,home
10-06-2024,St. Patricks,Shamrock Rovers,,2-1,1.90,home
10-06-2024,Waterford,Shelbourne,,0-1,3.00,away
10-06-2024,Bray,Athlone,,1-0,2.05,home
10-06-2024,Finn Harps,UCD,,1-1,3.00,draw
10-06-2024,Kerry,Longford,,2-1,2.30,home
10-06-2024,Sarmiento Junin,Estudiantes L.P.,,2-0,1.90,home
09-06-2024,Aalesund,Kongsvinger,,4-4,1.90,draw
09-06-2024,Mjondalen,Ranheim,,3-3,2.30,draw
09-06-2024,Sogndal,Egersund,,2-2,2.00,draw
09-06-2024,Start,Lyn,,1-2,1.45,away
09-06-2024,Sollentuna,Vasalund,,0-1,3.40,away
09-06-2024,Alvarado,Arsenal Sarandi,,2-1,1.20,home
09-06-2024,Atl.Guemes,San Martin T.,,0-0,2.55,draw
09-06-2024,Cd Maipu,Caseros,,1-0,2.80,home
09-06-2024,Racing Cordoba,San Martin,,0-0,2.75,draw
09-06-2024,San Telmo,Aldosivi,,Postp,1.35,postponed
09-06-2024,Deportivo Madryn,Colon Santa Fe,,0-0,2.75,draw
09-06-2024,Slovakia,Wales,,4-0,1.95,home
09-06-2024,Montenegro,Georgia,,1-3,2.50,away
09-06-2024,Gijon,Espanyol,,0-1,3.00,away
09-06-2024,Criciuma,Cuiaba,,2-5,2.00,away
09-06-2024,Avai,Chapecoense,,0-0,1.20,draw
08-06-2024,E.I.F.,Gnistan,,1-0,2.00,home
08-06-2024,Eskilsminne IF,Norrby,,3-0,2.30,home
08-06-2024,FBK Karlstad,Assyriska,,3-5,1.25,away
08-06-2024,Sweden,Serbia,,0-3,2.60,away
08-06-2024,Switzerland,Austria,,1-1,3.10,draw
08-06-2024,Moldova,Cyprus,,3-2,2.05,home
08-06-2024,Oviedo,Eibar,,0-0,1.30,draw
08-06-2024,Denmark,Norway,,3-1,2.10,home
08-06-2024,Almagro,Gimnasia M.,,2-2,1.40,draw
08-06-2024,Amazonas,Brusque,,2-1,1.25,home
08-06-2024,Guarani,Operario PR,,0-1,2.35,away
08-06-2024,USA,Colombia,,1-5,2.55,away
08-06-2024,New England,New York,,1-0,2.25,home
08-06-2024,Minnesota,Dallas,,1-1,1.95,draw
08-06-2024,Kansas City,Seattle,,2-1,2.40,home
08-06-2024,Bucaramanga,Santa Fe,,1-0,2.30,home
07-06-2024,Haka,Mariehamn,,2-0,1.80,home
07-06-2024,Lahti,Inter Turku,,0-2,1.95,away
07-06-2024,VPS,Ilves,,1-1,2.30,draw
07-06-2024,MC Alger,Belouizdad,,0-0,2.00,draw
07-06-2024,Madagascar,Comoros,,2-1,1.35,home
07-06-2024,Armenia,Kazakhstan,,2-1,2.05,home
07-06-2024,Helsinki,SJK,,4-1,1.25,home
07-06-2024,Olympic Malmo,Torns,,1-0,2.15,home
07-06-2024,Drogheda,St. Patricks,,0-0,3.00,draw
07-06-2024,Waterford,Sligo Rovers,,4-1,1.30,home
07-06-2024,Athlone,Wexford,,Postp,2.35,postponed
07-06-2024,Cobh Ramblers,Finn Harps,,2-0,2.70,home
07-06-2024,Treaty United,Bray,,2-0,2.15,home
07-06-2024,Poland,Ukraine,,3-1,3.20,home
07-06-2024,Novorizontino,Santos,,3-1,1.30,home
07-06-2024,Peru,Paraguay,,0-0,2.40,draw
06-06-2024,India,Kuwait,,0-0,2.35,draw
06-06-2024,Kyrgyzstan,Malaysia,,1-1,2.00,draw
06-06-2024,Mauritania,Sudan,,0-2,1.75,away
06-06-2024,Congo,Niger,,Postp,1.80,postponed
06-06-2024,Palestine,Lebanon,,0-0,1.25,draw
06-06-2024,Denmark U21,Norway U21,,3-3,2.05,draw
06-06-2024,Benin,Rwanda,,1-0,1.25,home
06-06-2024,Mali,Ghana,,1-2,1.25,away
06-06-2024,General Caballero,Sol de America,,2-3,2.45,away
06-06-2024,Coquimbo Unido,Palestino,,0-0,2.10,draw
06-06-2024,Kenya,Burundi,,1-1,2.05,draw
06-06-2024,Lahti,Inter Turku,,0-2,1.95,away
06-06-2024,VPS,Ilves,,1-1,2.30,draw
06-06-2024,Armenia,Kazakhstan,,2-1,2.05,home
06-06-2024,Helsinki,SJK,,4-1,1.25,home
06-06-2024,Poland,Ukraine,,3-1,3.20,home
05-06-2024,Denmark,Sweden,,2-1,1.85,home
05-06-2024,Vicenza,Carrarese,,0-0,1.25,draw
05-06-2024,Sportivo Luqueno,Sportivo Trinidense,,2-6,2.05,away
05-06-2024,Olimpia,Libertad,,1-3,1.25,away
05-06-2024,Juventude,Atletico GO,,1-0,1.25,home
05-06-2024,Mexico,Uruguay,,0-4,2.50,away
05-06-2024,Coquimbo Unido,Palestino,,0-0,2.10,draw
05-06-2024,Haka,Mariehamn,,2-0,1.80,home
05-06-2024,Lahti,Inter Turku,,0-2,1.95,away
05-06-2024,VPS,Ilves,,1-1,2.30,draw
05-06-2024,Helsinki,SJK,,4-1,1.25,home
05-06-2024,Blaublitz,Kumamoto,,1-1,2.30,draw
05-06-2024,Ehime,Mito Hollyhock,,1-0,2.10,home
05-06-2024,Kofu,Vegalta Sendai,,1-1,2.60,draw
05-06-2024,Yamaguchi,JEF United,,1-2,3.25,away
05-06-2024,Tochigi,Kusatsu,,1-1,3.00,draw
04-06-2024,Italy W,Norway W,,1-1,2.35,draw
04-06-2024,Progreso,Cerro Largo,,01,3.10,unknown
04-06-2024,Barracas,Huracan Ar.,,0-2,1.30,away
04-06-2024,Austria,Serbia,,2-1,2.10,home
04-06-2024,R.Ireland,Hungary,,2-1,3.10,home
04-06-2024,France W,England W,,1-2,2.20,away
04-06-2024,Iceland W,Austria W,,2-1,3.20,home
04-06-2024,Guarani Asuncion,de Mayo,,3-2,2.10,home
04-06-2024,Banfield,Newells Old Boys,,2-0,2.90,home
04-06-2024,Ind. Rivadavia,Union de Santa Fe,,0-1,2.25,away
04-06-2024,Huachipato,Gremio,,0-1,1.25,away
04-06-2024,Paysandu,America Minerio,,2-0,2.50,home
04-06-2024,Cerezo Osaka,Machida Zelvia,,1-3,1.35,away
04-06-2024,Kashiwa Reysol,Nagoya Grampus,,1-1,3.00,draw
04-06-2024,Denmark,Sweden,,2-1,1.85,home
04-06-2024,Juventude,Atletico GO,,1-0,1.25,home
03-06-2024,Sligo,Drogheda,,2-1,3.05,home
03-06-2024,Bray,Cobh Ramblers,,3-1,1.25,home
03-06-2024,Finn Harps,Athlone,,1-1,3.20,draw
03-06-2024,Kerry,Treaty United,,2-1,3.00,home
03-06-2024,Danubio,Dep.Maldonado,,1-1,1.35,draw
03-06-2024,KR Reykjavik,Valur,,3-5,2.10,away
03-06-2024,Sol de America,Sportivo Ameliano,,2-1,3.30,home
03-06-2024,Agropecuario,All Boys,,2-1,1.75,home
03-06-2024,Defensa Justicia,Independiente,,0-0,1.35,draw
03-06-2024,Progreso,Cerro Largo,,0-1,3.10,away
03-06-2024,Barracas,Huracan Ar.,,0-2,1.30,away
03-06-2024,Austria,Serbia,,2-1,2.10,home
03-06-2024,R.Ireland,Hungary,,2-1,3.10,home
03-06-2024,Banfield,Newells Old Boys,,2-0,2.90,home
03-06-2024,Ind. Rivadavia,Union de Santa Fe,,0-1,2.25,away
03-06-2024,Paysandu,America Minerio,,2-0,2.50,home
02-06-2024,Fredericia,Hobro,,0-1,2.05,away
02-06-2024,Alcorcon,Burgos,,1-0,2.60,home
02-06-2024,Andorra FC,Ferrol,,1-0,3.30,home
02-06-2024,Huesca,Levante,,0-0,3.15,draw
02-06-2024,Hacken,AIK,,4-1,1.95,home
02-06-2024,Varnamo,Mjallby,,1-2,3.00,away
02-06-2024,KFUM,Sandefjord,,3-3,2.00,draw
02-06-2024,Kristiansund,Sarpsborg 08,,3-1,2.40,home
02-06-2024,Tromso,Lillestrom,,1-2,2.10,away
02-06-2024,Eibar,Oviedo,,4-2,1.25,home
02-06-2024,Mirandes,Amorebieta,,1-0,1.25,home
02-06-2024,Tenerife,Valladolid,,2-1,2.80,home
02-06-2024,Rosenborg,Fredrikstad,,1-1,2.20,draw
02-06-2024,AVS,Portimonense,,2-1,2.60,home
02-06-2024,Vicenza,Avellino,,2-1,1.30,home
02-06-2024,Zaragoza,Albacete,,1-1,1.25,draw
01-06-2024,Goteborg,Elfsborg,,1-0,2.45,home
01-06-2024,Brage,Oster,,1-0,2.55,home
01-06-2024,Kongsvinger,Bryne,,3-1,2.00,home
01-06-2024,Ranheim,Valerenga,,1-3,2.00,away
01-06-2024,Sogndal,Stabaek,,2-3,1.35,away
01-06-2024,Suduva,Banga,,1-0,1.30,home
01-06-2024,Halmstad,GAIS,,4-0,2.05,home
01-06-2024,KA Akureyri,Akranes,,2-3,1.95,away
01-06-2024,Vitoria,Atletico GO,,0-2,1.25,away
01-06-2024,Gremio,Bragantino,,0-2,2.50,away
01-06-2024,Cuiaba,Internacional,,0-1,2.40,away
01-06-2024,Belgrano,Argentinos Jrs,,1-0,2.90,home
01-06-2024,Corinthians,Botafogo RJ,,0-1,1.25,away
01-06-2024,Audax Italiano,Palestino,,1-2,3.15,away
01-06-2024,Chicago,Los Angeles Galaxy,,2-1,2.45,home
01-06-2024,Portland,Houston,,2-2,2.15,draw
31-05-2024,Ilves,KuPS,,1-2,3.30,away
31-05-2024,Inter Turku,Haka,,1-0,1.25,home
31-05-2024,KaPa,PK-35,,0-1,3.40,away
31-05-2024,M.Boleslav,Hradec,,3-1,3.40,home
31-05-2024,Al Hilal,Al Nassr,,1-1,2.00,draw
31-05-2024,Thun,Grasshoppers,,1-2,2.60,away
31-05-2024,St. Patricks,Galway,,2-1,3.00,home
31-05-2024,Waterford,Bohemians D.,,2-1,2.60,home
31-05-2024,Finn Harps,Wexford,,1-0,3.20,home
31-05-2024,Treaty United,Longford,,1-0,3.20,home
31-05-2024,UCD,Bray,,0-0,2.25,draw
31-05-2024,Ceara CE,Coritiba,,1-0,1.25,home
31-05-2024,CD Equidad,Once Caldas,,1-2,1.25,away
31-05-2024,Tecnico U.,EL Nacional,,1-2,2.25,away
31-05-2024,Goias,Sport Recife,,3-0,1.25,home
31-05-2024,Oita Trinita,Tokushima,,1-2,3.10,away
30-05-2024,Indjija,Zeleznicar Pancevo,,1-2,1.75,away
30-05-2024,Sakaryaspor,Bodrumspor,,1-1,2.50,draw
30-05-2024,Hapoel Beer Sheva,Maccabi Petah Tikva,,0-1,1.90,away
30-05-2024,Valur,Stjarnan,,5-1,1.80,home
30-05-2024,Cremonese,Venezia,,0-0,1.30,draw
30-05-2024,St Etienne,Metz,,2-1,2.10,home
30-05-2024,Ind. Rivadavia,Banfield,,1-2,2.95,away
30-05-2024,Breidablik,Vikingur,,1-1,1.25,draw
30-05-2024,Libertad Asuncion,Nacional M.,,2-1,1.30,home
30-05-2024,Sangan,Tokyo,,0-1,2.80,away
30-05-2024,Ilves,KuPS,,1-2,3.30,away
30-05-2024,Inter Turku,Haka,,1-0,1.25,home
30-05-2024,St. Patricks,Galway,,2-1,3.00,home
30-05-2024,Waterford,Bohemians D.,,2-1,2.60,home
30-05-2024,Finn Harps,Wexford,,1-0,3.20,home
30-05-2024,UCD,Bray,,0-0,2.25,draw
29-05-2024,Nizhny Novgorod,Arsenal Tula,,1-2,3.25,away
29-05-2024,Tromso,Fredrikstad,,3-0,2.35,home
29-05-2024,Mjallby,Hacken,,2-1,3.45,home
29-05-2024,Al Ain,Al Wasl,,2-4,1.80,away
29-05-2024,La Coruna,Castellon,,2-1,1.95,home
29-05-2024,Olympiacos,Fiorentina,,0-0,1.35,draw
29-05-2024,Montreal Impact,DC United,,4-2,2.90,home
29-05-2024,Chicago,Orlando City,,1-1,2.60,draw
29-05-2024,Houston,Colorado,,3-1,1.95,home
29-05-2024,Kansas City,Vancouver,,1-2,2.20,away
29-05-2024,Cerro Porteno,Colo Colo,,1-1,2.05,draw
29-05-2024,Seattle,Salt Lake,,1-1,2.00,draw
29-05-2024,Sakaryaspor,Bodrumspor,,1-1,2.50,draw
29-05-2024,Cremonese,Venezia,,0-0,1.30,draw
29-05-2024,Breidablik,Vikingur,,1-1,1.25,draw
29-05-2024,Libertad,Nacional M.,,2-1,1.30,home
28-05-2024,Kuressaare,Parnu Vaprus,,2-2,3.30,draw
28-05-2024,Start,Sogndal,,2-1,3.45,home
28-05-2024,Hartberg,Austria Vienna,,0-1,2.80,away
28-05-2024,CPD Junior,Botafogo,,0-0,1.40,draw
28-05-2024,Penarol,Rosario,,2-1,1.25,home
28-05-2024,Yokohama F. Marinos,Kashiwa Reysol,,4-0,3.60,home
28-05-2024,Daejeon Citizen,Jeju Utd,,0-1,3.25,away
28-05-2024,Gangwon FC,Jeonbuk M.,,2-1,2.35,home
28-05-2024,Incheon United,Ulsan,,1-1,3.25,draw
28-05-2024,Suwon City,Daegu,,2-0,3.25,home
28-05-2024,Nizhny Novgorod,Arsenal Tula,,1-2,3.25,away
28-05-2024,Tromso,Fredrikstad,,3-0,2.35,home
28-05-2024,Mjallby,Hacken,,2-1,3.45,home
28-05-2024,Olympiacos,Fiorentina,,0-0,1.35,draw
28-05-2024,Metropolitanos,Deportivo Garcilaso,,1-1,1.45,draw
28-05-2024,Cerro Porteno,Colo Colo,,1-1,2.05,draw
27-05-2024,Lahti,SJK,,0-4,1.95,away
27-05-2024,VPS,Inter Turku,,3-1,2.50,home
27-05-2024,Aalesund,Asane,,4-1,1.95,home
27-05-2024,Mjondalen,Moss,,1-2,1.50,away
27-05-2024,Raufoss,Lyn,,1-0,1.45,home
27-05-2024,Sandnes,Kongsvinger,,0-2,1.70,away
27-05-2024,Start,Sogndal,,2-1,3.45,home
27-05-2024,Norrkoping,Varnamo,,0-4,2.00,away
27-05-2024,Utsikten,Brage,,1-0,1.35,home
27-05-2024,AIK,Goteborg,,5-2,2.00,home
27-05-2024,Fortuna Dusseldorf,Bochum,,0-3,2.20,away
27-05-2024,Fylkir,Hk Kopavogur,,3-1,2.05,home
27-05-2024,Botafogo SP,Novorizontino,,0-1,2.85,away
27-05-2024,CA Libertad,Dep. Cuenca,,0-0,2.60,draw
27-05-2024,Temperley,Gimnasia Mendoza,,1-3,1.25,away
27-05-2024,Avai,Goias,,2-0,2.95,home
26-05-2024,Leeds,Southampton,,0-1,2.25,away
26-05-2024,Las Palmas,Alaves,,1-1,1.50,draw
26-05-2024,Haugesund,Sandefjord,,2-1,2.15,home
26-05-2024,Odd Grenland,Lillestrom,,2-1,2.10,home
26-05-2024,Sarpsborg 08,Stromsgodset,,1-3,3.00,away
26-05-2024,Atalanta,Torino,,3-0,2.10,home
26-05-2024,Kasimpasa,Besiktas,,2-1,1.25,home
26-05-2024,Pendikspor,Gaziantep,,0-1,2.20,away
26-05-2024,Trabzonspor,Ankaragucu,,4-2,2.20,home
26-05-2024,Porto,Sporting,,1-1,1.35,draw
26-05-2024,Albacete,Mirandes,,2-2,3.10,draw
26-05-2024,Amorebieta,Espanyol,,0-0,3.10,draw
26-05-2024,Cartagena,Huesca,,0-2,2.10,away
26-05-2024,Ferrol,Leganes,,2-2,2.60,draw
26-05-2024,Gijon,Eibar,,1-0,2.50,home
26-05-2024,Frosinone,Udinese,,0-1,1.35,away
25-05-2024,Celtic,Rangers,,1-0,1.85,home
25-05-2024,GAIS,Hacken,,3-0,3.70,home
25-05-2024,Helsinki,Ilves,,1-1,2.65,draw
25-05-2024,Sociedad,Atl. Madrid,,0-2,3.40,away
25-05-2024,Mjallby,Djurgarden,,1-3,1.35,away
25-05-2024,Hradec,Teplice,,2-0,1.25,home
25-05-2024,Almeria,Cadiz,,6-1,2.05,home
25-05-2024,Rayo Vallecano,Ath Bilbao,,0-1,1.40,away
25-05-2024,Lok. Zagreb,Hajduk Split,,2-5,2.00,away
25-05-2024,Argentinos Jrs,River Plate,,1-0,1.85,home
25-05-2024,Mechelen,Standard,,3-2,1.85,home
25-05-2024,Leuven,Westerlo,,1-2,2.00,away
25-05-2024,Lugano,Servette,,0-2,3.50,away
25-05-2024,St. Gallen,Zurich,,1-2,2.00,away
25-05-2024,Godoy Cruz,San Lorenzo,,Abn,1.15,abandoned
25-05-2024,Newells Old Boys,Defensa y Justicia,,1-0,1.80,home
24-05-2024,Suduva,Transinvest,,0-1,2.25,away
24-05-2024,Hnk Gorica,Istra 1961,,0-0,1.40,draw
24-05-2024,Javor,Zeleznicar Pancevo,,1-1,2.55,draw
24-05-2024,Novi Pazar,Radnicki Nis,,2-1,1.25,home
24-05-2024,Spartak Subotica,IMT,,1-1,1.95,draw
24-05-2024,Kolding IF,Aalborg,,2-3,2.40,away
24-05-2024,Vendsyssel,Fredericia,,1-4,2.00,away
24-05-2024,Dacia Mioveni,Botosani,,0-1,1.25,away
24-05-2024,Jahn Regensburg,Wehen,,2-2,2.80,draw
24-05-2024,Venezia,Palermo,,2-1,1.30,home
24-05-2024,Dep. Riestra,Rosario,,0-2,2.40,away
24-05-2024,Genoa,Bologna,,2-0,2.20,home
24-05-2024,Bohemians,St. Patricks,,2-2,2.50,draw
24-05-2024,Athlone,UCD,,2-2,3.10,draw
24-05-2024,Kerry,Finn Harps,,2-0,2.30,home
24-05-2024,Wexford,Bray,,1-2,2.15,away
23-05-2024,JIPPO,PK-35,,1-0,1.20,home
23-05-2024,KaPa,SJK II,,1-1,3.60,draw
23-05-2024,Zamalek,Future,,1-1,2.00,draw
23-05-2024,NEC,Go Head,,1-2,2.00,away
23-05-2024,Brage,Degerfors,,0-1,3.30,away
23-05-2024,Orebro,Utsikten,,0-1,3.20,away
23-05-2024,Varberg BoIS FC,Oddevold,,2-1,1.50,home
23-05-2024,Parnu Vaprus,Tammeka,,1-1,2.15,draw
23-05-2024,CSKA Sofia,Cherno More,,0-1,1.90,away
23-05-2024,Besiktas,Trabzonspor,,3-2,3.25,home
23-05-2024,Abha,Al Khaleej,,2-1,2.10,home
23-05-2024,Al Feiha,Al Taawon,,1-1,1.35,draw
23-05-2024,Bochum,Fortuna Dusseldorf,,0-3,2.10,away
23-05-2024,Ternana,Bari,,0-3,1.35,away
23-05-2024,Waterford,Drogheda,,4-2,2.00,home
23-05-2024,Raith,Ross County,,1-2,2.50,away
22-05-2024,VPS,KuPS,,1-3,1.30,away
22-05-2024,Paide,Nomme,,0-2,3.45,away
22-05-2024,Rijeka,D. Zagreb,,1-3,1.35,away
22-05-2024,ADO Den Haag,Excelsior,,1-2,2.35,away
22-05-2024,Egersund,Levanger,,2-2,2.00,draw
22-05-2024,Ranheim,Stabaek,,3-0,2.50,home
22-05-2024,Orgryte,Trelleborg,,1-2,3.40,away
22-05-2024,Sundsvall,Sandviken,,0-0,2.30,draw
22-05-2024,Atalanta,Bayer Leverkusen,,3-0,1.20,home
22-05-2024,Sp. Luqueno,Olimpia,,0-2,3.00,away
22-05-2024,Sport Recife,Atletico-MG,,1-0,1.25,home
22-05-2024,Vitoria,Botafogo,,1-2,3.10,away
22-05-2024,Bucaramanga,Millonarios,,0-0,2.80,draw
22-05-2024,Tampa Bay,Dallas,,1-2,2.40,away
22-05-2024,B.Guayaquil,LDU Quito,,2-0,2.85,home
22-05-2024,Deportivo Pereira,CPD Junior,,0-0,2.60,draw
21-05-2024,Beroe,Lok. Sofia,,0-3,1.25,away
21-05-2024,Ceramica Cleopatra,NB Egypt,,1-0,1.25,home
21-05-2024,El Gouna,El Gaish,,0-0,2.65,draw
21-05-2024,Goteborg,Mjallby,,1-0,2.20,home
21-05-2024,Hapoel B.S.,Maccabi Haifa,,1-4,2.00,away
21-05-2024,Maccabi Bnei Raina,Bnei Sakhnin,,2-2,3.20,draw
21-05-2024,OFK Pirin,Hebar,,0-0,1.25,draw
21-05-2024,Catanzaro,Cremonese,,2-2,2.30,draw
21-05-2024,Nueva Chicago,Ferro Oeste,,3-1,2.70,home
21-05-2024,Rodez,Paris,,2-2,3.15,draw
21-05-2024,Lausanne,Grasshoppers,,0-0,1.80,draw
21-05-2024,Breidablik,Stjarnan,,2-1,1.90,home
21-05-2024,Fram,Akranes,,1-1,2.10,draw
21-05-2024,2 de Mayo,Sportivo Ameliano,,2-1,1.90,home
21-05-2024,Velez,Newells Old Boys,,1-0,1.25,home
21-05-2024,Vasco da Gama,Fortaleza CE,,3-3,2.40,draw
20-05-2024,Lillestrom,Fredrikstad,,0-3,2.20,away
20-05-2024,Sandefjord,Viking,,0-3,1.40,away
20-05-2024,Servette,Young Boys,,0-1,2.00,away
20-05-2024,Winterthur,St. Gallen,,1-3,2.00,away
20-05-2024,Zurich,Lugano,,2-1,2.25,home
20-05-2024,KA Akureyri,Fylkir,,4-2,1.80,home
20-05-2024,Sirius,Vasteras,,0-0,2.20,draw
20-05-2024,Hafnarfjordur,KR Reykjavik,,1-2,2.15,away
20-05-2024,Nizhny Novgorod,CSKA,,2-6,2.40,away
20-05-2024,Hacken,Malmo,,2-2,1.30,draw
20-05-2024,Tromso,Rosenborg,,3-2,2.20,home
20-05-2024,Espanyol,Oviedo,,2-1,1.25,home
20-05-2024,Villarreal II,Albacete,,2-2,1.50,draw
20-05-2024,Bologna,Juventus,,3-3,3.05,draw
20-05-2024,St. Patricks,Shelbourne,,1-2,2.90,away
20-05-2024,Shamrock,Derry City,,1-0,3.10,home
19-05-2024,Motherwell,St Johnstone,,1-2,2.40,away
19-05-2024,Ross County,Aberdeen,,2-2,3.60,draw
19-05-2024,Alcorcon,Real Valladolid,,1-1,1.25,draw
19-05-2024,Brentford,Newcastle,,2-4,2.20,away
19-05-2024,Brighton,Manchester Utd,,0-2,2.10,away
19-05-2024,Burnley,Nottingham,,1-2,3.70,away
19-05-2024,Crystal Palace,Aston Villa,,5-0,1.85,home
19-05-2024,Luton,Fulham,,2-4,2.25,away
19-05-2024,Anderlecht,Club Brugge,,0-1,1.30,away
19-05-2024,Betis,Sociedad,,0-2,1.35,away
19-05-2024,Granada,Celta,,1-2,2.15,away
19-05-2024,Valencia,Girona,,1-3,2.40,away
19-05-2024,Villarreal,Real Madrid,,4-4,2.05,draw
19-05-2024,Panathinaikos,Olympiacos,,2-2,1.45,draw
19-05-2024,Reims,Rennes,,2-1,3.50,home
19-05-2024,Zaragoza,Ferrol,,2-2,2.00,draw
18-05-2024,Huesca,Santander,,0-3,2.90,away
18-05-2024,Leganes,Gijon,,2-1,1.20,home
18-05-2024,Arouca,Guimaraes,,1-3,3.45,away
18-05-2024,Farense,Portimonense,,1-3,2.35,away
18-05-2024,Bolton,Oxford Utd,,0-2,1.90,away
18-05-2024,Gaziantep,Karagumruk,,3-1,2.50,home
18-05-2024,Rizespor,Kasimpasa,,0-0,2.35,draw
18-05-2024,Samsunspor,Alanyaspor,,1-1,1.30,draw
18-05-2024,Moreirense,Estoril,,2-1,2.25,home
18-05-2024,Catanzaro,Brescia,,2-2,3.20,draw
18-05-2024,Torino,Milan,,3-1,1.35,home
18-05-2024,Standard,Gent,,1-4,1.90,away
18-05-2024,Alaves,Getafe,,1-0,1.25,home
18-05-2024,Eldense,Levante,,0-0,3.10,draw
18-05-2024,Tenerife,Amorebieta,,0-1,2.10,away
18-05-2024,Braga,Porto,,0-1,2.00,away
17-05-2024,Antalyaspor,Adana Demirspor,,2-1,2.00,home
17-05-2024,Gefle,Sundsvall,,1-0,1.35,home
17-05-2024,Trelleborg,Helsingborg,,0-0,3.30,draw
17-05-2024,Ilves,Haka,,5-0,1.85,home
17-05-2024,Aarau,Wil,,0-4,2.20,away
17-05-2024,Palermo,Sampdoria,,2-0,1.55,home
17-05-2024,Mirandes,Elche,,1-1,1.30,draw
17-05-2024,Raith,Partick,,1-2,2.10,away
17-05-2024,Fiorentina,Napoli,,2-2,2.40,draw
17-05-2024,Bastia,Paris,,1-1,1.25,draw
17-05-2024,Grenoble,Amiens,,1-3,2.90,away
17-05-2024,Troyes,Annecy,,1-1,2.40,draw
17-05-2024,St. Truiden,Leuven,,1-1,2.00,draw
17-05-2024,Drogheda,Galway,,2-3,3.15,away
17-05-2024,St. Patricks,Derry City,,0-1,2.15,away
17-05-2024,Sligo,Bohemians D.,,0-3,2.55,away
16-05-2024,Aarhus,Silkeborg,,0-1,3.20,away
16-05-2024,Hvidovre,Odense,,1-2,1.95,away
16-05-2024,Fredrikstad,Stromsgodset,,4-1,1.30,home
16-05-2024,Haugesund,Kristiansund,,1-0,1.25,home
16-05-2024,Odd Grenland,Molde,,0-4,1.60,away
16-05-2024,Aalesund,Sogndal,,0-2,2.30,away
16-05-2024,Levanger,Ranheim,,2-2,1.30,draw
16-05-2024,Raufoss,Moss,,0-2,2.05,away
16-05-2024,Sandnes,Bryne,,2-1,1.75,home
16-05-2024,Start,Egersund,,4-3,3.50,home
16-05-2024,Brommapojkarna,Djurgarden,,0-5,1.35,away
16-05-2024,Kalmar,Norrkoping,,1-1,3.40,draw
16-05-2024,Sirius,Goteborg,,2-2,3.40,draw
16-05-2024,Las Palmas,Betis,,2-2,2.00,draw
16-05-2024,Bari,Ternana,,1-1,1.75,draw
16-05-2024,Penafiel,Torreense,,1-1,3.20,draw
15-05-2024,Lamia,Aris,,2-4,1.85,away
15-05-2024,Randers,Viborg,,1-0,3.50,home
15-05-2024,Vejle Kolding,Lyngby,,1-0,3.00,home
15-05-2024,Elfsborg,AIK,,6-1,2.05,home
15-05-2024,Mjallby,Hammarby TFF,,3-0,2.15,home
15-05-2024,Olympiacos,AEK,,2-0,2.30,home
15-05-2024,Sevilla,Cadiz,,0-1,2.00,away
15-05-2024,Brondby,Nordsjaelland,,1-0,1.25,home
15-05-2024,Brighton,Chelsea,,1-2,2.05,away
15-05-2024,St. Mirren,Hearts,,2-2,3.30,draw
15-05-2024,St Johnstone,Ross County,,1-1,1.35,draw
15-05-2024,Manchester Utd,Newcastle,,3-2,1.25,home
15-05-2024,Atalanta,Juventus,,0-1,1.40,away
15-05-2024,Nice,PSG,,1-2,2.35,away
15-05-2024,Reims,Olympique Marseille,,1-0,2.05,home
15-05-2024,Celta Vigo,Ath Bilbao,,2-1,2.50,home
14-05-2024,El Gaish,SC Ismaily,,1-1,1.30,draw
14-05-2024,Emmen,Dordrecht,,2-2,1.50,draw
14-05-2024,Orebro,Degerfors,,2-1,3.40,home
14-05-2024,Ajman,Al Jazira,,2-0,1.70,home
14-05-2024,Osasuna,Mallorca,,1-1,1.40,draw
14-05-2024,Dumbarton,Spartans,,2-1,1.35,home
14-05-2024,De Graafschap,ADO Den Haag,,2-3,2.10,away
14-05-2024,Avai,CRB,,2-1,2.35,home
14-05-2024,Vila Nova,Novorizontino,,2-1,2.30,home
14-05-2024,Penarol,Atletico Mineiro,,2-0,3.00,home
14-05-2024,Defensa y Justicia,Ind. Medellin,,1-1,1.90,draw
14-05-2024,Botafogo SP,Chapecoense,,0-0,2.95,draw
14-05-2024,Albirex Niigata,Yokohama F. Marinos,,3-1,2.60,home
14-05-2024,Sapporo,Jubilo Iwata,,1-0,3.50,home
14-05-2024,Kashiwa R.,Bellmare S.,,2-1,1.95,home
14-05-2024,M.Zelvia,Cerezo Osaka,,2-1,2.30,home
13-05-2024,Novi Pazar,Spartak Subotica,,0-1,1.30,away
13-05-2024,Javor,Vozdovac,,1-1,1.30,draw
13-05-2024,Radnicki Nis,IMT,,0-0,1.35,draw
13-05-2024,Lecce,Udinese,,0-2,2.45,away
13-05-2024,Hobro IK,Vendsyssel,,4-1,2.35,home
13-05-2024,Radomiak,Ruch Chorzow,,0-2,2.10,away
13-05-2024,Botev Vratsa,Hebar,,1-0,1.85,home
13-05-2024,Farul Constanta,CS Universitatea,,3-3,2.50,draw
13-05-2024,Club Brugge,St.Gilloise,,2-2,2.10,draw
13-05-2024,Longford,Treaty United,,2-1,3.20,home
13-05-2024,Barcelona,Sociedad,,2-0,1.75,home
13-05-2024,Leiria,Academico V.,,3-0,3.20,home
13-05-2024,Gimnasia L.P.,Velez,,3-1,1.40,home
13-05-2024,Sao Paulo,Fluminense,,2-1,1.75,home
13-05-2024,Union La Calera,Universitad Chile,,1-3,1.75,away
13-05-2024,Union de Santa Fe,Banfield,,1-0,2.75,home
12-05-2024,Genoa,Sassuolo,,2-1,3.20,home
12-05-2024,Verona,Torino,,1-2,1.50,away
12-05-2024,WBA,Southampton,,0-0,2.50,draw
12-05-2024,Hibernian,Aberdeen,,0-4,2.00,away
12-05-2024,Gil Vicente,Farense,,2-0,1.30,home
12-05-2024,Valencia,Rayo Vallecano,,0-0,2.30,draw
12-05-2024,Albacete,Leganes,,1-0,2.90,home
12-05-2024,Cartagena,Tenerife,,2-0,2.80,home
12-05-2024,Antwerp,Cercle Brugge,,1-2,2.20,away
12-05-2024,Casa Pia,Moreirense,,0-1,2.95,away
12-05-2024,Lillestrom,Brann,,0-2,1.30,away
12-05-2024,Atalanta,Roma,,2-1,1.25,home
12-05-2024,Montpellier,Monaco,,0-2,1.80,away
12-05-2024,Nantes,Lille,,1-2,1.95,away
12-05-2024,Rennes,Lens,,1-1,2.50,draw
12-05-2024,Strasbourg,Metz,,2-1,2.20,home
11-05-2024,Bournemouth,Brentford,,1-2,1.95,away
11-05-2024,Wolverhampton,Crystal Palace,,1-3,2.40,away
11-05-2024,St. Mirren,Kilmarnock,,0-1,3.00,away
11-05-2024,Villarreal,Sevilla,,3-2,1.85,home
11-05-2024,Ferrol,Alcorcon,,2-1,1.35,home
11-05-2024,Gijon,Andorra FC,,5-2,2.10,home
11-05-2024,Portimonense,Rio Ave,,2-2,2.10,draw
11-05-2024,Vizela,Estrela Amadora,,4-0,1.30,home
11-05-2024,Napoli,Bologna,,0-2,3.45,away
11-05-2024,Nott.Forest,Chelsea,,2-3,1.95,away
11-05-2024,Mainz,Dortmund,,3-0,2.20,home
11-05-2024,Valladolid,Espanyol,,0-0,2.10,draw
11-05-2024,Holstein Kiel,Fortuna Dusseldorf,,1-1,1.25,draw
11-05-2024,Anderlecht,Genk,,2-1,2.00,home
11-05-2024,Levante,Eibar,,2-2,2.50,draw
11-05-2024,Guimaraes,Braga,,2-3,1.25,away
10-05-2024,Magdeburg,Greuther Furth,,0-0,1.95,draw
10-05-2024,Paderborn,Hamburger,,1-0,1.85,home
10-05-2024,Odense,Lyngby,,1-2,2.00,away
10-05-2024,Eindhoven,Den Bosch,,2-0,1.95,home
10-05-2024,Catanzaro,Sampdoria,,1-3,1.40,away
10-05-2024,Leko,Modena,,2-3,3.20,away
10-05-2024,Reggiana,Parma,,1-1,3.20,draw
10-05-2024,Spezia,Venezia,,2-1,1.30,home
10-05-2024,Sudtirol,Palermo,,0-1,1.40,away
10-05-2024,Standard,Westerlo,,Postp,1.95,postponed
10-05-2024,Waterford,Dundalk,,4-1,3.00,home
10-05-2024,Partick,Airdrie,,2-1,2.20,home
10-05-2024,Ajaccio,Grenoble,,1-2,2.20,away
10-05-2024,Concarneau,Bordeaux,,4-2,2.15,home
10-05-2024,Alaves,Girona,,2-2,2.00,draw
10-05-2024,Chaves,Famalicao,,0-1,1.45,away
09-05-2024,St.Gilloise,Antwerp,,1-0,1.80,home
09-05-2024,Oskarshamn,Lunds,,2-2,1.25,draw
09-05-2024,Silkeborg,Aarhus,,1-0,2.85,home
09-05-2024,Al Feiha,Al Fateh,,2-2,3.50,draw
09-05-2024,Al Riyadh,Al Taawon,,0-0,1.75,draw
09-05-2024,S.Nyonnais,Bellinzona,,1-3,1.30,away
09-05-2024,Stromsgodset,Lillestrom,,3-3,1.35,draw
09-05-2024,Smouha,ZED,,1-2,2.55,away
09-05-2024,Hapoel Haifa,Bnei Sakhnin,,1-2,1.95,away
09-05-2024,Olympiacos,Aston Villa,,2-0,2.00,home
09-05-2024,San Lorenzo,Ind. del Valle,,2-0,2.10,home
09-05-2024,Bragantino,Racing Club,,2-1,1.30,home
09-05-2024,Colo Colo,Fluminense,,0-1,3.00,away
09-05-2024,Pumas Unam,Cruz Azul,,0-2,3.30,away
09-05-2024,Deportivo Garcilaso,Lanus,,0-2,2.50,away
09-05-2024,Tigres Uanl,Monterrey,,1-2,3.30,away
08-05-2024,Vojvodina,Cukaricki,,2-3,1.45,away
08-05-2024,Club Brugge,Fiorentina,,1-1,1.45,draw
08-05-2024,AFC Eskilstuna,Stockholm,,3-3,1.85,draw
08-05-2024,Karagumruk,Trabzonspor,,0-4,2.35,away
08-05-2024,Polokwane,Richards Bay,,0-0,2.90,draw
08-05-2024,Taby,Hammarby TFF,,0-4,2.05,away
08-05-2024,Orebro Syr.,Sollentuna,,0-2,2.00,away
08-05-2024,Peterborough,Oxford Utd,,1-1,1.85,draw
08-05-2024,Guanacasteca,Perez Zeledon,,4-0,1.65,home
08-05-2024,Sp. Luqueno,Coquimbo Unido,,0-0,2.30,draw
08-05-2024,Talleres,B.Guayaquil,,3-1,1.55,home
08-05-2024,Cartagines,Sporting San Jose,,1-1,1.30,draw
08-05-2024,Nacional Potosi,Fortaleza CE,,4-1,3.50,home
08-05-2024,Alianza Lima,Cerro Porteno,,1-1,3.10,draw
08-05-2024,Guadalajara,Toluca,,1-0,1.55,home
08-05-2024,Pachuca,America,,1-1,2.15,draw
07-05-2024,Hapoel Nazaret,Ironi Ramat,,2-0,1.85,home
07-05-2024,Othellos,Katokopia,,3-0,2.15,home
07-05-2024,Karmiotissa,Nea Salamis,,1-3,1.25,away
07-05-2024,Ethnikos Achnas,AEL Limassol,,2-0,1.30,home
07-05-2024,Al Wahda,Al Nassr,,1-0,3.40,home
07-05-2024,Orgryte,Helsingborg,,0-1,3.25,away
07-05-2024,Nacional A.,Corinthians,,0-2,1.75,away
07-05-2024,Racing M.,Argentinos Jrs,,2-1,1.30,home
07-05-2024,Rosario,Atletico Mineiro,,0-1,2.25,away
07-05-2024,Botafogo SP,Mirassol,,0-0,2.90,draw
07-05-2024,Univ.Cesar Vallejo,Ind. Medellin,,1-5,2.15,away
07-05-2024,Nacional M.,River Plate,,2-2,1.90,draw
07-05-2024,Dep. Tachira,Libertad,,1-1,2.05,draw
07-05-2024,Sportivo Ameliano,Danubio,,2-1,3.00,home
07-05-2024,San Carlos,Deportivo Saprissa,,0-3,2.25,away
07-05-2024,Universitario,CPD Junior,,1-1,1.30,draw
06-05-2024,Crawley,Milton Keynes Dons,,3-0,2.05,home
06-05-2024,Worthing,Braintree,,3-3,2.05,draw
06-05-2024,UTA Arad,U Craiova 1948,,3-1,1.30,home
06-05-2024,Veres,Minaj,,3-1,1.90,home
06-05-2024,Crewe,Doncaster,,0-2,2.50,away
06-05-2024,Antalyaspor,Pendikspor,,1-2,2.20,away
06-05-2024,Vejle Kolding,Odense,,3-2,2.70,home
06-05-2024,GAIS,Goteborg,,2-1,2.30,home
06-05-2024,Hapoel E.H.,Maccabi Petach-Tikva,,0-4,2.95,away
06-05-2024,Lokomotiv Moscow,FK Rostov,,1-0,3.50,home
06-05-2024,Excelsior,NEC,,0-3,2.95,away
06-05-2024,Udinese,Napoli,,1-1,1.30,draw
06-05-2024,Crystal Palace,Manchester Utd,,4-0,1.40,home
06-05-2024,Lille,Lyon,,3-4,3.80,away
06-05-2024,Ceara CE,CRB,,2-2,1.75,draw
06-05-2024,Ponte Preta,Amazonas,,3-0,1.25,home
05-05-2024,Brighton,Aston Villa,,1-0,2.30,home
05-05-2024,Empoli,Frosinone,,0-0,3.30,draw
05-05-2024,Verona,Fiorentina,,2-1,1.35,home
05-05-2024,Union Berlin,Bochum,,3-4,1.95,away
05-05-2024,Celta,Villarreal,,3-2,1.60,home
05-05-2024,Andorra FC,Albacete,,0-1,2.15,away
05-05-2024,Hallescher,Unterhaching,,0-1,1.75,away
05-05-2024,AZ Alkmaar,Twente,,2-1,3.30,home
05-05-2024,Eintracht Frankfurt,Leverkusen,,1-5,3.50,away
05-05-2024,Valencia,Alaves,,0-1,3.00,away
05-05-2024,Eldense,Leganes,,1-2,1.35,away
05-05-2024,Zaragoza,Burgos,,1-3,2.20,away
05-05-2024,Heidenheim,Mainz,,1-1,2.30,draw
05-05-2024,Ingolstadt,Mannheim,,1-1,1.25,draw
05-05-2024,Roma,Juventus,,1-1,3.05,draw
05-05-2024,Tenerife,Ferrol,,2-0,2.00,home
04-05-2024,Brentford,Fulham,,0-0,2.10,draw
04-05-2024,Burnley,Newcastle,,1-4,1.25,away
04-05-2024,Dundee FC,St. Mirren,,1-3,2.40,away
04-05-2024,Huesca,Oviedo,,0-2,2.75,away
04-05-2024,Boavista,Gil Vicente,,1-1,3.20,draw
04-05-2024,Rio Ave,Guimaraes,,2-1,1.45,home
04-05-2024,Kayserispor,Karagumruk,,2-2,2.80,draw
04-05-2024,Samsunspor,Trabzonspor,,3-1,3.15,home
04-05-2024,Koln,Freiburg,,0-0,2.35,draw
04-05-2024,Girona,Barcelona,,4-2,2.40,home
04-05-2024,Santander,Elche,,3-1,3.10,home
04-05-2024,Metz,Rennes,,2-3,2.05,away
04-05-2024,Kaiserslautern,Magdeburg,,4-1,2.00,home
04-05-2024,Oxford,Peterborough,,1-0,1.25,home
04-05-2024,Mallorca,Atl. Madrid,,0-1,2.10,away
04-05-2024,Cartagena,Alcorcon,,1-0,1.25,home
03-05-2024,Hamburger,St. Pauli,,1-0,1.25,home
03-05-2024,Toulouse,Montpellier,,1-2,3.60,away
03-05-2024,Ankaragucu,Alanyaspor,,1-1,2.00,draw
03-05-2024,Lubeck,Duisburg,,5-3,2.10,home
03-05-2024,Almere,Heerenveen,,1-1,3.40,draw
03-05-2024,Fortuna S.,Go Head,,0-0,2.30,draw
03-05-2024,Bastia,Amiens,,1-2,3.00,away
03-05-2024,Bordeaux,Ajaccio,,4-0,2.00,home
03-05-2024,Caen,Laval,,1-0,2.05,home
03-05-2024,Barnsley,Bolton,,1-3,1.35,away
03-05-2024,Torino,Bologna,,0-0,2.95,draw
03-05-2024,Dundalk,Shelbourne,,0-0,2.90,draw
03-05-2024,Galway,Derry City,,0-0,1.30,draw
03-05-2024,Sligo,Waterford,,0-1,2.25,away
03-05-2024,Luton,Everton,,1-1,1.25,draw
03-05-2024,Getafe,Ath Bilbao,,0-2,2.15,away
02-05-2024,Al Hazem,Al Akhdoud,,0-0,1.30,draw
02-05-2024,Partizan,Vojvodina,,2-3,1.80,away
02-05-2024,Dziugas Telsiai,Dainava,,2-1,2.80,home
02-05-2024,Future,El Gaish,,0-0,1.30,draw
02-05-2024,Panevezys,Suduva,,1-0,2.95,home
02-05-2024,CSKA,Zenit,,1-1,3.30,draw
02-05-2024,Kaizer Chiefs,Mamelodi,,1-5,1.95,away
02-05-2024,Chelsea,Tottenham,,2-0,1.25,home
02-05-2024,Roma,Leverkusen,,0-2,2.05,away
02-05-2024,Olympique Marseille,Atalanta,,1-1,1.40,draw
02-05-2024,Berkane,FAR Rabat,,2-2,2.30,draw
02-05-2024,CRB,Ceara CE,,1-0,2.00,home
02-05-2024,Goias,Cuiaba,,1-0,1.95,home
02-05-2024,Necaxa,Queretaro,,1-1,2.10,draw
02-05-2024,Pachuca,Pumas Unam,,0-0,3.30,draw
02-05-2024,Yokohama F. Marinos,Jubilo Iwata,,1-1,1.95,draw
01-05-2024,Bari,Parma,,1-1,2.05,draw
01-05-2024,FeralpiSalo,Brescia,,2-2,3.05,draw
01-05-2024,Reggiana,Modena,,1-0,2.60,home
01-05-2024,Novi Pazar,Javor,,1-0,1.65,home
01-05-2024,Spartak Subotica,Zeleznicar Pancevo,,1-1,2.50,draw
01-05-2024,Royal AM,Supersport,,0-1,3.15,away
01-05-2024,Lommel,Zulte-Waregem,,1-0,2.30,home
01-05-2024,Brusque,Atletico GO,,0-1,2.00,away
01-05-2024,Dortmund,PSG,,1-0,2.40,home
01-05-2024,Partizan,Vojvodina,,2-3,1.80,away
01-05-2024,Al Hazem,Al Akhdoud,,0-0,1.30,draw
01-05-2024,Future,El Gaish,,0-0,1.30,draw
01-05-2024,CSKA,Zenit,,1-1,3.30,draw
01-05-2024,Chelsea,Tottenham,,2-0,1.25,home
01-05-2024,Roma,Leverkusen,,0-2,2.05,away
01-05-2024,Olympique Marseille,Atalanta,,1-1,1.40,draw
30-04-2024,Skovde,Oddevold,,0-0,2.00,draw
30-04-2024,Cape Town Spurs,Polokwane City,,0-1,2.50,away
30-04-2024,Richards Bay,AmaZulu,,2-1,1.35,home
30-04-2024,Ferreira,AVS,,0-4,2.35,away
30-04-2024,Bayern Munich,Real Madrid,,2-2,3.50,draw
30-04-2024,Estudiantes,Boca Juniors,,1-1,3.00,draw
30-04-2024,Pachuca,Club America,,2-1,2.20,home
30-04-2024,Changchun,Shenzhen PC,,1-1,3.20,draw
30-04-2024,Gangwon FC,Pohang Steelers,,2-4,2.40,away
30-04-2024,Incheon United,Jeonbuk M.,,3-0,2.45,home
30-04-2024,Jeju Utd,Gwangju Sangmu,,1-3,2.50,away
30-04-2024,Ascoli,Cosenza,,0-1,2.95,away
30-04-2024,Catanzaro,Venezia,,3-2,1.35,home
30-04-2024,Spezia,Palermo,,1-0,1.35,home
30-04-2024,Sudtirol,Ternana,,4-3,1.30,home
30-04-2024,Sturm,Rapid,,2-1,1.80,home
29-04-2024,Sochi,Fakel,,0-0,2.00,draw
29-04-2024,CSKA 1948,Arda Kardzhali,,1-1,1.30,draw
29-04-2024,Mura,Aluminij,,3-1,1.95,home
29-04-2024,Karagumruk,Antalyaspor,,4-1,1.85,home
29-04-2024,Silkeborg,Midtjylland,,3-0,1.80,home
29-04-2024,Brommapojkarna,Goteborg,,0-3,2.30,away
29-04-2024,Mjallby,Kalmar,,3-2,1.95,home
29-04-2024,Niepolomice,Korona Kielce,,1-1,1.45,draw
29-04-2024,Ferrol,Mirandes,,0-2,1.95,away
29-04-2024,Genoa,Cagliari,,3-0,1.30,home
29-04-2024,Nimes,Red Star 93,,1-0,2.50,home
29-04-2024,Estrela Amadora,Farense,,0-3,1.30,away
29-04-2024,Sao Paulo,Palmeiras,,0-0,2.90,draw
29-04-2024,Bayern Munich,Real Madrid,,2-2,3.50,draw
29-04-2024,Dortmund,PSG,,1-0,2.40,home
29-04-2024,Olympique Marseille,Atalanta,,1-1,3.30,draw
28-04-2024,Bournemouth,Brighton,,3-0,1.40,home
28-04-2024,Tottenham,Arsenal,,2-3,1.80,away
28-04-2024,Clermont,Reims,,4-1,1.30,home
28-04-2024,Lorient,Toulouse,,1-2,2.65,away
28-04-2024,Strasbourg,Nice,,1-3,1.35,away
28-04-2024,Granada,Osasuna,,3-0,3.10,home
28-04-2024,Portimonense,Moreirense,,0-2,2.80,away
28-04-2024,Rennes,Brest,,4-5,3.30,away
28-04-2024,Napoli,Roma,,2-2,1.90,draw
28-04-2024,Olympique Lyon,Monaco,,3-2,2.50,home
28-04-2024,Darmstadt,Heidenheim,,0-1,3.25,away
28-04-2024,Unterhaching,Munich 1860,,2-0,1.30,home
28-04-2024,Betis,Sevilla,,1-1,2.05,draw
28-04-2024,Albacete,Eibar,,2-1,3.00,home
28-04-2024,Olympique Marseille,Lens,,2-1,3.40,home
28-04-2024,Porto,Sporting,,2-2,2.50,draw
27-04-2024,Fulham,Crystal Palace,,1-1,2.05,draw
27-04-2024,Wolverhampton,Luton,,2-1,1.30,home
27-04-2024,Blackburn,Coventry,,0-0,1.40,draw
27-04-2024,Cardiff,Middlesbrough,,1-4,2.00,away
27-04-2024,Huddersfield,Birmingham,,1-1,1.35,draw
27-04-2024,Millwall,Plymouth,,1-0,2.10,home
27-04-2024,Sheffield Wed,WBA,,3-0,3.20,home
27-04-2024,Watford,Sunderland,,1-0,3.20,home
27-04-2024,Almeria,Getafe,,1-3,2.70,away
27-04-2024,Vizela,Rio Ave,,1-1,1.40,draw
27-04-2024,Juventus,Milan,,0-0,3.70,draw
27-04-2024,Everton,Brentford,,1-0,2.40,home
27-04-2024,Alaves,Celta Vigo,,3-0,2.90,home
27-04-2024,Aston Villa,Chelsea,,2-2,2.90,draw
27-04-2024,Hull,Ipswich,,3-3,3.10,draw
27-04-2024,Atl. Madrid,Ath Bilbao,,3-1,1.95,home
26-04-2024,Hertha,Hannover,,1-1,2.20,draw
26-04-2024,Lyngby,Vejle Kolding,,1-1,3.20,draw
26-04-2024,Kolding IF,Sonderjyske,,0-3,1.95,away
26-04-2024,Din. Bucuresti,Voluntari,,1-1,1.95,draw
26-04-2024,Cambuur,Dordrecht,,3-3,2.25,draw
26-04-2024,Oss,AZ Alkmar II,,1-1,2.20,draw
26-04-2024,Willem II,Groningen,,1-1,2.45,draw
26-04-2024,Aarau,Bellinzona,,0-2,1.90,away
26-04-2024,Bochum,Hoffenheim,,3-2,2.15,home
26-04-2024,Pisa,Catanzaro,,2-2,1.30,draw
26-04-2024,Venezia,Cremonese,,2-1,1.35,home
26-04-2024,Andorra FC,Santander,,1-1,1.30,draw
26-04-2024,Eupen,Charleroi,,1-2,1.30,away
26-04-2024,Sociedad,Real Madrid,,0-1,2.50,away
26-04-2024,Montpellier,Nantes,,1-1,2.00,draw
26-04-2024,Gil Vicente,Arouca,,2-2,2.50,draw
25-04-2024,Fredericia,Aalborg,,2-1,2.00,home
25-04-2024,Hermannstadt,Petrolul,,2-0,2.90,home
25-04-2024,Leiria,Penafiel,,0-2,3.20,away
25-04-2024,Djurgarden,Malmo,,0-1,3.40,away
25-04-2024,Halmstad,Hammarby TFF,,2-1,1.90,home
25-04-2024,Kalmar,GAIS,,2-3,1.60,away
25-04-2024,Norrkoping,Elfsborg,,4-2,1.35,home
25-04-2024,Vasteras,Mjallby,,2-1,2.10,home
25-04-2024,Akhmat Grozny,Sochi,,1-0,3.10,home
25-04-2024,CSKA,Spartak Moscow,,0-0,3.50,draw
25-04-2024,Antwerp,St.Gilloise,,0-3,1.35,away
25-04-2024,CS Universitatea,CFR,,0-1,1.50,away
25-04-2024,Nacional A.,Racing M.,,2-2,3.10,draw
25-04-2024,Cerro Porteno,Fluminense,,0-0,3.10,draw
25-04-2024,Cobresal,Talleres,,0-2,1.95,away
25-04-2024,Fortaleza CE,Boca Juniors,,4-2,1.90,home
24-04-2024,El Gaish,Enppi,,1-0,2.60,home
24-04-2024,Wisla Plock,Legnica,,2-1,3.20,home
24-04-2024,Farul Constanta,Rapid Bucuresti,,3-1,3.20,home
24-04-2024,Hartberg,LASK,,1-2,3.30,away
24-04-2024,AEK,Panathinaikos,,3-0,3.30,home
24-04-2024,Stade Nyonnais,Vaduz,,0-2,3.50,away
24-04-2024,Solihull,Halifax,,4-2,2.30,home
24-04-2024,Rapid,Sturm,,1-3,2.40,away
24-04-2024,Anderlecht,Cercle Brugge,,3-0,1.90,home
24-04-2024,Wolverhampton,Bournemouth,,0-1,2.70,away
24-04-2024,Coventry,Hull,,2-3,1.25,away
24-04-2024,Sepsi,FCSB,,2-2,1.35,draw
24-04-2024,Olympique Marseille,Nice,,2-2,1.35,draw
24-04-2024,Monaco,Lille,,1-0,1.35,home
24-04-2024,Crystal Palace,Newcastle,,2-0,2.40,home
24-04-2024,Real Cartagena,Huila,,3-1,1.95,home
23-04-2024,Botosani,Din. Bucuresti,,2-1,2.30,home
23-04-2024,Standard,Mechelen,,0-0,2.40,draw
23-04-2024,St. Truiden,Gent,,0-2,1.90,away
23-04-2024,Westerlo,Leuven,,1-1,2.70,draw
23-04-2024,Cambridge,Wycombe,,1-1,2.40,draw
23-04-2024,Cheltenham,Peterborough,,2-0,2.05,home
23-04-2024,Bastia,Concarneau,,2-0,1.35,home
23-04-2024,Caen,Annecy,,2-1,1.35,home
23-04-2024,Grenoble,St Etienne,,0-2,2.00,away
23-04-2024,Guingamp,Angers,,1-2,1.60,away
23-04-2024,Quevilly,Amiens,,3-3,1.25,draw
23-04-2024,Rodez,Paris,,1-0,3.25,home
23-04-2024,Troyes,Pau,,2-2,2.35,draw
23-04-2024,Valenciennes,Ajaccio,,1-0,1.90,home
23-04-2024,Leicester,Southampton,,5-0,2.05,home
23-04-2024,Lazio,Juventus,,2-1,2.80,home
22-04-2024,IMT,Zeleznicar Pancevo,,0-0,2.00,draw
22-04-2024,Mladost Lucani,Napredak,,3-1,1.95,home
22-04-2024,Petrolul,UTA Arad,,1-1,2.10,draw
22-04-2024,Roma,Bologna,,1-3,1.30,away
22-04-2024,Warta Poznan,Stal Mielec,,5-2,2.05,home
22-04-2024,Orebro,Varbergs BoIS FC,,3-1,3.20,home
22-04-2024,Umraniyespor,Kocaelispor,,1-0,2.25,home
22-04-2024,Almirante Brown,Ca Brown,,1-2,1.25,away
22-04-2024,Cd Maipu,Atl.Guemes,,1-1,1.25,draw
22-04-2024,Cartagena,Oviedo,,2-0,1.30,home
22-04-2024,Milan,Inter,,1-2,1.95,away
22-04-2024,Linfield,Larne,,1-1,3.30,draw
22-04-2024,Sligo Rovers,Galway,,0-0,2.95,draw
22-04-2024,Shelbourne,Shamrock,,0-0,2.00,draw
22-04-2024,Sochaux,Niort,,2-1,3.15,home
22-04-2024,Comerciantes Unidos,Alianza Atl.,,0-0,1.85,draw
21-04-2024,Sassuolo,Lecce,,0-3,2.30,away
21-04-2024,Hannover,St. Pauli,,1-2,2.25,away
21-04-2024,Hansa,Magdeburg,,0-2,2.60,away
21-04-2024,Cercle Brugge,Antwerp,,0-1,2.55,away
21-04-2024,Getafe,Sociedad,,1-1,3.10,draw
21-04-2024,Everton,Nottingham,,2-0,2.10,home
21-04-2024,Le Havre,Metz,,0-1,1.35,away
21-04-2024,Crystal Palace,West Ham,,5-2,2.20,home
21-04-2024,Almeria,Villarreal,,1-2,2.00,away
21-04-2024,Brest,Monaco,,0-2,2.60,away
21-04-2024,Dortmund,Leverkusen,,1-1,3.85,draw
21-04-2024,Brondby,Midtjylland,,2-1,1.35,home
21-04-2024,Alaves,Atl. Madrid,,2-0,2.00,home
21-04-2024,St.Gilloise,Club Brugge,,1-2,1.30,away
21-04-2024,Toulouse,Olympique Marseille,,2-2,1.35,draw
21-04-2024,Freiburg,Mainz,,1-1,270,draw
20-04-2024,Ascoli,Modena,,0-0,2.85,draw
20-04-2024,Bari,Pisa,,1-1,2.45,draw
20-04-2024,Brescia,Ternana,,0-0,1.25,draw
20-04-2024,Luton,Brentford,,1-5,2.15,away
20-04-2024,Sheffield Utd,Burnley,,1-4,1.40,away
20-04-2024,Huddersfield,Swansea,,0-4,3.50,away
20-04-2024,Sunderland,Millwall,,0-1,1.30,away
20-04-2024,Watford,Hull,,0-0,1.40,draw
20-04-2024,Rayo Vallecano,Osasuna,,2-1,3.15,home
20-04-2024,Spezia,Sampdoria,,0-0,3.10,draw
20-04-2024,Sudtirol,Cittadella,,0-0,2.50,draw
20-04-2024,Nantes,Rennes,,0-3,3.00,away
20-04-2024,Valencia,Betis,,1-2,2.20,away
20-04-2024,Boavista,Estrela Amadora,,1-1,2.45,draw
20-04-2024,Genk,Anderlecht,,2-1,2.10,home
20-04-2024,Verona,Udinese,,1-0,3.10,home
19-04-2024,Leoben,Liefering,,1-2,3.45,away
19-04-2024,Genoa,Lazio,,0-1,2.60,away
19-04-2024,Elversberg,Schalke,,1-1,2.50,draw
19-04-2024,Nurnberg,Paderborn,,0-2,2.70,away
19-04-2024,Feirense,Leixoes,,1-1,3.00,draw
19-04-2024,Sandhausen,Bielefeld,,1-2,2.35,away
19-04-2024,Epinal,Versailles,,0-1,1.30,away
19-04-2024,Rouen,Nancy,,2-3,1.25,away
19-04-2024,Telstar,Emmen,,2-3,2.30,away
19-04-2024,Tenerife,Leganes,,0-0,3.00,draw
19-04-2024,Palermo,Parma,,0-0,3.40,draw
19-04-2024,Reggiana,Cosenza,,0-4,2.85,away
19-04-2024,Eintracht Frankfurt,Augsburg,,3-1,1.30,home
19-04-2024,Bregenz,FAC Wien,,0-2,3.30,away
19-04-2024,Inverness,Raith,,0-1,1.50,away
19-04-2024,Rio Ave,Arouca,,1-1,3.15,draw
18-04-2024,Lille,Aston Villa,,2-1,1.40,home
18-04-2024,SC Ismaily,ZED,,1-2,2.85,away
18-04-2024,Al Fateh,Al Raed,,3-1,2.00,home
18-04-2024,Roma,Milan,,2-1,1.40,home
18-04-2024,West Ham,Leverkusen,,1-1,1.85,draw
18-04-2024,Olympique Marseille,Benfica,,1-0,1.40,home
18-04-2024,Leoben,Liefering,,1-2,3.45,away
18-04-2024,Elversberg,Schalke,,1-1,2.50,draw
18-04-2024,Nurnberg,Paderborn,,0-2,2.70,away
18-04-2024,Sandhausen,Bielefeld,,1-2,2.35,away
18-04-2024,Feirense,Leixoes,,1-1,3.00,draw
18-04-2024,Telstar,Emmen,,2-3,2.30,away
18-04-2024,Eintracht Frankfurt,Augsburg,,3-1,1.30,home
18-04-2024,Bregenz,FAC Wien,,0-2,3.30,away
18-04-2024,Tenerife,Leganes,,0-0,3.00,draw
18-04-2024,Rio Ave,Arouca,,1-1,3.15,draw
17-04-2024,El Gouna,Smouha,,1-0,1.35,home
17-04-2024,Orenburg,Dynamo Moscow,,2-4,2.40,away
17-04-2024,Ural,Rostov,,1-3,3.30,away
17-04-2024,Oleksandria,Obolon BK,,2-2,1.20,draw
17-04-2024,Al Nasr,Al-Ahli,,3-2,1.80,home
17-04-2024,NB Egypt,El Gaish,,0-1,2.80,away
17-04-2024,Sekhukhune,Stellenbosch,,1-1,2.80,draw
17-04-2024,El San Antonio,Nueve de Octubre,,1-0,3.15,home
17-04-2024,Bayern Munich,Arsenal,,1-0,2.50,home
17-04-2024,Palestino,Huachipato,,2-0,1.35,home
17-04-2024,Guanacasteca,San Carlos,,0-1,3.15,away
17-04-2024,Cumbaya,CA Libertad,,0-0,1.35,draw
17-04-2024,Gremio,Athletico-PR,,2-0,3.00,home
17-04-2024,Juventude,Corinthians,,2-0,2.90,home
17-04-2024,Fortaleza CE,Cruzeiro,,1-1,1.85,draw
17-04-2024,Millonarios,CPD Junior,,3-2,1.70,home
16-04-2024,Kfum,Stromsgodset,,1-3,1.40,away
16-04-2024,Crusaders,Cliftonville,,2-1,2.10,home
16-04-2024,Ballymena,Glenavon,,1-0,2.80,home
16-04-2024,Bristol Rovers,Cambridge Utd,,1-0,1.30,home
16-04-2024,Oxford Utd,Lincoln,,0-1,2.00,away
16-04-2024,Burton,Cheltenham,,1-2,2.40,away
16-04-2024,Port Vale,Wycombe,,1-2,2.35,away
16-04-2024,Colchester,Grimsby,,2-0,2.20,home
16-04-2024,Dortmund,Atl. Madrid,,4-2,1.35,home
16-04-2024,Barcelona,PSG,,1-4,1.25,away
16-04-2024,Envigado,Deportes Tolima,,0-2,1.75,away
16-04-2024,Defensa y Justicia,Newells Old Boys,,1-0,2.40,home
16-04-2024,Lanus,Estudiantes,,1-2,2.95,away
16-04-2024,Jaguares C.,Dep. Cali,,1-1,2.10,draw
16-04-2024,Bahia,Fluminense,,2-1,3.20,home
16-04-2024,Once Caldas,Santa Fe,,0-1,2.25,away
15-04-2024,Erzurumspor,Sakaryaspor,,0-0,1.40,draw
15-04-2024,Spartak Subotica,Javor,,1-0,1.25,home
15-04-2024,Mladost Lucani,IMT,,1-2,1.30,away
15-04-2024,Nancy,Martigues,,3-2,3.10,home
15-04-2024,Asane,Sogndal,,1-1,3.60,draw
15-04-2024,Sandnes,Raufoss,,2-0,3.40,home
15-04-2024,Orgryte,Brage,,1-2,3.30,away
15-04-2024,Piast Gliwice,Zaglebie,,2-0,3.00,home
15-04-2024,Hammarby TFF,Elfsborg,,3-0,3.45,home
15-04-2024,Ajax II,Cambuur,,2-1,2.25,home
15-04-2024,Utrecht II,Den Bosch,,0-2,2.75,away
15-04-2024,Vozdovac,Radnicki 1923,,1-2,2.15,away
15-04-2024,Alcorcon,Villarreal II,,1-0,2.20,home
15-04-2024,Grenoble,Angers,,0-0,2.50,draw
15-04-2024,Osasuna,Valencia,,0-1,1.25,away
15-04-2024,Independiente,Talleres,,2-2,3.00,draw
14-04-2024,Le Havre,Nantes,,0-1,3.00,away
14-04-2024,Las Palmas,Sevilla,,0-2,1.45,away
14-04-2024,West Ham,Fulham,,0-2,2.85,away
14-04-2024,Clermont,Montpellier,,1-1,2.10,draw
14-04-2024,Aarhus,Brondby,,2-2,1.25,draw
14-04-2024,Granada,Alaves,,2-0,2.40,home
14-04-2024,Albacete,Tenerife,,1-0,1.25,home
14-04-2024,Andorra FC,Eibar,,0-2,3.00,away
14-04-2024,Udinese,Roma,,1-1,2.10,draw
14-04-2024,Midtjylland,Copenhagen,,2-2,2.60,draw
14-04-2024,Anderlecht,St.Gilloise,,2-1,2.40,home
14-04-2024,Burgos,Santander,,2-1,3.20,home
14-04-2024,Zaragoza,Elche,,1-1,2.60,draw
14-04-2024,Portimonense,Casa Pia,,2-2,2.60,draw
14-04-2024,Olympique Lyon,Brest,,4-3,2.25,home
14-04-2024,Ferrol,Huesca,,2-1,1.25,home
13-04-2024,Newcastle,Tottenham,,4-0,2.30,home
13-04-2024,Atl. Madrid,Girona,,3-1,2.05,home
13-04-2024,Lecce,Empoli,,1-0,1.25,home
13-04-2024,B. Monchengladbach,Dortmund,,1-2,2.00,away
13-04-2024,Bochum,Heidenheim,,1-1,2.10,draw
13-04-2024,Burnley,Brighton,,1-1,1.95,draw
13-04-2024,Nottingham,Wolves,,2-2,2.20,draw
13-04-2024,Birmingham,Coventry,,3-0,2.60,home
13-04-2024,Bristol City,Huddersfield,,1-1,3.20,draw
13-04-2024,Preston,Norwich,,0-1,3.20,away
13-04-2024,Sheffield Wed,Stoke,,1-1,2.75,draw
13-04-2024,Rayo Vallecano,Getafe,,0-0,1.25,draw
13-04-2024,Strasbourg,Reims,,3-1,3.30,home
13-04-2024,Torino,Juventus,,0-0,1.25,draw
13-04-2024,Bournemouth,Manchester Utd,,2-2,2.65,draw
13-04-2024,Almere,Sparta,,2-3,1.50,away
12-04-2024,Dornbirn,Viena 1894,,1-0,1.95,home
12-04-2024,Liefering,GAK,,2-0,3.60,home
12-04-2024,Kapfenberg,SV Stripfing,,3-1,2.00,home
12-04-2024,St. Polten,Admira,,0-3,1.25,away
12-04-2024,Greuther Furth,Kaiserslautern,,2-1,2.80,home
12-04-2024,Duisburg,Mannheim,,1-1,3.30,draw
12-04-2024,Odense,Viborg,,1-3,3.35,away
12-04-2024,Chateauroux,Le Mans,,1-2,1.35,away
12-04-2024,Dijon,Orleans,,1-0,2.45,home
12-04-2024,Eindhoven,PSV II,,2-5,2.10,away
12-04-2024,Augsburg,Union Berlin,,2-0,2.10,home
12-04-2024,FAC Wien,Leoben,,0-2,3.20,away
12-04-2024,Leganes,Espanyol,,0-0,1.35,draw
12-04-2024,Modena,Catanzaro,,1-3,3.20,away
12-04-2024,St. Truiden,Standard,,3-3,2.15,draw
12-04-2024,Betis,Celta,,2-1,1.35,home
11-04-2024,Diagoras,Olympiacos II,,1-0,2.05,home
11-04-2024,Radnicki 1923,Novi Pazar,,3-1,2.40,home
11-04-2024,Al Masry Club,Future,,1-2,1.40,away
11-04-2024,Les Astres,Fauve Azur,,2-3,2.90,away
11-04-2024,Gloria Buzau,Viitorul Selimbar,,0-0,1.25,draw
11-04-2024,Ilves II,Ilves Kissat,,5-0,1.25,home
11-04-2024,Olympiacos,Fenerbahce,,3-2,1.55,home
11-04-2024,Plzen,Fiorentina,,0-0,1.90,draw
11-04-2024,Aarhus,Nordsjaelland,,1-0,2.10,home
11-04-2024,Hanwell Town,Sholing,,2-3,2.20,away
11-04-2024,Plymouth Parkway,Salisbury,,0-1,2.20,away
11-04-2024,Wealdstone,Dorking Wanderers,,4-2,2.70,home
11-04-2024,Fylde,Gateshead,,2-0,2.00,home
11-04-2024,Miami,Tampa Bay,,2-5,1.85,away
11-04-2024,Coquimbo Unido,Sportivo Luqueno,,1-0,3.25,home
11-04-2024,Delfin,Belgrano,,1-1,1.35,draw
10-04-2024,Punjab,East Bengal,,4-1,2.15,home
10-04-2024,Hunedoara,Slobozia,,1-0,1.90,home
10-04-2024,Domzale,Rogaska,,0-1,1.30,away
10-04-2024,Cukaricki,Vojvodina,,1-1,3.25,draw
10-04-2024,Birmingham,Cardiff,,0-1,1.25,away
10-04-2024,Bristol City,Blackburn,,5-0,1.50,home
10-04-2024,Hull,Middlesbrough,,2-2,1.30,draw
10-04-2024,Swansea,Stoke,,3-0,3.20,home
10-04-2024,PSG,Barcelona,,2-3,1.95,away
10-04-2024,Nueve de Octubre,Cuniburo FC,,1-0,3.05,home
10-04-2024,Vargas Torres,Gualaceo,,1-0,3.15,home
10-04-2024,Union La Calera,Universidad Catolica,,0-1,3.10,away
10-04-2024,Leones del Norte,Manta,,3-0,3.30,home
10-04-2024,Racing Club,Bragantino,,3-0,3.20,home
10-04-2024,B.Guayaquil,Talleres,,2-2,3.15,draw
10-04-2024,Sansinena,Olimpo,,0-1,3.00,away
09-04-2024,Chennaiyin FC,North East Utd,,2-1,1.30,home
09-04-2024,Lokomotiv Sofia,Beroe,,1-0,1.45,home
09-04-2024,Helsingborg,Brage,,1-1,1.40,draw
09-04-2024,Atl.Fenix,Sportivo Italiano,,1-1,2.60,draw
09-04-2024,Plymouth,QPR,,1-1,2.35,draw
09-04-2024,Preston,Huddersfield,,4-1,2.40,home
09-04-2024,Sheffield Wed,Norwich,,2-2,2.25,draw
09-04-2024,Bristol City,Blackburn,,0-2,3.15,away
09-04-2024,Morecambe,Crewe,,0-1,3.35,away
09-04-2024,Harrogate T.,Grimsby,,1-0,3.45,home
09-04-2024,Newport,Accrington,,1-3,2.50,away
09-04-2024,Barrow,Bradford,,Postp,2.05,postponed
09-04-2024,Ayr Utd.,Morton,,1-1,3.20,draw
09-04-2024,Hampton&R.,Bath City,,0-1,3.20,away
09-04-2024,King’s Lynn,Chorley,,1-0,1.25,home
09-04-2024,Real Madrid,Manchester City,,3-3,3.40,draw
08-04-2024,Orenburg,Rubin,,3-0,3.10,home
08-04-2024,IMT,Napredak,,1-1,2.95,draw
08-04-2024,Mumbai City,Odisha,,2-1,1.90,home
08-04-2024,Polonia,R. Resovia,,1-0,1.95,home
08-04-2024,Javor,Mladost Lucani,,1-0,3.20,home
08-04-2024,Academico V.,Porto II,,0-2,1.35,away
08-04-2024,Kalmar,Sirius,,1-2,2.30,away
08-04-2024,Oddevold,Orgryte,,0-0,2.10,draw
08-04-2024,Zaglebie,Gornik,,1-2,3.25,away
08-04-2024,AZ Alkmar II,Emmen,,3-2,2.40,home
08-04-2024,Benevento,Juve Stabia,,0-0,2.25,draw
08-04-2024,Dep. Riestra,Huracan Ar.,,0-0,1.25,draw
08-04-2024,Sochaux,Nancy,,4-1,2.45,home
08-04-2024,Casa Pia,Estoril,,0-0,1.50,draw
08-04-2024,Comerciantes Unidos,Cusco,,0-1,1.35,away
08-04-2024,Imbabura,Macara,,0-1,2.20,away
07-04-2024,Halmstad,Goteborg,,1-0,1.55,home
07-04-2024,Reims,Nice,,0-0,2.45,draw
07-04-2024,Toulouse,Strasbourg,,0-0,3.50,draw
07-04-2024,Hoffenheim,Augsburg,,3-1,2.90,home
07-04-2024,Eupen,Kortrijk,,1-1,2.30,draw
07-04-2024,Nordsjaelland,Copenhagen,,2-1,1.40,home
07-04-2024,Mirandes,Gijon,,1-3,2.90,away
07-04-2024,Villarreal II,Burgos,,2-1,3.00,home
07-04-2024,Ascoli,Venezia,,0-0,2.10,draw
07-04-2024,Chaves,Portimonense,,2-3,2.15,away
07-04-2024,Stromsgodset,Rosenborg,,1-0,3.50,home
07-04-2024,Verona,Genoa,,1-2,3.00,away
07-04-2024,Aarhus,Midtjylland,,0-1,1.30,away
07-04-2024,Tenerife,Eibar,,2-1,1.45,home
07-04-2024,Nantes,Olympique Lyon,,1-3,2.25,away
07-04-2024,Cartagena,Valladolid,,0-2,2.95,away
06-04-2024,Koln,Bochum,,2-1,2.20,home
06-04-2024,Fulham,Newcastle,,0-1,2.40,away
06-04-2024,Luton,Bournemouth,,2-1,1.95,home
06-04-2024,Wolverhampton,West Ham,,1-2,2.70,away
06-04-2024,Cardiff,Hull,,1-3,2.30,away
06-04-2024,Huddersfield,Millwall,,1-0,3.05,home
06-04-2024,Stoke,WBA,,2-2,2.60,draw
06-04-2024,Sunderland,Bristol City,,0-0,3.00,draw
06-04-2024,Watford,Preston,,0-0,1.70,draw
06-04-2024,Roma,Lazio,,1-0,1.30,home
06-04-2024,Dortmund,Stuttgart,,0-1,2.20,away
06-04-2024,Levante,Zaragoza,,2-1,1.25,home
06-04-2024,Karlsruher,St. Pauli,,2-1,2.25,home
06-04-2024,Empoli,Torino,,3-2,1.30,home
06-04-2024,Antwerp,Genk,,0-1,2.20,away
06-04-2024,Sporting,Benfica,,2-1,1.95,home
05-04-2024,Viena 1894,St. Polten,,7-3,1.30,home
05-04-2024,Horn,Lafnitz,,2-1,2.25,home
05-04-2024,Hansa,Wehen,,3-1,2.35,home
05-04-2024,Paderborn,Hertha,,2-3,1.25,away
05-04-2024,Ingolstadt,Bielefeld,,1-1,2.10,draw
05-04-2024,Lyngby,Odense,,0-0,3.40,draw
05-04-2024,Sepsi,Farul Constanta,,1-1,3.25,draw
05-04-2024,Cambuur,ADO Den Haag,,0-2,2.60,away
05-04-2024,Dordrecht,De Graafschap,,2-1,1.40,home
05-04-2024,MVV,Helmond,,3-0,2.30,home
05-04-2024,Oss,Eindhoven,,2-1,2.50,home
05-04-2024,Amorebieta,Ferrol,,3-1,1.35,home
05-04-2024,Bari,Cremonese,,1-2,3.15,away
05-04-2024,Salernitana,Sassuolo,,2-2,2.45,draw
05-04-2024,Rotherham,Plymouth,,0-1,2.00,away
05-04-2024,Farense,Boavista,,2-0,2.05,home
04-04-2024,Chennaiyin FC,Jamshedpur,,2-1,3.40,home
04-04-2024,Zakakiou,Nea Salamis,,0-3,1.30,away
04-04-2024,Basaksehir,Besiktas,,1-1,2.80,draw
04-04-2024,Granada,Valencia,,0-1,2.20,away
04-04-2024,RKC Waalwijk,Almere City,,0-0,3.50,draw
04-04-2024,Lausanne,St. Gallen,,3-3,3.50,draw
04-04-2024,Nyiregyhaza,KTE,,2-1,3.20,home
04-04-2024,Chelsea,Manchester Utd,,4-3,1.90,home
04-04-2024,Atletico Jamundi,Real Cartagena,,0-2,1.20,away
04-04-2024,Rosario,Penarol,,1-0,1.25,home
04-04-2024,Universidad Catolica,Cruzeiro,,0-0,2.00,draw
04-04-2024,Sportivo Luqueno,Racing Club,,0-2,1.75,away
04-04-2024,Talleres,Sao Paulo,,2-1,3.15,home
04-04-2024,Liverpool M.,Ind. del Valle,,1-1,1.30,draw
04-04-2024,Morelia,U.Guadalajara,,0-2,2.25,away
04-04-2024,Real Tomayapo,Delfin,,0-2,2.20,away
03-04-2024,Sivasspor,Karagumruk,,1-0,3.10,home
03-04-2024,Spartak Moscow,Zenit,,1-2,2.10,away
03-04-2024,Kayserispor,Kasimpasa,,0-2,3.60,away
03-04-2024,Konyaspor,Trabzonspor,,1-3,1.30,away
03-04-2024,Kocaelispor,Goztepe,,3-2,1.35,home
03-04-2024,Golden Arrows,Supersport,,2-2,1.30,draw
03-04-2024,Brentford,Brighton,,0-0,1.25,draw
03-04-2024,Al Fateh,Al Ettifaq,,1-0,1.95,home
03-04-2024,Fiorentina,Atalanta,,1-0,3.30,home
03-04-2024,Rayo Zuliano,Danubio,,0-2,2.20,away
03-04-2024,Cuiaba,Lanus,,1-1,3.15,draw
03-04-2024,Huachipato,Estudiantes,,1-1,2.20,draw
03-04-2024,Nacional M.,Libertad,,2-0,3.30,home
03-04-2024,Nacional Potosi,Boca Juniors,,0-0,2.10,draw
03-04-2024,San Lorenzo,Palmeiras,,1-1,2.70,draw
03-04-2024,Alianza Valledupar,Union La Calera,,0-1,2.00,away
02-04-2024,Vitesse,Sparta,,1-4,2.50,away
02-04-2024,KFUM,HamKam,,1-1,2.30,draw
02-04-2024,Warta Poznan,Zaglebie,,1-1,1.40,draw
02-04-2024,Antalyaspor,Ankaragucu,,1-1,1.25,draw
02-04-2024,Gaziantep,Alanyaspor,,0-3,3.00,away
02-04-2024,Nottingham,Fulham,,3-1,2.55,home
02-04-2024,Newcastle,Everton,,1-1,1.95,draw
02-04-2024,Lugano,Basel,,2-0,1.95,home
02-04-2024,Burnley,Wolverhampton,,1-1,1.55,draw
02-04-2024,Saarbrucken,Kaiserslautern,,0-2,2.30,away
02-04-2024,Fortuna S.,NEC,,1-1,2.75,draw
02-04-2024,West Ham,Tottenham,,1-1,2.10,draw
02-04-2024,Benfica,Sporting,,2-2,2.45,draw
02-04-2024,Belgrano,Internacional,,0-0,2.10,draw
02-04-2024,Nacional Asuncion,Argentinos Jrs,,2-3,2.10,away
02-04-2024,Cobresal,B.Guayaquil,,1-1,2.55,draw
01-04-2024,Birmingham,Preston,,1-0,3.00,home
01-04-2024,Plymouth,Bristol City,,0-1,1.30,away
01-04-2024,Stoke,Huddersfield,,1-1,2.10,draw
01-04-2024,Sunderland,Blackburn,,1-5,1.30,away
01-04-2024,Swansea,QPR,,0-1,3.25,away
01-04-2024,Burton,Barnsley,,1-3,1.80,away
01-04-2024,Cambridge Utd,Wigan,,3-1,3.20,home
01-04-2024,Charlton,Stevenage,,0-0,1.45,draw
01-04-2024,Leyton Orient,Peterborough,,1-2,1.35,away
01-04-2024,Northampton,Port Vale,,2-0,2.85,home
01-04-2024,Morecambe,Barrow,,2-1,2.00,home
01-04-2024,Newport,Crawley,,0-4,3.45,away
01-04-2024,Sutton,Swindon,,3-1,2.20,home
01-04-2024,Walsall,Salford,,2-1,2.00,home
01-04-2024,Ipswich,Southampton,,3-2,3.65,home
01-04-2024,Villarreal,Atl. Madrid,,1-2,3.00,away
31-03-2024,Clermont,Toulouse,,0-3,2.30,away
31-03-2024,Le Havre,Montpellier,,0-2,2.70,away
31-03-2024,Ferrol,Elche,,1-0,2.90,home
31-03-2024,Zaragoza,Tenerife,,3-1,2.70,home
31-03-2024,Verl,Sandhausen,,4-4,3.00,draw
31-03-2024,Panathinaikos,PAOK,,2-3,3.30,away
31-03-2024,Strasbourg,Rennes,,2-0,2.25,home
31-03-2024,Manchester City,Arsenal,,0-0,1.25,draw
31-03-2024,Odd Grenland,Haugesund,,1-2,3.30,away
31-03-2024,Alaves,Sociedad,,0-1,2.40,away
31-03-2024,St. Truiden,Westerlo,,2-0,2.15,home
31-03-2024,Lokomotiv Moscow,Krasnodar,,1-1,1.45,draw
31-03-2024,Vizela,Casa Pia,,0-4,2.35,away
31-03-2024,AEK,Olympiacos,,1-0,1.80,home
31-03-2024,Farul Constanta,FCSB,,0-1,1.25,away
31-03-2024,Olympique Marseille,PSG,,0-2,1.35,away
30-03-2024,Bournemouth,Everton,,2-1,2.15,home
30-03-2024,Nottingham,Crystal Palace,,1-1,2.25,draw
30-03-2024,Hearts,Kilmarnock,,1-1,2.00,draw
30-03-2024,Motherwell,St. Mirren,,1-1,1.50,draw
30-03-2024,St Johnstone,Dundee FC,,1-2,1.40,away
30-03-2024,Almeria,Osasuna,,0-3,2.70,away
30-03-2024,Andorra FC,Mirandes,,1-0,3.10,home
30-03-2024,Lazio,Juventus,,1-0,1.35,home
30-03-2024,Valencia,Mallorca,,0-0,2.10,draw
30-03-2024,Albacete,Huesca,,1-1,2.85,draw
30-03-2024,Gijon,Santander,,2-3,2.10,away
30-03-2024,Sparta,Fortuna Sittard,,4-0,3.30,home
30-03-2024,RKC Waalwijk,Heerenveen,,1-1,3.45,draw
30-03-2024,Fiorentina,Milan,,1-2,1.40,away
30-03-2024,Brentford,Manchester Utd,,1-1,2.20,draw
30-03-2024,Olympique Lyon,Reims,,1-1,2.10,draw
29-03-2024,Cardiff,Sunderland,,0-2,3.00,away
29-03-2024,Huddersfield,Coventry,,1-3,3.40,away
29-03-2024,Hull,Stoke,,0-2,1.90,away
29-03-2024,QPR,Birmingham,,2-1,1.25,home
29-03-2024,Sheffield Wed,Swansea,,1-1,3.30,draw
29-03-2024,Exeter,Charlton,,1-1,3.30,draw
29-03-2024,Fleetwood,Cheltenham,,1-2,1.25,away
29-03-2024,Lincoln,Leyton Orient,,1-0,1.25,home
29-03-2024,Port Vale,Bristol Rovers,,2-0,2.40,home
29-03-2024,Shrewsbury,Oxford Utd,,1-1,2.00,draw
29-03-2024,Stevenage,Bolton,,0-0,2.40,draw
29-03-2024,Wigan,Burton,,1-1,2.00,draw
29-03-2024,Wycombe,Portsmouth,,1-3,2.00,away
29-03-2024,Blackburn,Ipswich,,0-1,1.90,away
29-03-2024,Burgos,Espanyol,,0-0,3.00,draw
29-03-2024,Cadiz,Granada,,1-0,1.25,home
28-03-2024,Carrarese,Perugia,,1-0,1.90,home
28-03-2024,Fermana,Rimini,,3-2,2.00,home
28-03-2024,Gubbio,Sassari,,1-0,2.80,home
28-03-2024,Vis Pesaro,Lucchese,,1-3,1.30,away
28-03-2024,Audax Italiano,Coquimbo Unido,,0-1,2.30,away
28-03-2024,Rosario,Barracas,,1-2,1.95,away
28-03-2024,O’Higgins,Deportes Iquique,,0-3,2.15,away
28-03-2024,Instituto,Argentinos Jrs,,1-2,3.00,away
28-03-2024,Adelaide,Western United,,4-1,1.20,home
28-03-2024,Tokyo Verdy,Kyoto Purple Sanga,,2-2,3.00,draw
28-03-2024,Millwall,WBA,,1-1,1.30,draw
28-03-2024,Cardiff,Sunderland,,0-2,3.00,away
28-03-2024,Huddersfield,Coventry,,1-3,3.40,away
28-03-2024,Hull,Stoke,,0-2,1.90,away
28-03-2024,QPR,Birmingham,,2-1,1.25,home
28-03-2024,Sheffield Wed,Swansea,,1-1,3.30,draw
27-03-2024,Bucaramanga,Aguilas,,1-0,2.00,home
27-03-2024,Municipal Grecia,Puntarenas,,0-1,3.00,away
27-03-2024,Tacuary,Sportivo Ameliano,,1-1,3.20,draw
27-03-2024,Santos,Bragantino,,3-1,3.05,home
27-03-2024,Sportivo T.,Sportivo Luqueno,,0-1,1.25,away
27-03-2024,Lanus,Union de Santa Fe,,2-2,2.00,draw
27-03-2024,San Carlos,Herediano,,2-0,3.20,home
27-03-2024,Millonarios,Santa Fe,,3-1,1.30,home
27-03-2024,Cartagines,Deportivo Saprissa,,3-4,1.30,away
27-03-2024,Audax Italiano,Coquimbo Unido,,0-1,2.30,away
27-03-2024,Rosario,Barracas,,1-2,1.95,away
27-03-2024,O’Higgins,Deportes Iquique,,0-3,2.15,away
27-03-2024,Instituto,Argentinos Jrs,,1-2,3.00,away
27-03-2024,Gil Vicente,Famalicao,,1-2,3.10,away
27-03-2024,Burgos,Espanyol,,0-0,3.00,draw
27-03-2024,Cadiz,Granada,,1-0,1.25,home
26-03-2024,Georgia,Greece,,0-0,1.55,draw
26-03-2024,Avranches,Villefranche,,1-3,2.50,away
26-03-2024,GOAL,Sochaux,,2-2,1.45,draw
26-03-2024,Malta,Belarus,,0-0,3.20,draw
26-03-2024,Guyana,Cambodia,,4-1,1.75,home
26-03-2024,Uruguay,Ivory Coast,,1-2,3.20,away
26-03-2024,Solihull,Southend,,0-3,3.30,away
26-03-2024,Truro,Dartford,,0-0,2.10,draw
26-03-2024,Weston,Farnborough,,0-3,2.30,away
26-03-2024,Peterborough Sports,Warrington,,1-3,2.65,away
26-03-2024,Wales,Poland,,0-0,3.00,draw
26-03-2024,Germany,Netherlands,,2-1,1.90,home
26-03-2024,Austria,Turkey,,6-1,1.90,home
26-03-2024,R.Ireland,Switzerland,,0-1,1.30,away
26-03-2024,Egypt,Croatia,,2-4,1.25,away
26-03-2024,Spain,Brazil,,3-3,2.15,draw
25-03-2024,Azerbaijan,Bulgaria,,1-1,2.50,draw
25-03-2024,Maccabi Herz.,Hapoel K.S.,,1-0,3.00,home
25-03-2024,Albacete,Ferrol,,1-1,1.95,draw
25-03-2024,Crotone,Casertana,,0-0,1.20,draw
25-03-2024,Versailles,Niort,,1-1,1.40,draw
25-03-2024,Once Caldas,Alianza Valledupar,,1-0,1.20,home
25-03-2024,Orense SC,Emelec,,1-1,2.20,draw
25-03-2024,Georgia,Greece,,0-0,1.55,draw
25-03-2024,Uruguay,Ivory Coast,,1-2,3.20,away
25-03-2024,Wales,Poland,,0-0,3.00,draw
25-03-2024,England,Belgium,,2-2,1.80,draw
25-03-2024,Germany,Netherlands,,2-1,1.90,home
25-03-2024,Spain,Brazil,,3-3,2.15,draw
25-03-2024,Perez Zeledon,Sporting San Jose,,1-2,3.25,away
25-03-2024,Santos G.,Guanacasteca,,0-0,2.60,draw
25-03-2024,Municipal Grecia,Puntarenas,,0-1,3.00,away
24-03-2024,Worthing,Bath,,2-2,2.00,draw
24-03-2024,Cray Wanderers,Folkestone,,0-1,1.95,away
24-03-2024,Renate,Arzignano,,0-3,2.90,away
24-03-2024,Huesca,Burgos,,3-0,1.30,home
24-03-2024,Valladolid,Eibar,,3-1,2.15,home
24-03-2024,TNS,Airdrieonians,,1-2,1.25,away
24-03-2024,Tarazona,Ponferradina,,2-0,1.30,home
24-03-2024,Levante,Elche,,3-2,3.00,home
24-03-2024,Mirandes,Zaragoza,,0-0,2.75,draw
24-03-2024,Lugo,Sestao River,,4-3,1.95,home
24-03-2024,Osasuna II,Cultural Leonesa,,0-0,3.00,draw
24-03-2024,Santander,Eldense,,2-1,2.00,home
24-03-2024,Italy,Ecuador,,2-0,1.25,home
24-03-2024,Tecnico U.,Macara,,1-1,2.90,draw
24-03-2024,Monterey Bay,Rhode Island,,2-2,1.90,draw
24-03-2024,Aguilas,Santa Fe,,1-1,3.00,draw
23-03-2024,Burton,Port Vale,,0-1,2.25,away
23-03-2024,Crewe,Wimbledon,,1-1,3.25,draw
23-03-2024,Doncaster,Forest Green,,2-0,2.00,home
23-03-2024,Grimsby,Wrexham,,1-3,1.90,away
23-03-2024,Morecambe,Gillingham,,2-3,2.25,away
23-03-2024,Notts County,Salford,,1-2,2.00,away
23-03-2024,Sutton United,Accrington,,3-1,2.05,home
23-03-2024,Tranmere,Crawley,,1-3,1.95,away
23-03-2024,Alcorcon,Oviedo,,1-0,2.90,home
23-03-2024,R.Ireland,Belgium,,0-0,2.05,draw
23-03-2024,Slovakia,Austria,,0-2,1.35,away
23-03-2024,Cartagena,Andorra FC,,1-0,1.35,home
23-03-2024,Villarreal II,Leganes,,1-2,1.35,away
23-03-2024,Denmark,Switzerland,,0-0,1.25,draw
23-03-2024,England,Brazil,,0-1,1.85,away
23-03-2024,Espanyol,Tenerife,,1-1,1.95,draw
22-03-2024,Slovenia U21,B&H U21,,3-0,1.90,home
22-03-2024,Norway,Czech Republic,,1-2,2.20,away
22-03-2024,Epinal,Dijon,,1-1,2.15,draw
22-03-2024,GOAL,Villefranche,,1-0,1.25,home
22-03-2024,Nimes,Marignane Gignac,,1-1,1.90,draw
22-03-2024,Rouen,Le Mans,,0-1,1.25,away
22-03-2024,Sochaux,Chateauroux,,0-2,1.25,away
22-03-2024,Austria U21,Denmark U21,,1-1,3.30,draw
22-03-2024,Sestri Levante,Gubbio,,3-1,3.05,home
22-03-2024,Athlone,Longford,,3-3,2.50,draw
22-03-2024,Bray,Wexford,,3-4,2.15,away
22-03-2024,Cobh Ramblers,UCD,,1-2,1.50,away
22-03-2024,Albania,Chile,,0-3,2.10,away
22-03-2024,Hungary,Turkey,,1-0,2.15,home
22-03-2024,Patriotas,CPD Junior,,1-0,2.90,home
22-03-2024,CD Equidad,Ind. Medellin,,1-2,1.90,away
21-03-2024,Russia,Serbia,,4-0,3.15,home
21-03-2024,Cyprus,Latvia,,1-1,2.10,draw
21-03-2024,Montenegro,Belarus,,2-0,1.85,home
21-03-2024,B&H,Ukraine,,1-2,1.25,away
21-03-2024,Israel,Iceland,,1-4,2.15,away
21-03-2024,Wales,Finland,,4-1,1.85,home
21-03-2024,Nigeria,Ghana,,2-1,2.00,home
21-03-2024,Albania U21,Finland U21,,0-0,1.25,draw
21-03-2024,Norway,Czech Republic,,1-2,2.20,away
21-03-2024,Epinal,Dijon,,1-1,2.15,draw
21-03-2024,Sochaux,Chateauroux,,0-2,1.25,away
21-03-2024,Athlone,Longford,,3-3,2.50,draw
21-03-2024,Bray,Wexford,,3-4,2.15,away
21-03-2024,Cobh Ramblers,UCD,,1-2,1.50,away
21-03-2024,Albania,Chile,,0-3,2.10,away
21-03-2024,Hungary,Turkey,,1-0,2.15,home
20-03-2024,France U19,Belgium U19,,2-0,1.90,home
20-03-2024,Deportivo Cuenca,Macara,,1-1,3.20,draw
20-03-2024,San Lorenzo,Godoy Cruz,,1-0,2.95,home
20-03-2024,Belgrano,Lanus,,0-1,1.40,away
20-03-2024,Russia,Serbia,,4-0,3.15,home
20-03-2024,Cyprus,Latvia,,1-1,2.10,draw
20-03-2024,Montenegro,Belarus,,2-0,1.85,home
20-03-2024,B&H,Ukraine,,1-2,1.25,away
20-03-2024,Israel,Iceland,,1-4,2.15,away
20-03-2024,Wales,Finland,,4-1,1.85,home
20-03-2024,Tecnico U.,Ind.Del Valle,,1-1,1.30,draw
20-03-2024,Albania U21,Finland U21,,0-0,1.25,draw
20-03-2024,Slovenia U21,B&H U21,,3-0,1.90,home
20-03-2024,Norway,Czech Republic,,1-2,2.20,away
20-03-2024,Romania,Northern Ireland,,1-1,1.80,draw
20-03-2024,CD Equidad,Ind. Medellin,,1-2,1.90,away
19-03-2024,Magra,Belouizdad,,0-0,1.15,draw
19-03-2024,Cumbaya,Mushuc Runa,,2-1,1.95,home
19-03-2024,Estudiantes Merida,U.Central,,0-1,2.90,away
19-03-2024,Bradford City,Notts County,,0-3,1.90,away
19-03-2024,Concord,Potters Bar,,0-2,2.00,away
19-03-2024,Canvey,Horsham FC,,1-2,1.90,away
19-03-2024,Bognor Regis,Whitehawk,,2-2,1.90,draw
19-03-2024,Cheshunt,Folkestone,,3-2,2.05,home
19-03-2024,La Guaira,Carabobo,,0-0,1.75,draw
19-03-2024,Blaublitz,Tochigi SC,,3-0,1.20,home
19-03-2024,JEF United,Shimizu S-Pulse,,1-3,3.25,away
19-03-2024,Kofu,Iwaki,,1-1,1.95,draw
19-03-2024,Oita Trinita,Kagoshima Utd,,3-0,1.30,home
19-03-2024,Vegalta Sendai,Kumamoto,,0-0,2.05,draw
19-03-2024,Ehime,V-Varen Nagasaki,,1-2,2.20,away
19-03-2024,Tokushima,Yamaguchi,,1-2,1.40,away
18-03-2024,UTA Arad,Voluntari,,4-3,1.90,home
18-03-2024,Petrolul,U Craiova 1948,,1-0,1.30,home
18-03-2024,Potenza,Picerno,,1-0,2.85,home
18-03-2024,Cerro,Cerro Largo,,Postp,2.90,postponed
18-03-2024,Crawley,Stockport County,,1-1,1.20,draw
18-03-2024,Vilaverdense,Os Belenenses,,1-1,2.35,draw
18-03-2024,Sportivo Ameliano,Sol de America,,2-1,3.30,home
18-03-2024,Cumbaya,Mushuc Runa,,2-1,1.95,home
18-03-2024,Bradford,Notts County,,0-3,1.90,away
18-03-2024,San Lorenzo,Godoy Cruz,,1-0,2.95,home
18-03-2024,Belgrano,Lanus,,0-1,1.40,away
18-03-2024,Georgia,Luxembourg,,2-0,1.90,home
18-03-2024,Russia,Serbia,,4-0,3.15,home
18-03-2024,B&H,Ukraine,,1-2,1.25,away
18-03-2024,Israel,Iceland,,1-4,2.15,away
18-03-2024,Wales,Finland,,4-1,1.85,home
17-03-2024,West Ham,Aston Villa,,1-1,1.40,draw
17-03-2024,Clermont,Le Havre,,2-1,3.10,home
17-03-2024,Antwerp,St.Gilloise,,1-1,3.45,draw
17-03-2024,Villarreal,Valencia,,1-0,1.25,home
17-03-2024,Ferrol,Valladolid,,2-0,1.35,home
17-03-2024,Manchester Utd,Liverpool,,2-2,1.80,draw
17-03-2024,Moreirense,Arouca,,1-0,2.90,home
17-03-2024,Lausanne,Young Boys,,2-0,2.05,home
17-03-2024,Luzern,Servette,,2-2,1.45,draw
17-03-2024,Sparta,Ajax,,2-2,2.00,draw
17-03-2024,Lyngby,Viborg,,2-0,3.35,home
17-03-2024,Rennes,Olympique Marseille,,2-0,3.40,home
17-03-2024,Rayo Vallecano,Betis,,2-0,3.25,home
17-03-2024,Zaragoza,Espanyol,,0-1,2.80,away
17-03-2024,Leuven,Mechelen,,1-0,2.45,home
17-03-2024,Atl. Madrid,Barcelona,,0-3,3.65,away
16-03-2024,Burnley,Brentford,,2-1,2.10,home
16-03-2024,Luton,Nottingham,,1-1,1.50,draw
16-03-2024,Birmingham,Watford,,0-1,3.30,away
16-03-2024,Plymouth,Preston,,0-1,2.70,away
16-03-2024,Rotherham,Huddersfield,,0-0,1.95,draw
16-03-2024,Stoke,Norwich,,0-3,2.75,away
16-03-2024,Sunderland,QPR,,0-0,3.05,draw
16-03-2024,Bari,Sampdoria,,0-1,1.45,away
16-03-2024,Cittadella,Modena,,1-1,2.95,draw
16-03-2024,Reggiana,Spezia,,0-0,2.95,draw
16-03-2024,Salernitana,Lecce,,0-1,1.40,away
16-03-2024,Fulham,Tottenham,,3-0,2.10,home
16-03-2024,Hoffenheim,Stuttgart,,0-3,1.85,away
16-03-2024,Getafe,Girona,,1-0,2.35,home
16-03-2024,Tenerife,Huesca,,0-0,1.20,draw
16-03-2024,Frosinone,Lazio,,2-3,2.10,away
15-03-2024,Osnabruck,Fortuna Dusseldorf,,0-4,1.95,away
15-03-2024,Karagumruk,Konyaspor,,1-1,2.00,draw
15-03-2024,Mannheim,Bielefeld,,1-0,3.40,home
15-03-2024,Torreense,Tondela,,0-1,2.95,away
15-03-2024,Schaffhausen,Bellinzona,,2-1,1.30,home
15-03-2024,Heracles,Go Head,,2-0,2.30,home
15-03-2024,Ajax II,PSV II,,3-0,2.00,home
15-03-2024,Telstar,ADO Den Haag,,3-1,1.85,home
15-03-2024,Oss,Helmond,,1-0,2.30,home
15-03-2024,Palermo,Venezia,,0-3,2.30,away
15-03-2024,Eldense,Cartagena,,0-0,1.20,draw
15-03-2024,Empoli,Bologna,,0-1,2.10,away
15-03-2024,Dundalk,Waterford,,0-0,2.10,draw
15-03-2024,Galway,Shamrock,,0-1,2.00,away
15-03-2024,St. Patricks,Shelbourne,,1-2,1.45,away
15-03-2024,Toulouse,Olympique Lyon,,2-3,1.45,away
14-03-2024,Villarreal,Olympique Marseille,,3-1,1.40,home
14-03-2024,Rangers,Benfica,,0-1,2.40,away
14-03-2024,Slavia Prague,Milan,,1-3,3.00,away
14-03-2024,Fenerbahce,St.Gilloise,,0-1,1.85,away
14-03-2024,Abha,Al Wehda,,1-0,2.00,home
14-03-2024,Al Khaleej,Al Akhdoud,,2-2,2.10,draw
14-03-2024,Atalanta,Sporting,,2-1,1.95,home
14-03-2024,Maccabi Tel Aviv,Olympiacos,,1-4,1.40,away
14-03-2024,Alajuelense,New England Revolution,,1-1,2.25,draw
14-03-2024,Newcastle Jets,Adelaide United,,0-1,2.60,away
14-03-2024,Karagumruk,Konyaspor,,1-1,2.00,draw
14-03-2024,Heracles,Go Head,,2-0,2.30,home
14-03-2024,Palermo,Venezia,,0-3,2.30,away
14-03-2024,Eldense,Cartagena,,0-0,1.20,draw
14-03-2024,Empoli,Bologna,,0-1,2.10,away
14-03-2024,Toulouse,Olympique Lyon,,2-3,1.45,away
13-03-2024,Aluminij,Rogaska,,0-1,2.20,away
13-03-2024,Korona Kielce,Rakow,,0-2,1.95,away
13-03-2024,Radomlje,Domzale,,2-0,2.10,home
13-03-2024,Levante,Andorra,,0-0,1.90,draw
13-03-2024,Emirates,Khor Fakkan,,2-1,2.70,home
13-03-2024,Dundee,Aberdeen,,1-0,1.30,home
13-03-2024,Atl. Madrid,Inter,,2-1,3.25,home
13-03-2024,Dortmund,PSV,,2-0,2.10,home
13-03-2024,Real Sociedad,Olancho,,0-2,1.45,away
13-03-2024,Cienciano,Alianza Lima,,2-1,3.15,home
13-03-2024,America RN,Sao Luiz,,3-0,1.90,home
13-03-2024,Sampaio Correa,Ferroviario CE,,0-0,1.30,draw
13-03-2024,Bragantino,Botafogo,,1-1,1.90,draw
13-03-2024,Villarreal,Olympique Marseille,,3-1,1.40,home
13-03-2024,Rangers,Benfica,,0-1,2.40,away
13-03-2024,Slavia Prague,Milan,,1-3,3.00,away
12-03-2024,Javor,Radnik Surdilica,,2-1,2.10,home
12-03-2024,IMT,Vojvodina,,1-3,2.05,away
12-03-2024,Birmingham,Middlesbrough,,0-1,2.40,away
12-03-2024,Fleetwood,Bristol Rovers,,0-0,1.35,draw
12-03-2024,Shrewsbury,Exeter,,0-3,1.35,away
12-03-2024,Wycombe,Wigan,,1-0,1.90,home
12-03-2024,Wimbledon,Gillingham,,2-0,2.20,home
12-03-2024,Colchester,Doncaster,,Postp,1.55,postponed
12-03-2024,Crawley,Notts Co,,2-1,2.55,home
12-03-2024,Grimsby,Milton Keynes Dons,,1-0,2.25,home
12-03-2024,Newport,Morecambe,,5-3,2.05,home
12-03-2024,Tranmere,Mansfield,,2-1,1.20,home
12-03-2024,Walsall,Barrow,,1-1,2.20,draw
12-03-2024,Partick Thistle,Raith,,0-1,3.60,away
12-03-2024,Barcelona,Napoli,,3-1,1.90,home
12-03-2024,Palestino,Nacional A.,,1-3,2.10,away
11-03-2024,OFK Pirin,Hebar,,1-1,3.00,draw
11-03-2024,Gaziantep,Besiktas,,2-0,1.25,home
11-03-2024,Dijon,Niort,,1-0,3.30,home
11-03-2024,Randers,Midtjylland,,0-1,1.90,away
11-03-2024,Warta Poznan,LKS Lodz,,0-1,1.20,away
11-03-2024,Sampdoria,Ascoli,,2-1,2.05,home
11-03-2024,Lazio,Udinese,,1-2,1.20,away
11-03-2024,Fiorenzuola,Atalanta U23,,2-1,2.00,home
11-03-2024,Sestri Levante,Recanatese,,2-0,2.25,home
11-03-2024,Turris,Casertana,,1-0,3.00,home
11-03-2024,Grenoble,Laval,,0-2,1.30,away
11-03-2024,Chelsea,Newcastle,,3-2,1.95,home
11-03-2024,Tigre,Lanus,,2-3,2.10,away
11-03-2024,Banfield,Velez,,1-2,2.95,away
11-03-2024,Ind.Rivadavia,Dep.Riestra,,1-2,2.15,away
10-03-2024,Le Havre,Toulouse,,1-0,2.60,home
10-03-2024,Metz,Clermont,,1-0,1.35,home
10-03-2024,Strasbourg,Monaco,,0-1,2.00,away
10-03-2024,Bochum,Freiburg,,1-2,2.30,away
10-03-2024,Las Palmas,Ath Bilbao,,0-2,1.85,away
10-03-2024,Levante,Gijon,,1-0,1.25,home
10-03-2024,Villarreal II,Elche,,0-1,2.15,away
10-03-2024,Liverpool,Manchester City,,1-1,3.80,draw
10-03-2024,NEC,Heerenveen,,2-0,2.05,home
10-03-2024,Lille,Rennes,,2-2,1.30,draw
10-03-2024,Eintracht Frankfurt,Hoffenheim,,3-1,2.05,home
10-03-2024,Juventus,Atalanta,,2-2,1.30,draw
10-03-2024,Viborg,Brondby,,1-2,2.00,away
10-03-2024,Fiorentina,Roma,,2-2,3.30,draw
10-03-2024,Betis,Villarreal,,2-3,2.05,away
10-03-2024,Alcorcon,Espanyol,,1-1,2.85,draw
09-03-2024,Wolverhampton,Fulham,,2-1,2.50,home
09-03-2024,Hull,Leicester,,2-2,2.10,draw
09-03-2024,Millwall,Birmingham,,1-0,2.20,home
09-03-2024,Preston,Stoke,,1-2,2.40,away
09-03-2024,QPR,Middlesbrough,,0-2,2.35,away
09-03-2024,Watford,Coventry,,1-2,2.40,away
09-03-2024,Albacete,Oviedo,,1-2,1.50,away
09-03-2024,Vizela,Farense,,2-1,3.00,home
09-03-2024,Lorient,Olympique Lyon,,0-2,1.35,away
09-03-2024,Bologna,Inter,,0-1,2.10,away
09-03-2024,Yverdon,Zurich,,3-2,1.95,home
09-03-2024,Mirandes,Eldense,,3-1,2.85,home
09-03-2024,Boavista,Moreirense,,1-0,3.10,home
09-03-2024,Genoa,Monza,,2-3,1.30,away
09-03-2024,Cartagena,Ferrol,,2-1,1.50,home
09-03-2024,Lens,Brest,,1-0,2.15,home
08-03-2024,Piast Gliwice,Radomiak,,2-3,3.30,away
08-03-2024,Fortuna Dusseldorf,Hamburger,,2-0,3.60,home
08-03-2024,Mladost Lucani,Cukaricki,,1-0,1.25,home
08-03-2024,Din. Bucuresti,UTA Arad,,1-0,2.90,home
08-03-2024,Botosani,Farul Constanta,,0-0,1.25,draw
08-03-2024,Petrolul,Sepsi,,1-2,2.35,away
08-03-2024,Cambuur,De Graafschap,,1-2,2.20,away
08-03-2024,Ajax II,NAC Breda,,0-1,2.00,away
08-03-2024,Utrecht II,Helmond,,0-1,2.20,away
08-03-2024,Roda,ADO Den Haag,,2-2,1.50,draw
08-03-2024,Oss,Den Bosch,,1-2,2.40,away
08-03-2024,VVV Venlo,Emmen,,2-0,2.45,home
08-03-2024,Huesca,Andorra FC,,2-0,2.40,home
08-03-2024,Jagiellonia,Slask,,3-1,3.30,home
08-03-2024,Bohemians D.,Shelbourne,,0-2,2.70,away
08-03-2024,Estrela Amadora,Casa Pia,,3-1,1.30,home
07-03-2024,Latina,Juve Stabia,,1-3,1.25,away
07-03-2024,Monterosi,Sorrento,,1-0,2.95,home
07-03-2024,Sparta Prague,Liverpool,,1-5,1.80,away
07-03-2024,Roma,Brighton,,4-0,1.35,home
07-03-2024,Molde,Club Brugge,,2-1,2.50,home
07-03-2024,Sturm Graz,Lille,,0-3,1.30,away
07-03-2024,Potenza,Benevento,,0-2,1.95,away
07-03-2024,Olympique Marseille,Villarreal,,4-0,1.80,home
07-03-2024,Freiburg,West Ham,,1-0,3.40,home
07-03-2024,Servette,Plzen,,0-0,2.25,draw
07-03-2024,St.Gilloise,Fenerbahce,,0-3,2.95,away
07-03-2024,Dinamo Zagreb,PAOK,,2-0,3.25,home
07-03-2024,Racing M.,Cerro Largo,,2-0,2.20,home
07-03-2024,Cincinnati,Monterrey,,0-1,1.50,away
07-03-2024,Belgrano,Defensa y Justicia,,1-1,3.00,draw
07-03-2024,Nashville,Inter Miami,,2-2,2.00,draw
06-03-2024,Novara,Renate,,1-1,2.10,draw
06-03-2024,Spal,Sassari,,0-2,2.80,away
06-03-2024,Messina,Crotone,,0-1,1.25,away
06-03-2024,Foggia,Picerno,,2-0,1.45,home
06-03-2024,Sporting,Atalanta,,1-1,2.15,draw
06-03-2024,Cardiff,Huddersfield,,1-0,2.35,home
06-03-2024,Middlesbrough,Norwich,,3-1,1.35,home
06-03-2024,Watford,Swansea,,1-1,1.35,draw
06-03-2024,Pontedera,Lucchese,,2-2,2.50,draw
06-03-2024,QPR,WBA,,2-2,3.00,draw
06-03-2024,Everton CD,Union La Calera,,0-1,3.15,away
06-03-2024,Union de Santa Fe,Boca Juniors,,1-0,2.25,home
06-03-2024,Atl. Tucuman,Banfield,,0-3,2.80,away
06-03-2024,Deportivo Cuenca,Delfin,,2-5,3.20,away
06-03-2024,Guarani Asuncian,Sp. Luqueno,,0-1,2.15,away
06-03-2024,Wanderers,Danubio,,0-1,3.10,away
05-03-2024,Alessandria,Trento,,0-1,2.60,away
05-03-2024,Arzignano,AlbinoLeffe,,0-0,1.95,draw
05-03-2024,Legnago,Pergolettese,,2-1,2.85,home
05-03-2024,Pro Patria,Pro Vercelli,,2-1,2.80,home
05-03-2024,Pro Sesto,Giana Erminio,,0-0,2.50,draw
05-03-2024,Blackburn,Millwall,,1-1,1.35,draw
05-03-2024,Sheffield Wed,Plymouth,,1-0,1.95,home
05-03-2024,Barnsley,Bolton,,2-2,1.40,draw
05-03-2024,Cheltenham,Charlton,,1-3,2.65,away
05-03-2024,Morecambe,Crawley Town,,1-0,1.35,home
05-03-2024,Barrow,Gillingham,,2-0,2.20,home
05-03-2024,Wimbledon,Grimsby,,0-0,1.90,draw
05-03-2024,Dunfermline,Airdrie,,0-2,1.40,away
05-03-2024,Oldham,Bromley,,0-0,3.30,draw
05-03-2024,York,Fylde,,1-3,2.25,away
05-03-2024,Sociedad,PSG,,1-2,3.45,away
04-03-2024,AEK Larnaca,Aris Limmasol,,1-1,3.30,draw
04-03-2024,Rudes,Gorica,,2-1,1.90,home
04-03-2024,Alanyaspor,Trabzonspor,,3-1,1.40,home
04-03-2024,Sirius,Norrkoping,,2-2,1.95,draw
04-03-2024,Utsikten,Brage,,1-3,2.20,away
04-03-2024,Academico Viseu,Santa Clara,,1-1,1.30,draw
04-03-2024,CS Universitatea,Rapid Bucuresti,,1-1,3.30,draw
04-03-2024,Hapoel Petah Tikva,Hapoel Tel Aviv,,0-0,3.10,draw
04-03-2024,Radomiak Radom,Stal Mielec,,2-1,1.90,home
04-03-2024,Omonia,Anorthosis,,2-1,2.30,home
04-03-2024,PSV II,Cambuur,,3-1,2.60,home
04-03-2024,Juve Stabia,Casertana,,1-0,1.67,home
04-03-2024,Angers,AC Ajaccio,,3-1,1.25,home
04-03-2024,Osasuna,Alaves,,1-0,1.35,home
04-03-2024,Famalicao,Boavista,,1-1,1.95,draw
04-03-2024,Vilaverdense,Ferreira,,0-1,2.00,away
03-03-2024,Empoli,Cagliari,,0-1,2.10,away
03-03-2024,Frosinone,Lecce,,1-1,2.20,draw
03-03-2024,Montpellier,Strasbourg,,2-2,2.05,draw
03-03-2024,Tenerife,Mirandes,,2-1,1.20,home
03-03-2024,Casa Pia,Gil Vicente,,0-0,2.40,draw
03-03-2024,Portimonense,Vizela,,0-0,3.20,draw
03-03-2024,Altach,LASK,,0-0,1.25,draw
03-03-2024,BW Linz,Austria Vienna,,1-2,2.00,away
03-03-2024,WSG Tirol,Hartberg,,1-0,1.30,home
03-03-2024,Mallorca,Girona,,1-0,1.35,home
03-03-2024,Heracles,Almere City,,2-2,2.80,draw
03-03-2024,Napoli,Juventus,,2-1,3.10,home
03-03-2024,Olympique Lyon,Lens,,0-3,2.50,away
03-03-2024,Ath Bilbao,Barcelona,,0-0,3.50,draw
03-03-2024,Leganes,Eibar,,0-2,2.80,away
03-03-2024,Porto,Benfica,,5-0,3.30,home
02-03-2024,Brentford,Chelsea,,2-2,2.15,draw
02-03-2024,Everton,West Ham,,1-3,1.30,away
02-03-2024,Fulham,Brighton,,3-0,1.50,home
02-03-2024,Newcastle,Wolverhampton,,3-0,1.90,home
02-03-2024,Millwall,Watford,,1-0,2.40,home
02-03-2024,Norwich,Sunderland,,1-0,2.00,home
02-03-2024,Preston,Hull,,0-0,2.70,draw
02-03-2024,Rotherham,Sheffield Wed,,0-1,2.20,away
02-03-2024,Stoke,Middlesbrough,,2-0,2.70,home
02-03-2024,Swansea,Blackburn,,2-1,2.20,home
02-03-2024,Reims,Lille,,0-1,3.30,away
02-03-2024,Monza,Roma,,1-4,2.05,away
02-03-2024,Wolfsburg,Stuttgart,,2-3,3.55,away
02-03-2024,Getafe,Las Palmas,,3-3,2.00,draw
02-03-2024,Torino,Fiorentina,,0-0,1.40,draw
02-03-2024,Clermont,Olympique Marseille,,1-5,1.25,away
01-03-2024,Kasimpasa,Sivasspor,,0-0,1.85,draw
01-03-2024,Hertha Berlin,Holstein Kiel,,2-2,2.50,draw
01-03-2024,Midtjylland,Copenhagen,,2-0,1.35,home
01-03-2024,CSMS Iasi,Din. Bucuresti,,0-0,1.35,draw
01-03-2024,Gijon,Albacete,,2-1,2.25,home
01-03-2024,Ruch Chorzow,Piast Gliwice,,3-0,2.95,home
01-03-2024,Lazio,Milan,,0-1,2.45,away
01-03-2024,Westerlo,Charleroi,,0-1,2.00,away
01-03-2024,Bohemians D.,Dundalk,,Postp,2.10,postponed
01-03-2024,Galway,Waterford,,2-1,1.85,home
01-03-2024,Sligo,Shelbourne,,0-1,1.35,away
01-03-2024,Caernarfon,Newtown,,1-0,2.35,home
01-03-2024,WBA,Coventry,,2-1,2.10,home
01-03-2024,Celta Vigo,Almeria,,1-0,1.85,home
01-03-2024,Monaco,PSG,,0-0,1.35,draw
01-03-2024,Chaves,Arouca,,1-5,3.30,away
29-02-2024,Petrolul,CS Universitatea,,2-3,2.95,away
29-02-2024,Anorthosis,Aris Limmasol,,2-3,1.40,away
29-02-2024,Apollon Lim.,AEK Larnaca,,2-1,2.50,home
29-02-2024,Smouha,Future,,1-1,2.80,draw
29-02-2024,Al Ahli Doha,Umm Salal,,1-2,2.20,away
29-02-2024,Ujpest,Paks,,1-1,2.15,draw
29-02-2024,Ath Bilbao,Atl. Madrid,,3-0,3.15,home
29-02-2024,Sporting,Benfica,,2-1,3.50,home
29-02-2024,Gimnasia LP,Instituto,,1-3,1.45,away
29-02-2024,Huracan Ar.,Rosario,,2-0,2.20,home
29-02-2024,Ind. Rivadavia,Barracas,,1-3,1.40,away
29-02-2024,Colo Colo,Godoy Cruz,,0-0,1.25,draw
29-02-2024,Macarthur,Melbourne City,,2-0,3.90,home
29-02-2024,Abha,Al Taee,,2-0,2.20,home
29-02-2024,Al Duhail,Al Gharafa Doha,,1-4,1.90,away
29-02-2024,Rostov,Krylya Sovetov,,2-0,3.40,home
28-02-2024,Zlin,Liberec,,1-1,3.30,draw
28-02-2024,Univ. Cluj,Farul Constanta,,1-0,2.25,home
28-02-2024,Slavia Prague,Sparta Prague,,2-2,2.10,draw
28-02-2024,Cape Town City,Supersport Utd,,1-1,3.00,draw
28-02-2024,Pisa,Modena,,2-2,3.00,draw
28-02-2024,St.Gilloise,Club Brugge,,2-0,2.10,home
28-02-2024,Basel,Lugano,,2-2,2.05,draw
28-02-2024,Wisla,Widzew Lodz,,1-1,2.25,draw
28-02-2024,Nottingham,Manchester Utd,,0-1,2.25,away
28-02-2024,Wolverhampton,Brighton,,1-0,1.45,home
28-02-2024,Hearts,Hibernian,,1-1,1.90,draw
28-02-2024,Livingston,Motherwell,,1-3,1.45,away
28-02-2024,Rouen,Valenciennes,,1-1,1.40,draw
28-02-2024,Leixoes,Nacional,,1-1,2.40,draw
28-02-2024,Guanacasteca,Cartagines,,1-0,3.15,home
28-02-2024,Tijuana,Monterrey,,1-1,1.25,draw
27-02-2024,Ascoli,Brescia,,1-1,2.95,draw
27-02-2024,Reggiana,Sudtirol,,1-1,1.25,draw
27-02-2024,Orleans,Sochaux,,0-0,3.25,draw
27-02-2024,Catanzaro,Bari,,2-0,1.25,home
27-02-2024,Sampdoria,Cremonese,,1-2,3.25,away
27-02-2024,Port Vale,Fleetwood,,2-2,3.00,draw
27-02-2024,Wycombe,Cheltenham,,2-0,3.30,home
27-02-2024,Leyton Orient,Blackpool,,1-0,2.40,home
27-02-2024,Lincoln,Shrewsbury,,3-0,1.25,home
27-02-2024,Wigan,Bolton,,1-0,2.10,home
27-02-2024,Burton,Carlisle,,0-1,2.05,away
27-02-2024,Forest Green,Wrexham,,1-1,1.95,draw
27-02-2024,Swindon,Tranmere,,3-1,2.20,home
27-02-2024,Walsall,Accrington,,2-1,1.95,home
27-02-2024,Harrogate,Newport,,1-2,2.70,away
27-02-2024,Ross County,St. Mirren,,1-1,2.20,draw
26-02-2024,Mladost Lucani,Vozdovac,,2-0,1.35,home
26-02-2024,Sanliurfaspor,Tuzlaspor,,0-0,1.85,draw
26-02-2024,Roma,Torino,,3-2,1.95,home
26-02-2024,Dijon,Nancy,,3-1,3.15,home
26-02-2024,Warta Poznan,Radomiak,,0-0,2.40,draw
26-02-2024,Ajax II,Telstar,,0-3,2.00,away
26-02-2024,AZ Alkmar II,NAC Breda,,2-3,2.10,away
26-02-2024,PSV II,Dordrecht,,0-1,1.40,away
26-02-2024,Mirandes,Huesca,,0-3,2.85,away
26-02-2024,Fiorentina,Lazio,,2-1,2.30,home
26-02-2024,Foggia,Crotone,,2-1,3.00,home
26-02-2024,Virtus Francavilla,Monopoli,,0-0,1.30,draw
26-02-2024,Caen,Angers,,2-0,3.10,home
26-02-2024,West Ham,Brentford,,4-2,2.50,home
26-02-2024,Los Chankas,Cienciano,,1-2,3.00,away
26-02-2024,Cordoba Santiago,Atl. Tucuman,,0-0,2.70,draw
25-02-2024,Eintracht Frankfurt,Wolfsburg,,2-2,3.20,draw
25-02-2024,Chelsea,Liverpool,,0-0,3.60,draw
25-02-2024,Gent,Antwerp,,2-2,3.20,draw
25-02-2024,Modena,Spezia,,0-0,3.15,draw
25-02-2024,Betis,Ath Bilbao,,3-1,3.25,home
25-02-2024,Alcorcon,Tenerife,,1-1,2.80,draw
25-02-2024,Burgos,Gijon,,1-0,1.30,home
25-02-2024,Vizela,Estoril,,3-3,2.45,draw
25-02-2024,Lausanne,Winterthur,,1-1,1.30,draw
25-02-2024,Young Boys,Servette,,0-1,2.10,away
25-02-2024,Rapid,Austria Vienna,,3-0,1.90,home
25-02-2024,Las Palmas,Osasuna,,1-1,3.00,draw
25-02-2024,Cartagena,Elche,,0-1,1.50,away
25-02-2024,Augsburg,Freiburg,,2-1,3.50,home
25-02-2024,Milan,Atalanta,,1-1,3.50,draw
25-02-2024,Amorebieta,Albacete,,1-1,2.95,draw
24-02-2024,Crystal Palace,Burnley,,3-0,1.25,home
24-02-2024,Blackburn,Norwich,,1-1,2.55,draw
24-02-2024,Cardiff,Stoke,,2-1,3.10,home
24-02-2024,Sheffield Wed,Bristol City,,2-1,2.80,home
24-02-2024,Watford,Huddersfield,,1-2,3.50,away
24-02-2024,Santander,Leganes,,2-1,2.90,home
24-02-2024,Farense,Moreirense,,0-1,3.10,away
24-02-2024,Lorient,Nantes,,0-1,2.50,away
24-02-2024,Salernitana,Monza,,0-2,1.50,away
24-02-2024,Alaves,Mallorca,,1-1,1.95,draw
24-02-2024,Eibar,Espanyol,,2-3,2.00,away
24-02-2024,Estrela Amadora,Chaves,,1-1,2.10,draw
24-02-2024,Magdeburg,Schalke,,3-0,2.15,home
24-02-2024,Genoa,Udinese,,2-0,3.00,home
24-02-2024,NEC,Sparta,,2-0,1.90,home
24-02-2024,Strasbourg,Brest,,0-3,1.40,away
23-02-2024,Kosice FC,Skalica,,2-1,3.10,home
23-02-2024,Piast Gliwice,Cracovia K.,,0-0,3.00,draw
23-02-2024,Holstein Kiel,St. Pauli,,3-4,2.30,away
23-02-2024,Wehen,Paderborn,,1-2,1.45,away
23-02-2024,Munster,Duisburg,,3-1,1.80,home
23-02-2024,Randers,Lyngby,,1-0,1.30,home
23-02-2024,Emmen,Cambuur,,2-0,2.75,home
23-02-2024,Cosenza,Sampdoria,,1-2,3.00,away
23-02-2024,Valladolid,Oviedo,,3-0,2.15,home
23-02-2024,Wigan,Cheltenham,,1-1,2.25,draw
23-02-2024,Drogheda,Waterford,,1-4,2.30,away
23-02-2024,Dundalk,Galway,,0-2,2.15,away
23-02-2024,Shelbourne,Shamrock,,2-1,1.90,home
23-02-2024,St. Patricks,Bohemians D.,,0-1,2.20,away
23-02-2024,Leeds,Leicester,,3-1,1.30,home
23-02-2024,Arouca,Famalicao,,3-2,2.10,home
22-02-2024,Rennes,Milan,,3-2,1.45,home
22-02-2024,Freiburg,Lens,,2-2,2.40,draw
22-02-2024,Qarabag,Braga,,0-2,2.20,away
22-02-2024,Ludogorets,Servette,,0-1,2.00,away
22-02-2024,Dinamo Zagreb,Betis,,1-1,1.40,draw
22-02-2024,Bodo,Ajax,,1-1,2.30,draw
22-02-2024,Torino,Lazio,,0-2,2.90,away
22-02-2024,Roma,Feyenoord,,1-1,3.50,draw
22-02-2024,Sparta Prague,Galatasaray,,4-1,2.55,home
22-02-2024,Slovan Bratislava,Sturm Graz,,0-1,1.45,away
22-02-2024,Eintracht Frankfurt,St.Gilloise,,1-2,2.10,away
22-02-2024,Ferencvaros,Olympiacos,,0-1,2.20,away
22-02-2024,Legia,Molde,,0-3,2.00,away
22-02-2024,Sportivo T.,EL Nacional,,1-1,2.70,draw
22-02-2024,LDU Quito,Fluminense,,1-0,2.10,home
22-02-2024,Godoy Cruz,Colo Colo,,0-1,2.95,away
21-02-2024,Teplice,Sigma Olomouc,,2-0,2.35,home
21-02-2024,Panathinaikos,PAOK,,0-1,3.20,away
21-02-2024,Gent,Maccabi Haifa,,1-1,1.25,draw
21-02-2024,Pro Sesto,Alessandria,,1-2,2.65,away
21-02-2024,Viktoria Koln,Saarbrucken,,2-5,2.10,away
21-02-2024,Chabab Mohammedia,Olympique de Safi,,1-0,1.25,home
21-02-2024,Bradford City,Wycombe,,0-1,2.70,away
21-02-2024,Napoli,Barcelona,,1-1,1.50,draw
21-02-2024,Guanacasteca,Mun.Liberia,,1-1,2.10,draw
21-02-2024,Puerto Cabello,Nacional M.,,0-2,2.25,away
21-02-2024,Aurora,Botafogo,,1-1,1.80,draw
21-02-2024,Nacional A.,Atl. Nacional,,1-0,3.10,home
21-02-2024,Santa Fe,CPD Junior,,3-0,2.00,home
21-02-2024,CA Independiente,New England,,0-1,1.95,away
21-02-2024,San Carlos,Cartagines,,2-0,1.95,home
21-02-2024,Leon,Cruz Azul,,2-3,2.50,away
20-02-2024,Cardiff,Blackburn,,0-0,1.40,draw
20-02-2024,Plymouth,WBA,,0-3,2.00,away
20-02-2024,Cambridge,Bolton,,1-2,1.30,away
20-02-2024,Gillingham,Stockport,,0-0,2.25,draw
20-02-2024,Milton Keynes Dons,Wrexham,,1-1,2.25,draw
20-02-2024,Cliftonville,Linfield,,0-3,2.40,away
20-02-2024,Hartlepool,Altrincham,,3-2,2.30,home
20-02-2024,Kidderminster,Gateshead,,0-2,2.50,away
20-02-2024,York,Oldham,,1-1,1.35,draw
20-02-2024,Reading,Port Vale,,2-0,1.80,home
20-02-2024,Blackpool,Peterborough,,0-3,2.35,away
20-02-2024,PSV,Dortmund,,1-1,2.10,draw
20-02-2024,Port.Acarigua,Palestino,,1-2,2.20,away
20-02-2024,Aguilas,Bragantino,,0-0,1.90,draw
20-02-2024,Puebla,Pachuca,,1-4,2.00,away
20-02-2024,St. Louis City,Houston,,2-1,2.15,home
19-02-2024,Sepsi,Farul Constanta,,0-1,2.25,away
19-02-2024,Vozdovac,Napredak,,1-2,2.05,away
19-02-2024,Gornik,Korona Kielce,,3-1,2.05,home
19-02-2024,Vejle Kolding,Aarhus,,0-0,1.25,draw
19-02-2024,Univ. Cluj,FCSB,,0-0,2.00,draw
19-02-2024,Gubbio,Virtus Entella,,0-0,2.85,draw
19-02-2024,Amiens,Bordeaux,,1-1,3.05,draw
19-02-2024,Brindisi,Foggia,,0-2,1.25,away
19-02-2024,Turris,Potenza,,1-0,3.00,home
19-02-2024,Dep. Riestra,Atl. Tucuman,,1-0,2.80,home
19-02-2024,Ath Bilbao,Girona,,3-2,1.90,home
19-02-2024,Barracas,Talleres,,2-1,2.20,home
19-02-2024,Estudiantes,Newells Old Boys,,2-0,2.15,home
19-02-2024,Audax Italiano,Deportes Iquique,,2-3,2.00,away
19-02-2024,Belgrano,Sarmiento,,4-1,2.00,home
19-02-2024,Union de Santa Fe,Platense,,0-0,1.25,draw
18-02-2024,Empoli,Fiorentina,,1-1,1-1,draw
18-02-2024,Udinese,Cagliari,,1-1,1-1,draw
18-02-2024,Freiburg,Eintracht Frankfurt,,3-3,3-3,draw
18-02-2024,Granada,Almeria,,1-1,1-1,draw
18-02-2024,Ferrol,Levante,,0-0,0-0,draw
18-02-2024,Casa Pia,Arouca,,1-0,1-0,home
18-02-2024,Luzern,Zurich,,0-1,0-1,away
18-02-2024,Servette,Lugano,,2-1,2-1,home
18-02-2024,Sturm,Rapid,,1-1,1-1,draw
18-02-2024,Reims,Lens,,1-1,1-1,draw
18-02-2024,Frosinone,Roma,,0-3,0-3,away
18-02-2024,Mallorca,Real Sociedad,,1-2,1-2,away
18-02-2024,Estoril,Gil Vicente,,1-3,1-3,away
18-02-2024,Brest,Olympique Marseille,,1-0,1-0,home
18-02-2024,Betis,Alaves,,0-0,0-0,draw
18-02-2024,Elche,Eibar,,0-0,0-0,draw
17-02-2024,Fulham,Aston Villa,,1-2,1-2,away
17-02-2024,Nottingham,West Ham,,2-0,2-0,home
17-02-2024,Birmingham,Sunderland,,2-1,2-1,home
17-02-2024,Bristol City,QPR,,0-1,0-1,away
17-02-2024,Huddersfield,Hull,,1-2,1-2,away
17-02-2024,Millwall,Sheffield Wed,,0-2,0-2,away
17-02-2024,Preston,Blackburn,,2-2,2-2,draw
17-02-2024,Stoke,Coventry,,0-1,0-1,away
17-02-2024,Carlisle,Cambridge Utd,,0-4,0-4,away
17-02-2024,Cheltenham,Port Vale,,3-2,3-2,home
17-02-2024,Fleetwood,Barnsley,,1-2,1-2,away
17-02-2024,Lincoln,Exeter,,1-0,1-0,home
17-02-2024,Oviedo,Burgos,,5-0,5-0,home
17-02-2024,Gijon,Valladolid,,1-1,1-1,draw
17-02-2024,Grasshoppers,Basel,,2-1,2-1,home
17-02-2024,Valencia,Sevilla,,0-0,0-0,draw
16-02-2024,Hannover,Greuther Furth,,2-1,2-1,home
16-02-2024,Hertha,Magdeburg,,3-2,3-2,home
16-02-2024,Viborg,Odense,,1-2,1-2,away
16-02-2024,Dordrecht,VVV Venlo,,1-0,1-0,home
16-02-2024,Helmond,De Graafschap,,3-1,3-1,home
16-02-2024,Telstar,NAC Breda,,1-1,1-1,draw
16-02-2024,Oss,Ajax II,,2-1,2-1,home
16-02-2024,Koln,Werder,,0-1,0-1,away
16-02-2024,Ascoli,Cremonese,,0-0,0-0,draw
16-02-2024,Zaragoza,Cartagena,,1-2,1-2,away
16-02-2024,Westerlo,Standard,,2-1,2-1,home
16-02-2024,Waterford,Shelbourne,,1-1,1-1,draw
16-02-2024,WBA,Southampton,,0-2,0-2,away
16-02-2024,Villarreal,Getafe,,1-1,1-1,draw
16-02-2024,Olympique Lyon,Nice,,1-0,1-0,home
16-02-2024,Famalicao,Rio Ave,,2-1,2-1,home
15-02-2024,Picerno,Crotone,,0-0,0-0,draw
15-02-2024,Feyenoord,Roma,,1-1,1-1,draw
15-02-2024,Young Boys,Sporting,,1-3,1-3,away
15-02-2024,Shakhtar,Olympique Marseille,,2-2,2-2,draw
15-02-2024,St.Gilloise,Eintracht Frankfurt,,2-2,2-2,draw
15-02-2024,Olympiacos,Ferencvaros,,1-0,1-0,home
15-02-2024,Molde,Legia,,3-2,3-2,home
15-02-2024,Apoel Nicosia,Aris Limmasol,,1-0,1-0,home
15-02-2024,Nova Iguacu,Boavista RJ,,1-1,1-1,draw
15-02-2024,Dep. Riestra,Velez,,1-2,1-2,away
15-02-2024,Servette,Ludogorets,,0-0,0-0,draw
15-02-2024,Maccabi Haifa,Gent,,1-0,1-0,home
15-02-2024,Platense,Belgrano,,1-1,1-1,draw
15-02-2024,Ind. Rivadavia,Instituto,,0-2,0-2,away
15-02-2024,Portuguesa,Agua Santa,,1-1,1-1,draw
15-02-2024,Talleres,Argentinos Jrs,,2-1,2-1,home
14-02-2024,Karvina,Pardubice,,0-3,0-3,away
14-02-2024,Anorthosis,Apollon Lim.,,2-0,2-0,home
14-02-2024,Bologna,Fiorentina,,2-0,2-0,home
14-02-2024,Huddersfield,Sunderland,,1-0,1-0,home
14-02-2024,Plymouth,Coventry,,2-2,2-2,draw
14-02-2024,Preston,Middlesbrough,,2-1,2-1,home
14-02-2024,Stoke,QPR,,1-0,1-0,home
14-02-2024,Aberdeen,Motherwell,,3-3,3-3,draw
14-02-2024,Millwall,Ipswich,,0-4,0-4,away
14-02-2024,Sarmiento,Lanus,,0-1,0-1,away
14-02-2024,Tigre,Defensa y Justicia,,0-1,0-1,away
14-02-2024,Ituano,Mirassol,,1-1,1-1,draw
14-02-2024,Banfield,Barracas,,0-0,0-0,draw
14-02-2024,Botafogo SP,Corinthians,,1-4,1-4,away
14-02-2024,Chico,Ind. Medellin,,3-0,3-0,home
14-02-2024,Atlas,Pumas Unam,,0-0,0-0,draw
13-02-2024,Birmingham,Blackburn,,1-0,1-0,home
13-02-2024,Norwich,Watford,,4-2,4-2,home
13-02-2024,Burton,Carlisle,,Postp,Postp,postponed
13-02-2024,Charlton,Lincoln,,1-1,1-1,draw
13-02-2024,Cheltenham,Blackpool,,2-0,2-0,home
13-02-2024,Exeter,Derby,,0-3,0-3,away
13-02-2024,Fleetwood,Reading,,1-1,1-1,draw
13-02-2024,Oxford Utd,Wigan,,4-2,4-2,home
13-02-2024,Shrewsbury,Barnsley,,1-1,1-1,draw
13-02-2024,Accrington,Wimbledon,,2-0,2-0,home
13-02-2024,Bradford City,Milton Keynes Dons,,4-0,4-0,home
13-02-2024,Colchester,Grimsby,,Postp,Postp,postponed
13-02-2024,Crawley,Walsall,,1-1,1-1,draw
13-02-2024,Newport,Notts Co,,1-3,1-3,away
13-02-2024,RB Leipzig,Real Madrid,,0-1,0-1,away
13-02-2024,San Lorenzo,Estudiantes L.P.,,1-1,1-1,draw
12-02-2024,UTA Arad,FC Botosani,,2-2,2-2,draw
12-02-2024,Kayserispor,Besiktas,,0-0,0-0,draw
12-02-2024,Samsunspor,Antalyaspor,,2-0,2-0,home
12-02-2024,Niort,Nancy,,2-1,2-1,home
12-02-2024,Ajax II,MVV,,3-0,3-0,home
12-02-2024,Utrecht II,AZ Alkmar II,,1-2,1-2,away
12-02-2024,Valladolid,Albacete,,0-0,0-0,draw
12-02-2024,Crystal Palace,Chelsea,,1-3,1-3,away
12-02-2024,Gil Vicente,Vizela,,0-1,0-1,away
12-02-2024,Panetolikos,Aris,,0-1,0-1,away
12-02-2024,Birmingham,Blackburn,,1-0,1-0,home
12-02-2024,Norwich,Watford,,4-2,4-2,home
12-02-2024,Huddersfield,Sunderland,,1-0,1-0,home
12-02-2024,Preston,Middlesbrough,,2-1,2-1,home
12-02-2024,Stoke,QPR,,1-0,1-0,home
12-02-2024,Millwall,Ipswich,,0-4,0-4,away
11-02-2024,Dundee,St Johnstone,,2-1,2-1,home
11-02-2024,Monza,Verona,,0-0,0-0,draw
11-02-2024,Ternana,Spezia,,1-1,1-1,draw
11-02-2024,Catania,Casertana,,0-0,0-0,draw
11-02-2024,Mallorca,Rayo Vallecano,,2-1,2-1,home
11-02-2024,Alcorcon,Andorra,,1-0,1-0,home
11-02-2024,Cartagena,Mirandes,,1-0,1-0,home
11-02-2024,Munich 1860,Ingolstadt,,3-1,3-1,home
11-02-2024,Aston Villa,Manchester Utd,,1-2,1-2,away
11-02-2024,Genoa,Atalanta,,1-4,1-4,away
11-02-2024,Audace,Taranto,,0-0,0-0,draw
11-02-2024,Sevilla,Atl. Madrid,,1-0,1-0,home
11-02-2024,Eibar,Zaragoza,,1-0,1-0,home
11-02-2024,Milan,Napoli,,1-0,1-0,home
11-02-2024,Burgos,Ferrol,,2-0,2-0,home
11-02-2024,Nigeria,Ivory Coast,,1-2,1-2,away
10-02-2024,Fulham,Bournemouth,,3-1,3-1,home
10-02-2024,Wolverhampton,Brentford,,0-2,0-2,away
10-02-2024,Blackburn,Stoke,,3-1,3-1,home
10-02-2024,Cardiff,Preston,,0-2,0-2,away
10-02-2024,QPR,Norwich,,2-2,2-2,draw
10-02-2024,Farense,Famalicao,,1-1,1-1,draw
10-02-2024,Roma,Inter,,2-4,2-4,away
10-02-2024,Nottingham,Newcastle,,2-3,2-3,away
10-02-2024,Leverkusen,Bayern,,3-0,3-0,home
10-02-2024,Gijon,Oviedo,,1-0,1-0,home
10-02-2024,Kaiserslautern,Paderborn,,1-2,1-2,away
10-02-2024,Lugano,Young Boys,,3-3,3-3,draw
10-02-2024,Sassuolo,Torino,,1-1,1-1,draw
10-02-2024,Las Palmas,Valencia,,2-0,2-0,home
10-02-2024,Santander,Espanyol,,2-0,2-0,home
10-02-2024,Boavista,Estoril,,2-1,2-1,home
09-02-2024,Zilina,Slovan Bratislava,,0-4,0-4,away
09-02-2024,Demirspor,Kasimpasa,,1-3,1-3,away
09-02-2024,Wehen,Nurnberg,,1-1,1-1,draw
09-02-2024,Oliveirense,Torreense,,1-2,1-2,away
09-02-2024,RKC Waalwijk,NEC,,2-0,2-0,home
09-02-2024,De Graafschap,Willem II,,0-2,0-2,away
09-02-2024,PSV II,Emmen,,3-0,3-0,home
09-02-2024,Telstar,Helmond,,3-2,3-2,home
09-02-2024,Levante,Leganes,,0-0,0-0,draw
09-02-2024,Salernitana,Empoli,,1-3,1-3,away
09-02-2024,Mantova,Triestina,,2-1,2-1,home
09-02-2024,Pro Sesto,Alessandria,,Postp,Postp,postponed
09-02-2024,Gubbio,Pescara,,4-0,4-0,home
09-02-2024,Sheffield Wed,Birmingham,,2-0,2-0,home
09-02-2024,Cadiz,Betis,,0-2,0-2,away
09-02-2024,Estrela Amadora,Portimonense,,3-0,3-0,home
08-02-2024,AC Oulu,Ilves,,0-1,0-1,away
08-02-2024,Antalyaspor,Besiktas,,1-2,1-2,away
08-02-2024,Nova Iguacu,Madureira,,1-0,1-0,home
08-02-2024,Groningen,Fortuna S.,,0-0,0-0,draw
08-02-2024,KTE,Diosgyor,,2-1,2-1,home
08-02-2024,Rosario,Ind. Rivadavia,,1-0,1-0,home
08-02-2024,Huracan,Independiente,,0-0,0-0,draw
08-02-2024,Patriotas,Atl. Nacional,,0-0,0-0,draw
08-02-2024,Wehen,Nurnberg,,1-1,1-1,draw
08-02-2024,RKC Waalwijk,NEC,,2-0,2-0,home
08-02-2024,De Graafschap,Willem II,,0-2,0-2,away
08-02-2024,PSV II,Emmen,,3-0,3-0,home
08-02-2024,Telstar,Helmond,,3-2,3-2,home
08-02-2024,Morton,Motherwell,,2-1,2-1,home
08-02-2024,Salernitana,Empoli,,1-3,1-3,away
08-02-2024,Sheffield Wed,Birmingham,,2-0,2-0,home
07-02-2024,Mainz,Union Berlin,,1-1,1-1,draw
07-02-2024,Olympique Lyon,Lille,,2-1,2-1,home
07-02-2024,Cambuur,Vitesse,,3-1,3-1,home
07-02-2024,Unterhaching,Hallescher,,2-0,2-0,home
07-02-2024,Lommel,Beerschot Wilrijk,,3-0,3-0,home
07-02-2024,Montpellier,Nice,,1-4,1-4,away
07-02-2024,Strasbourg,Le Havre,,3-1,3-1,home
07-02-2024,St Johnstone,Hearts,,0-1,0-1,away
07-02-2024,St. Mirren,Dundee FC,,2-0,2-0,home
07-02-2024,Club Brugge,St.Gilloise,,2-1,2-1,home
07-02-2024,Aston Villa,Chelsea,,1-3,1-3,away
07-02-2024,Ivory Coast,D.R. Congo,,1-0,1-0,home
07-02-2024,Atl. Madrid,Ath Bilbao,,0-1,0-1,away
07-02-2024,Botafogo SP,Ponte Preta,,0-3,0-3,away
07-02-2024,Santos,Corinthians,,1-0,1-0,home
07-02-2024,Pachuca,Leon,,3-2,3-2,home
06-02-2024,Munich 1860,RW Essen,,2-0,2-0,home
06-02-2024,Burton,Cheltenham,,Postp,Postp,postponed
06-02-2024,Cambridge Utd,Bolton,,Abn,Abn,abandoned
06-02-2024,Port Vale,Leyton Orient,,0-1,0-1,away
06-02-2024,Motherwell,Ross County,,5-0,5-0,home
06-02-2024,Mallorca,Real Sociedad,,0-0,0-0,draw
06-02-2024,Mainz,Union Berlin,,1-1,1-1,draw
06-02-2024,Olympique Lyon,Lille,,2-1,2-1,home
06-02-2024,Cambuur,Vitesse,,3-1,3-1,home
06-02-2024,Unterhaching,Hallescher,,2-0,2-0,home
06-02-2024,Montpellier,Nice,,1-4,1-4,away
06-02-2024,Strasbourg,Le Havre,,3-1,3-1,home
06-02-2024,St Johnstone,Hearts,,0-1,0-1,away
06-02-2024,St. Mirren,Dundee FC,,2-0,2-0,home
06-02-2024,Aston Villa,Chelsea,,1-3,1-3,away
06-02-2024,Atl. Madrid,Ath Bilbao,,0-1,0-1,away
05-02-2024,Voluntari,Hermannstadt,,1-1,1-1,draw
05-02-2024,APOEL Nicosia,AEK Larnaca,,2-2,2-2,draw
05-02-2024,Othellos,Katokopia,,0-0,0-0,draw
05-02-2024,Tondela,Pacos Ferreira,,1-1,1-1,draw
05-02-2024,Maccabi Haifa,Maccabi Tel Aviv,,2-0,2-0,home
05-02-2024,AZ Alkmar II,Roda,,1-0,1-0,home
05-02-2024,Utrecht II,Ajax II,,0-1,0-1,away
05-02-2024,Trento,Fiorenzuola,,0-2,0-2,away
05-02-2024,Zaragoza,Gijon,,3-0,3-0,home
05-02-2024,Bastia,Ajaccio,,1-0,1-0,home
05-02-2024,Rayo Vallecano,Sevilla,,1-2,1-2,away
05-02-2024,Casa Pia,Boavista,,0-0,0-0,draw
05-02-2024,Wellington,CC Mariners,,0-0,0-0,draw
05-02-2024,Karagumruk,Samsunspor,,2-1,2-1,home
05-02-2024,Karmiotissa,AEL Limassol,,1-3,1-3,away
05-02-2024,Mallorca,Real Sociedad,,0-0,0-0,draw
04-02-2024,Wolfsburg,Hoffenheim,,2-2,2-2,draw
04-02-2024,Ascoli,Sudtirol,,1-2,1-2,away
04-02-2024,Osasuna,Celta Vigo,,0-3,0-3,away
04-02-2024,Amorebieta,Racing Santander,,0-1,0-1,away
04-02-2024,Mannheim,Munster,,2-2,2-2,draw
04-02-2024,Chaves,Farense,,1-1,1-1,draw
04-02-2024,Vizela,Vitoria Guimaraes,,0-1,0-1,away
04-02-2024,Sparta,Zwolle,,0-2,0-2,away
04-02-2024,Arsenal,Liverpool,,3-1,3-1,home
04-02-2024,Atalanta,Lazio,,3-1,3-1,home
04-02-2024,Arezzo,Virtus Entella,,0-0,0-0,draw
04-02-2024,Lucchese,Spal,,2-1,2-1,home
04-02-2024,Betis,Getafe,,1-1,1-1,draw
04-02-2024,Estoril,Estrela Amadora,,1-0,1-0,home
04-02-2024,Inter,Juventus,,1-0,1-0,home
04-02-2024,Virtus Verona,Padova,,1-1,1-1,draw
03-02-2024,Burnley,Fulham,,2-2,2-2,draw
03-02-2024,Blackburn,QPR,,1-2,1-2,away
03-02-2024,Huddersfield,Sheffield Wed,,4-0,4-0,home
03-02-2024,Hull,Millwall,,1-0,1-0,home
03-02-2024,Norwich,Coventry,,2-1,2-1,home
03-02-2024,Preston,Ipswich,,3-2,3-2,home
03-02-2024,Swansea,Plymouth,,0-1,0-1,away
03-02-2024,Granada CF,Las Palmas,,1-1,1-1,draw
03-02-2024,Portimonense,Arouca,,1-2,1-2,away
03-02-2024,Mali,Ivory Coast,,1-1,1-1,draw
03-02-2024,Koln,Eintracht Frankfurt,,2-0,2-0,home
03-02-2024,Leganes,Valladolid,,0-0,0-0,draw
03-02-2024,Hertha Berlin,Hamburger SV,,1-2,1-2,away
03-02-2024,Girona,Real Sociedad,,0-0,0-0,draw
03-02-2024,Nantes,Lens,,0-1,0-1,away
03-02-2024,Cape Verde,South Africa,,0-0,0-0,draw
02-02-2024,LASK,Salzburg,,2-3,2-3,away
02-02-2024,Magdeburg,Holstein Kiel,,1-1,1-1,draw
02-02-2024,Almere City,Excelsior,,2-1,2-1,home
02-02-2024,NAC Breda,De Graafschap,,0-0,0-0,draw
02-02-2024,Den Bosch,Helmond,,0-0,0-0,draw
02-02-2024,Dordrecht,Groningen,,1-0,1-0,home
02-02-2024,MVV,Telstar,,6-1,6-1,home
02-02-2024,Oss,ADO Den Haag,,1-3,1-3,away
02-02-2024,MTK,Ujpest,,3-0,3-0,home
02-02-2024,Palermo,Bari,,3-0,3-0,home
02-02-2024,Elche,Burgos,,2-0,2-0,home
02-02-2024,Lecce,Fiorentina,,3-2,3-2,home
02-02-2024,Vis Pesaro,Gubbio,,1-3,1-3,away
02-02-2024,Foggia,Catania,,1-1,1-1,draw
02-02-2024,Latina,Giugliano,,0-1,0-1,away
02-02-2024,D.R. Congo,Guinea,,3-1,3-1,home
01-02-2024,AEL Limassol,Nea Salamis,,3-1,3-1,home
01-02-2024,Katokopia,Ethnikos Achnas,,0-2,0-2,away
01-02-2024,West Ham,Bournemouth,,1-1,1-1,draw
01-02-2024,Mechelen,Anderlecht,,2-2,2-2,draw
01-02-2024,St. Truiden,Gent,,4-1,4-1,home
01-02-2024,Stade Lausanne Ouchy,Luzern,,0-3,0-3,away
01-02-2024,Wolverhampton,Manchester Utd,,3-4,3-4,away
01-02-2024,Envigado,Chico,,2-0,2-0,home
01-02-2024,Botafogo SP,Santo Andre,,1-0,1-0,home
01-02-2024,Cordoba Santiago,Godoy Cruz,,0-2,0-2,away
01-02-2024,Union de Santa Fe,Estudiantes,,0-1,0-1,away
01-02-2024,CPD Junior,Ind. Medellin,,3-0,3-0,home
01-02-2024,Brisbane Roar,Wellington,,1-1,1-1,draw
01-02-2024,Tajikistan,Jordan,,0-1,0-1,away
01-02-2024,Ankaragucu,Sivasspor,,0-0,0-0,draw
01-02-2024,Australia,South Korea,,1-1,1-1,draw
31-01-2024,Maccabi Petah Tikva,Hapoel Hadera,,1-0,1-0,home
31-01-2024,Hapoel Haifa,Hapoel Tel Aviv,,4-3,4-3,home
31-01-2024,Hapoel Beer Sheva,Maccabi Haifa,,2-1,2-1,home
31-01-2024,Rio Ave,Estoril,,1-1,1-1,draw
31-01-2024,St. Gallen,Servette,,0-2,0-2,away
31-01-2024,Sheffield Wed,Watford,,0-0,0-0,draw
31-01-2024,Hertha Berlin,Kaiserslautern,,1-3,1-3,away
31-01-2024,Defensa y Justicia,Platense,,3-0,3-0,home
31-01-2024,Standard,Antwerp,,0-1,0-1,away
31-01-2024,Deportivo Pereira,Dep. Pasto,,0-1,0-1,away
31-01-2024,Belgrano,San Lorenzo,,1-1,1-1,draw
31-01-2024,Bragantino,Palmeiras,,0-1,0-1,away
31-01-2024,Portuguesa,Ponte Preta,,0-2,0-2,away
31-01-2024,Guarani,Mirassol,,2-3,2-3,away
31-01-2024,Pachuca,Atlas,,4-3,4-3,home
31-01-2024,Deportes Tolima,America De Cali,,2-1,2-1,home
30-01-2024,SC Ashdod,Maccabi Bnei Raina,,1-0,1-0,home
30-01-2024,Mali,Burkina Faso,,2-1,2-1,home
30-01-2024,Blackpool,Bolton,,0-0,0-0,draw
30-01-2024,Westerlo,Cercle Brugge,,4-2,4-2,home
30-01-2024,Winterthur,Basel,,1-3,1-3,away
30-01-2024,Bradford City,Doncaster,,1-0,1-0,home
30-01-2024,Fulham,Everton,,0-0,0-0,draw
30-01-2024,Oxford Utd,Portsmouth,,2-2,2-2,draw
30-01-2024,Livingston,Ross County,,2-2,2-2,draw
30-01-2024,Aston Villa,Newcastle,,1-3,1-3,away
30-01-2024,Academico Viseu,Tondela,,1-1,1-1,draw
30-01-2024,Rosario Central,Banfield,,0-0,0-0,draw
30-01-2024,Corinthians,Sao Paulo,,1-2,1-2,away
30-01-2024,Lanus,Newells Old Boys,,0-2,0-2,away
30-01-2024,Velez Sarsfield,Independiente,,0-1,0-1,away
30-01-2024,Mazatlan,Leon,,2-2,2-2,draw
29-01-2024,Istanbulspor,Samsunspor,,1-1,1-1,draw
29-01-2024,Kayserispor,Antalyaspor,,1-1,1-1,draw
29-01-2024,Cape Verde,Mauritania,,1-0,1-0,home
29-01-2024,Benfica II,Leiria,,0-1,0-1,away
29-01-2024,Penafiel,Feirense,,2-1,2-1,home
29-01-2024,Ajax II,Dordrecht,,2-2,2-2,draw
29-01-2024,Valladolid,Santander,,3-1,3-1,home
29-01-2024,Bordeaux,Angers,,1-0,1-0,home
29-01-2024,Senegal,Ivory Coast,,1-1,1-1,draw
29-01-2024,Mali,Burkina Faso,,2-1,2-1,home
29-01-2024,Fulham,Everton,,0-0,0-0,draw
29-01-2024,Aston Villa,Newcastle,,1-3,1-3,away
29-01-2024,Academico Viseu,Tondela,,1-1,1-1,draw
29-01-2024,Mazatlan,Leon,,2-2,2-2,draw
29-01-2024,Santos Laguna,Puebla,,3-0,3-0,home
29-01-2024,Guadalajara,Toluca,,3-2,3-2,home
28-01-2024,Watford,Southampton,,1-1,1-1,draw
28-01-2024,Monza,Sassuolo,,1-0,1-0,home
28-01-2024,Verona,Frosinone,,1-1,1-1,draw
28-01-2024,QPR,Huddersfield,,1-1,1-1,draw
28-01-2024,Cittadella,Sampdoria,,1-2,1-2,away
28-01-2024,Andorra,Elche,,0-1,0-1,away
28-01-2024,Villarreal II,Huesca,,1-1,1-1,draw
28-01-2024,Munich 1860,Sandhausen,,1-1,1-1,draw
28-01-2024,Moreirense,Famalicao,,1-0,1-0,home
28-01-2024,Volendam,Fortuna S.,,0-1,0-1,away
28-01-2024,Toulouse,Lens,,0-2,0-2,away
28-01-2024,Lazio,Napoli,,0-0,0-0,draw
28-01-2024,Sevilla,Osasuna,,1-1,1-1,draw
28-01-2024,Burgos,Albacete,,2-1,2-1,home
28-01-2024,Arouca,Vizela,,5-0,5-0,home
28-01-2024,Gil Vicente,Guimaraes,,1-0,1-0,home
27-01-2024,Millwall,Preston,,1-1,1-1,draw
27-01-2024,Sunderland,Stoke,,3-1,3-1,home
27-01-2024,Bristol Rovers,Oxford Utd,,3-1,3-1,home
27-01-2024,Cambridge Utd,Burton,,0-0,0-0,draw
27-01-2024,Port Vale,Portsmouth,,0-1,0-1,away
27-01-2024,Reading,Leyton Orient,,1-1,1-1,draw
27-01-2024,Wigan,Stevenage,,2-3,2-3,away
27-01-2024,Alcorcon,Zaragoza,,0-0,0-0,draw
27-01-2024,Angola,Namibia,,3-0,3-0,home
27-01-2024,Oviedo,Leganes,,1-0,1-0,home
27-01-2024,RKC Waalwijk,Sparta Rotterdam,,1-1,1-1,draw
27-01-2024,Excelsior,Utrecht,,1-1,1-1,draw
27-01-2024,Mallorca,Betis,,0-1,0-1,away
27-01-2024,Levante,Tenerife,,0-0,0-0,draw
27-01-2024,Olympique Marseille,Monaco,,2-2,2-2,draw
27-01-2024,Nigeria,Cameroon,,2-0,2-0,home
26-01-2024,Kaiserslautern,Schalke,,4-1,4-1,home
26-01-2024,Hallescher,Mannheim,,1-4,1-4,away
26-01-2024,GOAL,Dijon,,1-2,1-2,away
26-01-2024,Orleans,Versailles,,2-1,2-1,home
26-01-2024,Epinal,Nancy,,1-2,1-2,away
26-01-2024,Nimes,Rouen,,2-0,2-0,home
26-01-2024,Niort,Chateauroux,,0-0,0-0,draw
26-01-2024,Zwolle,Vitesse,,1-0,1-0,home
26-01-2024,Eintracht Frankfurt,Mainz,,1-0,1-0,home
26-01-2024,Catanzaro,Palermo,,1-1,1-1,draw
26-01-2024,Chelsea,Aston Villa,,0-0,0-0,draw
26-01-2024,Sheffield Wed,Coventry,,1-1,1-1,draw
26-01-2024,Bristol City,Nottingham,,0-0,0-0,draw
26-01-2024,Cagliari,Torino,,1-2,1-2,away
26-01-2024,Almeria,Alaves,,0-3,0-3,away
26-01-2024,Olympique Lyon,Rennes,,2-3,2-3,away
25-01-2024,Rizespor,Trabzonspor,,1-0,1-0,home
25-01-2024,St.Gilloise,Anderlecht,,2-1,2-1,home
25-01-2024,Instituto,Dep. Riestra,,0-0,0-0,draw
25-01-2024,Tigre,Sarmiento Junin,,0-0,0-0,draw
25-01-2024,Santo Andre,Novorizontino,,0-0,0-0,draw
25-01-2024,Atl. Tucuman,Rosario Central,,1-1,1-1,draw
25-01-2024,Cordoba Santiago,Newells Old Boys,,0-1,0-1,away
25-01-2024,Melbourne Victory,Sydney FC,,1-1,1-1,draw
25-01-2024,Kaiserslautern,Schalke,,4-1,4-1,home
25-01-2024,Hallescher,Mannheim,,1-4,1-4,away
25-01-2024,Cagliari,Torino,,1-2,1-2,away
25-01-2024,Chelsea,Aston Villa,,0-0,0-0,draw
25-01-2024,Sheffield Wed,Coventry,,1-1,1-1,draw
25-01-2024,Bristol City,Nottingham,,0-0,0-0,draw
25-01-2024,Olympique Lyon,Rennes,,2-3,2-3,away
25-01-2024,Almeria,Alaves,,0-3,0-3,away
24-01-2024,South Africa,Tunisia,,0-0,0-0,draw
24-01-2024,Lucchese,Padova,,1-0,1-0,home
24-01-2024,Bielefeld,Ulm,,0-2,0-2,away
24-01-2024,Ingolstadt,Munster,,1-1,1-1,draw
24-01-2024,Sandhausen,Erzgebirge Aue,,1-0,1-0,home
24-01-2024,Maccabi Haifa,Maccabi Tel Aviv,,0-0,0-0,draw
24-01-2024,Mallorca,Girona,,3-2,3-2,home
24-01-2024,Feyenoord,PSV,,1-0,1-0,home
24-01-2024,Rimini,Catania,,1-0,1-0,home
24-01-2024,St Johnstone,Aberdeen,,1-1,1-1,draw
24-01-2024,Ath Bilbao,Barcelona,,2-2,2-2,draw
24-01-2024,Ituano,Corinthians,,1-0,1-0,home
24-01-2024,Portuguesa,Bragantino,,1-2,1-2,away
24-01-2024,Atl. San Luis,Tigres Uanl,,1-2,1-2,away
24-01-2024,Millonarios,CPD Junior,,2-0,2-0,home
24-01-2024,Herediano,Deportivo Saprissa,,2-1,2-1,home
23-01-2024,Pendikspor,Kasimpasa,,3-2,3-2,home
23-01-2024,Guinea,Senegal,,0-2,0-2,away
23-01-2024,Duisburg,Hallescher,,2-3,2-3,away
23-01-2024,Lubeck,Munich 1860,,1-1,1-1,draw
23-01-2024,Verl,Saarbrucken,,0-0,0-0,draw
23-01-2024,Bastia,Caen,,1-2,1-2,away
23-01-2024,Laval,Paris FC,,1-1,1-1,draw
23-01-2024,Charlton,Northampton,,2-3,2-3,away
23-01-2024,Wigan,Wycombe,,1-0,1-0,home
23-01-2024,Oxford Utd,Barnsley,,0-1,0-1,away
23-01-2024,Milton Keynes Dons,Wimbledon,,3-1,3-1,home
23-01-2024,Morecambe,Crewe,,Postp,Postp,postponed
23-01-2024,Braga,Sporting CP,,1-0,1-0,home
23-01-2024,Reading,Derby,,1-0,1-0,home
23-01-2024,Angola,Burkina Faso,,2-0,2-0,home
23-01-2024,Celta Vigo,Real Sociedad,,1-2,1-2,away
22-01-2024,FC Voluntari,Otelul,,1-1,1-1,draw
22-01-2024,Tajikistan,Lebanon,,2-1,2-1,home
22-01-2024,AEK Larnaca,Paphos,,1-0,1-0,home
22-01-2024,Aris Limmasol,Anorthosis,,2-1,2-1,home
22-01-2024,Dijon,Le Mans,,1-1,1-1,draw
22-01-2024,Versailles,Martigues,,0-1,0-1,away
22-01-2024,Hapoel Tel Aviv,Beitar Jerusalem,,0-1,0-1,away
22-01-2024,Leganes,Burgos CF,,2-0,2-0,home
22-01-2024,Leicester,Ipswich,,1-1,1-1,draw
22-01-2024,Dep. Pasto,Santa Fe,,0-1,0-1,away
22-01-2024,Newcastle Jets,Brisbane Roar,,3-1,3-1,home
22-01-2024,Australia,Uzbekistan,,1-1,1-1,draw
22-01-2024,Guinea,Senegal,,0-2,0-2,away
22-01-2024,Amiens,Annecy,,1-0,1-0,home
22-01-2024,Angers,Quevilly Rouen,,3-2,3-2,home
22-01-2024,Bastia,Caen,,1-2,1-2,away
21-01-2024,Sheffield Utd,West Ham,,2-2,2-2,draw
21-01-2024,Empoli,Monza,,3-0,3-0,home
21-01-2024,Ascoli,Bari,,2-2,2-2,draw
21-01-2024,Mirandes,Levante,,1-1,1-1,draw
21-01-2024,Portimonense,Gil Vicente,,0-2,0-2,away
21-01-2024,B. Monchengladbach,Augsburg,,1-2,1-2,away
21-01-2024,Salernitana,Genoa,,1-2,1-2,away
21-01-2024,Virtus Verona,Legnago,,1-1,1-1,draw
21-01-2024,Arezzo,Pescara,,1-2,1-2,away
21-01-2024,Vis Pesaro,Carrarese,,0-0,0-0,draw
21-01-2024,Huesca,Eibar,,2-3,2-3,away
21-01-2024,Chaves,Rio Ave,,0-0,0-0,draw
21-01-2024,Freiburg II,Dortmund II,,0-0,0-0,draw
21-01-2024,Monopoli,Potenza,,1-0,1-0,home
21-01-2024,Elche,Valladolid,,0-0,0-0,draw
21-01-2024,Rennes,Olympique Marseille,,1-1,1-1,draw
20-01-2024,Bristol City,Watford,,1-1,1-1,draw
20-01-2024,Norwich,WBA,,2-0,2-0,home
20-01-2024,Plymouth,Cardiff,,3-1,3-1,home
20-01-2024,QPR,Millwall,,2-0,2-0,home
20-01-2024,Sheffield Wed,Coventry,,1-2,1-2,away
20-01-2024,Villarreal,Mallorca,,1-1,1-1,draw
20-01-2024,Leko,Pisa,,1-3,1-3,away
20-01-2024,Palermo,Modena,,4-2,4-2,home
20-01-2024,Estoril,Arouca,,1-2,1-2,away
20-01-2024,Brentford,Nottingham,,3-2,3-2,home
20-01-2024,RB Leipzig,Bayer Leverkusen,,2-3,2-3,away
20-01-2024,Valencia,Ath Bilbao,,1-0,1-0,home
20-01-2024,Tenerife,Gijon,,0-1,0-1,away
20-01-2024,Casa Pia,SC Farense,,1-3,1-3,away
20-01-2024,Celta Vigo,Real Sociedad,,0-1,0-1,away
20-01-2024,Ferrol,Oviedo,,1-3,1-3,away
19-01-2024,Senegal,Cameroon,,3-1,3-1,home
19-01-2024,Excelsior,Heerenveen,,3-0,3-0,home
19-01-2024,Eindhoven,De Graafschap,,0-1,0-1,away
19-01-2024,Lommel,Beerschot Wilrijk,,Postp,Postp,postponed
19-01-2024,Oss,Telstar,,1-0,1-0,home
19-01-2024,VVV Venlo,ADO Den Haag,,Postp,Postp,postponed
19-01-2024,Den Bosch,Roda,,0-0,0-0,draw
19-01-2024,Sampdoria,Parma,,0-3,0-3,away
19-01-2024,Zaragoza,Andorra FC,,Postp,Postp,postponed
19-01-2024,Sunderland,Hull,,0-1,0-1,away
19-01-2024,Guinea,Gambia,,1-0,1-0,home
19-01-2024,Patriotas,Jaguares de Cordoba,,0-1,0-1,away
19-01-2024,Puebla,Necaxa,,1-2,1-2,away
19-01-2024,Deportivo Pereira,Deportivo Cali,,2-2,2-2,draw
19-01-2024,Atl. San Luis,Pumas Unam,,3-1,3-1,home
19-01-2024,Juarez,Cruz Azul,,0-0,0-0,draw
18-01-2024,Ivory Coast,Nigeria,,0-1,0-1,away
18-01-2024,Niki Volos,Levadiakos,,1-0,1-0,home
18-01-2024,Napoli,Fiorentina,,3-0,3-0,home
18-01-2024,Egypt,Ghana,,2-2,2-2,draw
18-01-2024,Atl. Madrid,Real Madrid,,2-2,2-2,draw
18-01-2024,Wellington Phoenix,Melbourne Victory,,1-1,1-1,draw
18-01-2024,Cape Verde,Mozambique,,3-0,3-0,home
18-01-2024,Senegal,Cameroon,,3-1,3-1,home
18-01-2024,Excelsior,Heerenveen,,3-0,3-0,home
18-01-2024,Eindhoven,De Graafschap,,0-1,0-1,away
18-01-2024,Emmen,Groningen,,Postp,Postp,postponed
18-01-2024,Sampdoria,Parma,,0-3,0-3,away
18-01-2024,Zaragoza,Andorra FC,,Postp,Postp,postponed
18-01-2024,Mainz,Union Berlin,,Postp,Postp,postponed
18-01-2024,Guinea,Gambia,,1-0,1-0,home
18-01-2024,Sunderland,Hull,,0-1,0-1,away
17-01-2024,Kifisia,OFI,,1-1,1-1,draw
17-01-2024,Maccabi Petah Tikva,MC Ashdod,,1-2,1-2,away
17-01-2024,Aris,AEK,,1-1,1-1,draw
17-01-2024,NEC,Go Ahead,,2-1,2-1,home
17-01-2024,Almere City,Fortuna Sittard,,1-2,1-2,away
17-01-2024,Valencia,Celta Vigo,,1-3,1-3,away
17-01-2024,Oostende,RWD Molenbeek,,2-0,2-0,home
17-01-2024,Olympiacos,Panathinaikos,,0-0,0-0,draw
17-01-2024,Everton,Crystal Palace,,1-0,1-0,home
17-01-2024,Bristol Rovers,Norwich,,1-3,1-3,away
17-01-2024,Blackpool,Nottingham,,2-2,2-2,draw
17-01-2024,Portuguesa RJ,Bangu,,1-0,1-0,home
17-01-2024,Osasuna,Sociedad,,0-2,0-2,away
17-01-2024,D.R. Congo,Zambia,,1-1,1-1,draw
17-01-2024,Municipal Grecia,Sporting San Jose,,2-2,2-2,draw
17-01-2024,Leon,Tigres Uanl,,1-2,1-2,away
16-01-2024,Doncaster,Wigan,,1-1,1-1,draw
16-01-2024,Excelsior,Groningen,,0-2,0-2,away
16-01-2024,Getafe,Sevilla,,1-3,1-3,away
16-01-2024,Birmingham,Hull,,2-1,2-1,home
16-01-2024,Eastleigh,Newport,,1-3,1-3,away
16-01-2024,Bolton,Luton,,1-2,1-2,away
16-01-2024,Gent,Club Brugge,,0-1,0-1,away
16-01-2024,Mali,South Africa,,2-0,2-0,home
16-01-2024,Tenerife,Mallorca,,0-0,0-0,draw
16-01-2024,Alanyaspor,Samsunspor,,1-1,1-1,draw
16-01-2024,NEC,Go Ahead,,2-1,2-1,home
16-01-2024,Almere City,Fortuna Sittard,,1-2,1-2,away
16-01-2024,Valencia,Celta Vigo,,1-3,1-3,away
16-01-2024,Everton,Crystal Palace,,1-0,1-0,home
16-01-2024,Bristol Rovers,Norwich,,1-3,1-3,away
16-01-2024,Osasuna,Sociedad,,0-2,0-2,away
15-01-2024,Cameroon,Guinea,,1-1,1-1,draw
15-01-2024,Mafra,Nacional,,0-0,0-0,draw
15-01-2024,Pescara,Perugia,,0-1,0-1,away
15-01-2024,Eldense,Zaragoza,,1-1,1-1,draw
15-01-2024,Thailand,Kyrgyzstan,,2-0,2-0,home
15-01-2024,Ankaragucu,Rizespor,,3-1,3-1,home
15-01-2024,Excelsior Maassluis,ADO Den Haag,,1-2,1-2,away
15-01-2024,Excelsior,Groningen,,0-2,0-2,away
15-01-2024,Doncaster,Wigan,,1-1,1-1,draw
15-01-2024,Birmingham,Hull,,2-1,2-1,home
15-01-2024,Eastleigh,Newport,,1-3,1-3,away
15-01-2024,Bolton,Luton,,1-2,1-2,away
15-01-2024,Bristol City,West Ham,,1-0,1-0,home
15-01-2024,Gent,Club Brugge,,0-1,0-1,away
15-01-2024,Halifax,Solihull Moors,,Postp,Postp,postponed
15-01-2024,Oldham,Boreham Wood,,Postp,Postp,postponed
14-01-2024,Everton,Aston Villa,,0-0,0-0,draw
14-01-2024,Cagliari,Bologna,,2-1,2-1,home
14-01-2024,Metz,Toulouse,,0-1,0-1,away
14-01-2024,Nantes,Clermont,,1-2,1-2,away
14-01-2024,Tondela,AVS,,3-2,3-2,home
14-01-2024,Bochum,Werder Bremen,,1-1,1-1,draw
14-01-2024,Venezia,Sampdoria,,5-3,5-3,home
14-01-2024,Cadiz,Valencia,,1-4,1-4,away
14-01-2024,Gil Vicente,Estrela Amadora,,1-1,1-1,draw
14-01-2024,Le Havre,Olympique Lyon,,3-1,3-1,home
14-01-2024,Manchester Utd,Tottenham,,2-2,2-2,draw
14-01-2024,B. Monchengladbach,Stuttgart,,3-1,3-1,home
14-01-2024,Vizela,Boavista,,1-4,1-4,away
14-01-2024,Leiria,Santa Clara,,0-1,0-1,away
14-01-2024,Milan,Roma,,3-1,3-1,home
14-01-2024,Lens,PSG,,0-2,0-2,away
13-01-2024,Birmingham,Swansea,,2-2,2-2,draw
13-01-2024,Huddersfield,Plymouth,,1-1,1-1,draw
13-01-2024,Millwall,Middlesbrough,,1-3,1-3,away
13-01-2024,Preston,Bristol City,,2-0,2-0,home
13-01-2024,Rotherham,Stoke,,0-1,0-1,away
13-01-2024,Mallorca,Celta Vigo,,1-1,1-1,draw
13-01-2024,Levante,Albacete,,3-2,3-2,home
13-01-2024,Casa Pia,Famalicao,,0-2,0-2,away
13-01-2024,Verona,Empoli,,2-1,2-1,home
13-01-2024,Ipswich,Sunderland,,2-1,2-1,home
13-01-2024,Ath Bilbao,Real Sociedad,,2-1,2-1,home
13-01-2024,Tenerife,Elche,,0-1,0-1,away
13-01-2024,Burgos,Valladolid,,1-0,1-0,home
13-01-2024,Ferrol,Espanyol,,0-0,0-0,draw
13-01-2024,Rennes,Nice,,2-0,2-0,home
13-01-2024,Estoril,Moreirense,,1-3,1-3,away
12-01-2024,Sakaryaspor,Goztepe,,1-2,1-2,away
12-01-2024,Chateauroux,Nancy,,0-1,0-1,away
12-01-2024,GOAL,Versailles,,2-0,2-0,home
12-01-2024,Le Mans,Niort,,0-2,0-2,away
12-01-2024,Martigues,Dijon,,3-1,3-1,home
12-01-2024,ADO Den Haag,De Graafschap,,5-3,5-3,home
12-01-2024,Dordrecht,Helmond,,2-0,2-0,home
12-01-2024,Telstar,AZ Alkmaar II,,1-1,1-1,draw
12-01-2024,Burnley,Luton,,1-1,1-1,draw
12-01-2024,Giugliano Calcio 1928,Foggia,,4-1,4-1,home
12-01-2024,Taranto,Picerno,,1-1,1-1,draw
12-01-2024,Crusaders,Larne,,0-2,0-2,away
12-01-2024,Hull,Norwich,,1-2,1-2,away
12-01-2024,Sevilla,Alaves,,2-3,2-3,away
12-01-2024,Portimonense,Farense,,1-0,1-0,home
12-01-2024,Queretaro,Toluca,,2-2,2-2,draw
11-01-2024,Oran,Constantine,,1-4,1-4,away
11-01-2024,Macarthur,Western United,,3-3,3-3,draw
11-01-2024,Melbourne City,Sydney W.,,0-1,0-1,away
11-01-2024,Sakaryaspor,Goztepe,,1-2,1-2,away
11-01-2024,Avranches,Cholet,,2-1,2-1,home
11-01-2024,Chateauroux,Nancy,,0-1,0-1,away
11-01-2024,Le Mans,Niort,,0-2,0-2,away
11-01-2024,Martigues,Dijon,,3-1,3-1,home
11-01-2024,ADO Den Haag,De Graafschap,,5-3,5-3,home
11-01-2024,Telstar,AZ Alkmaar II,,1-1,1-1,draw
11-01-2024,Sevilla,Alaves,,2-3,2-3,away
11-01-2024,Hull,Norwich,,1-2,1-2,away
11-01-2024,Portimonense,Farense,,1-0,1-0,home
11-01-2024,Queretaro,Toluca,,2-2,2-2,draw
11-01-2024,Mazatlan,Atl. San Luis,,0-1,0-1,away
11-01-2024,CC Mariners,Melbourne Victory,,1-1,1-1,draw
10-01-2024,Lazio,Roma,,1-0,1-0,home
10-01-2024,Maccabi Tel Aviv,Maccabi Haifa,,0-1,0-1,away
10-01-2024,Maritimo,Leiria,,0-3,0-3,away
10-01-2024,Real Madrid,Atl. Madrid,,3-3,3-3,draw
10-01-2024,Panathinaikos,Olympiacos,,1-1,1-1,draw
10-01-2024,Milan,Atalanta,,1-2,1-2,away
10-01-2024,Vizela,Arouca,,1-0,1-0,home
10-01-2024,Macarthur,Western United,,3-3,3-3,draw
10-01-2024,Nea Salamis,AEK Larnaca,,0-1,0-1,away
10-01-2024,Sakaryaspor,Goztepe,,1-2,1-2,away
10-01-2024,RKC Waalwijk,Heracles,,1-2,1-2,away
10-01-2024,Sevilla,Alaves,,2-3,2-3,away
10-01-2024,Hull,Norwich,,1-2,1-2,away
10-01-2024,Portimonense,Farense,,1-0,1-0,home
10-01-2024,Queretaro,Toluca,,2-2,2-2,draw
10-01-2024,Mazatlan,Atl. San Luis,,0-1,0-1,away
09-01-2024,Kasimpasa,Basaksehir,,0-3,0-3,away
09-01-2024,Rizespor,Besiktas,,0-4,0-4,away
09-01-2024,Setif,Belouizdad,,1-3,1-3,away
09-01-2024,Wimbledon,Oxford Utd,,2-0,2-0,home
09-01-2024,Fiorentina,Bologna,,0-0,0-0,draw
09-01-2024,Panserraikos,Asteras Tripolis,,1-1,1-1,draw
09-01-2024,Karagumruk,Kayserispor,,4-1,4-1,home
09-01-2024,Hatayspor,Gaziantep,,0-0,0-0,draw
09-01-2024,Lazio,Roma,,1-0,1-0,home
09-01-2024,Maccabi Tel Aviv,Maccabi Haifa,,0-1,0-1,away
09-01-2024,Maritimo,Leiria,,0-3,0-3,away
09-01-2024,Real Madrid,Atl. Madrid,,3-3,3-3,draw
09-01-2024,Panathinaikos,Olympiacos Piraeus,,1-1,1-1,draw
09-01-2024,Accrington,Bolton,,1-3,1-3,away
09-01-2024,Milan,Atalanta,,1-2,1-2,away
09-01-2024,Vizela,Arouca,,1-0,1-0,home
08-01-2024,Maccabi Petah Tikva,Hapoel Haifa,,0-3,0-3,away
08-01-2024,Padova,Mantova,,0-5,0-5,away
08-01-2024,Lumezzane,Pro Vercelli,,0-3,0-3,away
08-01-2024,Moreirense,Casa Pia,,1-4,1-4,away
08-01-2024,Alanyaspor,Ankaragucu,,1-1,1-1,draw
08-01-2024,Pendikspor,Antalyaspor,,0-1,0-1,away
08-01-2024,Kasimpasa,Basaksehir,,0-3,0-3,away
08-01-2024,Rizespor,Besiktas,,0-4,0-4,away
08-01-2024,Fiorentina,Bologna,,0-0,0-0,draw
08-01-2024,Karagumruk,Kayserispor,,4-1,4-1,home
08-01-2024,Hatayspor,Gaziantep,,0-0,0-0,draw
08-01-2024,Lazio,Roma,,1-0,1-0,home
08-01-2024,Maritimo,Leiria,,0-3,0-3,away
08-01-2024,Real Madrid,Atl. Madrid,,3-3,3-3,draw
08-01-2024,Milan,Atalanta,,1-2,1-2,away
08-01-2024,Vizela,Arouca,,1-0,1-0,home
07-01-2024,Shrewsbury,Wrexham,,0-1,0-1,away
07-01-2024,Torino,Napoli,,3-0,3-0,home
07-01-2024,Udinese,Lazio,,1-2,1-2,away
07-01-2024,Castellon,Osasuna,,0-0,0-0,draw
07-01-2024,Ferrol,Sevilla,,1-2,1-2,away
07-01-2024,Feirense,Torreense,,3-1,3-1,home
07-01-2024,PAS Giannina,Asteras Tripolis,,2-1,2-1,home
07-01-2024,Arsenal,Liverpool,,0-2,0-2,away
07-01-2024,Brindisi,Potenza,,0-4,0-4,away
07-01-2024,Crotone,Catania,,3-0,3-0,home
07-01-2024,Aris,PAOK,,2-1,2-1,home
07-01-2024,Eibar,Ath Bilbao,,0-3,0-3,away
07-01-2024,Cartagena,Valencia,,1-1,1-1,draw
07-01-2024,Olympiacos,AEK,,1-2,1-2,away
07-01-2024,Roma,Atalanta,,1-1,1-1,draw
07-01-2024,Tenerife,Las Palmas,,2-0,2-0,home
06-01-2024,Burton,Wycombe,,1-1,1-1,draw
06-01-2024,Exeter,Carlisle,,2-1,2-1,home
06-01-2024,Salford,Forest Green,,2-2,2-2,draw
06-01-2024,Port Vale,Charlton,,3-3,3-3,draw
06-01-2024,Swindon,Colchester,,2-2,2-2,draw
06-01-2024,Vis Pesaro,Spal,,1-1,1-1,draw
06-01-2024,Foggia,Taranto,,1-2,1-2,away
06-01-2024,Latina,Avellino,,0-5,0-5,away
06-01-2024,Farense,Gil Vicente,,0-0,0-0,draw
06-01-2024,Espanyol,Getafe,,0-1,0-1,away
06-01-2024,Lecce,Cagliari,,1-1,1-1,draw
06-01-2024,Elche,Girona,,0-2,0-2,away
06-01-2024,Sheffield Wed,Cardiff,,4-0,4-0,home
06-01-2024,Huesca,Rayo Vallecano,,0-0,0-0,draw
06-01-2024,Alaves,Betis,,1-0,1-0,home
06-01-2024,Sassuolo,Fiorentina,,1-0,1-0,home
05-01-2024,Pau,Nantes,,1-4,1-4,away
05-01-2024,Antalyaspor,Alanyaspor,,0-0,0-0,draw
05-01-2024,Brentford,Wolverhampton,,1-1,1-1,draw
05-01-2024,Bologna,Genoa,,1-1,1-1,draw
05-01-2024,Metz,Clermont,,1-1,1-1,draw
05-01-2024,Rizespor,Hatayspor,,2-0,2-0,home
05-01-2024,AlbinoLeffe,Vicenza,,0-0,0-0,draw
05-01-2024,Monopoli,Casertana,,1-2,1-2,away
05-01-2024,Frosinone,Monza,,2-3,2-3,away
05-01-2024,Orleans,Nimes,,2-1,2-1,home
05-01-2024,Foggia,Taranto,,1-2,1-2,away
05-01-2024,Latina,Avellino,,0-5,0-5,away
05-01-2024,Arezzo,Rimini,,1-0,1-0,home
05-01-2024,Estrela Amadora,Vizela,,1-1,1-1,draw
05-01-2024,Farense,Gil Vicente,,1-0,1-0,home
05-01-2024,Vis Pesaro,Spal,,1-1,1-1,draw
04-01-2024,Panetolikos,Panserraikos,,3-2,3-2,home
04-01-2024,Union Touarga,Olympique de Safi,,1-0,1-0,home
04-01-2024,Berrechid,Hassania Agadir,,1-2,1-2,away
04-01-2024,Sevilla,Ath Bilbao,,0-2,0-2,away
04-01-2024,Hapoel Haifa,Beitar Jerusalem,,3-2,3-2,home
04-01-2024,Crystal Palace,Everton,,0-0,0-0,draw
04-01-2024,Macarthur,Newcastle Jets,,1-1,1-1,draw
04-01-2024,Gaziantep,Pendikspor,,2-2,2-2,draw
04-01-2024,Ben Aknoun,Oran,,2-1,2-1,home
04-01-2024,Magra,Setif,,0-1,0-1,away
04-01-2024,Souf US,Paradou,,1-4,1-4,away
04-01-2024,Chlef,USM Alger,,0-1,0-1,away
04-01-2024,Antalyaspor,Alanyaspor,,0-0,0-0,draw
04-01-2024,Brentford,Wolverhampton,,1-1,1-1,draw
04-01-2024,Bologna,Genoa,,1-1,1-1,draw
04-01-2024,Metz,Clermont,,1-1,1-1,draw
03-01-2024,Wydad Casablanca,Raja Casablanca,,0-2,0-2,away
03-01-2024,Granada,Cadiz,,2-0,2-0,home
03-01-2024,Ethnikos Achnas,Nea Salamis,,2-3,2-3,away
03-01-2024,Paphos,Aris Limmasol,,1-0,1-0,home
03-01-2024,Hapoel Jerusalem,Maccabi Petah Tikva,,3-1,3-1,home
03-01-2024,Hapoel Tel Aviv,Bnei Sakhnin,,3-3,3-3,draw
03-01-2024,Celta Vigo,Betis,,2-1,2-1,home
03-01-2024,Girona,Atl. Madrid,,4-3,4-3,home
03-01-2024,Adelaide,Wellington,,2-2,2-2,draw
03-01-2024,Panetolikos,Panserraikos,,3-2,3-2,home
03-01-2024,Sevilla,Ath Bilbao,,0-2,0-2,away
03-01-2024,Crystal Palace,Everton,,0-0,0-0,draw
03-01-2024,Macarthur,Newcastle Jets,,1-1,1-1,draw
03-01-2024,Gaziantep,Pendikspor,,2-2,2-2,draw
03-01-2024,Antalyaspor,Alanyaspor,,0-0,0-0,draw
03-01-2024,Brentford,Wolverhampton,,1-1,1-1,draw
02-01-2024,Apollon Lim.,APOEL Nicosia,,2-2,2-2,draw
02-01-2024,Dundee,St Johnstone,,Postp,Postp,postponed
02-01-2024,Livingston,Hearts,,1-2,1-2,away
02-01-2024,Ross County,Aberdeen,,0-3,0-3,away
02-01-2024,Getafe,Rayo Vallecano,,0-2,0-2,away
02-01-2024,Maccabi Bnei Raina,Maccabi Netanya,,1-3,1-3,away
02-01-2024,West Ham,Brighton,,0-0,0-0,draw
02-01-2024,Valencia,Villarreal,,3-1,3-1,home
02-01-2024,Asteras Tripolis,Aris,,3-2,3-2,home
02-01-2024,Granada,Cadiz,,2-0,2-0,home
02-01-2024,Ethnikos Achnas,Nea Salamis,,2-3,2-3,away
02-01-2024,Paphos,Aris Limmasol,,1-0,1-0,home
02-01-2024,Hapoel Jerusalem,Maccabi Petah Tikva,,3-1,3-1,home
02-01-2024,Hapoel Tel Aviv,Bnei Sakhnin,,3-3,3-3,draw
02-01-2024,Celta Vigo,Betis,,2-1,2-1,home
02-01-2024,Girona,Atl. Madrid,,4-3,4-3,home
01-01-2024,Bristol City,Millwall,,0-1,0-1,away
01-01-2024,Middlesbrough,Coventry,,1-3,1-3,away
01-01-2024,Norwich,Southampton,,1-1,1-1,draw
01-01-2024,Plymouth,Watford,,3-3,3-3,draw
01-01-2024,QPR,Cardiff,,1-2,1-2,away
01-01-2024,Stoke,Ipswich,,0-0,0-0,draw
01-01-2024,Swansea,WBA,,1-0,1-0,home
01-01-2024,Cambridge Utd,Leyton Orient,,0-2,0-2,away
01-01-2024,Carlisle,Port Vale,,2-1,2-1,home
01-01-2024,Charlton,Oxford Utd,,1-2,1-2,away
01-01-2024,Derby,Peterborough,,2-3,2-3,away
01-01-2024,Shrewsbury,Fleetwood,,3-1,3-1,home
01-01-2024,Wycombe,Bristol Rovers,,3-2,3-2,home
01-01-2024,Colchester,Gillingham,,0-1,0-1,away
01-01-2024,Crawley,Swindon,,3-1,3-1,home
01-01-2024,Sheffield Wed,Hull,,3-1,3-1,home
31-12-2023,Beitar Jerusalem,Maccabi Petah Tikva,,3-2,3-2,home
31-12-2023,Bristol City,Millwall,,0-1,0-1,away
31-12-2023,Middlesbrough,Coventry,,1-3,1-3,away
31-12-2023,Norwich,Southampton,,1-1,1-1,draw
31-12-2023,Plymouth,Watford,,3-3,3-3,draw
31-12-2023,QPR,Cardiff,,1-2,1-2,away
31-12-2023,Stoke,Ipswich,,0-0,0-0,draw
31-12-2023,Swansea,WBA,,1-0,1-0,home
31-12-2023,Cambridge Utd,Leyton Orient,,0-2,0-2,away
31-12-2023,Carlisle,Port Vale,,2-1,2-1,home
31-12-2023,Charlton,Oxford Utd,,1-2,1-2,away
31-12-2023,Derby,Peterborough,,2-3,2-3,away
31-12-2023,Shrewsbury,Fleetwood,,3-1,3-1,home
31-12-2023,Wycombe,Bristol Rovers,,3-2,3-2,home
31-12-2023,Colchester,Gillingham,,0-1,0-1,away
31-12-2023,Sheffield Wed,Hull,,3-1,3-1,home
30-12-2023,Cagliari,Empoli,,0-0,0-0,draw
30-12-2023,Udinese,Bologna,,3-0,3-0,home
30-12-2023,Ferreira,Benfica II,,2-2,2-2,draw
30-12-2023,Crystal Palace,Brentford,,3-1,3-1,home
30-12-2023,Wolverhampton,Everton,,3-0,3-0,home
30-12-2023,Motherwell,Livingston,,3-1,3-1,home
30-12-2023,Kidderminster,Boreham Wood,,1-2,1-2,away
30-12-2023,Oldham,Hartlepool,,2-0,2-0,home
30-12-2023,Estoril,Farense,,4-0,4-0,home
30-12-2023,Gil Vicente,Boavista,,1-0,1-0,home
30-12-2023,Hapoel E.H.,Maccabi Netanya,,1-4,1-4,away
30-12-2023,Verona,Salernitana,,0-1,0-1,away
30-12-2023,El Gaish,Zed,,1-0,1-0,home
30-12-2023,Enppi,Baladeya,,3-0,3-0,home
30-12-2023,Nottingham,Manchester Utd,,2-1,2-1,home
30-12-2023,Juventus,Roma,,1-0,1-0,home
29-12-2023,Fiorentina,Torino,,1-0,1-0,home
29-12-2023,Galatasaray,Fenerbahce,,Postp,Postp,postponed
29-12-2023,Wigan,Carlisle,,2-0,2-0,home
29-12-2023,Birmingham,Bristol City,,0-0,0-0,draw
29-12-2023,Millwall,Norwich,,1-0,1-0,home
29-12-2023,Preston,Sheffield Wed,,0-1,0-1,away
29-12-2023,Watford,Stoke,,1-1,1-1,draw
29-12-2023,Bristol Rovers,Charlton,,2-1,2-1,home
29-12-2023,Burton,Shrewsbury,,1-0,1-0,home
29-12-2023,Cheltenham,Reading,,2-2,2-2,draw
29-12-2023,Leyton Orient,Wycombe,,0-0,0-0,draw
29-12-2023,Lincoln,Northampton,,1-2,1-2,away
29-12-2023,Oxford Utd,Derby,,2-3,2-3,away
29-12-2023,Port Vale,Blackpool,,3-0,3-0,home
29-12-2023,Bradford City,Stockport County,,0-0,0-0,draw
29-12-2023,WBA,Leeds,,1-0,1-0,home
28-12-2023,Brighton,Tottenham,,4-2,4-2,home
28-12-2023,Estrela Amadora,Arouca,,1-4,1-4,away
28-12-2023,Fiorentina,Torino,,1-0,1-0,home
28-12-2023,Galatasaray,Fenerbahce,,Postp,Postp,postponed
28-12-2023,Birmingham,Bristol City,,0-0,0-0,draw
28-12-2023,Millwall,Norwich,,1-0,1-0,home
28-12-2023,Preston,Sheffield Wed,,0-1,0-1,away
28-12-2023,Watford,Stoke,,1-1,1-1,draw
28-12-2023,Bristol Rovers,Charlton,,2-1,2-1,home
28-12-2023,Burton,Shrewsbury,,1-0,1-0,home
28-12-2023,Cheltenham,Reading,,2-2,2-2,draw
28-12-2023,Leyton Orient,Wycombe,,0-0,0-0,draw
28-12-2023,Lincoln,Northampton,,1-2,1-2,away
28-12-2023,Oxford Utd,Derby,,2-3,2-3,away
28-12-2023,Port Vale,Blackpool,,3-0,3-0,home
28-12-2023,WBA,Leeds,,1-0,1-0,home
27-12-2023,Bnei Sakhnin,Hapoel E.H.,,0-1,0-1,away
27-12-2023,Smouha,El Gaish,,1-0,1-0,home
27-12-2023,St. Liege,St. Truiden,,1-1,1-1,draw
27-12-2023,Maccabi Petah Tikva,Hapoel Petah Tikva,,2-0,2-0,home
27-12-2023,Brentford,Wolverhampton,,1-4,1-4,away
27-12-2023,Livingston,St Johnstone,,0-0,0-0,draw
27-12-2023,St. Mirren,Kilmarnock,,0-1,0-1,away
27-12-2023,Charleroi,Mechelen,,3-1,3-1,home
27-12-2023,Hibernian,Hearts,,0-1,0-1,away
27-12-2023,Brighton,Tottenham,,4-2,4-2,home
27-12-2023,Estrela Amadora,Arouca,,1-4,1-4,away
27-12-2023,Fiorentina,Torino,,1-0,1-0,home
27-12-2023,Galatasaray,Fenerbahce,,Postp,Postp,postponed
27-12-2023,Birmingham,Bristol City,,0-0,0-0,draw
27-12-2023,Millwall,Norwich,,1-0,1-0,home
27-12-2023,Preston,Sheffield Wed,,0-1,0-1,away
