date,home_team,away_team,league,score,odds,bet_type,pick,result
26-09-2026,Celta de Vigo II,Sabadell,Spain – Segunda División,1-1,2.25,FT,2,draw
26-09-2026,England,Spain,World – UEFA Nations League,2-3,2.45,FT,2,away
26-09-2026,Czechia,Croatia,World – UEFA Nations League,1-2,2.30,FT,2,away
26-09-2026,Atlanta United FC,New York City FC,USA – Major League Soccer,2-2,1.66,DC,X2,draw
26-09-2026,CF Montreal,FC Cincinnati,USA – Major League Soccer,3-1,1.50,DC,X2,home
26-09-2026,Charlotte,Chicago Fire,USA – Major League Soccer,0-1,2.15,FT,1,away
26-09-2026,New York Red Bulls,St. Louis City,USA – Major League Soccer,Postp,2.15,FT,2,postponed
26-09-2026,Seattle Sounders,Minnesota United FC,USA – Major League Soccer,3-1,2.10,FT,1,home
26-09-2026,FC Dallas,Los Angeles FC,USA – Major League Soccer,1-0,2.34,FT,1,home
26-09-2026,Austin,San Diego,USA – Major League Soccer,3-3,2.23,FT,1,draw
26-09-2026,Los Angeles Galaxy,Colorado Rapids,USA – Major League Soccer,3-2,2.20,FT,1,home
26-09-2026,Valladolid,Cordoba,Spain – Segunda División,3-1,1.63,DC,X2,home
26-09-2026,Lithuania,Azerbaijan,World – UEFA Nations League,1-1,1.38,DC,1X,draw
26-09-2026,Mallorca,Almeria,Spain – Segunda División,0-1,2.10,FT,1,away
26-09-2026,Gibraltar,Andorra,World – UEFA Nations League,0-0,1.33,DC,X2,draw
26-09-2026,Eibar,Las Palmas,Spain – Segunda División,3-2,2.10,FT,1,home
26-09-2026,Israel,Rep. Of Ireland,World – UEFA Nations League,0-3,2.35,FT,2,away
26-09-2026,Norway,Portugal,World – UEFA Nations League,1-2,2.24,FT,2,away
26-09-2026,Oviedo,Sporting Gijon,Spain – Segunda División,2-0,1.73,DC,X2,home
26-09-2026,Columbus Crew,Inter Miami,USA – Major League Soccer,2-1,2.25,FT,2,home
19-09-2026,Paris FC,Strasbourg,France – Ligue 1,2-1,2.05,FT,1,home
19-09-2026,AS Roma,Inter,Italy – Serie A,2-2,1.47,DC,X2,draw
19-09-2026,VfB Stuttgart,Borussia Dortmund,Germany – Bundesliga,0-1,1.44,DC,1X,away
19-09-2026,Sparta Rotterdam,Heerenveen,Netherlands – Eredivisie,0-4,2.45,FT,1,away
19-09-2026,Le Mans,Lorient,France – Ligue 1,2-1,1.46,DC,X2,home
19-09-2026,Angers,Estac Troyes,France – Ligue 1,2-0,2.25,FT,1,home
19-09-2026,Lyon,Rennes,France – Ligue 1,4-0,1.35,DC,1X,home
19-09-2026,Venezia,Lazio,Italy – Serie A,0-2,2.00,FT,2,away
19-09-2026,Willem II,Fortuna Sittard,Netherlands – Eredivisie,0-1,2.40,FT,2,away
19-09-2026,Fiorentina,Napoli,Italy – Serie A,1-1,2.25,FT,2,draw
19-09-2026,Getafe,Malaga,Spain – La Liga,1-0,2.15,FT,1,home
19-09-2026,Bournemouth,Liverpool,England – Premier League,0-1,2.20,FT,2,away
19-09-2026,Auxerre,Stade Brestois 29,France – Ligue 1,2-1,2.55,FT,2,home
19-09-2026,Parma,Genoa,Italy – Serie A,2-1,1.53,DC,1X,home
19-09-2026,Bayer Leverkusen,RB Leipzig,Germany – Bundesliga,2-0,1.33,DC,1X,home
19-09-2026,Nice,Lille,France – Ligue 1,2-1,2.05,FT,2,home
19-09-2026,Fulham,Manchester United,England – Premier League,1-1,2.05,FT,2,draw
19-09-2026,FC Schalke 04,SV Elversberg,Germany – Bundesliga,0-0,2.08,FT,1,draw
19-09-2026,Deportivo La Coruna,Real Betis,Spain – La Liga,1-1,2.48,FT,2,draw
19-09-2026,Valencia,Real Sociedad,Spain – La Liga,2-3,2.55,FT,2,away
12-09-2026,FSV Mainz 05,Eintracht Frankfurt,Germany – Bundesliga,1-3,2.05,FT,1,away
12-09-2026,Hoffenheim,VfB Stuttgart,Germany – Bundesliga,2-1,1.60,DC,X2,home
12-09-2026,Bournemouth,Brentford,England – Premier League,2-2,1.52,DC,X2,draw
12-09-2026,Aston Villa,Nottingham Forest,England – Premier League,1-2,1.35,DC,1X,away
12-09-2026,Crystal Palace,Ipswich,England – Premier League,2-3,1.95,FT,1,away
12-09-2026,Osasuna,Espanyol,Spain – La Liga,0-2,2.15,FT,1,away
12-09-2026,Strasbourg,Monaco,France – Ligue 1,1-1,2.20,FT,2,draw
12-09-2026,Lazio,AC Milan,Italy – Serie A,2-2,1.35,DC,X2,draw
12-09-2026,1. FC Köln,Werder Bremen,Germany – Bundesliga,1-1,2.10,FT,1,draw
12-09-2026,Tottenham,Everton,England – Premier League,0-0,2.05,FT,1,draw
12-09-2026,GO Ahead Eagles,Groningen,Netherlands – Eredivisie,1-1,2.30,FT,1,draw
12-09-2026,Auxerre,Nice,France – Ligue 1,1-0,1.30,DC,X2,home
12-09-2026,Le Havre,Angers,France – Ligue 1,0-0,2.25,FT,1,draw
12-09-2026,Paris FC,Lyon,France – Ligue 1,0-0,1.28,DC,12,draw
12-09-2026,Lorient,Toulouse,France – Ligue 1,2-2,3.35,FT,X,draw
12-09-2026,Excelsior,Utrecht,Netherlands – Eredivisie,1-2,2.20,FT,1,away
12-09-2026,Lecce,Monza,Italy – Serie A,3-2,2.60,FT,1,home
12-09-2026,Manchester United,Manchester City,England – Premier League,0-1,2.15,FT,2,away
12-09-2026,Getafe,Deportivo La Coruna,Spain – La Liga,1-1,2.50,FT,1,draw
12-09-2026,Real Sociedad,Atletico Madrid,Spain – La Liga,0-3,2.43,FT,2,away
05-09-2026,Newcastle,Bournemouth,England – Premier League,2-2,2.20,FT,1,draw
05-09-2026,Hoffenheim,Borussia Dortmund,Germany – Bundesliga,2-3,1.40,DC,X2,away
05-09-2026,SC Paderborn 07,SC Freiburg,Germany – Bundesliga,0-1,2.10,FT,2,away
05-09-2026,Fulham,Crystal Palace,England – Premier League,2-3,1.40,DC,1X,away
05-09-2026,Nottingham Forest,Tottenham,England – Premier League,0-0,1.45,DC,1X,draw
05-09-2026,Erzurumspor FK,Konyaspor,Turkey – Süper Lig,1-0,3.10,FT,2,home
05-09-2026,Athletic Club,Atletico Madrid,Spain – La Liga,3-0,2.40,FT,2,home
05-09-2026,Estrela,Famalicao,Portugal – Primeira Liga,2-2,3.25,FT,X,draw
05-09-2026,Rayo Vallecano,Racing Santander,Spain – La Liga,3-2,1.35,DC,1X,home
05-09-2026,Ajax,PSV Eindhoven,Netherlands – Eredivisie,1-3,1.25,DC,12,away
05-09-2026,Le Havre,Stade Brestois 29,France – Ligue 1,1-2,1.40,DC,X2,away
05-09-2026,Everton,Manchester United,England – Premier League,2-2,2.20,FT,2,draw
05-09-2026,Frosinone,Venezia,Italy – Serie A,3-2,2.75,FT,1,home
05-09-2026,Parma,Monza,Italy – Serie A,1-1,2.50,FT,1,draw
05-09-2026,Estac Troyes,Strasbourg,France – Ligue 1,2-6,3.40,FT,X,away
05-09-2026,Hamburger SV,FSV Mainz 05,Germany – Bundesliga,0-5,2.40,FT,2,away
05-09-2026,Alaves,Osasuna,Spain – La Liga,5-2,2.30,FT,1,home
05-09-2026,Malaga,Levante,Spain – La Liga,0-0,2.95,FT,2,draw
05-09-2026,Juventus,AC Milan,Italy – Serie A,1-1,2.15,FT,1,draw
05-09-2026,Espanyol,Sevilla,Spain – La Liga,1-1,2.30,FT,1,draw
29-08-2026,1. FC Köln,Hoffenheim,Germany – Bundesliga,3-2,1.60,DC,1X,home
29-08-2026,Union Berlin,Eintracht Frankfurt,Germany – Bundesliga,3-3,3.35,FT,X,draw
29-08-2026,Bournemouth,Everton,England – Premier League,1-1,2.15,FT,1,draw
29-08-2026,Levante,Real Betis,Spain – La Liga,5-2,2.35,FT,2,home
29-08-2026,Strasbourg,Lens,France – Ligue 1,2-1,2.15,FT,2,home
29-08-2026,Monza,Udinese,Italy – Serie A,2-3,2.35,FT,2,away
29-08-2026,Sassuolo,Torino,Italy – Serie A,2-1,1.35,DC,1X,home
29-08-2026,Tottenham,Newcastle,England – Premier League,0-2,1.62,DC,X2,away
29-08-2026,Stade Brestois 29,Toulouse,France – Ligue 1,2-2,1.48,DC,1X,draw
29-08-2026,Sevilla,Atletico Madrid,Spain – La Liga,1-3,2.10,FT,2,away
29-08-2026,Paris FC,Nice,France – Ligue 1,3-0,2.10,FT,1,home
29-08-2026,Leeds,Brentford,England – Premier League,1-1,1.50,DC,X2,draw
29-08-2026,Sunderland,Fulham,England – Premier League,1-0,2.43,FT,1,home
29-08-2026,Antwerp,St. Truiden,Belgium – Jupiler Pro League,1-4,2.50,FT,1,away
29-08-2026,FC Augsburg,FC Schalke 04,Germany – Bundesliga,3-0,3.45,FT,X,home
29-08-2026,FC Nordsjaelland,Brondby,Denmark – Superliga,3-1,2.17,FT,1,home
29-08-2026,Napoli,Como,Italy – Serie A,1-2,1.52,DC,X2,away
29-08-2026,Deportivo La Coruna,Valencia,Spain – La Liga,3-1,3.15,FT,X,home
29-08-2026,Monaco,Marseille,France – Ligue 1,2-0,2.75,FT,2,home
29-08-2026,Celta Vigo,Athletic Club,Spain – La Liga,0-2,2.47,FT,1,away
22-08-2026,Everton,Crystal Palace,England – Premier League,2-0,1.35,DC,1X,home
22-08-2026,Ipswich,Sunderland,England – Premier League,2-1,3.20,FT,X,home
22-08-2026,Nottingham Forest,Leeds,England – Premier League,0-1,1.40,DC,1X,away
22-08-2026,Blackburn,Middlesbrough,England – Championship,2-1,2.15,FT,2,home
22-08-2026,Derby,Cardiff,England – Championship,2-2,1.30,DC,12,draw
22-08-2026,Swansea,Sheffield Utd,England – Championship,0-0,2.40,FT,1,draw
22-08-2026,Wrexham,Watford,England – Championship,1-1,1.95,FT,1,draw
22-08-2026,Brentford,Tottenham,England – Premier League,3-0,2.80,FT,2,home
22-08-2026,Valencia,Celta Vigo,Spain – La Liga,0-0,1.38,DC,1X,draw
22-08-2026,Parma,Cagliari,Italy – Serie A,0-1,3.10,FT,X,away
22-08-2026,Le Mans,Stade Brestois 29,France – Ligue 1,2-2,2.50,FT,1,draw
22-08-2026,Nice,Lorient,France – Ligue 1,0-0,2.15,FT,1,draw
22-08-2026,Toulouse,Lyon,France – Ligue 1,0-2,1.57,DC,1X,away
22-08-2026,Estac Troyes,Paris FC,France – Ligue 1,0-0,2.30,FT,2,draw
22-08-2026,West Brom,Burnley,England – Championship,3-1,3.25,FT,X,home
22-08-2026,IFK Goteborg,IF Elfsborg,Sweden – Allsvenskan,1-1,2.75,FT,2,draw
22-08-2026,Brighton,Aston Villa,England – Premier League,4-0,3.45,FT,X,home
22-08-2026,Newcastle,Liverpool,England – Premier League,2-2,1.95,FT,2,draw
22-08-2026,Venezia,Lecce,Italy – Serie A,0-2,1.33,DC,1X,away
22-08-2026,Getafe,Racing Santander,Spain – La Liga,1-0,3.15,FT,X,home
15-08-2026,Bristol City,Millwall,England – Championship,0-2,1.47,DC,X2,away
15-08-2026,Charlton,Derby,England – Championship,2-1,1.46,DC,X2,home
15-08-2026,Norwich,West Brom,England – Championship,1-2,2.00,FT,1,away
15-08-2026,Portsmouth,QPR,England – Championship,1-3,2.30,FT,1,away
15-08-2026,Stoke City,Swansea,England – Championship,1-2,2.40,FT,1,away
15-08-2026,Sheffield Utd,Birmingham,England – Championship,0-0,1.40,DC,1X,draw
15-08-2026,Cadiz,Celta de Vigo II,Spain – Segunda División,0-0,2.10,FT,1,draw
15-08-2026,Alaves,Getafe,Spain – La Liga,3-0,1.30,DC,1X,home
15-08-2026,Sevilla,Rayo Vallecano,Spain – La Liga,2-1,2.30,FT,1,home
15-08-2026,ADO Den Haag,Groningen,Netherlands – Eredivisie,1-4,2.35,FT,2,away
15-08-2026,SK Beveren,Anderlecht,Belgium – Jupiler Pro League,1-0,2.15,FT,2,home
15-08-2026,Watford,Southampton,England – Championship,2-1,2.15,FT,2,home
15-08-2026,Arsenal,Manchester City,England – Community Shield,3-0,1.48,DC,1X,home
15-08-2026,RAAL La Louvière,Gent,Belgium – Jupiler Pro League,1-2,2.35,FT,2,away
15-08-2026,Burnley,West Ham,England – Championship,2-2,2.30,FT,2,draw
15-08-2026,Racing Santander,Villarreal,Spain – La Liga,2-2,1.40,DC,X2,draw
15-08-2026,KV Mechelen,Standard Liege,Belgium – Jupiler Pro League,3-3,2.70,FT,2,draw
15-08-2026,Espanyol,Levante,Spain – La Liga,3-0,2.10,FT,1,home
15-08-2026,Lommel United,Charleroi,Belgium – Jupiler Pro League,0-1,2.25,FT,2,away
15-08-2026,Celta Vigo,Osasuna,Spain – La Liga,Postp,2.10,FT,1,postponed
08-08-2026,Dundee,Aberdeen,Scotland – Premiership,2-0,2.60,FT,2,home
08-08-2026,ST Mirren,ST Johnstone,Scotland – Premiership,1-0,1.37,DC,1X,home
08-08-2026,Maritimo,Casa Pia,Portugal – Primeira Liga,1-0,1.53,DC,X2,home
08-08-2026,Lausanne,BSC Young Boys,Switzerland – Super League,2-2,2.20,FT,2,draw
08-08-2026,Start,Fredrikstad,Norway – Eliteserien,0-1,1.60,DC,X2,away
08-08-2026,Sochaux,Saint Etienne,France – Ligue 2,0-3,2.00,FT,2,away
08-08-2026,Boulogne,Nancy,France – Ligue 2,0-0,2.50,FT,1,draw
08-08-2026,Clermont Foot,Reims,France – Ligue 2,0-0,2.00,FT,2,draw
08-08-2026,Energie Cottbus,Hannover 96,Germany – 2. Bundesliga,3-1,1.62,DC,1X,home
08-08-2026,1. FC Nürnberg,Dynamo Dresden,Germany – 2. Bundesliga,3-0,2.15,FT,1,home
08-08-2026,Gent,KV Mechelen,Belgium – Jupiler Pro League,2-0,2.05,FT,1,home
08-08-2026,Groningen,Utrecht,Netherlands – Eredivisie,2-1,1.55,DC,X2,home
08-08-2026,Lillestrom,Rosenborg,Norway – Eliteserien,0-2,1.57,DC,X2,away
08-08-2026,Zulte Waregem,Genk,Belgium – Jupiler Pro League,2-1,2.20,FT,2,home
08-08-2026,Randers FC,Lyngby,Denmark – Superliga,2-0,2.05,FT,1,home
08-08-2026,FC ST. Gallen,FC Luzern,Switzerland – Super League,2-2,2.10,FT,1,draw
08-08-2026,Heerenveen,Twente,Netherlands – Eredivisie,1-0,2.15,FT,2,home
08-08-2026,Ried,Rapid Vienna,Austria – Bundesliga,1-2,2.35,FT,2,away
08-08-2026,Ham-Kam,Aalesund,Norway – Eliteserien,1-1,2.10,FT,1,draw
08-08-2026,Austria Vienna,Lask Linz,Austria – Bundesliga,0-2,2.05,FT,2,away
01-08-2026,Falkirk,ST Mirren,Scotland – Premiership,0-2,2.05,FT,1,away
01-08-2026,Fredrikstad,Sandefjord,Norway – Eliteserien,1-0,2.30,FT,1,home
01-08-2026,AC Oulu,Ilves,Finland – Veikkausliiga,1-0,1.25,DC,12,home
01-08-2026,FC Voluntari,Uta Arad,Romania – Liga I,1-0,1.40,DC,X2,home
01-08-2026,Dinamo Makhachkala,Lokomotiv,Russia – Premier League,2-1,2.10,FT,2,home
01-08-2026,FC Basel 1893,Lausanne,Switzerland – Super League,0-1,1.95,FT,1,away
01-08-2026,Gnistan,KuPS,Finland – Veikkausliiga,0-1,1.35,DC,X2,away
01-08-2026,Baltika,Dynamo,Russia – Premier League,2-1,2.90,FT,1,home
01-08-2026,Novi Pazar,OFK Beograd,Serbia – Super Liga,1-4,2.00,FT,1,away
01-08-2026,FC Thun,BSC Young Boys,Switzerland – Super League,0-6,1.25,DC,12,away
01-08-2026,Cukaricki,Radnicki 1923,Serbia – Super Liga,3-0,2.40,FT,1,home
01-08-2026,FC Vaduz,FC ST. Gallen,Switzerland – Super League,2-3,1.35,DC,X2,away
01-08-2026,IF Brommapojkarna,Malmo FF,Sweden – Allsvenskan,1-2,2.15,FT,2,away
01-08-2026,ST Johnstone,Kilmarnock,Scotland – Premiership,4-3,2.25,FT,1,home
01-08-2026,Waterford,Shelbourne,Ireland – Premier Division,1-0,1.30,DC,X2,home
01-08-2026,Austria Lustenau,Ried,Austria – Bundesliga,1-1,3.20,FT,X,draw
01-08-2026,Wolfsberger AC,Austria Vienna,Austria – Bundesliga,3-0,2.20,FT,1,home
01-08-2026,Hibernian,Motherwell,Scotland – Premiership,1-2,2.20,FT,1,away
01-08-2026,Zemun,Radnicki NIS,Serbia – Super Liga,0-1,2.20,FT,2,away
01-08-2026,Rapid,CFR 1907 Cluj,Romania – Liga I,3-1,2.00,FT,1,home
20-06-2026,Londrina,Athletic Club,Brazil – Serie B,2-0,1.45,DC,X2,home
20-06-2026,Celta de Vigo II,Ponferradina,Spain – Primera División RFEF - Play Offs,4-1,1.45,DC,X2,home
20-06-2026,Almeria,Malaga,Spain – Segunda División,1-2,2.10,FT,1,away
20-06-2026,Vila Nova,Nautico Recife,Brazil – Serie B,4-3,2.30,FT,1,home
20-06-2026,Hartford Athletic,Pittsburgh Riverhounds,USA – USL Championship,0-0,3.30,FT,X,draw
20-06-2026,IK brage,IFK Varnamo,Sweden – Superettan,5-1,2.05,FT,1,home
20-06-2026,Osters IF,Falkenbergs FF,Sweden – Superettan,1-3,1.40,DC,1X,away
20-06-2026,Egersund,Haugesund,Norway – 1. Division,5-2,2.10,FT,2,home
20-06-2026,Kongsvinger,Stromsgodset,Norway – 1. Division,4-4,1.45,DC,X2,draw
20-06-2026,Raufoss,Sogndal,Norway – 1. Division,3-1,2.10,FT,2,home
20-06-2026,Avai,Cuiaba,Brazil – Serie B,1-0,1.50,DC,X2,home
20-06-2026,Norrby IF,United Nordic,Sweden – Superettan,0-0,2.35,FT,2,draw
20-06-2026,Ostersunds FK,IFK Norrkoping,Sweden – Superettan,0-2,1.40,DC,X2,away
20-06-2026,Bate Borisov,Arsenal,Belarus – Premier League,2-3,3.20,FT,X,away
20-06-2026,Neman,Dinamo Minsk,Belarus – Premier League,1-3,2.40,FT,2,away
20-06-2026,IBV Vestmannaeyjar,Stjarnan,Iceland – Úrvalsdeild,2-1,2.25,FT,2,home
20-06-2026,Valur Reykjavik,Keflavik,Iceland – Úrvalsdeild,1-1,2.10,FT,1,draw
20-06-2026,CRB,Fortaleza EC,Brazil – Serie B,1-1,2.25,FT,1,draw
20-06-2026,São Bernardo,Juventude,Brazil – Serie B,0-1,2.45,FT,1,away
20-06-2026,Goias,Operario-PR,Brazil – Serie B,0-3,2.15,FT,1,away
13-06-2026,VPS,KuPS,Finland – Veikkausliiga,1-1,3.30,FT,X,draw
13-06-2026,Tammeka,Vaprus,Estonia – Meistriliiga,0-0,1.20,DC,12,draw
13-06-2026,Lahti,SJK,Finland – Veikkausliiga,2-3,1.30,DC,12,away
13-06-2026,Mariehamn,Gnistan,Finland – Veikkausliiga,0-3,1.25,DC,X2,away
13-06-2026,Flora Tallinn,FC Levadia Tallinn,Estonia – Meistriliiga,1-3,1.90,FT,2,away
13-06-2026,Dinamo Brest,Neman,Belarus – Premier League,1-3,3.20,FT,X,away
13-06-2026,Longford Town,Cobh Ramblers,Ireland – First Division,2-1,1.35,DC,1X,home
13-06-2026,Everton de Vina,Palestino,Chile – Primera División,1-2,1.40,DC,1X,away
13-06-2026,Ulytau,Zhenys,Kazakhstan – Premier League,2-1,3.05,FT,X,home
13-06-2026,Yelimay Semey,Ordabasy,Kazakhstan – Premier League,1-3,3.35,FT,X,away
13-06-2026,Lyn,Bryne,Norway – 1. Division,0-3,2.30,FT,2,away
13-06-2026,Kaspiy,Kaisar,Kazakhstan – Premier League,1-2,2.65,FT,1,away
13-06-2026,FC Dnepr Mogilev,Arsenal,Belarus – Premier League,0-1,3.30,FT,X,away
13-06-2026,MP,Klubi-04,Finland – Ykkösliiga,2-2,2.00,FT,1,draw
13-06-2026,Concepción,Deportes Limache,Chile – Primera División,3-2,2.20,FT,2,home
13-06-2026,Thor Akureyri,IBV Vestmannaeyjar,Iceland – Úrvalsdeild,1-4,2.30,FT,2,away
13-06-2026,Torpedo Zhodino,Slavia Mozyr,Belarus – Premier League,1-1,1.30,DC,X2,draw
13-06-2026,Union La Calera,Universidad de Chile,Chile – Primera División,2-2,2.00,FT,2,draw
13-06-2026,Netherlands,Japan,World – World Cup,2-2,3.40,FT,X,draw
13-06-2026,Ivory Coast,Ecuador,World – World Cup,1-0,2.90,FT,X,home
06-06-2026,Wanderers,Danubio,Uruguay – Primera División - Apertura,0-0,1.30,DC,1X,draw
06-06-2026,Operario-PR,Juventude,Brazil – Serie B,2-1,3.10,FT,X,home
06-06-2026,Kashima,Vissel Kobe,Japan – J1 League,2-0,2.50,FT,1,home
06-06-2026,FC Tokyo,Cerezo Osaka,Japan – J1 League,1-3,1.90,FT,1,away
06-06-2026,JEF United Chiba,Avispa Fukuoka,Japan – J1 League,1-2,1.40,DC,X2,away
06-06-2026,Machida Zelvia,Nagoya Grampus,Japan – J1 League,0-0,2.15,FT,1,draw
06-06-2026,Mito Hollyhock,V-varen Nagasaki,Japan – J1 League,0-1,2.85,FT,2,away
06-06-2026,Tokyo Verdy,Gamba Osaka,Japan – J1 League,2-4,1.35,DC,X2,away
06-06-2026,Urawa,Fagiano Okayama,Japan – J1 League,0-2,2.00,FT,1,away
06-06-2026,Yokohama F. Marinos,Shimizu S-pulse,Japan – J1 League,3-0,1.35,DC,1X,home
06-06-2026,Kashiwa Reysol,Kyoto Sanga,Japan – J1 League,0-1,2.00,FT,1,away
06-06-2026,Kawasaki Frontale,Sanfrecce Hiroshima,Japan – J1 League,0-1,2.05,FT,2,away
06-06-2026,Gyeongnam FC,Yongin City,South-Korea – K League 2,2-2,1.35,DC,1X,draw
06-06-2026,Hwaseong,Suwon Bluewings,South-Korea – K League 2,1-2,1.90,FT,2,away
06-06-2026,Central Espanol,Racing Montevideo,Uruguay – Primera División - Apertura,1-1,2.00,FT,2,draw
06-06-2026,Atletico Torque,Deportivo Maldonado,Uruguay – Primera División - Apertura,2-4,3.10,FT,X,away
06-06-2026,Cheonan City,Suwon City FC,South-Korea – K League 2,2-2,1.35,DC,X2,draw
06-06-2026,Gimpo Citizen,Jeonnam Dragons,South-Korea – K League 2,2-2,2.00,FT,1,draw
06-06-2026,Progreso,Albion FC,Uruguay – Primera División - Apertura,1-2,2.15,FT,2,away
06-06-2026,Defensor Sporting,Boston River,Uruguay – Primera División - Apertura,1-1,2.05,FT,1,draw
30-05-2026,Falkenbergs FF,Oddevold,Sweden – Superettan,2-1,1.35,DC,1X,home
30-05-2026,GIF Sundsvall,Sandviken,Sweden – Superettan,0-3,2.85,FT,1,away
30-05-2026,FC Gomel,Dinamo Brest,Belarus – Premier League,2-1,3.05,FT,X,home
30-05-2026,Moss,Stabaek,Norway – 1. Division,2-2,1.40,DC,X2,draw
30-05-2026,Gnistan,SJK,Finland – Veikkausliiga,3-2,2.70,FT,1,home
30-05-2026,KuPS,Inter Turku,Finland – Veikkausliiga,1-1,1.40,DC,1X,draw
30-05-2026,Turku PS,VPS,Finland – Veikkausliiga,1-0,3.25,FT,X,home
30-05-2026,AD Ceuta FC,Albacete,Spain – Segunda División,1-0,3.40,FT,X,home
30-05-2026,Landskrona BoIS,IK brage,Sweden – Superettan,2-2,2.20,FT,1,draw
30-05-2026,Granada CF,Sporting Gijon,Spain – Segunda División,1-2,1.30,DC,12,away
30-05-2026,Vasteras SK FK,IFK Goteborg,Sweden – Allsvenskan,4-5,3.35,FT,X,away
30-05-2026,Esbjerg,Lyngby,Denmark – 1. Division,2-1,2.75,FT,1,home
30-05-2026,Hillerød,Hvidovre,Denmark – 1. Division,2-1,3.45,FT,X,home
30-05-2026,IFK Varnamo,United Nordic,Sweden – Superettan,0-2,2.35,FT,1,away
30-05-2026,Egersund,Stromsgodset,Norway – 1. Division,0-5,1.35,DC,X2,away
30-05-2026,Strommen,Sogndal,Norway – 1. Division,2-3,2.25,FT,2,away
30-05-2026,Deportivo La Coruna,Las Palmas,Spain – Segunda División,1-2,2.55,FT,2,away
30-05-2026,Leganes,Mirandes,Spain – Segunda División,1-0,2.10,FT,1,home
30-05-2026,Real Sociedad II,Cultural Leonesa,Spain – Segunda División,1-1,1.35,DC,1X,draw
30-05-2026,Gent,Genk,Belgium – Jupiler Pro League,0-0,3.45,FT,X,draw
23-05-2026,FF Jaro,Mariehamn,Finland – Veikkausliiga,3-0,1.25,DC,1X,home
23-05-2026,SJK,AC Oulu,Finland – Veikkausliiga,0-1,2.60,FT,1,away
23-05-2026,Hull City,Middlesbrough,England – Championship,1-0,1.85,FT,2,home
23-05-2026,Bologna,Inter,Italy – Serie A,3-3,3.50,FT,X,draw
23-05-2026,Alaves,Rayo Vallecano,Spain – La Liga,1-2,2.50,FT,1,away
23-05-2026,Real Betis,Levante,Spain – La Liga,2-1,1.35,DC,1X,home
23-05-2026,Espanyol,Real Sociedad,Spain – La Liga,1-1,1.55,DC,X2,draw
23-05-2026,Getafe,Osasuna,Spain – La Liga,1-0,1.30,DC,1X,home
23-05-2026,Minnesota United FC,Real Salt Lake,USA – Major League Soccer,1-1,2.20,FT,1,draw
23-05-2026,Colorado Rapids,FC Dallas,USA – Major League Soccer,1-2,3.00,FT,2,away
23-05-2026,Portland Timbers,San Jose Earthquakes,USA – Major League Soccer,1-3,2.60,FT,2,away
23-05-2026,Brighton,Manchester United,England – Premier League,0-3,2.00,FT,1,away
23-05-2026,Burnley,Wolves,England – Premier League,1-1,3.45,FT,X,draw
23-05-2026,Fulham,Newcastle,England – Premier League,2-0,2.25,FT,2,home
23-05-2026,Nottingham Forest,Bournemouth,England – Premier League,1-1,2.10,FT,2,draw
23-05-2026,Sunderland,Chelsea,England – Premier League,2-1,2.10,FT,2,home
23-05-2026,Spartak Moscow,FC Krasnodar,Russia – Cup,1-1,3.35,FT,X,draw
23-05-2026,Cadiz,Leganes,Spain – Segunda División,3-0,1.35,DC,1X,home
23-05-2026,Cultural Leonesa,Burgos,Spain – Segunda División,0-2,2.30,FT,2,away
23-05-2026,Villarreal,Atletico Madrid,Spain – La Liga,5-1,1.25,DC,12,home
17-05-2026,AEK Athens FC,Olympiakos Piraeus,Greece – Super League 1,1-1,2.60,FT,2,draw
17-05-2026,FC Volendam,Telstar,Netherlands – Eredivisie,1-2,1.50,DC,1X,away
17-05-2026,Heerenveen,Ajax,Netherlands – Eredivisie,0-0,2.10,FT,2,draw
17-05-2026,PSV Eindhoven,Twente,Netherlands – Eredivisie,5-1,1.70,DC,X2,home
17-05-2026,Cagliari,Torino,Italy – Serie A,2-1,3.15,FT,X,home
17-05-2026,Sassuolo,Lecce,Italy – Serie A,2-3,1.45,DC,1X,away
17-05-2026,Udinese,Cremonese,Italy – Serie A,0-1,1.40,DC,1X,away
17-05-2026,SpVgg Greuther Fürth,Fortuna Düsseldorf,Germany – 2. Bundesliga,3-0,2.45,FT,2,home
17-05-2026,Karlsruher SC,VfL Bochum,Germany – 2. Bundesliga,1-2,1.50,DC,1X,away
17-05-2026,Leeds,Brighton,England – Premier League,1-0,2.15,FT,2,home
17-05-2026,Newcastle,West Ham,England – Premier League,3-1,2.10,FT,1,home
17-05-2026,Elche,Getafe,Spain – La Liga,1-0,1.30,DC,1X,home
17-05-2026,Levante,Mallorca,Spain – La Liga,2-0,2.20,FT,1,home
17-05-2026,Osasuna,Espanyol,Spain – La Liga,1-2,2.00,FT,1,away
17-05-2026,Rayo Vallecano,Villarreal,Spain – La Liga,2-0,3.60,FT,X,home
17-05-2026,Real Sociedad,Valencia,Spain – La Liga,3-4,2.15,FT,1,away
17-05-2026,Sevilla,Real Madrid,Spain – La Liga,0-1,3.25,FT,1,away
17-05-2026,Marseille,Rennes,France – Ligue 1,3-1,2.10,FT,1,home
17-05-2026,Nantes,Toulouse,France – Ligue 1,0-0,2.65,FT,2,draw
17-05-2026,Strasbourg,Monaco,France – Ligue 1,5-4,2.20,FT,2,home
09-05-2026,Fulham,Bournemouth,England – Premier League,0-1,1.40,DC,X2,away
09-05-2026,Sunderland,Manchester United,England – Premier League,0-0,1.95,FT,2,draw
09-05-2026,Sevilla,Espanyol,Spain – La Liga,2-1,2.15,FT,1,home
09-05-2026,Atletico Madrid,Celta Vigo,Spain – La Liga,0-1,2.05,FT,1,away
09-05-2026,Valladolid,Zaragoza,Spain – Segunda División,2-0,1.30,DC,1X,home
09-05-2026,1. FC Nürnberg,FC Schalke 04,Germany – 2. Bundesliga,3-0,3.45,FT,X,home
09-05-2026,Motherwell,Heart Of Midlothian,Scotland – Premiership,1-1,3.35,FT,X,draw
09-05-2026,Real Sociedad,Real Betis,Spain – La Liga,2-2,1.45,DC,1X,draw
09-05-2026,Celtic,Rangers,Scotland – Premiership,3-1,2.10,FT,1,home
09-05-2026,Fortuna Düsseldorf,SV Elversberg,Germany – 2. Bundesliga,3-1,2.15,FT,2,home
09-05-2026,Gent,Anderlecht,Belgium – Jupiler Pro League,1-1,2.85,FT,2,draw
09-05-2026,Rosenborg,Lillestrom,Norway – Eliteserien,2-0,2.35,FT,2,home
09-05-2026,Nottingham Forest,Newcastle,England – Premier League,1-1,2.55,FT,1,draw
09-05-2026,Leganes,Racing Santander,Spain – Segunda División,1-2,2.30,FT,2,away
09-05-2026,Oviedo,Getafe,Spain – La Liga,0-0,2.50,FT,2,draw
09-05-2026,Mirandes,Eibar,Spain – Segunda División,0-1,1.40,DC,X2,away
09-05-2026,AC Milan,Atalanta,Italy – Serie A,2-3,2.10,FT,1,away
09-05-2026,Auxerre,Nice,France – Ligue 1,2-1,1.40,DC,1X,home
09-05-2026,Le Havre,Marseille,France – Ligue 1,0-1,2.00,FT,2,away
09-05-2026,Monaco,Lille,France – Ligue 1,0-1,1.45,DC,1X,away
02-05-2026,Brentford,West Ham,England – Premier League,3-0,1.80,DC,X2,home
02-05-2026,Newcastle,Brighton,England – Premier League,3-1,1.25,DC,12,home
02-05-2026,Wolves,Sunderland,England – Premier League,1-1,2.35,FT,2,draw
02-05-2026,AFC Wimbledon,Huddersfield,England – League One,0-4,2.30,FT,2,away
02-05-2026,Bolton,Luton,England – League One,2-3,2.45,FT,2,away
02-05-2026,Exeter City,Bradford,England – League One,1-2,2.15,FT,2,away
02-05-2026,Bayer Leverkusen,RB Leipzig,Germany – Bundesliga,4-1,1.25,DC,12,home
02-05-2026,Alaves,Athletic Club,Spain – La Liga,2-4,1.50,DC,1X,away
02-05-2026,Ajax,PSV Eindhoven,Netherlands – Eredivisie,2-2,2.45,FT,1,draw
02-05-2026,Eibar,Malaga,Spain – Segunda División,2-4,2.10,FT,1,away
02-05-2026,SpVgg Greuther Fürth,1. FC Nürnberg,Germany – 2. Bundesliga,1-1,2.75,FT,1,draw
02-05-2026,1. FC Magdeburg,Hertha BSC,Germany – 2. Bundesliga,1-0,2.20,FT,1,home
02-05-2026,FC St. Pauli,FSV Mainz 05,Germany – Bundesliga,1-2,3.30,FT,X,away
02-05-2026,Getafe,Rayo Vallecano,Spain – La Liga,0-2,2.05,FT,1,away
02-05-2026,Manchester United,Liverpool,England – Premier League,3-2,2.35,FT,1,home
02-05-2026,AZ Alkmaar,Twente,Netherlands – Eredivisie,2-2,1.50,DC,X2,draw
02-05-2026,Strasbourg,Toulouse,France – Ligue 1,1-2,2.40,FT,1,away
02-05-2026,Borussia Mönchengladbach,Borussia Dortmund,Germany – Bundesliga,1-0,1.30,DC,X2,home
02-05-2026,Aston Villa,Tottenham,England – Premier League,1-2,2.20,FT,1,away
02-05-2026,Lyon,Rennes,France – Ligue 1,4-2,3.65,FT,X,home
25-04-2026,West Ham,Everton,England – Premier League,2-1,1.40,DC,1X,home
25-04-2026,Chelsea,Leeds,England – FA Cup,1-0,1.30,DC,12,home
25-04-2026,Tondela,Nacional,Portugal – Primeira Liga,0-2,3.35,FT,X,away
25-04-2026,Bologna,AS Roma,Italy – Serie A,0-2,1.40,DC,X2,away
25-04-2026,Rosenborg,Brann,Norway – Eliteserien,1-1,2.20,FT,2,draw
25-04-2026,Cesena,Sampdoria,Italy – Serie B,0-0,3.35,FT,X,draw
25-04-2026,NAC Breda,Ajax,Netherlands – Eredivisie,0-2,1.95,FT,2,away
25-04-2026,Atletico Madrid,Athletic Club,Spain – La Liga,3-2,2.05,FT,1,home
25-04-2026,Malaga,Castellón,Spain – Segunda División,2-3,3.35,FT,X,away
25-04-2026,Toulouse,Monaco,France – Ligue 1,2-2,2.10,FT,2,draw
25-04-2026,Sydney,Auckland,Australia – A-League,2-2,2.75,FT,2,draw
25-04-2026,1. FC Nürnberg,1. FC Magdeburg,Germany – 2. Bundesliga,1-0,1.25,DC,12,home
25-04-2026,SC Paderborn 07,FC Schalke 04,Germany – 2. Bundesliga,2-3,3.50,FT,X,away
25-04-2026,Gençlerbirliği S.K.,Kocaelispor,Turkey – Süper Lig,1-0,2.55,FT,1,home
25-04-2026,Rayo Vallecano,Real Sociedad,Spain – La Liga,3-3,1.35,DC,1X,draw
25-04-2026,Lorient,Strasbourg,France – Ligue 1,2-3,2.25,FT,1,away
25-04-2026,Oviedo,Elche,Spain – La Liga,1-2,1.35,DC,1X,away
25-04-2026,Granada CF,Almeria,Spain – Segunda División,2-4,2.50,FT,2,away
25-04-2026,Estoril,Famalicao,Portugal – Primeira Liga,0-1,2.15,FT,2,away
25-04-2026,AC Milan,Juventus,Italy – Serie A,0-0,3.25,FT,X,draw
17-04-2026,Hoffenheim,Borussia Dortmund,Germany – Bundesliga,2-1,2.45,FT,2,home
17-04-2026,Union Berlin,VfL Wolfsburg,Germany – Bundesliga,1-2,3.30,FT,2,away
17-04-2026,Werder Bremen,Hamburger SV,Germany – Bundesliga,3-1,2.05,FT,1,home
17-04-2026,Chelsea,Manchester United,England – Premier League,0-1,1.30,DC,12,away
17-04-2026,Newcastle,Bournemouth,England – Premier League,1-2,1.25,DC,1X,away
17-04-2026,Tottenham,Brighton,England – Premier League,2-2,1.30,DC,12,draw
17-04-2026,Blackburn,Coventry,England – Championship,1-1,1.25,DC,X2,draw
17-04-2026,Bristol City,Norwich,England – Championship,2-4,3.35,FT,X,away
17-04-2026,Hull City,Birmingham,England – Championship,1-1,2.45,FT,1,draw
17-04-2026,Ipswich,Middlesbrough,England – Championship,2-2,2.10,FT,1,draw
17-04-2026,Angers,Le Havre,France – Ligue 1,1-1,3.10,FT,X,draw
17-04-2026,Hannover 96,SC Paderborn 07,Germany – 2. Bundesliga,1-1,3.50,FT,X,draw
17-04-2026,AS Roma,Atalanta,Italy – Serie A,1-1,1.35,DC,1X,draw
17-04-2026,Everton,Liverpool,England – Premier League,1-2,1.35,DC,X2,away
17-04-2026,Samsunspor,Beşiktaş,Turkey – Süper Lig,2-1,2.05,FT,2,home
17-04-2026,BK Hacken,Gais,Sweden – Allsvenskan,2-1,2.20,FT,1,home
17-04-2026,Kristiansund BK,Fredrikstad,Norway – Eliteserien,2-0,3.50,FT,X,home
17-04-2026,Nantes,Stade Brestois 29,France – Ligue 1,1-1,2.40,FT,1,draw
17-04-2026,Strasbourg,Rennes,France – Ligue 1,0-3,2.50,FT,2,away
17-04-2026,Borussia Mönchengladbach,FSV Mainz 05,Germany – Bundesliga,1-1,2.45,FT,1,draw
11-04-2026,Brentford,Everton,England – Premier League,2-2,2.20,FT,1,draw
11-04-2026,Charlton,Preston,England – Championship,1-2,2.20,FT,1,away
11-04-2026,Leicester,Swansea,England – Championship,0-1,2.10,FT,1,away
11-04-2026,Oxford United,Watford,England – Championship,2-0,1.35,DC,1X,home
11-04-2026,Stoke City,Blackburn,England – Championship,1-1,2.85,FT,2,draw
11-04-2026,Sevilla,Atletico Madrid,Spain – La Liga,2-1,2.25,FT,2,home
11-04-2026,Birmingham,Wrexham,England – Championship,2-0,2.05,FT,1,home
11-04-2026,Osasuna,Real Betis,Spain – La Liga,1-1,1.40,DC,1X,draw
11-04-2026,Crystal Palace,Newcastle,England – Premier League,2-1,1.30,DC,12,home
11-04-2026,Nottingham Forest,Aston Villa,England – Premier League,1-1,2.65,FT,1,draw
11-04-2026,Sunderland,Tottenham,England – Premier League,1-0,2.65,FT,2,home
11-04-2026,1. FC Köln,Werder Bremen,Germany – Bundesliga,3-1,1.35,DC,1X,home
11-04-2026,Mallorca,Rayo Vallecano,Spain – La Liga,3-0,1.45,DC,1X,home
11-04-2026,Toulouse,Lille,France – Ligue 1,0-4,2.40,FT,2,away
11-04-2026,Chelsea,Manchester City,England – Premier League,0-3,2.15,FT,2,away
11-04-2026,Cadiz,FC Andorra,Spain – Segunda División,0-1,2.35,FT,2,away
11-04-2026,Mirandes,Castellón,Spain – Segunda División,2-2,1.30,DC,X2,draw
11-04-2026,FSV Mainz 05,SC Freiburg,Germany – Bundesliga,0-1,3.20,FT,X,away
11-04-2026,Athletic Club,Villarreal,Spain – La Liga,1-2,2.30,FT,1,away
11-04-2026,Racing Santander,Almeria,Spain – Segunda División,5-1,2.15,FT,1,home
04-04-2026,Hellas Verona,Fiorentina,Italy – Serie A,0-1,2.00,FT,2,away
04-04-2026,VfB Stuttgart,Borussia Dortmund,Germany – Bundesliga,0-2,1.60,DC,X2,away
04-04-2026,Rio Ave,Alverca,Portugal – Primeira Liga,1-2,1.45,DC,1X,away
04-04-2026,Atletico Madrid,Barcelona,Spain – La Liga,1-2,1.60,DC,1X,away
04-04-2026,Lille,Lens,France – Ligue 1,3-0,1.50,DC,1X,home
04-04-2026,Getafe,Athletic Club,Spain – La Liga,2-0,2.90,FT,X,home
04-04-2026,Cremonese,Bologna,Italy – Serie A,1-2,1.30,DC,X2,away
04-04-2026,Union Berlin,FC St. Pauli,Germany – Bundesliga,1-1,2.15,FT,1,draw
04-04-2026,Antalyaspor,Eyüpspor,Turkey – Süper Lig,3-0,2.15,FT,1,home
04-04-2026,Valencia,Celta Vigo,Spain – La Liga,2-3,2.35,FT,1,away
04-04-2026,Le Havre,Auxerre,France – Ligue 1,1-1,3.20,FT,X,draw
04-04-2026,Lorient,Paris FC,France – Ligue 1,1-1,3.30,FT,X,draw
04-04-2026,Metz,Nantes,France – Ligue 1,0-0,2.50,FT,2,draw
04-04-2026,West Ham,Leeds,England – FA Cup,2-2,2.40,FT,1,draw
04-04-2026,Eintracht Frankfurt,1. FC Köln,Germany – Bundesliga,2-2,2.20,FT,1,draw
04-04-2026,Pisa,Torino,Italy – Serie A,0-1,2.50,FT,2,away
04-04-2026,Oviedo,Sevilla,Spain – La Liga,1-0,1.40,DC,X2,home
04-04-2026,Fenerbahçe,Beşiktaş,Turkey – Süper Lig,1-0,2.10,FT,1,home
04-04-2026,Monaco,Marseille,France – Ligue 1,2-1,2.25,FT,1,home
04-04-2026,Alaves,Osasuna,Spain – La Liga,2-2,3.20,FT,X,draw
28-03-2026,Blackpool,Burton Albion,England – League One,1-0,1.40,DC,1X,home
28-03-2026,Exeter City,Leyton Orient,England – League One,0-0,1.30,DC,12,draw
28-03-2026,Reading,Wigan,England – League One,3-0,2.15,FT,1,home
28-03-2026,Barnet,Cambridge United,England – League Two,1-0,2.60,FT,1,home
28-03-2026,Barrow,Bromley,England – League Two,2-1,2.20,FT,2,home
28-03-2026,Colchester,Walsall,England – League Two,1-1,3.15,FT,X,draw
28-03-2026,Crawley Town,Gillingham,England – League Two,2-0,1.40,DC,1X,home
28-03-2026,Crewe,Oldham,England – League Two,2-1,1.50,DC,X2,home
28-03-2026,Brackley Town,Tamworth,England – National League,0-1,2.30,FT,1,away
28-03-2026,FC Halifax Town,Scunthorpe,England – National League,1-2,1.45,DC,1X,away
28-03-2026,Morecambe,Aldershot Town,England – National League,0-2,2.40,FT,1,away
28-03-2026,Scotland,Japan,World – Friendlies,0-1,2.20,FT,2,away
28-03-2026,USA,Belgium,World – Friendlies,2-5,2.90,FT,1,away
28-03-2026,Albacete,Castellón,Spain – Segunda División,1-1,2.85,FT,1,draw
28-03-2026,Sporting Gijon,Deportivo La Coruna,Spain – Segunda División,1-1,3.25,FT,X,draw
28-03-2026,FC Eindhoven,Emmen,Netherlands – Eerste Divisie,1-0,2.20,FT,1,home
28-03-2026,Mexico,Portugal,World – Friendlies,0-0,2.10,FT,2,draw
28-03-2026,Eibar,Las Palmas,Spain – Segunda División,3-1,2.95,FT,X,home
28-03-2026,Armenia,Belarus,World – Friendlies,1-2,2.15,FT,1,away
28-03-2026,Zaragoza,Racing Santander,Spain – Segunda División,2-0,1.30,DC,12,home
21-03-2026,Bristol City,West Brom,England – Championship,0-1,3.00,FT,2,away
21-03-2026,Charlton,Norwich,England – Championship,0-1,2.20,FT,2,away
21-03-2026,QPR,Portsmouth,England – Championship,6-1,1.40,DC,X2,home
21-03-2026,Sheffield Utd,Wrexham,England – Championship,1-2,2.00,FT,1,away
21-03-2026,Watford,Leicester,England – Championship,0-0,1.25,DC,12,draw
21-03-2026,Espanyol,Getafe,Spain – La Liga,1-2,2.95,FT,X,away
21-03-2026,Swansea,Coventry,England – Championship,0-3,3.45,FT,X,away
21-03-2026,Everton,Chelsea,England – Premier League,3-0,2.15,FT,2,home
21-03-2026,Levante,Oviedo,Spain – La Liga,4-2,2.20,FT,1,home
21-03-2026,Osasuna,Girona,Spain – La Liga,1-0,1.35,DC,1X,home
21-03-2026,Leeds,Brentford,England – Premier League,0-0,1.45,DC,1X,draw
21-03-2026,Sevilla,Valencia,Spain – La Liga,0-2,2.20,FT,1,away
21-03-2026,Bologna,Lazio,Italy – Serie A,0-2,3.10,FT,X,away
21-03-2026,Lyon,Monaco,France – Ligue 1,1-2,1.45,DC,X2,away
21-03-2026,Aston Villa,West Ham,England – Premier League,2-0,2.00,FT,1,home
21-03-2026,Tottenham,Nottingham Forest,England – Premier League,0-3,2.45,FT,1,away
21-03-2026,Paris FC,Le Havre,France – Ligue 1,3-2,1.25,DC,1X,home
21-03-2026,FC St. Pauli,SC Freiburg,Germany – Bundesliga,1-2,2.75,FT,1,away
21-03-2026,FC Augsburg,VfB Stuttgart,Germany – Bundesliga,2-5,2.00,FT,2,away
21-03-2026,Nantes,Strasbourg,France – Ligue 1,2-3,3.40,FT,X,away
14-03-2026,Sunderland,Brighton,England – Premier League,0-1,3.35,FT,X,away
14-03-2026,Birmingham,Sheffield Utd,England – Championship,1-1,1.40,DC,1X,draw
14-03-2026,Leicester,QPR,England – Championship,1-3,2.15,FT,1,away
14-03-2026,Stoke City,Watford,England – Championship,3-1,2.80,FT,1,home
14-03-2026,West Brom,Hull City,England – Championship,3-0,1.30,DC,12,home
14-03-2026,Hamburger SV,1. FC Köln,Germany – Bundesliga,1-1,2.10,FT,1,draw
14-03-2026,Oviedo,Valencia,Spain – La Liga,1-0,3.20,FT,X,home
14-03-2026,Hellas Verona,Genoa,Italy – Serie A,0-2,3.05,FT,X,away
14-03-2026,Mallorca,Espanyol,Spain – La Liga,2-1,2.40,FT,1,home
14-03-2026,Crystal Palace,Leeds,England – Premier League,0-0,1.35,DC,1X,draw
14-03-2026,Nottingham Forest,Fulham,England – Premier League,0-0,2.25,FT,1,draw
14-03-2026,Pisa,Cagliari,Italy – Serie A,3-1,3.10,FT,X,home
14-03-2026,Sassuolo,Bologna,Italy – Serie A,0-1,3.30,FT,X,away
14-03-2026,Werder Bremen,FSV Mainz 05,Germany – Bundesliga,0-2,1.40,DC,1X,away
14-03-2026,SC Freiburg,Union Berlin,Germany – Bundesliga,0-1,2.20,FT,1,away
14-03-2026,Como,AS Roma,Italy – Serie A,2-1,1.30,DC,1X,home
14-03-2026,Real Betis,Celta Vigo,Spain – La Liga,1-1,1.30,DC,1X,draw
14-03-2026,VfB Stuttgart,RB Leipzig,Germany – Bundesliga,1-0,2.80,FT,2,home
14-03-2026,Lazio,AC Milan,Italy – Serie A,1-0,2.05,FT,2,home
14-03-2026,Real Sociedad,Osasuna,Spain – La Liga,3-1,2.00,FT,1,home
06-03-2026,Bristol City,Coventry,England – Championship,0-2,2.05,FT,2,away
06-03-2026,Charlton,Birmingham,England – Championship,1-0,3.35,FT,X,home
06-03-2026,Swansea,Stoke City,England – Championship,2-0,1.30,DC,1X,home
06-03-2026,Levante,Girona,Spain – La Liga,1-1,1.40,DC,X2,draw
06-03-2026,Nantes,Angers,France – Ligue 1,0-1,2.20,FT,1,away
06-03-2026,Viborg,FC Copenhagen,Denmark – DBU Pokalen,1-2,2.35,FT,2,away
06-03-2026,Auxerre,Strasbourg,France – Ligue 1,0-0,2.15,FT,2,draw
06-03-2026,Newcastle,Manchester City,England – FA Cup,1-3,2.00,FT,2,away
06-03-2026,Celta Vigo,Real Madrid,Spain – La Liga,1-2,2.15,FT,2,away
06-03-2026,Toulouse,Marseille,France – Ligue 1,0-1,1.30,DC,X2,away
06-03-2026,Lecce,Cremonese,Italy – Serie A,2-1,3.15,FT,X,home
06-03-2026,FC St. Pauli,Eintracht Frankfurt,Germany – Bundesliga,0-0,2.65,FT,1,draw
06-03-2026,Nice,Rennes,France – Ligue 1,0-4,1.40,DC,X2,away
06-03-2026,QPR,Middlesbrough,England – Championship,0-4,2.00,FT,2,away
06-03-2026,Union Berlin,Werder Bremen,Germany – Bundesliga,1-4,1.25,DC,12,away
06-03-2026,FC Midtjylland,Aarhus,Denmark – DBU Pokalen,1-1,2.00,FT,1,draw
06-03-2026,Sevilla,Rayo Vallecano,Spain – La Liga,1-1,3.25,FT,X,draw
06-03-2026,Leganes,Eibar,Spain – Segunda División,0-1,3.00,FT,X,away
06-03-2026,AC Milan,Inter,Italy – Serie A,1-0,1.40,DC,X2,home
06-03-2026,Valencia,Alaves,Spain – La Liga,3-2,2.10,FT,1,home
28-02-2026,Charlton,Wrexham,England – Championship,0-1,2.35,FT,2,away
28-02-2026,Oxford United,West Brom,England – Championship,2-1,2.90,FT,1,home
28-02-2026,Preston,Millwall,England – Championship,0-2,2.20,FT,2,away
28-02-2026,QPR,Sheffield Utd,England – Championship,0-2,2.95,FT,1,away
28-02-2026,Rennes,Toulouse,France – Ligue 1,1-0,2.20,FT,1,home
28-02-2026,Mallorca,Real Sociedad,Spain – La Liga,0-1,1.40,DC,X2,away
28-02-2026,Hertha BSC,1. FC Nürnberg,Germany – 2. Bundesliga,2-1,1.30,DC,1X,home
28-02-2026,Elche,Espanyol,Spain – La Liga,2-2,3.25,FT,X,draw
28-02-2026,Brighton,Nottingham Forest,England – Premier League,2-1,2.20,FT,1,home
28-02-2026,Fulham,Tottenham,England – Premier League,2-1,2.15,FT,1,home
28-02-2026,Sassuolo,Atalanta,Italy – Serie A,2-1,2.00,FT,2,home
28-02-2026,Valencia,Osasuna,Spain – La Liga,1-0,3.25,FT,X,home
28-02-2026,Lorient,Auxerre,France – Ligue 1,2-2,1.25,DC,1X,draw
28-02-2026,Metz,Stade Brestois 29,France – Ligue 1,0-1,1.30,DC,X2,away
28-02-2026,Eintracht Frankfurt,SC Freiburg,Germany – Bundesliga,2-0,2.30,FT,1,home
28-02-2026,Torino,Lazio,Italy – Serie A,2-0,3.00,FT,X,home
28-02-2026,Hamburger SV,RB Leipzig,Germany – Bundesliga,1-2,1.35,DC,X2,away
28-02-2026,AS Roma,Juventus,Italy – Serie A,3-3,3.10,FT,X,draw
28-02-2026,Marseille,Lyon,France – Ligue 1,3-2,3.45,FT,X,home
28-02-2026,Girona,Celta Vigo,Spain – La Liga,1-2,1.40,DC,1X,away
21-02-2026,Brentford,Brighton,England – Premier League,0-2,2.05,FT,1,away
21-02-2026,Norwich,Birmingham,England – Championship,1-2,2.55,FT,1,away
21-02-2026,Watford,Derby,England – Championship,2-0,1.30,DC,12,home
21-02-2026,Wrexham,Ipswich,England – Championship,5-3,2.20,FT,2,home
21-02-2026,Deportivo La Coruna,Eibar,Spain – Segunda División,1-0,2.00,FT,1,home
21-02-2026,Huesca,Mirandes,Spain – Segunda División,1-2,2.10,FT,1,away
21-02-2026,West Ham,Bournemouth,England – Premier League,0-0,1.40,DC,1X,draw
21-02-2026,RB Leipzig,Borussia Dortmund,Germany – Bundesliga,2-2,1.65,DC,X2,draw
21-02-2026,Cagliari,Lazio,Italy – Serie A,0-0,3.05,FT,X,draw
21-02-2026,Las Palmas,Castellón,Spain – Segunda División,1-1,1.50,DC,X2,draw
21-02-2026,Genoa,Torino,Italy – Serie A,3-0,3.25,FT,X,home
21-02-2026,Getafe,Sevilla,Spain – La Liga,0-1,2.95,FT,X,away
21-02-2026,Sporting Gijon,Valladolid,Spain – Segunda División,2-2,2.15,FT,1,draw
21-02-2026,Sunderland,Fulham,England – Premier League,1-3,1.45,DC,1X,away
21-02-2026,Atalanta,Napoli,Italy – Serie A,2-1,3.20,FT,X,home
21-02-2026,Auxerre,Rennes,France – Ligue 1,0-3,2.45,FT,2,away
21-02-2026,Nantes,Le Havre,France – Ligue 1,2-0,2.40,FT,1,home
21-02-2026,Nice,Lorient,France – Ligue 1,3-3,2.15,FT,1,draw
21-02-2026,FC St. Pauli,Werder Bremen,Germany – Bundesliga,2-1,2.80,FT,1,home
21-02-2026,Strasbourg,Lyon,France – Ligue 1,3-1,2.90,FT,2,home
14-02-2026,Derby,Swansea,England – Championship,2-0,2.15,FT,1,home
14-02-2026,Portsmouth,Sheffield Utd,England – Championship,0-1,1.30,DC,12,away
14-02-2026,Preston,Watford,England – Championship,2-2,2.40,FT,2,draw
14-02-2026,QPR,Blackburn,England – Championship,1-3,1.35,DC,12,away
14-02-2026,Blackpool,Plymouth,England – League One,0-4,3.25,FT,X,away
14-02-2026,Bradford,Peterborough,England – League One,2-0,1.30,DC,1X,home
14-02-2026,Exeter City,Northampton,England – League One,0-0,2.00,FT,1,draw
14-02-2026,Lincoln,Bolton,England – League One,1-1,3.25,FT,X,draw
14-02-2026,Lazio,Atalanta,Italy – Serie A,0-2,2.20,FT,2,away
14-02-2026,Inter,Juventus,Italy – Serie A,3-2,2.00,FT,1,home
14-02-2026,Udinese,Sassuolo,Italy – Serie A,1-2,3.15,FT,X,away
14-02-2026,Cremonese,Genoa,Italy – Serie A,0-0,3.05,FT,X,draw
14-02-2026,Parma,Verona,Italy – Serie A,2-1,2.40,FT,1,home
14-02-2026,Getafe,Villarreal,Spain – La Liga,2-1,1.35,DC,X2,home
14-02-2026,Lorient,Angers,France – Ligue 1,2-0,2.00,FT,1,home
14-02-2026,Metz,Auxerre,France – Ligue 1,1-3,1.45,DC,1X,away
14-02-2026,Torino,Bologna,Italy – Serie A,1-2,3.30,FT,X,away
14-02-2026,Levante,Valencia,Spain – La Liga,0-2,3.40,FT,X,away
14-02-2026,Napoli,AS Roma,Italy – Serie A,2-2,3.10,FT,X,draw
14-02-2026,Mallorca,Real Betis,Spain – La Liga,1-2,1.40,DC,X2,away
07-02-2026,Bournemouth,Aston Villa,England – Premier League,1-1,1.45,DC,X2,draw
07-02-2026,Burnley,West Ham,England – Premier League,0-2,2.25,FT,2,away
07-02-2026,Fulham,Everton,England – Premier League,1-2,1.30,DC,1X,away
07-02-2026,Hull City,Bristol City,England – Championship,2-3,2.25,FT,1,away
07-02-2026,Preston,Portsmouth,England – Championship,1-0,3.30,FT,X,home
07-02-2026,West Brom,Stoke City,England – Championship,0-0,3.30,FT,X,draw
07-02-2026,Wrexham,Millwall,England – Championship,0-2,2.55,FT,1,away
07-02-2026,Newcastle,Brentford,England – Premier League,2-3,2.00,FT,1,away
07-02-2026,Borussia Mönchengladbach,Bayer Leverkusen,Germany – Bundesliga,1-1,2.10,FT,2,draw
07-02-2026,Sevilla,Girona,Spain – La Liga,1-1,1.30,DC,1X,draw
07-02-2026,Valladolid,Castellón,Spain – Segunda División,0-4,1.40,DC,X2,away
07-02-2026,Brighton,Crystal Palace,England – Premier League,0-1,2.00,FT,1,away
07-02-2026,Lecce,Udinese,Italy – Serie A,2-1,2.95,FT,X,home
07-02-2026,Nice,Monaco,France – Ligue 1,0-0,2.20,FT,2,draw
07-02-2026,1. FC Köln,RB Leipzig,Germany – Bundesliga,1-2,2.20,FT,2,away
07-02-2026,AD Ceuta FC,Cordoba,Spain – Segunda División,Abn,3.25,FT,X,abandoned
07-02-2026,Angers,Toulouse,France – Ligue 1,1-0,1.30,DC,X2,home
07-02-2026,Auxerre,Paris FC,France – Ligue 1,0-0,1.40,DC,1X,draw
07-02-2026,Le Havre,Strasbourg,France – Ligue 1,2-1,2.00,FT,2,home
07-02-2026,Liverpool,Manchester City,England – Premier League,1-2,2.35,FT,1,away
31-01-2026,Stoke City,Southampton,England – Championship,0-2,3.35,FT,X,away
31-01-2026,Oviedo,Girona,Spain – La Liga,1-0,1.45,DC,X2,home
31-01-2026,Pisa,Sassuolo,Italy – Serie A,1-3,1.40,DC,X2,away
31-01-2026,FC Augsburg,FC St. Pauli,Germany – Bundesliga,2-1,2.00,FT,1,home
31-01-2026,Eintracht Frankfurt,Bayer Leverkusen,Germany – Bundesliga,1-3,3.50,FT,X,away
31-01-2026,Werder Bremen,Borussia Mönchengladbach,Germany – Bundesliga,1-1,2.45,FT,1,draw
31-01-2026,Wolves,Bournemouth,England – Premier League,0-2,2.30,FT,2,away
31-01-2026,Blackburn,Hull City,England – Championship,0-1,2.85,FT,2,away
31-01-2026,Millwall,Sheffield Utd,England – Championship,1-1,1.40,DC,1X,draw
31-01-2026,Portsmouth,West Brom,England – Championship,3-0,1.50,DC,1X,home
31-01-2026,Osasuna,Villarreal,Spain – La Liga,2-2,2.55,FT,2,draw
31-01-2026,Cagliari,Verona,Italy – Serie A,4-0,2.30,FT,1,home
31-01-2026,Sparta Rotterdam,Groningen,Netherlands – Eredivisie,2-0,2.60,FT,1,home
31-01-2026,Monaco,Rennes,France – Ligue 1,4-0,1.30,DC,1X,home
31-01-2026,Como,Atalanta,Italy – Serie A,0-0,1.40,DC,1X,draw
31-01-2026,Hibernian,Rangers,Scotland – Premiership,0-0,2.25,FT,2,draw
31-01-2026,Angers,Metz,France – Ligue 1,1-0,2.15,FT,1,home
31-01-2026,Nice,Stade Brestois 29,France – Ligue 1,2-2,2.15,FT,1,draw
31-01-2026,Getafe,Celta Vigo,Spain – La Liga,0-0,2.75,FT,2,draw
31-01-2026,Athletic Club,Real Sociedad,Spain – La Liga,1-1,3.50,FT,2,draw
24-01-2026,Burnley,Tottenham,England – Premier League,2-2,1.30,DC,X2,draw
24-01-2026,Fulham,Brighton,England – Premier League,2-1,1.45,DC,1X,home
24-01-2026,Blackburn,Watford,England – Championship,1-1,2.80,FT,2,draw
24-01-2026,Hull City,Swansea,England – Championship,2-1,2.35,FT,1,home
24-01-2026,QPR,Wrexham,England – Championship,2-3,1.35,DC,1X,away
24-01-2026,Sheffield Utd,Ipswich,England – Championship,3-1,2.40,FT,2,home
24-01-2026,Bournemouth,Liverpool,England – Premier League,3-2,1.95,FT,2,home
24-01-2026,Union Berlin,Borussia Dortmund,Germany – Bundesliga,0-3,1.30,DC,X2,away
24-01-2026,Sevilla,Athletic Club,Spain – La Liga,2-1,1.50,DC,1X,home
24-01-2026,Villarreal,Real Madrid,Spain – La Liga,0-2,2.05,FT,2,away
24-01-2026,Brentford,Nottingham Forest,England – Premier League,0-2,2.05,FT,1,away
24-01-2026,Crystal Palace,Chelsea,England – Premier League,1-3,1.35,DC,X2,away
24-01-2026,Newcastle,Aston Villa,England – Premier League,0-2,2.00,FT,1,away
24-01-2026,Genoa,Bologna,Italy – Serie A,3-2,3.10,FT,X,home
24-01-2026,Borussia Mönchengladbach,VfB Stuttgart,Germany – Bundesliga,0-3,2.30,FT,2,away
24-01-2026,SC Freiburg,1. FC Köln,Germany – Bundesliga,2-1,2.00,FT,1,home
24-01-2026,Juventus,Napoli,Italy – Serie A,3-0,2.20,FT,1,home
24-01-2026,Real Sociedad,Celta Vigo,Spain – La Liga,3-1,3.40,FT,X,home
24-01-2026,AS Roma,AC Milan,Italy – Serie A,1-1,3.10,FT,X,draw
24-01-2026,Alaves,Real Betis,Spain – La Liga,2-1,2.50,FT,2,home
17-01-2026,Leeds,Fulham,England – Premier League,1-0,3.30,FT,X,home
17-01-2026,Sunderland,Crystal Palace,England – Premier League,2-1,1.40,DC,1X,home
17-01-2026,Charlton,Sheffield Utd,England – Championship,1-0,2.10,FT,2,home
17-01-2026,Oxford United,Bristol City,England – Championship,0-0,2.20,FT,2,draw
17-01-2026,Preston,Derby,England – Championship,0-1,1.30,DC,1X,away
17-01-2026,Sheffield Wednesday,Portsmouth,England – Championship,0-1,1.30,DC,X2,away
17-01-2026,Stoke City,QPR,England – Championship,0-0,2.05,FT,1,draw
17-01-2026,Wrexham,Norwich,England – Championship,1-2,2.15,FT,1,away
17-01-2026,Swansea,Birmingham,England – Championship,1-1,2.85,FT,1,draw
17-01-2026,Real Betis,Villarreal,Spain – La Liga,2-0,1.50,DC,X2,home
17-01-2026,Heerenveen,Groningen,Netherlands – Eredivisie,0-2,2.20,FT,1,away
17-01-2026,Getafe,Valencia,Spain – La Liga,0-1,1.50,DC,X2,away
17-01-2026,Mirandes,FC Andorra,Spain – Segunda División,1-2,2.45,FT,1,away
17-01-2026,Bologna,Fiorentina,Italy – Serie A,1-2,1.70,DC,X2,away
17-01-2026,Racing Santander,Las Palmas,Spain – Segunda División,4-1,3.15,FT,X,home
17-01-2026,FC Augsburg,SC Freiburg,Germany – Bundesliga,2-2,3.40,FT,X,draw
17-01-2026,Torino,AS Roma,Italy – Serie A,0-2,2.20,FT,2,away
17-01-2026,Celta Vigo,Rayo Vallecano,Spain – La Liga,3-0,2.15,FT,1,home
17-01-2026,Albacete,Cadiz,Spain – Segunda División,1-0,3.40,FT,X,home
17-01-2026,Burgos,Huesca,Spain – Segunda División,1-0,2.15,FT,1,home
10-01-2026,Stoke City,Coventry,England – FA Cup,1-0,3.10,FT,1,home
10-01-2026,Bayer Leverkusen,VfB Stuttgart,Germany – Bundesliga,1-4,1.95,FT,1,away
10-01-2026,Girona,Osasuna,Spain – La Liga,1-0,1.35,DC,1X,home
10-01-2026,Burgos,Eibar,Spain – Segunda División,1-0,1.35,DC,1X,home
10-01-2026,Bristol City,Watford,England – FA Cup,5-1,2.25,FT,1,home
10-01-2026,Tottenham,Aston Villa,England – FA Cup,1-2,2.70,FT,2,away
10-01-2026,Valencia,Elche,Spain – La Liga,1-1,3.30,FT,X,draw
10-01-2026,Heerenveen,Feyenoord,Netherlands – Eredivisie,2-2,2.25,FT,2,draw
10-01-2026,Lecce,Parma,Italy – Serie A,1-2,3.05,FT,X,away
10-01-2026,Leganes,Valladolid,Spain – Segunda División,3-0,1.35,DC,1X,home
10-01-2026,Fiorentina,AC Milan,Italy – Serie A,1-1,1.30,DC,X2,draw
10-01-2026,Hull City,Blackburn,England – FA Cup,0-0,2.20,FT,1,draw
10-01-2026,Swansea,West Brom,England – FA Cup,1-1,2.75,FT,2,draw
10-01-2026,Borussia Mönchengladbach,FC Augsburg,Germany – Bundesliga,4-0,1.95,FT,1,home
10-01-2026,Levante,Espanyol,Spain – La Liga,1-1,1.35,DC,X2,draw
10-01-2026,Granada CF,Castellón,Spain – Segunda División,0-0,3.30,FT,X,draw
10-01-2026,Malaga,AD Ceuta FC,Spain – Segunda División,2-1,2.15,FT,1,home
10-01-2026,Aberdeen,Rangers,Scotland – Premiership,0-2,1.75,FT,2,away
10-01-2026,Verona,Lazio,Italy – Serie A,0-1,1.35,DC,X2,away
10-01-2026,Las Palmas,Deportivo La Coruna,Spain – Segunda División,1-1,2.15,FT,1,draw
03-01-2026,Wolves,West Ham,England – Premier League,3-0,1.50,DC,X2,home
03-01-2026,Falkirk,Aberdeen,Scotland – Premiership,1-0,1.30,DC,12,home
03-01-2026,Osasuna,Athletic Club,Spain – La Liga,1-1,3.05,FT,X,draw
03-01-2026,Elche,Villarreal,Spain – La Liga,1-3,3.40,FT,X,away
03-01-2026,Valladolid,Racing Santander,Spain – Segunda División,1-1,1.55,DC,X2,draw
03-01-2026,Nice,Strasbourg,France – Ligue 1,1-1,3.40,FT,X,draw
03-01-2026,Atalanta,AS Roma,Italy – Serie A,1-0,3.30,FT,X,home
03-01-2026,Cordoba,Burgos,Spain – Segunda División,2-0,3.20,FT,X,home
03-01-2026,Lazio,Napoli,Italy – Serie A,0-2,2.35,FT,2,away
03-01-2026,Leeds,Manchester United,England – Premier League,1-1,1.45,DC,X2,draw
03-01-2026,Everton,Brentford,England – Premier League,2-4,2.40,FT,1,away
03-01-2026,Fulham,Liverpool,England – Premier League,2-2,2.00,FT,2,draw
03-01-2026,AD Ceuta FC,FC Andorra,Spain – Segunda División,2-1,1.25,DC,1X,home
03-01-2026,Stade Brestois 29,Auxerre,France – Ligue 1,2-0,2.00,FT,1,home
03-01-2026,Le Havre,Angers,France – Ligue 1,2-1,3.30,FT,X,home
03-01-2026,Verona,Torino,Italy – Serie A,0-3,3.05,FT,X,away
03-01-2026,Mallorca,Girona,Spain – La Liga,1-2,3.20,FT,X,away
03-01-2026,Albacete,Leganes,Spain – Segunda División,1-3,2.25,FT,1,away
03-01-2026,Zaragoza,Las Palmas,Spain – Segunda División,1-2,1.35,DC,X2,away
03-01-2026,Real Sociedad,Atletico Madrid,Spain – La Liga,1-1,2.00,FT,2,draw
27-12-2025,Brentford,Bournemouth,England – Premier League,4-1,1.55,DC,1X,home
27-12-2025,Burnley,Everton,England – Premier League,0-0,2.05,FT,2,draw
27-12-2025,West Ham,Fulham,England – Premier League,0-1,1.50,DC,1X,away
27-12-2025,Dundee,Falkirk,Scotland – Premiership,1-0,3.25,FT,X,home
27-12-2025,Udinese,Lazio,Italy – Serie A,1-1,3.10,FT,X,draw
27-12-2025,KV Mechelen,Dender,Belgium – Jupiler Pro League,1-1,2.15,FT,1,draw
27-12-2025,Uganda,Tanzania,World – Africa Cup of Nations,1-1,3.00,FT,X,draw
27-12-2025,Bari,Avellino,Italy – Serie B,1-1,3.05,FT,X,draw
27-12-2025,Gent,KVC Westerlo,Belgium – Jupiler Pro League,2-0,3.50,FT,X,home
27-12-2025,Nigeria,Tunisia,World – Africa Cup of Nations,3-2,1.35,DC,1X,home
27-12-2025,Gabon,Mozambique,World – Africa Cup of Nations,2-3,1.25,DC,1X,away
27-12-2025,Sunderland,Leeds,England – Premier League,1-1,3.25,FT,X,draw
27-12-2025,Equatorial Guinea,Sudan,World – Africa Cup of Nations,0-1,2.95,FT,X,away
27-12-2025,Arouca,GIL Vicente,Portugal – Primeira Liga,2-2,1.25,DC,X2,draw
27-12-2025,Casa Pia,Guimaraes,Portugal – Primeira Liga,0-0,3.10,FT,X,draw
27-12-2025,Crystal Palace,Tottenham,England – Premier League,0-1,3.30,FT,2,away
27-12-2025,Algeria,Burkina Faso,World – Africa Cup of Nations,1-0,3.35,FT,X,home
27-12-2025,SC Braga,Benfica,Portugal – Primeira Liga,2-2,3.35,FT,X,draw
27-12-2025,Atalanta,Inter,Italy – Serie A,0-1,1.30,DC,X2,away
27-12-2025,Ivory Coast,Cameroon,World – Africa Cup of Nations,1-1,3.05,FT,X,draw
20-12-2025,Wolves,Brentford,England – Premier League,0-2,1.35,DC,X2,away
20-12-2025,Bristol City,Middlesbrough,England – Championship,2-0,2.75,FT,2,home
20-12-2025,Hull City,West Brom,England – Championship,1-0,2.90,FT,1,home
20-12-2025,QPR,Leicester,England – Championship,4-1,3.00,FT,2,home
20-12-2025,Sheffield Utd,Birmingham,England – Championship,3-0,1.40,DC,1X,home
20-12-2025,Levante,Real Sociedad,Spain – La Liga,1-1,2.25,FT,2,draw
20-12-2025,Tottenham,Liverpool,England – Premier League,1-2,1.25,DC,12,away
20-12-2025,RB Leipzig,Bayer Leverkusen,Germany – Bundesliga,1-3,2.15,FT,1,away
20-12-2025,Osasuna,Alaves,Spain – La Liga,3-0,1.40,DC,1X,home
20-12-2025,Leganes,Sporting Gijon,Spain – Segunda División,0-1,3.15,FT,X,away
20-12-2025,Juventus,AS Roma,Italy – Serie A,2-1,1.40,DC,1X,home
20-12-2025,Leeds,Crystal Palace,England – Premier League,4-1,2.60,FT,1,home
20-12-2025,Cagliari,Pisa,Italy – Serie A,2-2,2.25,FT,1,draw
20-12-2025,Malaga,Almeria,Spain – Segunda División,2-1,3.20,FT,X,home
20-12-2025,Sassuolo,Torino,Italy – Serie A,0-1,3.20,FT,X,away
20-12-2025,Aston Villa,Manchester United,England – Premier League,2-1,1.40,DC,1X,home
20-12-2025,Elche,Rayo Vallecano,Spain – La Liga,4-0,2.45,FT,1,home
20-12-2025,Burgos,Zaragoza,Spain – Segunda División,1-1,2.10,FT,1,draw
20-12-2025,Granada CF,Albacete,Spain – Segunda División,1-1,2.00,FT,1,draw
20-12-2025,Genoa,Atalanta,Italy – Serie A,0-1,2.00,FT,2,away
13-12-2025,Leicester,Ipswich,England – Championship,3-1,3.40,FT,X,home
13-12-2025,Portsmouth,Blackburn,England – Championship,2-1,2.65,FT,2,home
13-12-2025,Wrexham,Watford,England – Championship,2-2,2.45,FT,1,draw
13-12-2025,Mallorca,Elche,Spain – La Liga,3-1,3.15,FT,X,home
13-12-2025,Parma,Lazio,Italy – Serie A,0-1,1.30,DC,X2,away
13-12-2025,Burnley,Fulham,England – Premier League,2-3,1.95,FT,2,away
13-12-2025,Getafe,Espanyol,Spain – La Liga,0-1,1.40,DC,1X,away
13-12-2025,Paris FC,Toulouse,France – Ligue 1,0-3,3.35,FT,X,away
13-12-2025,Gazişehir Gaziantep,Göztepe,Turkey – Süper Lig,0-1,1.40,DC,X2,away
13-12-2025,Nottingham Forest,Tottenham,England – Premier League,3-0,2.80,FT,2,home
13-12-2025,Sunderland,Newcastle,England – Premier League,1-0,3.35,FT,X,home
13-12-2025,West Ham,Aston Villa,England – Premier League,2-3,2.00,FT,2,away
13-12-2025,Fatih Karagümrük,Kocaelispor,Turkey – Süper Lig,1-1,3.25,FT,X,draw
13-12-2025,SC Freiburg,Borussia Dortmund,Germany – Bundesliga,1-1,1.35,DC,X2,draw
13-12-2025,Celta Vigo,Athletic Club,Spain – La Liga,2-0,1.40,DC,1X,home
13-12-2025,Brentford,Leeds,England – Premier League,1-1,2.00,FT,1,draw
13-12-2025,Samsunspor,Başakşehir,Turkey – Süper Lig,0-2,1.30,DC,1X,away
13-12-2025,Trabzonspor,Beşiktaş,Turkey – Süper Lig,3-3,2.40,FT,1,draw
13-12-2025,Werder Bremen,VfB Stuttgart,Germany – Bundesliga,0-4,2.25,FT,2,away
13-12-2025,Bologna,Juventus,Italy – Serie A,0-1,3.25,FT,X,away
06-12-2025,Bournemouth,Chelsea,England – Premier League,0-0,1.35,DC,X2,draw
06-12-2025,Everton,Nottingham Forest,England – Premier League,3-0,2.20,FT,1,home
06-12-2025,Tottenham,Brentford,England – Premier League,2-0,2.25,FT,1,home
06-12-2025,Preston,Wrexham,England – Championship,1-1,2.40,FT,1,draw
06-12-2025,QPR,West Brom,England – Championship,3-1,2.90,FT,2,home
06-12-2025,Southampton,Birmingham,England – Championship,3-1,2.30,FT,1,home
06-12-2025,Alaves,Real Sociedad,Spain – La Liga,1-0,1.50,DC,X2,home
06-12-2025,Huesca,Valladolid,Spain – Segunda División,1-4,2.85,FT,2,away
06-12-2025,Athletic Club,Atletico Madrid,Spain – La Liga,1-0,1.35,DC,X2,home
06-12-2025,Cremonese,Lecce,Italy – Serie A,2-0,2.50,FT,1,home
06-12-2025,Elche,Girona,Spain – La Liga,3-0,2.20,FT,1,home
06-12-2025,Cadiz,Racing Santander,Spain – Segunda División,2-3,1.45,DC,X2,away
06-12-2025,Hamburger SV,Werder Bremen,Germany – Bundesliga,3-2,2.30,FT,1,home
06-12-2025,Valencia,Sevilla,Spain – La Liga,1-1,2.15,FT,1,draw
06-12-2025,Leganes,Cordoba,Spain – Segunda División,0-0,2.30,FT,1,draw
06-12-2025,Fulham,Crystal Palace,England – Premier League,1-2,1.45,DC,1X,away
06-12-2025,Lazio,Bologna,Italy – Serie A,1-1,2.65,FT,1,draw
06-12-2025,Espanyol,Rayo Vallecano,Spain – La Liga,1-0,2.35,FT,1,home
06-12-2025,Deportivo La Coruna,Castellón,Spain – Segunda División,1-3,2.25,FT,1,away
06-12-2025,Napoli,Juventus,Italy – Serie A,2-1,1.40,DC,1X,home
29-11-2025,Sunderland,Bournemouth,England – Premier League,3-2,1.40,DC,X2,home
29-11-2025,Cultural Leonesa,Granada CF,Spain – Segunda División,0-1,3.10,FT,X,away
29-11-2025,Everton,Newcastle,England – Premier League,1-4,1.35,DC,12,away
29-11-2025,Bayer Leverkusen,Borussia Dortmund,Germany – Bundesliga,1-2,1.30,DC,12,away
29-11-2025,Levante,Athletic Club,Spain – La Liga,0-2,2.25,FT,2,away
29-11-2025,Albacete,Deportivo La Coruna,Spain – Segunda División,0-2,2.75,FT,2,away
29-11-2025,Tottenham,Fulham,England – Premier League,1-2,2.15,FT,1,away
29-11-2025,Lecce,Torino,Italy – Serie A,2-1,2.70,FT,2,home
29-11-2025,Crystal Palace,Manchester United,England – Premier League,1-2,1.45,DC,1X,away
29-11-2025,Real Sociedad,Villarreal,Spain – La Liga,2-3,2.60,FT,2,away
29-11-2025,Zaragoza,Leganes,Spain – Segunda División,3-2,3.05,FT,X,home
29-11-2025,Nottingham Forest,Brighton,England – Premier League,0-2,2.60,FT,2,away
29-11-2025,Hamburger SV,VfB Stuttgart,Germany – Bundesliga,2-1,2.20,FT,2,home
29-11-2025,Sevilla,Real Betis,Spain – La Liga,0-2,1.40,DC,X2,away
29-11-2025,Racing Santander,Eibar,Spain – Segunda División,4-0,2.05,FT,1,home
29-11-2025,Chelsea,Arsenal,England – Premier League,1-1,1.35,DC,X2,draw
29-11-2025,Celta Vigo,Espanyol,Spain – La Liga,0-1,2.05,FT,1,away
29-11-2025,SC Freiburg,FSV Mainz 05,Germany – Bundesliga,4-0,1.95,FT,1,home
29-11-2025,AS Roma,Napoli,Italy – Serie A,0-1,2.95,FT,X,away
29-11-2025,Castellón,Las Palmas,Spain – Segunda División,1-0,3.40,FT,X,home
22-11-2025,Fulham,Sunderland,England – Premier League,1-0,2.20,FT,1,home
22-11-2025,Wolves,Crystal Palace,England – Premier League,0-2,2.00,FT,2,away
22-11-2025,Derby,Watford,England – Championship,2-3,2.50,FT,1,away
22-11-2025,Oxford United,Middlesbrough,England – Championship,1-1,2.05,FT,2,draw
22-11-2025,Portsmouth,Millwall,England – Championship,3-1,1.45,DC,1X,home
22-11-2025,QPR,Hull City,England – Championship,3-2,2.15,FT,1,home
22-11-2025,Lens,Strasbourg,France – Ligue 1,1-0,2.10,FT,1,home
22-11-2025,Fiorentina,Juventus,Italy – Serie A,1-1,2.05,FT,2,draw
22-11-2025,Newcastle,Manchester City,England – Premier League,2-1,2.00,FT,2,home
22-11-2025,1.FC Köln,Eintracht Frankfurt,Germany – Bundesliga,3-4,1.45,DC,X2,away
22-11-2025,Osasuna,Real Sociedad,Spain – La Liga,1-3,1.50,DC,X2,away
22-11-2025,Rennes,Monaco,France – Ligue 1,4-1,1.30,DC,12,home
22-11-2025,Napoli,Atalanta,Italy – Serie A,3-1,2.25,FT,1,home
22-11-2025,Verona,Parma,Italy – Serie A,1-2,2.35,FT,1,away
22-11-2025,Sheffield Wednesday,Sheffield Utd,England – Championship,0-3,2.00,FT,2,away
22-11-2025,Oviedo,Rayo Vallecano,Spain – La Liga,0-0,2.30,FT,2,draw
22-11-2025,Leeds,Aston Villa,England – Premier League,1-2,1.40,DC,X2,away
22-11-2025,Auxerre,Lyon,France – Ligue 1,0-0,2.00,FT,2,draw
22-11-2025,Nantes,Lorient,France – Ligue 1,1-1,1.45,DC,1X,draw
22-11-2025,FC St. Pauli,Union Berlin,Germany – Bundesliga,0-1,2.50,FT,1,away
15-11-2025,Altrincham,Brackley Town,England – National League,2-1,2.35,FT,1,home
15-11-2025,Burton Albion,Blackpool,England – League One,1-0,1.40,DC,1X,home
15-11-2025,Port Vale,Wycombe,England – League One,0-0,1.40,DC,X2,draw
15-11-2025,Milton Keynes Dons,Salford City,England – League Two,2-0,2.20,FT,1,home
15-11-2025,Braintree,Truro City,England – National League,2-0,2.30,FT,1,home
15-11-2025,Albacete,FC Andorra,Spain – Segunda División,1-0,1.30,DC,1X,home
15-11-2025,Accrington ST,Bristol Rovers,England – League Two,3-1,2.30,FT,1,home
15-11-2025,Cambridge United,Barnet,England – League Two,0-0,2.55,FT,1,draw
15-11-2025,Fleetwood Town,Swindon Town,England – League Two,1-1,1.40,DC,X2,draw
15-11-2025,Grimsby,Chesterfield,England – League Two,0-1,3.10,FT,2,away
15-11-2025,Oldham,Crewe,England – League Two,0-0,2.25,FT,1,draw
15-11-2025,Walsall,Colchester,England – League Two,0-2,2.15,FT,1,away
15-11-2025,Greece,Scotland,World – World Cup - Qualification Europe,3-2,2.15,FT,1,home
15-11-2025,Bosnia & Herzegovina,Romania,World – World Cup - Qualification Europe,3-1,1.40,DC,1X,home
15-11-2025,Santos,Palmeiras,Brazil – Serie A,1-0,2.15,FT,2,home
15-11-2025,AD Ceuta FC,Leganes,Spain – Segunda División,1-2,2.35,FT,1,away
15-11-2025,Sporting Gijon,Eibar,Spain – Segunda División,1-1,1.55,DC,X2,draw
15-11-2025,Cordoba,Deportivo La Coruna,Spain – Segunda División,1-3,2.35,FT,1,away
15-11-2025,Mirandes,Burgos,Spain – Segunda División,0-2,2.35,FT,2,away
15-11-2025,Zaragoza,Huesca,Spain – Segunda División,1-0,2.35,FT,1,home
08-11-2025,Everton,Fulham,England – Premier League,2-0,1.35,DC,1X,home
08-11-2025,West Ham,Burnley,England – Premier League,3-2,2.00,FT,1,home
08-11-2025,Middlesbrough,Birmingham,England – Championship,2-1,2.35,FT,1,home
08-11-2025,Norwich,Leicester,England – Championship,1-2,2.40,FT,2,away
08-11-2025,Stoke City,Coventry,England – Championship,0-1,2.45,FT,2,away
08-11-2025,Swansea,Ipswich,England – Championship,1-4,2.05,FT,2,away
08-11-2025,Wrexham,Charlton,England – Championship,1-0,2.25,FT,1,home
08-11-2025,Espanyol,Villarreal,Spain – La Liga,0-2,1.50,DC,X2,away
08-11-2025,Monaco,Lens,France – Ligue 1,1-4,1.40,DC,1X,away
08-11-2025,Aston Villa,Bournemouth,England – Premier League,4-0,2.20,FT,1,home
08-11-2025,Brentford,Newcastle,England – Premier League,3-1,2.45,FT,2,home
08-11-2025,Crystal Palace,Brighton,England – Premier League,0-0,1.65,DC,X2,draw
08-11-2025,Nottingham Forest,Leeds,England – Premier League,3-1,2.20,FT,1,home
08-11-2025,Bologna,Napoli,Italy – Serie A,2-0,3.10,FT,X,home
08-11-2025,Genoa,Fiorentina,Italy – Serie A,2-2,3.05,FT,X,draw
08-11-2025,Lorient,Toulouse,France – Ligue 1,1-1,2.40,FT,2,draw
08-11-2025,Angers,Auxerre,France – Ligue 1,2-0,1.50,DC,1X,home
08-11-2025,Metz,Nice,France – Ligue 1,2-1,2.15,FT,2,home
08-11-2025,Mallorca,Getafe,Spain – La Liga,1-0,2.90,FT,X,home
08-11-2025,Valencia,Real Betis,Spain – La Liga,1-1,1.45,DC,X2,draw
01-11-2025,Nottingham Forest,Manchester United,England – Premier League,2-2,2.10,FT,2,draw
01-11-2025,Charlton,Swansea,England – Championship,1-1,2.10,FT,1,draw
01-11-2025,Oxford United,Millwall,England – Championship,2-2,2.50,FT,2,draw
01-11-2025,QPR,Ipswich,England – Championship,1-4,2.05,FT,2,away
01-11-2025,Stoke City,Bristol City,England – Championship,5-1,2.40,FT,1,home
01-11-2025,Watford,Middlesbrough,England – Championship,3-0,2.45,FT,2,home
01-11-2025,Cultural Leonesa,Mirandes,Spain – Segunda División,3-2,1.90,FT,1,home
01-11-2025,Tottenham,Chelsea,England – Premier League,0-1,1.30,DC,12,away
01-11-2025,Real Sociedad,Athletic Club,Spain – La Liga,3-2,1.45,DC,1X,home
01-11-2025,Telstar,Excelsior,Netherlands – Eredivisie,2-2,1.55,DC,X2,draw
01-11-2025,Heracles,PEC Zwolle,Netherlands – Eredivisie,8-2,2.85,FT,2,home
01-11-2025,Levante,Celta Vigo,Spain – La Liga,1-2,2.50,FT,2,away
01-11-2025,FC Andorra,Cadiz,Spain – Segunda División,0-0,1.45,DC,X2,draw
01-11-2025,Groningen,Twente,Netherlands – Eredivisie,1-1,1.45,DC,X2,draw
01-11-2025,Alaves,Espanyol,Spain – La Liga,2-1,1.45,DC,X2,home
01-11-2025,Sporting Gijon,Las Palmas,Spain – Segunda División,0-0,2.40,FT,1,draw
01-11-2025,VfL Wolfsburg,Hoffenheim,Germany – Bundesliga,2-3,2.75,FT,1,away
01-11-2025,Parma,Bologna,Italy – Serie A,1-3,2.10,FT,2,away
01-11-2025,AC Milan,AS Roma,Italy – Serie A,1-0,2.00,FT,1,home
01-11-2025,Zaragoza,Deportivo La Coruna,Spain – Segunda División,0-2,2.85,FT,1,away
25-10-2025,Blackburn,Southampton,England – Championship,2-1,2.45,FT,2,home
25-10-2025,Bristol City,Birmingham,England – Championship,1-0,2.40,FT,1,home
25-10-2025,Derby,QPR,England – Championship,1-0,2.20,FT,1,home
25-10-2025,Hull City,Charlton,England – Championship,1-1,1.35,DC,1X,draw
25-10-2025,Middlesbrough,Wrexham,England – Championship,1-1,1.85,FT,1,draw
25-10-2025,Sheffield Wednesday,Oxford United,England – Championship,1-2,1.55,DC,X2,away
25-10-2025,Swansea,Norwich,England – Championship,2-1,1.30,DC,12,home
25-10-2025,Espanyol,Elche,Spain – La Liga,1-0,2.10,FT,1,home
25-10-2025,Manchester United,Brighton,England – Premier League,4-2,1.30,DC,1X,home
25-10-2025,Hertha BSC,Fortuna Düsseldorf,Germany – 2. Bundesliga,1-0,3.70,FT,2,home
25-10-2025,Valencia,Villarreal,Spain – La Liga,0-2,1.55,DC,X2,away
25-10-2025,Lens,Marseille,France – Ligue 1,2-1,1.40,DC,X2,home
25-10-2025,Mallorca,Levante,Spain – La Liga,1-1,2.20,FT,1,draw
25-10-2025,Real Madrid,Barcelona,Spain – La Liga,2-1,2.10,FT,1,home
25-10-2025,Angers,Lorient,France – Ligue 1,2-0,2.45,FT,1,home
25-10-2025,Rennes,Nice,France – Ligue 1,1-2,2.10,FT,1,away
25-10-2025,Everton,Tottenham,England – Premier League,0-3,3.00,FT,2,away
25-10-2025,Osasuna,Celta Vigo,Spain – La Liga,2-3,2.15,FT,1,away
25-10-2025,Lyon,Strasbourg,France – Ligue 1,2-1,2.00,FT,1,home
25-10-2025,Rayo Vallecano,Alaves,Spain – La Liga,1-0,2.10,FT,1,home
18-10-2025,Brighton,Newcastle,England – Premier League,2-1,1.30,DC,12,home
18-10-2025,Burnley,Leeds,England – Premier League,2-0,1.50,DC,X2,home
18-10-2025,Crystal Palace,Bournemouth,England – Premier League,3-3,2.20,FT,1,draw
18-10-2025,Sunderland,Wolves,England – Premier League,2-0,1.55,DC,X2,home
18-10-2025,Norwich,Bristol City,England – Championship,0-1,1.40,DC,1X,away
18-10-2025,Sheffield Utd,Watford,England – Championship,1-0,2.05,FT,1,home
18-10-2025,Stoke City,Wrexham,England – Championship,1-0,2.00,FT,1,home
18-10-2025,AS Roma,Inter,Italy – Serie A,0-1,1.45,DC,X2,away
18-10-2025,Como,Juventus,Italy – Serie A,2-0,2.50,FT,2,home
18-10-2025,Elche,Athletic Club,Spain – La Liga,0-0,2.20,FT,2,draw
18-10-2025,Tottenham,Aston Villa,England – Premier League,1-2,2.15,FT,1,away
18-10-2025,Cagliari,Bologna,Italy – Serie A,0-2,2.25,FT,2,away
18-10-2025,Genoa,Parma,Italy – Serie A,0-0,2.10,FT,1,draw
18-10-2025,SC Freiburg,Eintracht Frankfurt,Germany – Bundesliga,2-2,1.35,DC,12,draw
18-10-2025,Celta Vigo,Real Sociedad,Spain – La Liga,1-1,3.40,FT,2,draw
18-10-2025,Lorient,Stade Brestois 29,France – Ligue 1,3-3,2.80,FT,2,draw
18-10-2025,FC St. Pauli,Hoffenheim,Germany – Bundesliga,0-3,2.90,FT,2,away
18-10-2025,Levante,Rayo Vallecano,Spain – La Liga,0-3,2.55,FT,2,away
18-10-2025,Cordoba,Almeria,Spain – Segunda División,1-1,2.80,FT,1,draw
18-10-2025,Racing Santander,Deportivo La Coruna,Spain – Segunda División,2-1,3.45,FT,X,home
11-10-2025,Mirandes,Leganes,Spain – Segunda División,0-0,1.45,DC,X2,draw
11-10-2025,Liverpool Montevideo,Racing Montevideo,Uruguay – Primera División - Clausura,2-2,2.15,FT,1,draw
11-10-2025,Pergolettese,Alcione,Italy – Serie C - Girone A,0-2,2.10,FT,1,away
11-10-2025,Forli,Ternana,Italy – Serie C - Girone B,1-1,2.15,FT,2,draw
11-10-2025,Guidonia Montecelio 1937,Pianese,Italy – Serie C - Girone B,1-0,2.10,FT,1,home
11-10-2025,Real Sociedad II,FC Andorra,Spain – Segunda División,3-0,2.25,FT,2,home
11-10-2025,Cerro Largo,Boston River,Uruguay – Primera División - Clausura,2-2,1.30,DC,12,draw
11-10-2025,Cerro,Defensor Sporting,Uruguay – Primera División - Clausura,1-0,2.20,FT,2,home
11-10-2025,Vis Pesaro,Torres,Italy – Serie C - Girone B,0-0,2.10,FT,1,draw
11-10-2025,Cittadella,Triestina,Italy – Serie C - Girone A,1-0,2.25,FT,1,home
11-10-2025,Eibar,Castellón,Spain – Segunda División,0-0,1.40,DC,1X,draw
11-10-2025,Sporting Gijon,Racing Santander,Spain – Segunda División,2-1,2.10,FT,1,home
11-10-2025,Union Espanola,Huachipato,Chile – Primera División,4-2,2.10,FT,1,home
11-10-2025,Albinoleffe,Lecco,Italy – Serie C - Girone A,0-1,1.35,DC,12,away
11-10-2025,Ospitaletto,Arzignano Valchiampo,Italy – Serie C - Girone A,2-1,1.45,DC,X2,home
11-10-2025,Chad,Central African Republic,World – World Cup - Qualification Africa,2-3,2.00,FT,2,away
11-10-2025,Burgos,Valladolid,Spain – Segunda División,0-1,1.45,DC,X2,away
11-10-2025,Cadiz,Huesca,Spain – Segunda División,1-0,2.00,FT,1,home
11-10-2025,Romania,Austria,World – World Cup - Qualification Europe,1-0,2.05,FT,2,home
11-10-2025,Malaga,Deportivo La Coruna,Spain – Segunda División,3-0,2.30,FT,2,home
04-10-2025,Derby,Southampton,England – Championship,1-1,2.15,FT,2,draw
04-10-2025,Millwall,West Brom,England – Championship,3-0,1.55,DC,1X,home
04-10-2025,Portsmouth,Middlesbrough,England – Championship,1-0,1.35,DC,X2,home
04-10-2025,Preston,Charlton,England – Championship,2-0,2.45,FT,1,home
04-10-2025,Swansea,Leicester,England – Championship,1-3,1.45,DC,X2,away
04-10-2025,Kristiansund BK,Molde,Norway – Eliteserien,2-1,2.05,FT,2,home
04-10-2025,Chelsea,Liverpool,England – Premier League,2-1,1.40,DC,X2,home
04-10-2025,Atalanta,Como,Italy – Serie A,1-1,2.20,FT,1,draw
04-10-2025,Udinese,Cagliari,Italy – Serie A,1-1,1.40,DC,1X,draw
04-10-2025,Alaves,Elche,Spain – La Liga,3-1,2.45,FT,1,home
04-10-2025,Viking,Brann,Norway – Eliteserien,3-0,1.30,DC,12,home
04-10-2025,Everton,Crystal Palace,England – Premier League,2-1,2.60,FT,1,home
04-10-2025,Wolves,Brighton,England – Premier League,1-1,1.95,FT,2,draw
04-10-2025,Fiorentina,AS Roma,Italy – Serie A,1-2,2.45,FT,2,away
04-10-2025,Le Havre,Rennes,France – Ligue 1,2-2,2.40,FT,2,draw
04-10-2025,Hamburger SV,FSV Mainz 05,Germany – Bundesliga,4-0,2.45,FT,2,home
04-10-2025,Espanyol,Real Betis,Spain – La Liga,1-2,2.75,FT,2,away
04-10-2025,Real Sociedad,Rayo Vallecano,Spain – La Liga,0-1,2.05,FT,1,away
04-10-2025,Borussia Mönchengladbach,SC Freiburg,Germany – Bundesliga,0-0,2.85,FT,2,draw
04-10-2025,Juventus,AC Milan,Italy – Serie A,0-0,2.80,FT,2,draw
27-09-2025,Leeds,Bournemouth,England – Premier League,2-2,1.55,DC,1X,draw
27-09-2025,Charlton,Blackburn,England – Championship,3-0,3.10,FT,2,home
27-09-2025,Oxford United,Sheffield Utd,England – Championship,0-1,2.35,FT,2,away
27-09-2025,Preston,Bristol City,England – Championship,0-0,2.80,FT,1,draw
27-09-2025,Sheffield Wednesday,QPR,England – Championship,1-1,1.55,DC,1X,draw
27-09-2025,Southampton,Middlesbrough,England – Championship,1-1,35.00,FT,1,draw
27-09-2025,Watford,Hull City,England – Championship,2-1,1.30,DC,12,home
27-09-2025,Atletico Madrid,Real Madrid,Spain – La Liga,5-2,1.40,DC,X2,home
27-09-2025,Mallorca,Alaves,Spain – La Liga,1-0,2.35,FT,1,home
27-09-2025,Sassuolo,Udinese,Italy – Serie A,3-1,1.55,DC,X2,home
27-09-2025,Rayo Vallecano,Sevilla,Spain – La Liga,0-1,2.15,FT,1,away
27-09-2025,Aston Villa,Fulham,England – Premier League,3-1,2.35,FT,1,home
27-09-2025,Pisa,Fiorentina,Italy – Serie A,0-0,2.25,FT,2,draw
27-09-2025,SC Freiburg,Hoffenheim,Germany – Bundesliga,1-1,2.20,FT,1,draw
27-09-2025,Elche,Celta Vigo,Spain – La Liga,2-1,2.60,FT,2,home
27-09-2025,Newcastle,Arsenal,England – Premier League,1-2,2.15,FT,2,away
27-09-2025,1.FC Köln,VfB Stuttgart,Germany – Bundesliga,1-2,2.40,FT,2,away
27-09-2025,Lecce,Bologna,Italy – Serie A,2-2,2.10,FT,2,draw
27-09-2025,Union Berlin,Hamburger SV,Germany – Bundesliga,0-0,1.30,DC,12,draw
27-09-2025,AC Milan,Napoli,Italy – Serie A,2-1,3.20,FT,X,home
20-09-2025,Bournemouth,Newcastle,England – Premier League,0-0,1.50,DC,X2,draw
20-09-2025,Brighton,Tottenham,England – Premier League,2-2,3.15,FT,2,draw
20-09-2025,Burnley,Nottingham Forest,England – Premier League,1-1,2.15,FT,2,draw
20-09-2025,West Ham,Crystal Palace,England – Premier League,1-2,2.90,FT,1,away
20-09-2025,Wolves,Leeds,England – Premier League,1-3,1.50,DC,12,away
20-09-2025,Derby,Preston,England – Championship,0-1,2.35,FT,1,away
20-09-2025,Hull City,Southampton,England – Championship,3-1,1.40,DC,X2,home
20-09-2025,Manchester United,Chelsea,England – Premier League,2-1,1.30,DC,12,home
20-09-2025,Alaves,Sevilla,Spain – La Liga,1-2,3.20,FT,2,away
20-09-2025,Stade Brestois 29,Nice,France – Ligue 1,4-1,2.50,FT,2,home
20-09-2025,Valencia,Athletic Club,Spain – La Liga,2-0,3.10,FT,1,home
20-09-2025,Lens,Lille,France – Ligue 1,3-0,1.35,DC,12,home
20-09-2025,Lazio,AS Roma,Italy – Serie A,0-1,3.10,FT,X,away
20-09-2025,Rayo Vallecano,Celta Vigo,Spain – La Liga,1-1,2.40,FT,1,draw
20-09-2025,Sunderland,Aston Villa,England – Premier League,1-1,2.15,FT,2,draw
20-09-2025,Cremonese,Parma,Italy – Serie A,0-0,1.40,DC,1X,draw
20-09-2025,Paris FC,Strasbourg,France – Ligue 1,2-3,2.50,FT,1,away
20-09-2025,Auxerre,Toulouse,France – Ligue 1,1-0,2.70,FT,1,home
20-09-2025,Le Havre,Lorient,France – Ligue 1,1-1,2.25,FT,1,draw
20-09-2025,Fiorentina,Como,Italy – Serie A,1-2,2.60,FT,1,away
13-09-2025,Bournemouth,Brighton,England – Premier League,2-1,1.30,DC,12,home
13-09-2025,Everton,Aston Villa,England – Premier League,0-0,2.90,FT,2,draw
13-09-2025,Fulham,Leeds,England – Premier League,1-0,2.00,FT,1,home
13-09-2025,Sheffield Wednesday,Bristol City,England – Championship,0-3,2.10,FT,2,away
13-09-2025,Stoke City,Birmingham,England – Championship,1-0,1.30,DC,12,home
13-09-2025,Watford,Blackburn,England – Championship,0-1,2.35,FT,1,away
13-09-2025,Moreirense,Rio Ave,Portugal – Primeira Liga,3-1,2.50,FT,1,home
13-09-2025,Juventus,Inter,Italy – Serie A,4-3,3.15,FT,X,home
13-09-2025,West Ham,Tottenham,England – Premier League,0-3,2.15,FT,2,away
13-09-2025,Fiorentina,Napoli,Italy – Serie A,1-3,2.35,FT,2,away
13-09-2025,Pisa,Udinese,Italy – Serie A,0-1,1.40,DC,X2,away
13-09-2025,FC St. Pauli,FC Augsburg,Germany – Bundesliga,2-1,2.30,FT,1,home
13-09-2025,Levante,Real Betis,Spain – La Liga,2-2,1.35,DC,X2,draw
13-09-2025,Estrela,Guimaraes,Portugal – Primeira Liga,0-2,2.15,FT,2,away
13-09-2025,Stade Brestois 29,Paris FC,France – Ligue 1,1-2,3.25,FT,2,away
13-09-2025,Metz,Angers,France – Ligue 1,1-1,2.40,FT,1,draw
13-09-2025,Sassuolo,Lazio,Italy – Serie A,1-0,2.10,FT,2,home
13-09-2025,Osasuna,Rayo Vallecano,Spain – La Liga,2-0,1.40,DC,1X,home
13-09-2025,AC Milan,Bologna,Italy – Serie A,1-0,1.90,FT,1,home
13-09-2025,Rennes,Lyon,France – Ligue 1,3-1,1.30,DC,12,home
05-09-2025,Boston United,Solihull Moors,England – National League,1-2,3.20,FT,2,away
05-09-2025,Tamworth,Eastleigh,England – National League,1-0,1.30,DC,1X,home
05-09-2025,Woking,Gateshead,England – National League,5-0,1.25,DC,12,home
05-09-2025,Carrick Rangers,Cliftonville FC,Northern-Ireland – Premiership,1-2,2.10,FT,2,away
05-09-2025,Glenavon FC,Dungannon Swifts,Northern-Ireland – Premiership,0-2,2.10,FT,1,away
05-09-2025,Deportivo La Coruna,Sporting Gijon,Spain – Segunda División,1-0,1.30,DC,1X,home
05-09-2025,Zaragoza,Valladolid,Spain – Segunda División,1-1,2.60,FT,1,draw
05-09-2025,Aldershot Town,Brackley Town,England – National League,2-2,3.30,FT,X,draw
05-09-2025,Longford Town,Finn Harps,Ireland – First Division,1-1,2.50,FT,2,draw
05-09-2025,Rep. Of Ireland,Hungary,World – World Cup - Qualification Europe,2-2,1.50,DC,X2,draw
05-09-2025,Malaga,Granada CF,Spain – Segunda División,2-2,1.95,FT,1,draw
05-09-2025,Estoril,Santa Clara,Portugal – Primeira Liga,0-1,2.70,FT,1,away
05-09-2025,St. Louis City,FC Dallas,USA – Major League Soccer,1-1,1.25,DC,12,draw
05-09-2025,AD Ceuta FC,Huesca,Spain – Segunda División,2-1,1.45,DC,X2,home
05-09-2025,Burgos,Las Palmas,Spain – Segunda División,0-0,3.20,FT,2,draw
05-09-2025,Real Sociedad II,Cadiz,Spain – Segunda División,3-3,2.15,FT,2,draw
05-09-2025,Qatar,Russia,World – Friendlies,1-4,2.15,FT,2,away
05-09-2025,Shelbourne,Galway United,Ireland – Premier Division,1-0,1.30,DC,1X,home
05-09-2025,Cultural Leonesa,Leganes,Spain – Segunda División,0-0,2.30,FT,2,draw
05-09-2025,Cobresal,Palestino,Chile – Primera División,2-1,3.20,FT,X,home
30-08-2025,Sunderland,Brentford,England – Premier League,2-1,1.40,DC,X2,home
30-08-2025,Wolves,Everton,England – Premier League,2-3,1.40,DC,1X,away
30-08-2025,Blackburn,Norwich,England – Championship,0-2,12.00,DC,12,away
30-08-2025,Portsmouth,Preston,England – Championship,1-0,1.35,DC,1X,home
30-08-2025,Watford,Southampton,England – Championship,2-2,1.35,DC,X2,draw
30-08-2025,Lorient,Lille,France – Ligue 1,1-7,2.15,FT,2,away
30-08-2025,Leeds,Newcastle,England – Premier League,0-0,2.15,FT,2,draw
30-08-2025,Bologna,Como,Italy – Serie A,1-0,2.50,FT,1,home
30-08-2025,Parma,Atalanta,Italy – Serie A,1-1,2.05,FT,2,draw
30-08-2025,Oviedo,Real Sociedad,Spain – La Liga,1-0,2.30,FT,2,home
30-08-2025,Nantes,Auxerre,France – Ligue 1,1-0,1.40,DC,1X,home
30-08-2025,Girona,Sevilla,Spain – La Liga,0-2,2.50,FT,1,away
30-08-2025,VfL Wolfsburg,FSV Mainz 05,Germany – Bundesliga,1-1,2.10,FT,1,draw
30-08-2025,Celta Vigo,Villarreal,Spain – La Liga,1-1,3.40,FT,X,draw
30-08-2025,Liverpool,Arsenal,England – Premier League,1-0,3.45,FT,X,home
30-08-2025,Torino,Fiorentina,Italy – Serie A,0-0,3.15,FT,X,draw
30-08-2025,Real Betis,Athletic Club,Spain – La Liga,1-2,3.05,FT,X,away
30-08-2025,1.FC Köln,SC Freiburg,Germany – Bundesliga,4-1,2.80,FT,2,home
30-08-2025,Espanyol,Osasuna,Spain – La Liga,1-0,2.40,FT,1,home
30-08-2025,Lyon,Marseille,France – Ligue 1,1-0,2.45,FT,2,home
22-08-2025,Preußen Münster,1. FC Nürnberg,Germany – 2. Bundesliga,2-1,2.40,FT,1,home
22-08-2025,Pescara,Cesena,Italy – Serie B,1-3,1.35,DC,1X,away
22-08-2025,Derby,Bristol City,England – Championship,1-1,1.40,DC,X2,draw
22-08-2025,1. FC Heidenheim,VfL Wolfsburg,Germany – Bundesliga,1-3,2.30,FT,2,away
22-08-2025,Brentford,Aston Villa,England – Premier League,1-0,2.10,FT,2,home
22-08-2025,Burnley,Sunderland,England – Premier League,2-0,2.30,FT,1,home
22-08-2025,Mallorca,Celta Vigo,Spain – La Liga,1-1,2.60,FT,2,draw
22-08-2025,Genoa,Lecce,Italy – Serie A,0-0,2.05,FT,1,draw
22-08-2025,Virtus Entella,Juve Stabia,Italy – Serie B,1-1,2.40,FT,1,draw
22-08-2025,AS Roma,Bologna,Italy – Serie A,1-0,1.30,DC,1X,home
22-08-2025,SpVgg Greuther Fürth,Holstein Kiel,Germany – 2. Bundesliga,0-2,2.80,FT,1,away
22-08-2025,Crystal Palace,Nottingham Forest,England – Premier League,1-1,2.35,FT,1,draw
22-08-2025,Everton,Brighton,England – Premier League,2-0,3.30,FT,X,home
22-08-2025,RB Bragantino,Fluminense,Brazil – Serie A,4-2,3.10,FT,X,home
22-08-2025,Osasuna,Valencia,Spain – La Liga,1-0,3.20,FT,X,home
22-08-2025,Cagliari,Fiorentina,Italy – Serie A,1-1,1.35,DC,X2,draw
22-08-2025,Como,Lazio,Italy – Serie A,2-0,1.40,DC,1X,home
22-08-2025,Catanzaro,Sudtirol,Italy – Serie B,1-1,2.95,FT,X,draw
22-08-2025,Fulham,Manchester United,England – Premier League,1-1,2.15,FT,2,draw
22-08-2025,Frosinone,Avellino,Italy – Serie B,2-0,1.30,DC,1X,home
15-08-2025,Girona,Rayo Vallecano,Spain – La Liga,1-3,3.10,FT,X,away
15-08-2025,Aston Villa,Newcastle,England – Premier League,0-0,2.80,FT,2,draw
15-08-2025,Derby,Coventry,England – Championship,3-5,1.40,DC,X2,away
15-08-2025,Portsmouth,Norwich,England – Championship,1-2,1.40,DC,1X,away
15-08-2025,Wrexham,West Brom,England – Championship,2-3,3.00,FT,X,away
15-08-2025,Sunderland,West Ham,England – Premier League,3-0,3.25,FT,X,home
15-08-2025,Blackburn,Birmingham,England – Championship,1-2,1.35,DC,X2,away
15-08-2025,Millwall,Middlesbrough,England – Championship,0-3,2.15,FT,1,away
15-08-2025,Swansea,Sheffield Utd,England – Championship,1-0,3.10,FT,X,home
15-08-2025,Alaves,Levante,Spain – La Liga,2-1,2.90,FT,X,home
15-08-2025,Lens,Lyon,France – Ligue 1,0-1,2.25,FT,1,away
15-08-2025,FC Groningen,SC Heerenveen,Netherlands – Eredivisie,2-1,2.20,FT,1,home
15-08-2025,Valencia,Real Sociedad,Spain – La Liga,1-1,1.35,DC,1X,draw
15-08-2025,Sparta Rotterdam,Utrecht,Netherlands – Eredivisie,2-1,2.50,FT,2,home
15-08-2025,Nottingham Forest,Brentford,England – Premier League,3-1,1.30,DC,1X,home
15-08-2025,Angers,Paris FC,France – Ligue 1,1-0,3.10,FT,X,home
15-08-2025,Auxerre,Lorient,France – Ligue 1,1-0,3.30,FT,X,home
15-08-2025,Metz,Strasbourg,France – Ligue 1,0-1,3.30,FT,X,away
15-08-2025,Manchester United,Arsenal,England – Premier League,0-1,1.25,DC,X2,away
15-08-2025,Charleroi,Antwerp,Belgium – Jupiler Pro League,1-1,2.90,FT,2,draw
09-08-2025,Norwich,Millwall,England – Championship,1-2,2.05,FT,1,away
09-08-2025,Oxford United,Portsmouth,England – Championship,0-1,3.30,FT,X,away
09-08-2025,QPR,Preston,England – Championship,1-1,3.20,FT,X,draw
09-08-2025,Stoke City,Derby,England – Championship,3-1,1.60,DC,X2,home
09-08-2025,AFC Wimbledon,Lincoln,England – League One,2-0,3.10,FT,X,home
09-08-2025,Exeter City,Blackpool,England – League One,4-1,1.35,DC,X2,home
09-08-2025,Mansfield Town,Doncaster,England – League One,1-2,3.20,FT,X,away
09-08-2025,Northampton,Bradford,England – League One,0-0,1.40,DC,X2,draw
09-08-2025,Wycombe,Stockport County,England – League One,1-2,3.10,FT,X,away
09-08-2025,Nacional,GIL Vicente,Portugal – Primeira Liga,0-2,1.40,DC,1X,away
09-08-2025,KVC Westerlo,KV Mechelen,Belgium – Jupiler Pro League,0-1,1.55,DC,X2,away
09-08-2025,1. FC Kaiserslautern,FC Schalke 04,Germany – 2. Bundesliga,1-0,2.20,FT,1,home
09-08-2025,Antalyaspor,Kasimpasa,Turkey – Süper Lig,2-1,3.30,FT,X,home
09-08-2025,Holstein Kiel,Arminia Bielefeld,Germany – 2. Bundesliga,0-2,2.25,FT,1,away
09-08-2025,Bryne,KFUM Oslo,Norway – Eliteserien,0-0,1.35,DC,X2,draw
09-08-2025,Famalicao,Santa Clara,Portugal – Primeira Liga,3-0,2.90,FT,X,home
09-08-2025,Eyüpspor,Konyaspor,Turkey – Süper Lig,1-4,3.30,FT,X,away
09-08-2025,Rizespor,Goztepe,Turkey – Süper Lig,0-3,2.15,FT,1,away
09-08-2025,Standard Liege,Genk,Belgium – Jupiler Pro League,2-1,2.00,FT,2,home
09-08-2025,Sandefjord,Viking,Norway – Eliteserien,1-2,2.75,FT,1,away
02-08-2025,Bradford,Wycombe,England – League One,2-1,1.50,DC,X2,home
02-08-2025,Burton Albion,Mansfield Town,England – League One,2-1,3.30,FT,X,home
02-08-2025,Rotherham,Port Vale,England – League One,2-1,3.50,FT,X,home
02-08-2025,Wigan,Northampton,England – League One,3-1,1.35,DC,1X,home
02-08-2025,Accrington ST,Gillingham,England – League Two,1-1,1.45,DC,1X,draw
02-08-2025,Colchester,Tranmere,England – League Two,1-1,1.25,DC,1X,draw
02-08-2025,Shrewsbury,Bromley,England – League Two,0-0,3.40,FT,X,draw
02-08-2025,Walsall,Swindon Town,England – League Two,2-1,1.30,DC,12,home
02-08-2025,WSG Tirol,Hartberg,Austria – Bundesliga,4-2,2.30,FT,2,home
02-08-2025,Teplice,Bohemians 1905,Czech-Republic – Czech Liga,3-0,2.25,FT,1,home
02-08-2025,Sarpsborg 08 FF,Brann,Norway – Eliteserien,1-4,2.45,FT,1,away
02-08-2025,Sigma Olomouc,Slovan Liberec,Czech-Republic – Czech Liga,2-1,3.10,FT,X,home
02-08-2025,Arminia Bielefeld,Fortuna Düsseldorf,Germany – 2. Bundesliga,5-1,1.60,DC,X2,home
02-08-2025,SpVgg Greuther Fürth,Dynamo Dresden,Germany – 2. Bundesliga,3-2,3.50,FT,X,home
02-08-2025,FC Thun,Lausanne,Switzerland – Super League,2-1,3.40,FT,X,home
02-08-2025,Cercle Brugge,Anderlecht,Belgium – Jupiler Pro League,0-2,3.40,FT,X,away
02-08-2025,FC Luzern,FC Zurich,Switzerland – Super League,1-1,2.10,FT,1,draw
02-08-2025,Sion,Lugano,Switzerland – Super League,4-0,2.50,FT,1,home
02-08-2025,KFUM Oslo,Rosenborg,Norway – Eliteserien,4-1,2.30,FT,1,home
02-08-2025,Charleroi,St. Truiden,Belgium – Jupiler Pro League,1-1,3.50,FT,X,draw
26-07-2025,Dender,Cercle Brugge,Belgium – Jupiler Pro League,0-0,1.40,DC,X2,draw
26-07-2025,Haugesund,Ham-Kam,Norway – Eliteserien,0-3,3.40,FT,X,away
26-07-2025,Kristiansund BK,KFUM Oslo,Norway – Eliteserien,0-5,2.25,FT,2,away
26-07-2025,Sandefjord,Sarpsborg 08 FF,Norway – Eliteserien,3-2,3.10,FT,2,home
26-07-2025,Degerfors IF,IFK Norrkoping,Sweden – Allsvenskan,0-0,1.35,DC,1X,draw
26-07-2025,Grasshoppers,FC Luzern,Switzerland – Super League,2-3,2.30,FT,1,away
26-07-2025,FC ST. Gallen,FC Basel 1893,Switzerland – Super League,2-1,2.00,FT,2,home
26-07-2025,Komárno,AS Trencin,Slovakia – Super Liga,1-2,1.40,DC,1X,away
26-07-2025,Podbrezová,FK Košice,Slovakia – Super Liga,3-1,1.85,FT,1,home
26-07-2025,Zulte Waregem,KV Mechelen,Belgium – Jupiler Pro League,1-1,3.50,FT,X,draw
26-07-2025,BSC Young Boys,Servette FC,Switzerland – Super League,3-1,3.40,FT,X,home
26-07-2025,RAAL La Louvière,Standard Liege,Belgium – Jupiler Pro League,0-2,3.25,FT,X,away
26-07-2025,Atlanta United FC,Seattle Sounders,USA – Major League Soccer,2-2,3.50,FT,X,draw
26-07-2025,DC United,Austin,USA – Major League Soccer,2-4,3.30,FT,X,away
26-07-2025,St. Louis City,Minnesota United FC,USA – Major League Soccer,1-2,1.55,DC,1X,away
26-07-2025,Necaxa,Club America,Mexico – Liga MX,1-1,3.50,FT,X,draw
26-07-2025,Rosenborg,Tromso,Norway – Eliteserien,4-1,3.30,FT,X,home
26-07-2025,OH Leuven,Charleroi,Belgium – Jupiler Pro League,2-2,3.25,FT,X,draw
26-07-2025,St. Truiden,Gent,Belgium – Jupiler Pro League,3-1,1.45,DC,1X,home
26-07-2025,Gimnasia L.P.,Independiente,Argentina – Liga Profesional Argentina,1-0,1.30,DC,X2,home
19-07-2025,VPS,KuPS,Finland – Veikkausliiga,1-1,3.30,FT,X,draw
19-07-2025,Bohemians 1905,Baník Ostrava,Czech-Republic – Czech Liga,1-0,2.35,FT,1,home
19-07-2025,Karviná,Dukla Praha,Czech-Republic – Czech Liga,2-0,1.95,FT,1,home
19-07-2025,Degerfors IF,Gais,Sweden – Allsvenskan,0-3,1.90,FT,2,away
19-07-2025,Primorje,NK Domzale,Slovenia – 1. SNL,3-2,3.25,FT,X,home
19-07-2025,Viking,Bodo/Glimt,Norway – Eliteserien,2-4,1.55,DC,1X,away
19-07-2025,FK Jablonec,Sparta Praha,Czech-Republic – Czech Liga,1-1,3.40,FT,X,draw
19-07-2025,Petrolul Ploiesti,FCSB,Romania – Liga I,0-1,1.20,DC,X2,away
19-07-2025,Vejle,Randers FC,Denmark – Superliga,1-1,3.40,FT,X,draw
19-07-2025,Mjallby AIF,AIK Stockholm,Sweden – Allsvenskan,2-0,1.30,DC,1X,home
19-07-2025,Sirius,IFK Goteborg,Sweden – Allsvenskan,0-1,1.45,DC,1X,away
19-07-2025,Slovácko,Sigma Olomouc,Czech-Republic – Czech Liga,0-1,2.35,FT,1,away
19-07-2025,Sonderjyske,Aarhus,Denmark – Superliga,1-1,3.50,FT,1,draw
19-07-2025,Halmstad,BK Hacken,Sweden – Allsvenskan,0-0,3.60,FT,X,draw
19-07-2025,Mlada Boleslav,Slovan Liberec,Czech-Republic – Czech Liga,3-3,1.40,DC,X2,draw
19-07-2025,Union Saint-Gilloise,Club Brugge,Belgium – Super Cup,1-2,3.05,FT,X,away
19-07-2025,Akhmat Grozny,Rubin,Russia – Premier League,0-2,2.20,FT,1,away
19-07-2025,U.N.A.M. - Pumas,Pachuca,Mexico – Liga MX,2-3,2.30,FT,2,away
19-07-2025,Maribor,Celje,Slovenia – 1. SNL,1-2,2.65,FT,2,away
19-07-2025,Rapid,CFR 1907 Cluj,Romania – Liga I,1-1,1.45,DC,X2,draw
12-07-2025,FC Krasnodar,CSKA Moscow,Russia – Super Cup,0-1,3.20,FT,X,away
12-07-2025,Fredrikstad,Molde,Norway – Eliteserien,4-2,2.40,FT,1,home
12-07-2025,Vasco DA Gama,Botafogo,Brazil – Serie A,0-2,1.20,DC,X2,away
12-07-2025,Gimnasia L.P.,Instituto Cordoba,Argentina – Liga Profesional Argentina,0-1,2.10,FT,1,away
12-07-2025,Huracan,Belgrano Cordoba,Argentina – Liga Profesional Argentina,0-3,1.95,FT,1,away
12-07-2025,FC Cincinnati,Columbus Crew,USA – Major League Soccer,2-4,1.65,DC,X2,away
12-07-2025,Inter Miami,Nashville SC,USA – Major League Soccer,2-1,1.30,DC,1X,home
12-07-2025,Toronto FC,Atlanta United FC,USA – Major League Soccer,1-1,3.40,FT,X,draw
12-07-2025,Bahia,Atletico Mineiro,Brazil – Serie A,2-1,2.30,FT,X,home
12-07-2025,Chicago Fire,San Diego,USA – Major League Soccer,1-2,3.55,FT,X,away
12-07-2025,Gais,Hammarby FF,Sweden – Allsvenskan,3-2,1.40,DC,X2,home
12-07-2025,Bryne,Valerenga,Norway – Eliteserien,1-0,2.75,FT,2,home
12-07-2025,Gnistan,Haka,Finland – Veikkausliiga,2-0,2.20,FT,1,home
12-07-2025,Haugesund,KFUM Oslo,Norway – Eliteserien,0-2,1.95,FT,2,away
12-07-2025,Kristiansund BK,Sarpsborg 08 FF,Norway – Eliteserien,0-0,2.30,FT,2,draw
12-07-2025,Stromsgodset,Tromso,Norway – Eliteserien,2-3,1.75,DC,1X,away
12-07-2025,AC Oulu,Kooteepee,Finland – Veikkausliiga,3-2,1.80,FT,1,home
12-07-2025,Lech Poznan,Legia Warszawa,Poland – Super Cup,1-2,1.95,FT,1,away
12-07-2025,Brann,Viking,Norway – Eliteserien,3-1,1.55,DC,X2,home
12-07-2025,Sarmiento Junin,Independiente,Argentina – Liga Profesional Argentina,2-2,2.20,FT,2,draw
05-07-2025,Gais,Malmo FF,Sweden – Allsvenskan,0-0,2.65,FT,1,draw
05-07-2025,IA Akranes,Fram Reykjavik,Iceland – Úrvalsdeild,0-1,1.45,DC,X2,away
05-07-2025,Valerenga,Fredrikstad,Norway – Eliteserien,1-1,1.30,DC,1X,draw
05-07-2025,Paris Saint Germain,Bayern München,World – FIFA Club World Cup,2-0,1.30,DC,12,home
05-07-2025,FCSB,CFR 1907 Cluj,Romania – Supercupa,2-1,1.25,DC,1X,home
05-07-2025,remo,Cuiaba,Brazil – Serie B,0-0,1.45,DC,X2,draw
05-07-2025,France W,England W,World – UEFA Championship - Women,2-1,2.85,FT,1,home
05-07-2025,Tromso,Molde,Norway – Eliteserien,1-0,1.35,DC,1X,home
05-07-2025,Cienciano,Sporting Cristal,Peru – Primera División,1-1,1.95,FT,1,draw
05-07-2025,Alianza Universidad,Alianza Atletico,Peru – Primera División,2-0,3.25,FT,X,home
05-07-2025,Charlotte,Orlando City SC,USA – Major League Soccer,2-2,2.40,FT,2,draw
05-07-2025,CF Montreal,Inter Miami,USA – Major League Soccer,1-4,3.70,FT,X,away
05-07-2025,DC United,Atlanta United FC,USA – Major League Soccer,0-0,2.45,FT,2,draw
05-07-2025,Portland Timbers,New England Revolution,USA – Major League Soccer,2-1,3.70,FT,X,home
05-07-2025,KFUM Oslo,Bryne,Norway – Eliteserien,1-1,1.80,FT,1,draw
05-07-2025,Sandefjord,Rosenborg,Norway – Eliteserien,2-0,3.55,FT,X,home
05-07-2025,Sport Boys,Cusco,Peru – Primera División,1-2,2.00,FT,1,away
05-07-2025,Seattle Sounders,Columbus Crew,USA – Major League Soccer,1-1,2.00,FT,1,draw
28-06-2025,Moss,Egersund,Norway – 1. Division,2-4,3.40,FT,X,away
28-06-2025,ODD Ballklubb,Start,Norway – 1. Division,2-2,1.50,DC,X2,draw
28-06-2025,Osters IF,Sirius,Sweden – Allsvenskan,2-2,1.55,DC,1X,draw
28-06-2025,Rosenborg,Viking,Norway – Eliteserien,1-1,2.50,FT,2,draw
28-06-2025,Kooteepee,FF Jaro,Finland – Veikkausliiga,3-2,3.30,FT,X,home
28-06-2025,AC Oulu,VPS,Finland – Veikkausliiga,2-1,3.20,FT,X,home
28-06-2025,CF Montreal,New York City FC,USA – Major League Soccer,1-0,2.40,FT,2,home
28-06-2025,New York Red Bulls,Minnesota United FC,USA – Major League Soccer,2-2,2.20,FT,1,draw
28-06-2025,Orlando City SC,FC Cincinnati,USA – Major League Soccer,1-2,2.00,FT,1,away
28-06-2025,Los Angeles FC,Vancouver Whitecaps,USA – Major League Soccer,0-1,1.25,DC,1X,away
28-06-2025,San Jose Earthquakes,Los Angeles Galaxy,USA – Major League Soccer,1-1,2.05,FT,1,draw
28-06-2025,AIK Stockholm,IFK Goteborg,Sweden – Allsvenskan,3-0,3.65,FT,2,home
28-06-2025,Degerfors IF,IF Brommapojkarna,Sweden – Allsvenskan,0-3,1.40,DC,1X,away
28-06-2025,Haugesund,Kristiansund BK,Norway – Eliteserien,0-0,2.25,FT,2,draw
28-06-2025,BK Hacken,Gais,Sweden – Allsvenskan,1-3,2.60,FT,2,away
28-06-2025,IFK Varnamo,IF Elfsborg,Sweden – Allsvenskan,0-0,1.75,DC,1X,draw
28-06-2025,Bryne,Ham-Kam,Norway – Eliteserien,1-1,3.50,FT,2,draw
28-06-2025,Fredrikstad,Tromso,Norway – Eliteserien,0-1,2.35,FT,1,away
28-06-2025,Stromsgodset,Valerenga,Norway – Eliteserien,0-2,2.75,FT,2,away
28-06-2025,Columbus Crew,Philadelphia Union,USA – Major League Soccer,1-0,1.20,DC,1X,home
21-06-2025,Avai,Atletico Paranaense,Brazil – Serie B,1-2,2.95,FT,X,away
21-06-2025,Huachipato,Palestino,Chile – Primera División,2-2,3.30,FT,X,draw
21-06-2025,Ferroviária,CRB,Brazil – Serie B,1-0,1.25,DC,1X,home
21-06-2025,River Plate,Monterrey,World – FIFA Club World Cup,0-0,3.30,FT,2,draw
21-06-2025,Honduras,El Salvador,World – CONCACAF Gold Cup,2-0,1.20,DC,1X,home
21-06-2025,Roasso Kumamoto,V-varen Nagasaki,Japan – J2 League,1-3,2.75,FT,1,away
21-06-2025,Yokohama FC,Sanfrecce Hiroshima,Japan – J1 League,0-4,3.70,FT,1,away
21-06-2025,Vegalta Sendai,Ventforet Kofu,Japan – J2 League,0-0,3.70,FT,2,draw
21-06-2025,Gamba Osaka,FC Tokyo,Japan – J1 League,2-0,3.50,FT,2,home
21-06-2025,Valerenga,Molde,Norway – Eliteserien,2-3,1.40,DC,1X,away
21-06-2025,Sandviken,falkenbergs FF,Sweden – Superettan,4-1,2.35,FT,1,home
21-06-2025,Utsikten,Ostersunds FK,Sweden – Superettan,1-0,2.20,FT,1,home
21-06-2025,Ham-Kam,Tromso,Norway – Eliteserien,1-3,3.20,FT,1,away
21-06-2025,KFUM Oslo,Stromsgodset,Norway – Eliteserien,5-0,2.90,FT,2,home
21-06-2025,Oddevold,Varbergs BoIS FC,Sweden – Superettan,2-1,1.40,DC,X2,home
21-06-2025,Coritiba,Cuiaba,Brazil – Serie B,2-0,1.20,DC,1X,home
21-06-2025,A. Italiano,Colo Colo,Chile – Primera División,2-1,2.00,FT,2,home
21-06-2025,IA Akranes,Stjarnan,Iceland – Úrvalsdeild,0-3,1.50,DC,X2,away
21-06-2025,Amazonas,Vila Nova,Brazil – Serie B,2-1,2.90,FT,X,home
21-06-2025,Red Bull Salzburg,Al-Hilal Saudi FC,World – FIFA Club World Cup,0-0,3.50,FT,1,draw
14-06-2025,Umeå FC,GIF Sundsvall,Sweden – Superettan,0-1,1.35,DC,X2,away
14-06-2025,KuPS,Ilves,Finland – Veikkausliiga,0-3,2.20,FT,1,away
14-06-2025,Sligo Rovers,Waterford,Ireland – Premier Division,1-0,2.30,FT,1,home
14-06-2025,St. Louis City,Los Angeles Galaxy,USA – Major League Soccer,3-3,2.05,FT,1,draw
14-06-2025,New England Revolution,FC Cincinnati,USA – Major League Soccer,0-1,1.45,DC,X2,away
14-06-2025,Austin,New York Red Bulls,USA – Major League Soccer,2-1,1.30,DC,1X,home
14-06-2025,Chicago Fire,Nashville SC,USA – Major League Soccer,0-2,2.65,FT,2,away
14-06-2025,Colorado Rapids,Orlando City SC,USA – Major League Soccer,0-1,2.25,FT,2,away
14-06-2025,Fagiano Okayama,Avispa Fukuoka,Japan – J1 League,0-1,2.50,FT,1,away
14-06-2025,Tokyo Verdy,Kashiwa Reysol,Japan – J1 League,0-3,2.40,FT,2,away
14-06-2025,Shimizu S-pulse,Gamba Osaka,Japan – J1 League,0-0,2.55,FT,1,draw
14-06-2025,IK brage,Orgryte IS,Sweden – Superettan,3-2,2.40,FT,2,home
14-06-2025,trelleborgs FF,Utsikten,Sweden – Superettan,1-1,1.75,DC,X2,draw
14-06-2025,Egersund,Ranheim,Norway – 1. Division,3-4,1.30,DC,1X,away
14-06-2025,Mjondalen,Moss,Norway – 1. Division,2-2,2.90,FT,1,draw
14-06-2025,Raufoss,ODD Ballklubb,Norway – 1. Division,1-1,2.85,FT,1,draw
14-06-2025,Varbergs BoIS FC,Vasteras SK FK,Sweden – Superettan,1-0,2.40,FT,1,home
14-06-2025,Aalesund,Stabaek,Norway – 1. Division,2-2,1.95,FT,1,draw
14-06-2025,Afturelding,IA Akranes,Iceland – Úrvalsdeild,4-1,2.15,FT,1,home
14-06-2025,Fram Reykjavik,FH hafnarfjordur,Iceland – Úrvalsdeild,2-0,2.45,FT,1,home
07-06-2025,Malta,Lithuania,World – World Cup - Qualification Europe,0-0,1.45,DC,X2,draw
07-06-2025,Danubio,Atletico Torque,Uruguay – Primera División - Apertura,3-2,1.55,DC,X2,home
07-06-2025,Real Murcia,Gimnastic,Spain – Primera División RFEF - Play Offs,0-1,3.40,FT,2,away
07-06-2025,Albania,Serbia,World – World Cup - Qualification Europe,0-0,3.05,FT,1,draw
07-06-2025,Almeria,Oviedo,Spain – Segunda División,1-2,1.25,DC,1X,away
07-06-2025,Pescara,Ternana,Italy – Serie C - Promotion - Play-offs,0-1,1.30,DC,1X,away
07-06-2025,Wanderers,Plaza Colonia,Uruguay – Primera División - Apertura,1-1,2.40,FT,1,draw
07-06-2025,Pacific,Atletico Ottawa,Canada – CSL,0-1,2.35,FT,2,away
07-06-2025,DC United,Chicago Fire,USA – Major League Soccer,1-7,2.35,FT,2,away
07-06-2025,Colorado Rapids,Austin,USA – Major League Soccer,0-2,2.05,FT,1,away
07-06-2025,Kataller Toyama,Mito Hollyhock,Japan – J2 League,0-1,3.15,FT,X,away
07-06-2025,Gimpo Citizen,Cheonan City,South-Korea – K League 2,1-0,1.30,DC,12,home
07-06-2025,Thistad,Frem,Denmark – 3- Play Out,1-1,2.10,FT,1,draw
07-06-2025,Progreso,Miramar,Uruguay – Primera División - Apertura,1-0,2.05,FT,1,home
07-06-2025,Sociedad II,Merida D.,Spain – Segunda B - Play Off I,0-1,1.90,FT,1,away
07-06-2025,Racing Santander,Mirandes,Spain – Segunda División,3-3,1.30,DC,1X,draw
07-06-2025,Ibiza,FC Andorra,Spain – Primera División RFEF - Play Offs,0-1,1.40,DC,12,away
07-06-2025,Juventud,Racing Montevideo,Uruguay – Primera División - Apertura,2-1,2.45,FT,2,home
07-06-2025,remo,Operario-PR,Brazil – Serie B,2-1,2.15,FT,1,home
07-06-2025,Vancouver Whitecaps,Seattle Sounders,USA – Major League Soccer,3-0,2.25,FT,2,home
31-05-2025,Moss,Start,,0-3,2.30,FT,1,away
31-05-2025,Stabaek,Kongsvinger,,2-2,2.50,FT,1,draw
31-05-2025,AC Oulu,SJK,,2-2,2.20,FT,2,draw
31-05-2025,Haka,VPS,,2-1,2.40,FT,2,home
31-05-2025,PSG,Inter,,5-0,1.65,DC,X2,home
31-05-2025,Nashville SC,New York City,,2-2,1.90,FT,1,draw
31-05-2025,CF Montreal,New England Revolution,,0-3,2.30,FT,1,away
31-05-2025,Inter Miami,Columbus Crew,,5-1,2.00,FT,1,home
31-05-2025,Toronto FC,Charlotte,,0-2,1.30,DC,12,away
31-05-2025,FC Dallas,Philadelphia Union,,0-0,1.50,DC,1X,draw
31-05-2025,Los Angeles FC,Club America,,1-1,2.70,FT,2,draw
31-05-2025,Brommapojkarna,Goteborg,,1-3,2.50,FT,2,away
31-05-2025,Sundsvall,Falkenberg,,0-0,3.40,FT,X,draw
31-05-2025,Oldham,Southend,,1-1,2.40,FT,1,draw
31-05-2025,Sirius,AIK,,3-1,2.30,FT,2,home
31-05-2025,Bryne,Sandefjord,,3-2,1.30,DC,12,home
31-05-2025,Oddevold,Landskrona,,1-2,1.30,DC,12,away
31-05-2025,Racing Club Ferrol,Gijon,,0-2,2.90,FT,X,away
31-05-2025,Racing Santander,Granada CF,,2-1,1.25,DC,12,home
31-05-2025,Molde,Viking,,0-1,2.80,FT,2,away
24-05-2025,Sheffield Utd,Sunderland,,1-2,3.00,FT,X,away
24-05-2025,Bryne,Fredrikstad,,4-3,1.35,DC,X2,home
24-05-2025,Sturm Graz,Wolfsberger AC,,1-1,1.90,FT,1,draw
24-05-2025,Lugano,Young Boys,,1-1,2.50,FT,1,draw
24-05-2025,Alaves,Osasuna,,1-1,2.35,FT,2,draw
24-05-2025,Charlton,Leyton Orient,,1-0,1.25,DC,1X,home
24-05-2025,Empoli,Verona,,1-2,1.25,DC,1X,away
24-05-2025,Udinese,Fiorentina,,2-3,2.00,FT,2,away
24-05-2025,Ipswich,West Ham,,1-3,3.70,FT,X,away
24-05-2025,Nottingham,Chelsea,,0-1,1.25,DC,12,away
24-05-2025,Tottenham,Brighton,,1-4,1.70,FT,2,away
24-05-2025,Wolves,Brentford,,1-1,2.80,FT,1,draw
24-05-2025,Sandefjord,Stromsgodset,,3-2,2.05,FT,1,home
24-05-2025,Sarpsborg 08,Tromso,,0-1,2.05,FT,1,away
24-05-2025,Benfica,Sporting CP,,1-1,2.20,FT,1,draw
24-05-2025,Burgos CF,Levante,,2-3,1.70,FT,2,away
24-05-2025,Cadiz CF,Huesca,,4-0,1.35,DC,1X,home
24-05-2025,Eldense,Racing Santander,,3-3,1.55,DC,1X,draw
24-05-2025,Genk,Anderlecht,,2-1,1.95,FT,1,home
24-05-2025,Ath Bilbao,Barcelona,,0-3,3.60,FT,X,away
17-05-2025,Estoril,Estrela,,4-0,3.30,FT,X,home
17-05-2025,SC Farense,Santa Clara,,1-2,3.00,FT,X,away
17-05-2025,Huesca,Elche,,2-1,1.30,DC,X2,home
17-05-2025,Lens,Monaco,,4-0,1.80,FT,2,home
17-05-2025,Malaga,Gijon,,2-1,2.60,FT,X,home
17-05-2025,Racing Club Ferrol,Cadiz CF,,1-0,2.35,FT,2,home
17-05-2025,AS Roma,AC Milan,,3-1,2.35,FT,1,home
17-05-2025,Cagliari,Venezia,,3-0,1.50,DC,X2,home
17-05-2025,Fiorentina,Bologna,,3-2,2.60,FT,1,home
17-05-2025,Verona,Como,,1-1,1.30,DC,X2,draw
17-05-2025,West Ham,Nottingham,,1-2,1.30,DC,12,away
17-05-2025,Greuther Furth,Hamburger SV,,3-2,2.15,FT,2,home
17-05-2025,Magdeburg,Dusseldorf,,4-2,2.20,FT,1,home
17-05-2025,Leicester,Ipswich,,2-0,2.25,FT,1,home
17-05-2025,Arsenal,Newcastle,,1-0,2.00,FT,1,home
17-05-2025,Mallorca,Getafe,,1-2,3.00,FT,X,away
17-05-2025,Real Sociedad,Girona,,3-2,1.25,DC,1X,home
17-05-2025,Sevilla,Real Madrid,,0-2,1.80,FT,2,away
17-05-2025,Valencia,Ath Bilbao,,0-1,1.30,DC,12,away
17-05-2025,Koper,Maribor,,1-1,2.30,FT,2,draw
10-05-2025,Fulham,Everton,,1-3,1.80,FT,1,away
10-05-2025,Wolves,Brighton,,0-2,1.30,DC,12,away
10-05-2025,Lazio,Juventus,,1-1,3.20,FT,X,draw
10-05-2025,Bournemouth,Aston Villa,,0-1,1.30,DC,12,away
10-05-2025,Girona,Villarreal,,0-1,2.10,FT,2,away
10-05-2025,Benfica,Sporting CP,,1-1,2.10,FT,1,draw
10-05-2025,Empoli,Parma,,2-1,1.30,DC,1X,home
10-05-2025,Angers,Strasbourg,,2-1,1.80,FT,2,home
10-05-2025,Auxerre,Nantes,,1-1,2.35,FT,2,draw
10-05-2025,Reims,St Etienne,,0-2,2.10,FT,1,away
10-05-2025,Rennes,Nice,,2-0,1.30,DC,X2,home
10-05-2025,Toulouse,Lens,,1-1,3.00,FT,2,draw
10-05-2025,Newcastle,Chelsea,,2-0,1.35,DC,1X,home
10-05-2025,Leganes,Espanyol,,3-2,2.30,FT,1,home
10-05-2025,Verona,Lecce,,1-1,3.00,FT,X,draw
10-05-2025,Manchester Utd,West Ham,,0-2,2.00,FT,1,away
10-05-2025,Tottenham,Crystal Palace,,0-2,2.50,FT,2,away
10-05-2025,Bayer Leverkusen,Dortmund,,2-4,2.40,FT,2,away
10-05-2025,Liverpool,Arsenal,,2-2,2.00,FT,1,draw
10-05-2025,Moreirense,Estoril,,2-2,1.35,DC,1X,draw
03-05-2025,Leicester,Southampton,,2-0,3.50,FT,X,home
03-05-2025,West Ham,Tottenham,,1-1,2.20,FT,1,draw
03-05-2025,SC Farense,Famalicao,,2-1,3.20,FT,X,home
03-05-2025,Huesca,R. Oviedo,,1-2,2.65,FT,X,away
03-05-2025,Strasbourg,PSG,,2-1,2.40,FT,1,home
03-05-2025,Las Palmas,Valencia,,2-3,1.45,DC,1X,away
03-05-2025,Eibar,Mirandes,,0-1,1.30,DC,1X,away
03-05-2025,Malaga,Granada CF,,1-0,2.35,FT,2,home
03-05-2025,Toulouse,Rennes,,2-1,1.65,DC,X2,home
03-05-2025,Burgos CF,Elche,,0-1,1.30,DC,X2,away
03-05-2025,Brighton,Newcastle,,1-1,2.30,FT,2,draw
03-05-2025,Nantes,Angers,,0-1,1.90,FT,1,away
03-05-2025,Auxerre,Le Havre,,1-2,3.40,FT,X,away
03-05-2025,Chelsea,Liverpool,,3-1,2.15,FT,1,home
03-05-2025,Freiburg,Bayer Leverkusen,,2-2,2.20,FT,2,draw
03-05-2025,Espanyol,Betis,,1-2,1.30,DC,X2,away
03-05-2025,Mainz,Eintracht Frankfurt,,1-1,2.90,FT,2,draw
03-05-2025,Bologna,Juventus,,1-1,3.00,FT,X,draw
03-05-2025,Lille,Marseille,,1-1,1.55,DC,X2,draw
03-05-2025,Real Sociedad,Ath Bilbao,,0-0,2.30,FT,1,draw
26-04-2025,Cardiff,West Brom,,0-0,1.35,DC,1X,draw
26-04-2025,Hull,Derby,,0-1,1.35,DC,1X,away
26-04-2025,Oxford Utd,Sunderland,,2-0,1.40,DC,X2,home
26-04-2025,Sheffield Wed,Portsmouth,,1-1,2.00,FT,1,draw
26-04-2025,Exeter,Huddersfield,,3-1,2.15,FT,2,home
26-04-2025,Peterborough,Bolton,,1-1,2.60,FT,1,draw
26-04-2025,Wigan,Blackpool,,1-1,2.50,FT,2,draw
26-04-2025,Eldense,Cordoba,,1-1,2.50,FT,2,draw
26-04-2025,R. Oviedo,Levante,,1-0,1.30,DC,1X,home
26-04-2025,Crystal Palace,Aston Villa,,3-0,2.15,FT,2,home
26-04-2025,Wrexham,Charlton,,3-0,3.10,FT,2,home
26-04-2025,Eintracht Frankfurt,RB Leipzig,,4-0,2.15,FT,1,home
26-04-2025,Granada CF,Elche,,1-1,2.45,FT,1,draw
26-04-2025,Barcelona,Real Madrid,,2-2,1.25,DC,12,draw
26-04-2025,Stevenage,Rotherham,,1-1,3.00,FT,2,draw
26-04-2025,Bochum,Union Berlin,,1-1,2.25,FT,1,draw
26-04-2025,Werder Bremen,St. Pauli,,0-0,1.90,FT,1,draw
26-04-2025,Malaga,Castellon,,1-0,3.20,FT,X,home
26-04-2025,Tenerife,Eibar,,1-1,1.30,DC,1X,draw
26-04-2025,Zaragoza,Huesca,,1-1,1.90,FT,1,draw
19-04-2025,Brentford,Brighton,,4-2,3.60,FT,X,home
19-04-2025,Crystal Palace,Bournemouth,,0-0,2.60,FT,1,draw
19-04-2025,Everton,Manchester City,,0-2,1.90,FT,2,away
19-04-2025,AFS,Casa Pia,,1-1,2.90,FT,1,draw
19-04-2025,Nacional,Gil Vicente,,0-3,2.30,FT,1,away
19-04-2025,Aston Villa,Newcastle,,4-1,1.30,DC,12,home
19-04-2025,Union Berlin,Stuttgart,,4-4,1.50,DC,1X,draw
19-04-2025,Arouca,Estrela,,1-0,3.30,FT,X,home
19-04-2025,Schalke,Hamburger SV,,2-2,2.00,FT,2,draw
19-04-2025,Darmstadt,Hannover,,3-1,2.10,FT,1,home
19-04-2025,Karlsruher SC,Greuther Furth,,1-0,3.00,FT,2,home
19-04-2025,Ulm,Hertha Berlin,,2-3,2.20,FT,2,away
19-04-2025,Fulham,Chelsea,,1-2,2.80,FT,1,away
19-04-2025,Empoli,Venezia,,2-2,1.30,DC,1X,draw
19-04-2025,Augsburg,Eintracht Frankfurt,,0-0,1.30,DC,12,draw
19-04-2025,Brest,Lens,,1-3,2.40,FT,1,away
19-04-2025,Reims,Toulouse,,1-0,1.60,DC,1X,home
19-04-2025,Bologna,Inter,,1-0,3.20,FT,X,home
19-04-2025,Sevilla,Alaves,,1-1,2.00,FT,1,draw
19-04-2025,AC Milan,Atalanta,,0-1,1.50,DC,X2,away
12-04-2025,Nottingham,Everton,,0-1,1.30,DC,1X,away
12-04-2025,Cardiff,Stoke,,0-1,2.25,FT,1,away
12-04-2025,Millwall,Middlesbrough,,1-0,2.80,FT,1,home
12-04-2025,Portsmouth,Derby,,2-2,3.00,FT,X,draw
12-04-2025,QPR,Bristol City,,1-1,3.20,FT,X,draw
12-04-2025,Monaco,Marseille,,3-0,2.00,FT,1,home
12-04-2025,Toulouse,Lille,,1-2,1.40,DC,X2,away
12-04-2025,Zurich,Basel,,0-4,3.60,FT,X,away
12-04-2025,Strasbourg,Nice,,2-2,1.40,DC,1X,draw
12-04-2025,Osasuna,Girona,,2-1,1.40,DC,1X,home
12-04-2025,FC Copenhagen,Brondby,,1-2,1.95,FT,1,away
12-04-2025,Wolves,Tottenham,,4-2,2.20,FT,1,home
12-04-2025,Verona,Genoa,,0-0,2.90,FT,X,draw
12-04-2025,St Etienne,Brest,,3-3,2.10,FT,2,draw
12-04-2025,Luzern,Young Boys,,5-0,2.20,FT,2,home
12-04-2025,Le Havre,Rennes,,1-5,1.30,DC,X2,away
12-04-2025,Como,Torino,,1-0,1.90,FT,1,home
12-04-2025,Betis,Villarreal,,1-2,1.40,DC,1X,away
12-04-2025,Lazio,AS Roma,,1-1,3.20,FT,X,draw
12-04-2025,Auxerre,Lyon,,1-3,2.00,FT,2,away
05-04-2025,Crystal Palace,Brighton,,2-1,2.40,FT,1,home
05-04-2025,Ipswich,Wolves,,1-2,2.75,FT,1,away
05-04-2025,West Ham,Bournemouth,,2-2,3.00,FT,1,draw
05-04-2025,Aston Villa,Nottingham,,2-1,2.00,FT,1,home
05-04-2025,Werder Bremen,Eintracht Frankfurt,,2-0,1.45,DC,X2,home
05-04-2025,Mallorca,Celta Vigo,,1-2,3.05,FT,X,away
05-04-2025,Brest,Monaco,,2-1,1.95,FT,2,home
05-04-2025,Lyon,Lille,,2-1,2.20,FT,1,home
05-04-2025,Lecce,Venezia,,1-1,3.00,FT,X,draw
05-04-2025,Las Palmas,Real Sociedad,,1-3,3.20,FT,X,away
05-04-2025,Brentford,Chelsea,,0-0,2.20,FT,2,draw
05-04-2025,Empoli,Cagliari,,0-0,3.05,FT,X,draw
05-04-2025,St. Pauli,B. Monchengladbach,,1-1,1.30,DC,12,draw
05-04-2025,Sevilla,Atl. Madrid,,1-2,1.30,DC,X2,away
05-04-2025,Montpellier,Le Havre,,0-2,1.30,DC,12,away
05-04-2025,Reims,Strasbourg,,0-1,2.15,FT,2,away
05-04-2025,Manchester Utd,Manchester City,,0-0,1.30,DC,12,draw
05-04-2025,Union Berlin,Wolfsburg,,1-0,2.45,FT,1,home
05-04-2025,AS Roma,Juventus,,1-1,1.40,DC,1X,draw
05-04-2025,Villarreal,Ath Bilbao,,0-0,2.20,FT,1,draw
29-03-2025,Cardiff,Sheffield Wed,,1-1,3.20,FT,X,draw
29-03-2025,Norwich,West Brom,,1-0,2.20,FT,1,home
29-03-2025,Portsmouth,Blackburn,,1-0,2.25,FT,1,home
29-03-2025,Stoke,QPR,,3-1,2.30,FT,1,home
29-03-2025,NAC Breda,Groningen,,1-1,1.30,DC,12,draw
29-03-2025,Eintracht Frankfurt,Stuttgart,,1-0,1.25,DC,12,home
29-03-2025,Alaves,Rayo Vallecano,,0-2,1.25,DC,1X,away
29-03-2025,Sittard,Sparta Rotterdam,,0-3,1.30,DC,X2,away
29-03-2025,Willem II,Almere City,,0-2,1.30,DC,1X,away
29-03-2025,Nijmegen,AZ Alkmaar,,3-3,2.10,FT,2,draw
29-03-2025,Getafe,Villarreal,,1-2,3.10,FT,X,away
29-03-2025,Toulouse,Brest,,2-4,2.05,FT,1,away
29-03-2025,Freiburg,Union Berlin,,1-2,2.00,FT,1,away
29-03-2025,Angers,Rennes,,0-3,1.85,FT,2,away
29-03-2025,Le Havre,Nantes,,3-2,2.40,FT,2,home
29-03-2025,Bournemouth,Manchester City,,1-2,1.25,DC,12,away
29-03-2025,Valencia,Mallorca,,1-0,2.10,FT,1,home
29-03-2025,Lille,Lens,,1-0,2.00,FT,1,home
29-03-2025,Betis,Sevilla,,2-1,3.40,FT,X,home
29-03-2025,Moreirense,Vitoria Guimaraes,,2-2,2.15,FT,2,draw
22-03-2025,Morton,Queen’s Park,,2-1,2.35,FT,1,home
22-03-2025,Crawley,Bristol Rovers,,1-0,2.05,FT,1,home
22-03-2025,Northampton,Blackpool,,0-2,3.20,FT,X,away
22-03-2025,Peterborough,Charlton,,3-0,3.25,FT,X,home
22-03-2025,Wrexham,Stockport County,,1-0,1.35,DC,1X,home
22-03-2025,AFC Wimbledon,Barrow,,2-2,1.20,DC,1X,draw
22-03-2025,Bradford City,Colchester,,4-1,1.25,DC,1X,home
22-03-2025,Carlisle,Bromley,,2-1,2.20,FT,1,home
22-03-2025,Cheltenham,MK Dons,,0-1,1.30,DC,1X,away
22-03-2025,Gillingham,Walsall,,0-0,1.30,DC,X2,draw
22-03-2025,Swindon,Accrington,,0-0,1.90,FT,1,draw
22-03-2025,Mirandes,Racing Santander,,2-1,1.30,DC,1X,home
22-03-2025,Granada CF,R. Oviedo,,1-0,2.95,FT,X,home
22-03-2025,Venlo,Eindhoven FC,,2-2,2.30,FT,1,draw
22-03-2025,Philadelphia Union,St. Louis City,,1-0,3.50,FT,X,home
22-03-2025,Sporting Kansas City,Los Angeles FC,,0-2,2.60,FT,1,away
22-03-2025,Real Salt Lake,FC Dallas,,0-1,3.70,FT,2,away
22-03-2025,Vancouver Whitecaps,Chicago Fire,,1-3,1.90,FT,1,away
22-03-2025,Tenerife,Cadiz CF,,2-1,3.10,FT,2,home
22-03-2025,Austin FC,San Diego FC,,2-1,2.00,FT,1,home
15-03-2025,Everton,West Ham,,1-1,1.25,DC,1X,draw
15-03-2025,Ipswich,Nottingham,,2-4,2.00,FT,2,away
15-03-2025,Southampton,Wolves,,1-2,2.05,FT,2,away
15-03-2025,Coventry,Sunderland,,3-0,2.70,FT,2,home
15-03-2025,Luton,Middlesbrough,,0-0,2.60,FT,1,draw
15-03-2025,Oxford Utd,Watford,,1-0,2.60,FT,2,home
15-03-2025,Plymouth,Derby,,2-3,3.00,FT,X,away
15-03-2025,RB Leipzig,Dortmund,,2-0,2.40,FT,1,home
15-03-2025,Sheffield Wed,Sheffield Utd,,0-1,1.50,DC,X2,away
15-03-2025,Fulham,Tottenham,,2-0,2.00,FT,1,home
15-03-2025,Twente,Feyenoord,,2-6,3.00,FT,2,away
15-03-2025,Bologna,Lazio,,5-0,1.30,DC,1X,home
15-03-2025,Bochum,Eintracht Frankfurt,,1-3,1.25,DC,12,away
15-03-2025,Sevilla,Ath Bilbao,,0-1,3.10,FT,X,away
15-03-2025,Fiorentina,Juventus,,3-0,1.30,DC,X2,home
15-03-2025,Osasuna,Getafe,,1-2,2.95,FT,X,away
15-03-2025,Rayo Vallecano,Real Sociedad,,2-2,1.35,DC,1X,draw
15-03-2025,Stuttgart,Bayer Leverkusen,,3-4,2.25,FT,2,away
15-03-2025,Atalanta,Inter,,0-2,3.30,FT,X,away
15-03-2025,Atl. Madrid,Barcelona,,2-4,3.60,FT,X,away
08-03-2025,Brighton,Fulham,,2-1,1.25,DC,12,home
08-03-2025,Derby,Blackburn,,2-1,2.65,FT,2,home
08-03-2025,Plymouth,Sheffield Wed,,0-3,3.50,FT,1,away
08-03-2025,Swansea,Middlesbrough,,1-0,2.35,FT,2,home
08-03-2025,Alaves,Villarreal,,1-0,2.40,FT,2,home
08-03-2025,Brentford,Aston Villa,,0-1,2.30,FT,1,away
08-03-2025,Freiburg,RB Leipzig,,0-0,1.45,DC,1X,draw
08-03-2025,Wolves,Everton,,1-1,1.35,DC,12,draw
08-03-2025,Braga,FC Porto,,1-0,2.15,FT,2,home
08-03-2025,Preussen Munster,Nurnberg,,0-1,2.50,FT,2,away
08-03-2025,Tottenham,Bournemouth,,2-2,1.25,DC,12,draw
08-03-2025,Sion,Lugano,,2-1,2.50,FT,2,home
08-03-2025,Le Havre,St Etienne,,1-1,1.30,DC,12,draw
08-03-2025,Nantes,Strasbourg,,0-1,1.50,DC,X2,away
08-03-2025,Reims,Auxerre,,0-2,3.30,FT,X,away
08-03-2025,Empoli,AS Roma,,0-1,2.00,FT,2,away
08-03-2025,Antwerp,Gent,,0-1,3.50,FT,X,away
08-03-2025,Juventus,Atalanta,,0-4,3.30,FT,X,away
08-03-2025,Nice,Lyon,,0-2,2.00,FT,1,away
08-03-2025,Real Sociedad,Sevilla,,0-1,3.20,FT,X,away
01-03-2025,Luton,Portsmouth,,1-0,1.30,DC,1X,home
01-03-2025,QPR,Sheffield Utd,,1-2,3.00,FT,1,away
01-03-2025,Stoke,Watford,,0-0,1.30,DC,12,draw
01-03-2025,Rayo Vallecano,Sevilla,,1-1,1.30,DC,1X,draw
01-03-2025,Napoli,Inter,,1-1,1.35,DC,X2,draw
01-03-2025,Monza,Torino,,0-2,2.00,FT,2,away
01-03-2025,Leganes,Getafe,,1-0,1.35,DC,X2,home
01-03-2025,Cordoba,Granada CF,,5-0,2.40,FT,1,home
01-03-2025,Newcastle,Brighton,,1-1,2.05,FT,1,draw
01-03-2025,Angers,Toulouse,,0-4,3.20,FT,X,away
01-03-2025,Auxerre,Strasbourg,,0-1,3.30,FT,X,away
01-03-2025,Montpellier,Rennes,,0-4,3.40,FT,1,away
01-03-2025,Manchester Utd,Fulham,,1-1,2.80,FT,2,draw
01-03-2025,Augsburg,Freiburg,,0-0,3.10,FT,X,draw
01-03-2025,Mallorca,Alaves,,1-1,1.30,DC,1X,draw
01-03-2025,Albacete,Cadiz CF,,3-0,2.90,FT,X,home
01-03-2025,Eldense,Levante,,1-2,3.05,FT,X,away
01-03-2025,AC Milan,Lazio,,1-2,3.50,FT,X,away
01-03-2025,Osasuna,Valencia,,3-3,3.15,FT,X,draw
01-03-2025,Racing Santander,Elche,,2-0,3.05,FT,X,home
22-02-2025,Fulham,Crystal Palace,,0-2,1.25,DC,1X,away
22-02-2025,Ipswich,Tottenham,,1-4,1.95,FT,2,away
22-02-2025,Portsmouth,QPR,,2-1,3.30,FT,X,home
22-02-2025,Swansea,Blackburn,,3-0,3.20,FT,X,home
22-02-2025,Rayo Vallecano,Villarreal,,0-1,2.95,FT,1,away
22-02-2025,Burgos CF,R. Oviedo,,1-2,2.70,FT,X,away
22-02-2025,Eibar,Racing Santander,,2-2,2.20,FT,1,draw
22-02-2025,Lille,Monaco,,2-1,2.15,FT,1,home
22-02-2025,Torino,AC Milan,,2-1,1.25,DC,X2,home
22-02-2025,Aston Villa,Chelsea,,2-1,1.50,DC,1X,home
22-02-2025,St Etienne,Angers,,3-3,1.30,DC,12,draw
22-02-2025,Hannover,Paderborn,,1-1,2.10,FT,1,draw
22-02-2025,Como,Napoli,,2-1,1.30,DC,X2,home
22-02-2025,Watford,Luton,,2-0,1.35,DC,1X,home
22-02-2025,Darmstadt,Schalke,,2-0,2.60,FT,2,home
22-02-2025,Nantes,Lens,,3-1,3.40,FT,X,home
22-02-2025,Le Havre,Toulouse,,1-4,1.95,FT,2,away
22-02-2025,Strasbourg,Brest,,0-0,2.05,FT,1,draw
22-02-2025,Manchester City,Liverpool,,0-2,3.80,FT,X,away
22-02-2025,Getafe,Betis,,1-2,2.50,FT,1,away
15-02-2025,Fulham,Nottingham,,2-1,3.30,FT,2,home
15-02-2025,West Ham,Brentford,,0-1,2.80,FT,2,away
15-02-2025,Hull,Norwich,,1-1,3.30,FT,X,draw
15-02-2025,Luton,Sheffield Utd,,0-1,2.20,FT,2,away
15-02-2025,Millwall,West Brom,,1-1,3.00,FT,X,draw
15-02-2025,Sheffield Wed,Coventry,,1-2,2.45,FT,1,away
15-02-2025,Stoke,Swansea,,3-1,3.20,FT,X,home
15-02-2025,Moreirense,Casa Pia,,3-2,3.00,FT,X,home
15-02-2025,Nacional,Estoril,,2-2,2.20,FT,1,draw
15-02-2025,Crystal Palace,Everton,,1-2,1.80,FT,1,away
15-02-2025,Bayer Leverkusen,Bayern Munich,,0-0,1.35,DC,X2,draw
15-02-2025,Tenerife,Cordoba,,2-3,1.25,DC,1X,away
15-02-2025,Zwolle,Heerenveen,,1-1,2.20,FT,1,draw
15-02-2025,Huesca,Granada CF,,1-1,1.35,DC,1X,draw
15-02-2025,Reims,Angers,,0-1,1.25,DC,1X,away
15-02-2025,Tottenham,Manchester Utd,,1-0,3.70,FT,X,home
15-02-2025,Zaragoza,Burgos CF,,0-1,1.25,DC,1X,away
15-02-2025,Heidenheim,Mainz,,0-2,2.10,FT,2,away
15-02-2025,Rennes,Lille,,0-2,3.30,FT,X,away
15-02-2025,Betis,Real Sociedad,,3-0,1.35,DC,1X,home
08-02-2025,Burton,Blackpool,,1-1,1.30,DC,X2,draw
08-02-2025,Nice,Lens,,2-0,3.30,FT,X,home
08-02-2025,Altach,Grazer AK,,1-2,3.20,FT,X,away
08-02-2025,Sampdoria,Modena,,1-0,3.00,FT,X,home
08-02-2025,B. Monchengladbach,Eintracht Frankfurt,,1-1,2.50,FT,1,draw
08-02-2025,Groningen,Nijmegen,,2-1,2.20,FT,2,home
08-02-2025,Torino,Genoa,,1-1,3.00,FT,X,draw
08-02-2025,St Etienne,Rennes,,0-2,1.30,DC,X2,away
08-02-2025,Club Leon,Toluca,,3-3,2.20,FT,2,draw
08-02-2025,Hannover,Dusseldorf,,1-1,1.30,DC,1X,draw
08-02-2025,Alaves,Getafe,,0-1,1.30,DC,1X,away
08-02-2025,Waalwijk,NAC Breda,,5-0,2.50,FT,2,home
08-02-2025,Tirol,Hartberg,,0-0,2.20,FT,2,draw
08-02-2025,Reggiana,Cesena,,0-1,2.30,FT,1,away
08-02-2025,Holstein Kiel,Bochum,,2-2,2.30,FT,1,draw
08-02-2025,Burgos CF,Racing Santander,,2-1,1.50,DC,X2,home
08-02-2025,Antalyaspor,Basaksehir,,0-0,2.30,FT,2,draw
08-02-2025,Auxerre,Toulouse,,2-2,1.35,DC,X2,draw
08-02-2025,Juve Stabia,Bari,,3-1,2.35,FT,1,home
08-02-2025,Dep. La Coruna,Almeria,,3-1,3.25,FT,X,home
01-02-2025,Ipswich,Southampton,,1-2,1.25,DC,1X,away
01-02-2025,Derby,Sheffield Utd,,0-1,1.30,DC,X2,away
01-02-2025,Millwall,QPR,,2-1,2.20,FT,1,home
01-02-2025,Swansea,Coventry,,0-2,2.70,FT,2,away
01-02-2025,Wolves,Aston Villa,,2-0,2.10,FT,2,home
01-02-2025,Union Berlin,RB Leipzig,,0-0,2.20,FT,2,draw
01-02-2025,Ajax,Feyenoord,,2-1,2.25,FT,1,home
01-02-2025,G.A. Eagles,Twente,,2-2,2.50,FT,2,draw
01-02-2025,Brentford,Tottenham,,0-2,2.10,FT,1,away
01-02-2025,Manchester Utd,Crystal Palace,,0-2,1.30,DC,12,away
01-02-2025,Toulouse,Nice,,1-1,1.50,DC,X2,draw
01-02-2025,Salernitana,Cremonese,,1-0,3.10,FT,X,home
01-02-2025,Sudtirol,Reggiana,,2-0,2.90,FT,X,home
01-02-2025,Valencia,Celta Vigo,,2-1,2.35,FT,1,home
01-02-2025,Reims,Nantes,,1-2,3.30,FT,X,away
01-02-2025,Rennes,Strasbourg,,1-0,1.30,DC,1X,home
01-02-2025,Arsenal,Manchester City,,5-1,1.30,DC,12,home
01-02-2025,Osasuna,Real Sociedad,,2-1,2.60,FT,2,home
01-02-2025,AS Roma,Napoli,,1-1,3.20,FT,X,draw
01-02-2025,Betis,Ath Bilbao,,2-2,3.20,FT,X,draw
25-01-2025,Bournemouth,Nottingham,,5-0,2.05,FT,1,home
25-01-2025,Bristol City,Blackburn,,2-1,2.00,FT,1,home
25-01-2025,Cardiff,Derby,,2-1,2.20,FT,1,home
25-01-2025,Preston,Middlesbrough,,2-1,1.35,DC,X2,home
25-01-2025,QPR,Sheffield Wed,,0-2,2.45,FT,1,away
25-01-2025,Napoli,Juventus,,2-1,1.25,DC,1X,home
25-01-2025,Strasbourg,Lille,,2-1,1.40,DC,X2,home
25-01-2025,Hertha Berlin,Hamburger SV,,2-3,2.35,FT,2,away
25-01-2025,Groningen,Heerenveen,,1-0,1.60,DC,X2,home
25-01-2025,Darmstadt,Paderborn,,0-1,2.10,FT,1,away
25-01-2025,Rayo Vallecano,Girona,,2-1,3.00,FT,X,home
25-01-2025,Waalwijk,Willem II,,2-0,2.60,FT,1,home
25-01-2025,Crystal Palace,Brentford,,1-2,2.05,FT,1,away
25-01-2025,Udinese,AS Roma,,1-2,2.25,FT,2,away
25-01-2025,Le Havre,Brest,,0-1,2.25,FT,2,away
25-01-2025,Hoffenheim,Eintracht Frankfurt,,2-2,1.35,DC,X2,draw
25-01-2025,Nantes,Lyon,,1-1,3.50,FT,X,draw
25-01-2025,St. Pauli,Union Berlin,,3-0,2.50,FT,1,home
25-01-2025,Fulham,Manchester Utd,,0-1,1.30,DC,12,away
25-01-2025,Nice,Marseille,,2-0,3.50,FT,X,home
18-01-2025,West Ham,Crystal Palace,,0-2,1.30,DC,12,away
18-01-2025,Derby,Watford,,0-2,3.30,FT,X,away
18-01-2025,Oxford Utd,Blackburn,,1-0,2.30,FT,2,home
18-01-2025,Juventus,AC Milan,,2-0,1.30,DC,1X,home
18-01-2025,Celta Vigo,Ath Bilbao,,1-2,1.40,DC,X2,away
18-01-2025,Utrecht,AZ Alkmaar,,0-0,1.30,DC,12,draw
18-01-2025,Hamburger SV,FC Koln,,1-0,3.60,FT,X,home
18-01-2025,Atalanta,Napoli,,2-3,1.30,DC,1X,away
18-01-2025,Elversberg,Magdeburg,,2-5,2.10,FT,1,away
18-01-2025,Nurnberg,Karlsruher SC,,2-1,2.20,FT,1,home
18-01-2025,Everton,Tottenham,,3-2,2.40,FT,2,home
18-01-2025,Manchester Utd,Brighton,,1-3,2.05,FT,1,away
18-01-2025,St Etienne,Nantes,,1-1,2.50,FT,1,draw
18-01-2025,Union Berlin,Mainz,,2-1,2.80,FT,2,home
18-01-2025,Panetolikos,OFI Crete,,1-0,1.50,DC,X2,home
18-01-2025,Lugano,Basel,,2-2,2.70,FT,2,draw
18-01-2025,Angers,Auxerre,,2-0,3.20,FT,X,home
18-01-2025,Aris,PAOK,,0-0,3.20,FT,X,draw
18-01-2025,Valencia,Real Sociedad,,1-0,3.00,FT,X,home
18-01-2025,Panathinaikos,AEK Athens FC,,1-0,3.15,FT,X,home
11-01-2025,Heidenheim,Union Berlin,,2-0,1.30,DC,12,home
11-01-2025,Hoffenheim,Wolfsburg,,0-1,3.50,FT,X,away
11-01-2025,Exeter,Oxford Utd,,3-1,2.70,FT,1,home
11-01-2025,Albacete,Racing Santander,,2-2,3.25,FT,X,draw
11-01-2025,Huesca,Mirandes,,1-0,2.80,FT,X,home
11-01-2025,Heracles,Sparta Rotterdam,,1-1,2.50,FT,2,draw
11-01-2025,Brest,Lyon,,2-1,3.50,FT,X,home
11-01-2025,Malaga,Dep. La Coruna,,1-1,1.40,DC,1X,draw
11-01-2025,Tenerife,Castellon,,2-0,2.60,FT,2,home
11-01-2025,Reims,Nice,,2-4,1.45,DC,X2,away
11-01-2025,Leyton Orient,Derby,,2-90,2.90,FT,1,away
11-01-2025,Zwolle,Nijmegen,,0-1,1.30,DC,12,away
11-01-2025,Rennes,Marseille,,1-2,1.35,DC,X2,away
11-01-2025,Las Palmas,Getafe,,1-2,2.95,FT,X,away
11-01-2025,Cordoba,Almeria,,0-3,3.30,FT,X,away
11-01-2025,Cadiz CF,Levante,,0-0,3.10,FT,X,draw
11-01-2025,NAC Breda,Heerenveen,,2-4,2.10,FT,1,away
11-01-2025,Montpellier,Angers,,1-3,2.05,FT,1,away
11-01-2025,Augsburg,Stuttgart,,0-1,2.00,FT,2,away
11-01-2025,Bologna,AS Roma,,2-2,1.40,DC,X2,draw
04-01-2025,Southampton,Brentford,,0-5,2.50,FT,2,away
04-01-2025,Norwich,Coventry,,2-1,3.40,FT,X,home
04-01-2025,Sheffield Wed,Millwall,,2-2,1.25,DC,1X,draw
04-01-2025,Watford,Sheffield Utd,,1-2,1.40,DC,X2,away
04-01-2025,Exeter,Bolton,,1-2,2.15,FT,2,away
04-01-2025,Doncaster,Port Vale,,1-2,1.90,FT,1,away
04-01-2025,Tranmere,Carlisle,,1-0,2.10,FT,1,home
04-01-2025,St Etienne,Reims,,3-1,1.30,DC,12,home
04-01-2025,Fiorentina,Napoli,,0-3,3.10,FT,X,away
04-01-2025,Verona,Udinese,,0-0,2.45,FT,2,draw
04-01-2025,Monza,Cagliari,,1-2,1.35,DC,1X,away
04-01-2025,Lecce,Genoa,,0-0,3.00,FT,X,draw
04-01-2025,Angers,Brest,,2-0,1.30,DC,12,home
04-01-2025,Chesterfield,Gillingham,,Postp,1.80,FT,1,postponed
04-01-2025,Crewe,Bromley,,4-1,3.30,FT,X,home
04-01-2025,Fleetwood,AFC Wimbledon,,Postp,2.70,FT,2,postponed
04-01-2025,Newport,Morecambe,,Postp,2.25,FT,1,postponed
04-01-2025,Dundee Utd,Hearts,,0-1,2.25,FT,1,away
04-01-2025,St Johnstone,Dundee FC,,1-3,2.25,FT,2,away
04-01-2025,AS Roma,Lazio,,2-0,1.30,DC,12,home
28-12-2024,Empoli,Genoa,,1-2,2.90,FT,X,away
28-12-2024,Parma,Monza,,2-1,1.35,DC,1X,home
28-12-2024,Lazio,Atalanta,,1-1,3.30,FT,X,draw
28-12-2024,Udinese,Torino,,2-2,1.30,DC,1X,draw
28-12-2024,Preston,Sheffield Wed,,3-1,3.05,FT,X,home
28-12-2024,Charlton,Wycombe,,2-1,1.40,DC,X2,home
28-12-2024,Rotherham,Stockport County,,1-1,3.30,FT,X,draw
28-12-2024,Bromley,Swindon,,1-1,1.35,DC,1X,draw
28-12-2024,Everton,Nottingham,,0-2,1.50,DC,X2,away
28-12-2024,Fulham,Bournemouth,,2-2,3.60,FT,X,draw
28-12-2024,Stoke,Sunderland,,1-0,1.35,DC,X2,home
28-12-2024,Swansea,Luton,,2-1,3.30,FT,X,home
28-12-2024,Peterborough,Barnsley,,1-3,2.50,FT,2,away
28-12-2024,Shrewsbury,Northampton,,1-1,2.05,FT,1,draw
28-12-2024,Bradford City,Chesterfield,,2-1,2.30,FT,1,home
28-12-2024,Cheltenham,Notts Co,,3-5,3.30,FT,X,away
28-12-2024,Colchester,Doncaster,,1-1,2.35,FT,2,draw
28-12-2024,Tranmere,Barrow,,1-1,2.50,FT,1,draw
28-12-2024,AC Milan,AS Roma,,1-1,1.30,DC,1X,draw
28-12-2024,Middlesbrough,Burnley,,0-0,3.20,FT,2,draw
21-12-2024,Brentford,Nottingham,,0-2,1.30,DC,12,away
21-12-2024,West Ham,Brighton,,1-1,1.25,DC,12,draw
21-12-2024,Cardiff,Sheffield Utd,,0-2,2.05,FT,2,away
21-12-2024,Millwall,Blackburn,,1-0,3.15,FT,2,home
21-12-2024,QPR,Preston,,2-1,3.10,FT,X,home
21-12-2024,Celta Vigo,Real Sociedad,,2-0,1.40,DC,X2,home
21-12-2024,Catanzaro,Spezia,,0-1,3.05,FT,X,away
21-12-2024,Cittadella,Reggiana,,3-1,2.95,FT,X,home
21-12-2024,Modena,Pisa,,1-0,2.95,FT,X,home
21-12-2024,Osasuna,Ath Bilbao,,1-2,2.10,FT,2,away
21-12-2024,AZ Alkmaar,Twente,,1-0,2.20,FT,1,home
21-12-2024,Heracles,Groningen,,Abn,2.30,FT,1,abandoned
21-12-2024,Hannover,Hertha Berlin,,0-0,2.10,FT,1,draw
21-12-2024,Valencia,Alaves,,2-2,2.15,FT,1,draw
21-12-2024,Leicester,Wolves,,0-3,2.45,FT,1,away
21-12-2024,Venezia,Cagliari,,2-1,1.40,DC,1X,home
21-12-2024,Juve Stabia,Cesena,,1-0,3.00,FT,X,home
21-12-2024,Bochum,Heidenheim,,2-0,2.30,FT,1,home
21-12-2024,Wolfsburg,Dortmund,,1-3,1.25,DC,12,away
21-12-2024,Leganes,Villarreal,,2-5,1.25,DC,X2,away
07-12-2024,Brentford,Newcastle,,4-2,1.25,DC,12,home
07-12-2024,Cardiff,Watford,,Postp,3.45,FT,X,postponed
07-12-2024,Hull,Blackburn,,0-1,3.30,FT,X,away
07-12-2024,Luton,Swansea,,1-1,3.30,FT,X,draw
07-12-2024,Millwall,Coventry,,0-1,3.00,FT,X,away
07-12-2024,Plymouth,Oxford Utd,,Postp,2.70,FT,2,postponed
07-12-2024,Portsmouth,Bristol City,,3-0,2.20,FT,2,home
07-12-2024,QPR,Norwich,,3-0,1.30,DC,12,home
07-12-2024,Fredrikstad,Molde,,0-0,1.35,DC,X2,draw
07-12-2024,B. Monchengladbach,Dortmund,,1-1,2.05,FT,2,draw
07-12-2024,Valencia,Rayo Vallecano,,0-1,1.25,DC,1X,away
07-12-2024,Leganes,Real Sociedad,,0-3,1.20,DC,X2,away
07-12-2024,Ipswich,Bournemouth,,1-2,2.05,FT,2,away
07-12-2024,Verona,Empoli,,1-4,2.90,FT,X,away
07-12-2024,West Brom,Sheffield Utd,,2-2,3.20,FT,X,draw
07-12-2024,Nantes,Rennes,,1-0,3.15,FT,X,home
07-12-2024,Strasbourg,Reims,,0-0,1.40,DC,1X,draw
07-12-2024,Tottenham,Chelsea,,3-4,2.35,FT,2,away
07-12-2024,Hoffenheim,Freiburg,,1-1,2.50,FT,2,draw
07-12-2024,Venezia,Como,,2-2,2.60,FT,2,draw
30-11-2024,Crystal Palace,Newcastle,,1-1,1.30,DC,12,draw
30-11-2024,Wolves,Bournemouth,,2-4,1.30,DC,12,away
30-11-2024,Motherwell,Hibernian,,0-3,2.40,FT,2,away
30-11-2024,Rio Ave,Moreirense,,3-2,1.50,DC,1X,home
30-11-2024,Grazer AK,Wolfsberger AC,,3-4,3.30,FT,X,away
30-11-2024,Mantova,Modena,,0-0,1.50,DC,1X,draw
30-11-2024,Espanyol,Celta Vigo,,3-1,2.25,FT,2,home
30-11-2024,Groningen,Willem II,,2-0,2.15,FT,1,home
30-11-2024,Brest,Strasbourg,,3-1,3.45,FT,X,home
30-11-2024,Zwolle,Sparta Rotterdam,,1-0,2.35,FT,2,home
30-11-2024,Tenerife,Elche,,1-1,2.80,FT,X,draw
30-11-2024,Lyngby,Sonderjyske,,0-2,3.50,FT,X,away
30-11-2024,Viborg,Randers FC,,1-2,3.50,FT,X,away
30-11-2024,Frosinone,Cesena,,3-2,3.10,FT,X,home
30-11-2024,Palermo,Spezia,,2-0,3.10,FT,X,home
30-11-2024,Hearts,Aberdeen,,1-1,2.80,FT,2,draw
30-11-2024,Liverpool,Manchester City,,2-0,2.10,FT,1,home
30-11-2024,Le Havre,Angers,,0-1,1.30,DC,1X,away
30-11-2024,Rayo Vallecano,Ath Bilbao,,1-2,1.40,DC,X2,away
30-11-2024,Marseille,Monaco,,2-1,2.60,FT,1,home
23-11-2024,Bournemouth,Brighton,,1-2,1.30,DC,12,away
23-11-2024,Everton,Brentford,,0-0,2.40,FT,1,draw
23-11-2024,Luton,Hull,,1-0,2.00,FT,1,home
23-11-2024,Millwall,Sunderland,,1-1,3.00,FT,X,draw
23-11-2024,Preston,Derby,,1-1,3.20,FT,X,draw
23-11-2024,QPR,Stoke,,1-1,2.50,FT,1,draw
23-11-2024,Lens,Marseille,,1-3,1.60,DC,X2,away
23-11-2024,AC Milan,Juventus,,0-0,3.25,FT,X,draw
23-11-2024,Las Palmas,Mallorca,,2-3,1.50,DC,1X,away
23-11-2024,St Etienne,Montpellier,,1-0,2.95,FT,2,home
23-11-2024,Reims,Lyon,,1-1,2.45,FT,2,draw
23-11-2024,Genoa,Cagliari,,2-2,2.60,FT,1,draw
23-11-2024,Osasuna,Villarreal,,2-2,3.45,FT,X,draw
23-11-2024,Como,Fiorentina,,0-2,1.35,DC,X2,away
23-11-2024,Torino,Monza,,1-1,1.20,DC,1X,draw
23-11-2024,Lille,Rennes,,1-0,1.95,FT,1,home
23-11-2024,Holstein Kiel,Mainz,,0-3,2.30,FT,2,away
23-11-2024,Sevilla,Rayo Vallecano,,1-0,1.35,DC,1X,home
23-11-2024,Lazio,Bologna,,3-0,3.40,FT,X,home
23-11-2024,Ath Bilbao,Real Sociedad,,1-0,3.00,FT,X,home
16-11-2024,Bristol Rovers,Crawley,,0-0,1.90,FT,1,draw
16-11-2024,Cambridge Utd,Barnsley,,1-1,1.85,FT,2,draw
16-11-2024,Stockport County,Wrexham,,1-0,2.30,FT,1,home
16-11-2024,Accrington,Swindon,,2-2,2.30,FT,1,draw
16-11-2024,Barrow,AFC Wimbledon,,1-3,1.40,DC,1X,away
16-11-2024,Bromley,Carlisle,,1-1,2.00,FT,1,draw
16-11-2024,Colchester,Bradford City,,1-1,3.30,FT,X,draw
16-11-2024,Crewe,Notts Co,,2-0,3.35,FT,X,home
16-11-2024,Newport,Grimsby,,0-0,1.30,DC,12,draw
16-11-2024,Altrincham,Southend,,2-0,3.30,FT,X,home
16-11-2024,Eldense,Albacete,,2-0,3.25,FT,X,home
16-11-2024,Georgia,Ukraine,,1-1,1.45,DC,X2,draw
16-11-2024,Montenegro,Iceland,,0-2,3.20,FT,X,away
16-11-2024,Andorra,Moldova,,0-1,1.20,DC,X2,away
16-11-2024,Levante,Elche,,1-1,2.30,FT,1,draw
16-11-2024,Albania,Czech Republic,,0-0,1.60,DC,1X,draw
16-11-2024,Gijon,Granada CF,,1-2,1.90,FT,1,away
16-11-2024,FC Cartagena SAD,Huesca,,1-0,2.80,FT,X,home
16-11-2024,Italy,France,,1-3,1.50,DC,1X,away
16-11-2024,San Lorenzo,Racing Club,,1-2,2.90,FT,X,away
09-11-2024,Brentford,Bournemouth,,3-2,2.70,FT,2,home
09-11-2024,Crystal Palace,Fulham,,0-2,1.30,DC,12,away
09-11-2024,West Ham,Everton,,0-0,2.15,FT,1,draw
09-11-2024,Wolverhampton,Southampton,,2-0,1.95,FT,1,home
09-11-2024,Casa Pia,SC Farense,,1-1,1.25,DC,1X,draw
09-11-2024,Estoril,AVS,,0-0,2.25,FT,1,draw
09-11-2024,Strasbourg,Monaco,,1-3,2.05,FT,2,away
09-11-2024,Espanyol,Valencia,,Postp,2.90,FT,X,postponed
09-11-2024,Getafe,Girona,,0-1,3.10,FT,X,away
09-11-2024,Nottingham,Newcastle,,1-3,1.50,DC,1X,away
09-11-2024,AS Roma,Bologna,,2-3,3.30,FT,X,away
09-11-2024,Nice,Lille,,2-2,3.25,FT,X,draw
09-11-2024,Mallorca,Atl. Madrid,,0-1,1.30,DC,X2,away
09-11-2024,Le Havre,Reims,,0-3,2.25,FT,2,away
09-11-2024,Montpellier,Brest,,3-1,1.30,DC,12,home
09-11-2024,Rennes,Toulouse,,0-2,2.15,FT,1,away
09-11-2024,Chelsea,Arsenal,,1-1,3.40,FT,X,draw
09-11-2024,Leganes,Sevilla,,1-0,3.00,FT,X,home
09-11-2024,Heidenheim,Wolfsburg,,1-3,3.30,FT,X,away
09-11-2024,Benfica,FC Porto,,4-1,1.30,DC,1X,home
02-11-2024,Ipswich,Leicester,,1-1,2.25,FT,1,draw
02-11-2024,Nottingham,West Ham,,3-0,2.15,FT,X,home
02-11-2024,Southampton,Everton,,1-0,2.65,FT,2,home
02-11-2024,Cardiff,Norwich,,2-1,2.60,FT,2,home
02-11-2024,Preston,Bristol City,,1-3,3.10,FT,X,away
02-11-2024,QPR,Sunderland,,0-0,2.05,FT,2,draw
02-11-2024,Sheffield Wed,Watford,,2-6,1.95,FT,1,away
02-11-2024,Wolverhampton,Crystal Palace,,2-2,1.30,DC,12,draw
02-11-2024,Dortmund,RB Leipzig,,2-1,1.25,DC,12,home
02-11-2024,Brest,Nice,,0-1,3.20,FT,X,away
02-11-2024,St Etienne,Strasbourg,,2-0,1.95,FT,2,home
02-11-2024,Tottenham,Aston Villa,,4-1,1.95,FT,1,home
02-11-2024,Toulouse,Reims,,1-0,3.50,FT,2,home
02-11-2024,Millwall,Burnley,,1-0,1.40,DC,X2,home
02-11-2024,Auxerre,Rennes,,4-0,2.05,FT,2,home
02-11-2024,Le Havre,Montpellier,,1-0,1.30,DC,12,home
02-11-2024,Manchester Utd,Chelsea,,1-1,1.25,DC,12,draw
02-11-2024,B. Monchengladbach,Werder Bremen,,4-1,2.05,FT,1,home
02-11-2024,Sevilla,Real Sociedad,,0-2,1.35,DC,12,away
02-11-2024,Nantes,Olympique Marseille,,1-2,2.05,FT,2,away
26-10-2024,Aston Villa,Bournemouth,,1-1,1.90,FT,1,draw
26-10-2024,Ross County,Kilmarnock,,2-1,2.20,FT,2,home
26-10-2024,Fortuna S.,Groningen,,1-0,2.20,FT,1,home
26-10-2024,Angers,St Etienne,,4-2,1.50,DC,X2,home
26-10-2024,Bologna,AC Milan,,Postp,1.30,DC,X2,postponed
26-10-2024,Everton,Fulham,,1-1,1.45,DC,X2,draw
26-10-2024,Reims,Brest,,1-2,2.15,FT,1,away
26-10-2024,Lens,Lille,,0-2,1.30,DC,12,away
26-10-2024,Parma,Empoli,,1-1,2.20,FT,1,draw
26-10-2024,Hibernian,Hearts,,1-1,2.25,FT,1,draw
26-10-2024,Magdeburg,Hannover,,0-3,1.25,DC,12,away
26-10-2024,West Ham,Manchester Utd,,2-1,2.30,FT,2,home
26-10-2024,Monza,Venezia,,2-2,2.15,FT,1,draw
26-10-2024,Montpellier,Toulouse,,0-3,3.10,FT,1,away
26-10-2024,Nice,Monaco,,2-1,2.20,FT,2,home
26-10-2024,Strasbourg,Nantes,,3-1,1.85,FT,1,home
26-10-2024,Arsenal,Liverpool,,2-2,3.40,FT,X,draw
26-10-2024,Heidenheim,Hoffenheim,,0-0,2.95,FT,2,draw
26-10-2024,Fiorentina,AS Roma,,5-1,3.25,FT,X,home
26-10-2024,Olympigue Marseille,PSG,,0-3,1.25,DC,12,away
19-10-2024,Fulham,Aston Villa,,1-3,1.40,DC,1X,away
19-10-2024,Ipswich,Everton,,0-2,1.40,DC,1X,away
19-10-2024,Newcastle,Brighton,,0-1,1.95,FT,1,away
19-10-2024,Southampton,Leicester,,2-3,2.30,FT,1,away
19-10-2024,Blackburn,Swansea,,1-0,2.05,FT,1,home
19-10-2024,Millwall,Derby,,1-1,2.00,FT,1,draw
19-10-2024,Sheffield Wed,Burnley,,0-2,2.60,FT,2,away
19-10-2024,Stoke,Norwich,,1-1,2.60,FT,2,draw
19-10-2024,Osasuna,Betis,,1-2,3.25,FT,X,away
19-10-2024,Girona,Sociedad,,0-1,3.25,FT,X,away
19-10-2024,Juventus,Lazio,,1-0,1.25,DC,1X,home
19-10-2024,Mallorca,Rayo Vallecano,,1-0,1.25,DC,1X,home
19-10-2024,Hammarby TFF,Djurgarden,,2-0,3.30,FT,X,home
19-10-2024,Kalmar,Mjallby,,0-3,2.90,FT,1,away
19-10-2024,Lecce,Fiorentina,,0-6,1.35,DC,X2,away
19-10-2024,Holstein Kiel,Union Berlin,,0-2,2.15,FT,2,away
19-10-2024,Hull,Sunderland,,0-1,3.45,FT,X,away
19-10-2024,GAIS,Varnamo,,0-0,2.10,FT,1,draw
19-10-2024,Wolfsburg,Werder,,2-4,2.05,FT,1,away
19-10-2024,Cagliari,Torino,,3-2,2.60,FT,2,home
12-10-2024,Crawley,Shrewsbury,,3-5,3.40,FT,X,away
12-10-2024,Peterborough,Rotherham,,3-3,3.50,FT,X,draw
12-10-2024,Cheltenham,Swindon,,2-3,3.30,FT,X,away
12-10-2024,Milton Keynes Dons,Port Vale,,0-1,1.30,DC,12,away
12-10-2024,Salford,Grimsby,,1-2,1.30,DC,12,away
12-10-2024,Tranmere,Bradford City,,0-2,3.20,FT,X,away
12-10-2024,Cartagena,Ferrol,,0-1,2.85,FT,X,away
12-10-2024,Serbia,Switzerland,,2-0,1.50,DC,X2,home
12-10-2024,Belarus,Northern Ireland,,0-0,1.20,DC,X2,draw
12-10-2024,Huesca,Albacete,,2-2,2.40,FT,1,draw
12-10-2024,Santander,Levante,,1-0,2.00,FT,1,home
12-10-2024,Oviedo,Almeria,,3-2,1.35,DC,1X,home
12-10-2024,Academico Viseu,Maritimo,,0-2,3.10,FT,X,away
12-10-2024,Malta,Moldova,,1-0,2.90,FT,X,home
12-10-2024,Armenia,North Macedonia,,0-2,3.20,FT,X,away
12-10-2024,Burgos CF,Mirandes,,0-1,2.00,FT,1,away
12-10-2024,Granada CF,Cordoba,,1-0,1.95,FT,1,home
12-10-2024,Ferreira,Torreense,,1-0,2.05,FT,1,home
12-10-2024,Austria,Norway,,5-1,2.00,FT,1,home
12-10-2024,Elche,La Coruna,,0-0,2.40,FT,1,draw
05-10-2024,Brentford,Wolverhampton,,5-3,2.10,FT,1,home
05-10-2024,Leicester,Bournemouth,,1-0,1.35,DC,X2,home
05-10-2024,Getafe,Osasuna,,1-1,1.25,DC,1X,draw
05-10-2024,St Etienne,Auxerre,,3-1,3.40,FT,X,home
05-10-2024,Everton,Newcastle,,0-0,2.20,FT,2,draw
05-10-2024,St. Pauli,Mainz,,0-3,2.40,FT,1,away
05-10-2024,Las Palmas,Celta Vigo,,0-1,2.25,FT,2,away
05-10-2024,Valladolid,Rayo Vallecano,,1-2,3.00,FT,X,away
05-10-2024,Rennes,Monaco,,1-2,1.45,DC,X2,away
05-10-2024,Girona,Ath Bilbao,,2-1,1.55,DC,X2,home
05-10-2024,Aston Villa,Manchester Utd,,0-0,2.25,FT,1,draw
05-10-2024,Basel,Young Boys,,1-0,2.80,FT,2,home
05-10-2024,Reims,Montpellier,,4-2,1.80,FT,1,home
05-10-2024,Strasbourg,Lens,,2-2,3.40,FT,X,draw
05-10-2024,Sturm Graz,Salzburg,,5-0,2.80,FT,1,home
05-10-2024,Brighton,Tottenham,,3-2,2.20,FT,2,home
05-10-2024,Monza,AS Roma,,1-1,1.95,FT,2,draw
05-10-2024,Sevilla,Betis,,1-0,3.20,FT,X,home
05-10-2024,Fiorentina,AC Milan,,2-1,2.20,FT,2,home
05-10-2024,Sociedad,Atl. Madrid,,1-1,1.30,DC,X2,draw
28-09-2024,Derby,Norwich,,2-3,2.45,FT,2,away
28-09-2024,Sheffield Wed,WBA,,3-2,2.35,FT,2,home
28-09-2024,Getafe,Alaves,,2-0,2.80,FT,X,home
28-09-2024,Wolfsburg,Stuttgart,,2-2,2.15,FT,2,draw
28-09-2024,Brentford,West Ham,,1-1,1.35,DC,1X,draw
28-09-2024,Everton,Crystal Palace,,2-1,1.50,DC,1X,home
28-09-2024,Nottingham,Fulham,,0-1,3.30,FT,X,away
28-09-2024,Watford,Sunderland,,2-1,2.40,FT,2,home
28-09-2024,Lens,Nice,,0-0,1.25,DC,1X,draw
28-09-2024,Groningen,G.A. Eagles,,0-1,2.10,FT,1,away
28-09-2024,Como,Verona,,3-2,2.15,FT,1,home
28-09-2024,Toulouse,Olympique Lyon,,1-2,1.50,DC,X2,away
28-09-2024,Swansea,Bristol City,,1-1,2.35,FT,1,draw
28-09-2024,Angers,Reims,,1-3,1.30,DC,X2,away
28-09-2024,Manchester Utd,Tottenham,,0-3,3.85,FT,X,away
28-09-2024,Hoffenheim,Werder Bremen,,3-4,2.30,FT,1,away
28-09-2024,Bologna,Atalanta,,1-1,2.90,FT,1,draw
28-09-2024,Torino,Lazio,,2-3,3.15,FT,X,away
28-09-2024,Empoli,Fiorentina,,0-0,3.30,FT,X,draw
28-09-2024,Atl. Madrid,Real Madrid,,1-1,2.45,FT,2,draw
20-09-2024,Augsburg,Mainz,,2-3,2.50,FT,1,away
20-09-2024,Verona,Torino,,2-3,3.10,FT,X,away
20-09-2024,Alaves,Sevilla,,2-1,1.25,DC,1X,home
20-09-2024,West Ham,Chelsea,,0-3,2.05,FT,2,away
20-09-2024,Valladolid,Real Sociedad,,0-0,1.25,DC,X2,draw
20-09-2024,Venezia,Genoa,,2-0,3.20,FT,X,home
20-09-2024,Heidenheim,Freiburg,,0-3,3.45,FT,X,away
20-09-2024,Union Berlin,Hoffenheim,,2-1,2.10,FT,1,home
20-09-2024,Fulham,Newcastle,,3-1,2.85,FT,1,home
20-09-2024,Leicester,Everton,,1-1,2.70,FT,2,draw
20-09-2024,Southampton,Ipswich,,1-1,3.10,FT,2,draw
20-09-2024,Juventus,Napoli,,0-0,1.30,DC,1X,draw
20-09-2024,Crystal Palace,Manchester Utd,,0-0,1.45,DC,X2,draw
20-09-2024,Valencia,Girona,,2-0,2.80,FT,1,home
20-09-2024,Rennes,Lens,,1-1,3.30,FT,X,draw
20-09-2024,Lecce,Parma,,2-2,1.30,DC,1X,draw
20-09-2024,Fiorentina,Lazio,,2-1,2.30,FT,1,home
20-09-2024,Monza,Bologna,,1-2,3.10,FT,X,away
20-09-2024,Stuttgart,Dortmund,,5-1,2.30,FT,1,home
20-09-2024,Olympique Lyon,Olympique Marseille,,2-3,2.20,FT,2,away
14-09-2024,Fulham,West Ham,,1-1,2.80,FT,1,draw
14-09-2024,Blackburn,Bristol City,,3-0,2.10,FT,1,home
14-09-2024,Derby,Cardiff,,1-0,2.30,FT,1,home
14-09-2024,Sheffield Wed,QPR,,1-1,3.10,FT,2,draw
14-09-2024,Swansea,Norwich,,1-0,1.60,DC,X2,home
14-09-2024,Watford,Coventry,,1-1,2.50,FT,1,draw
14-09-2024,Sivasspor,Gaziantep,,3-2,2.10,FT,1,home
14-09-2024,Espanyol,Alaves,,3-2,3.00,FT,X,home
14-09-2024,Sevilla,Getafe,,1-0,1.30,DC,1X,home
14-09-2024,Bodrumspor,Basaksehir,,0-1,1.35,DC,X2,away
14-09-2024,Bournemouth,Chelsea,,0-1,2.00,FT,2,away
14-09-2024,Genoa,AS Roma,,1-1,1.30,DC,X2,draw
14-09-2024,Tottenham,Arsenal,,0-1,3.60,FT,X,away
14-09-2024,Augsburg,St. Pauli,,3-1,2.10,FT,1,home
14-09-2024,Portsmouth,WBA,,0-3,1.90,FT,2,away
14-09-2024,Nantes,Reims,,1-2,2.35,FT,1,away
14-09-2024,Wolverhampton,Newcastle,,1-2,2.10,FT,2,away
14-09-2024,Mainz,Werder Bremen,,1-2,1.30,DC,1X,away
14-09-2024,Cagliari,Napoli,,0-4,1.80,FT,2,away
14-09-2024,Las Palmas,Ath Bilbao,,2-3,1.25,DC,X2,away
07-09-2024,Charlton,Rotherham,,1-1,2.25,FT,1,draw
07-09-2024,Cheltenham,Harrogate,,1-0,1.95,FT,1,home
07-09-2024,Colchester,Bromley,,1-1,3.20,FT,2,draw
07-09-2024,Milton Keynes Dons,Walsall,,1-0,1.60,DC,X2,home
07-09-2024,Newport,Port Vale,,1-4,2.15,FT,2,away
07-09-2024,Granada,La Coruna,,1-1,1.30,DC,1X,draw
07-09-2024,Georgia,Czech Republic,,4-1,3.40,FT,X,home
07-09-2024,Gijon,Oviedo,,3-1,1.25,DC,1X,home
07-09-2024,Huesca,Burgos,,0-1,1.30,DC,1X,away
07-09-2024,Cordoba,Malaga,,0-0,3.15,FT,X,draw
07-09-2024,Ituano,Mirassol,,3-2,3.05,FT,X,home
07-09-2024,Avai,Sport Recife,,0-2,1.30,DC,1X,away
07-09-2024,Boca Juniors,Talleres,,1-1,2.75,FT,2,draw
07-09-2024,New England,St. Louis City,,2-2,3.60,FT,X,draw
07-09-2024,Houston,Los Angeles,,0-0,2.10,FT,1,draw
07-09-2024,Chicago,DC United,,1-2,3.30,FT,2,away
07-09-2024,Vancouver,Dallas,,0-0,2.00,FT,1,draw
07-09-2024,Cartagena,Levante,,0-1,2.30,FT,2,away
07-09-2024,Eldense,Almeria,,1-0,2.30,FT,2,home
07-09-2024,Zaragoza,Elche,,3-0,3.00,FT,X,home
31-08-2024,Everton,Bournemouth,,2-3,2.50,FT,2,away
31-08-2024,Ipswich,Fulham,,1-1,2.30,FT,2,draw
31-08-2024,Derby,Bristol City,,3-0,2.40,FT,2,home
31-08-2024,Millwall,Sheffield Wed,,3-0,2.40,FT,1,home
31-08-2024,Oxford Utd,Preston,,3-1,1.30,DC,12,home
31-08-2024,Plymouth,Stoke,,0-1,2.15,FT,2,away
31-08-2024,Portsmouth,Sunderland,,1-3,2.00,FT,2,away
31-08-2024,Lecce,Cagliari,,1-0,3.20,FT,X,home
31-08-2024,Ath Bilbao,Atl. Madrid,,0-1,1.40,DC,X2,away
31-08-2024,Espanyol,Rayo Vallecano,,2-1,3.00,FT,X,home
31-08-2024,Lazio,AC Milan,,2-2,1.40,DC,X2,draw
31-08-2024,Leganes,Mallorca,,0-1,2.85,FT,X,away
31-08-2024,Valencia,Villarreal,,1-1,3.40,FT,X,draw
31-08-2024,Newcastle,Tottenham,,2-1,2.50,FT,2,home
31-08-2024,Heidenheim,Augsburg,,4-0,2.45,FT,1,home
31-08-2024,Osasuna,Celta Vigo,,3-2,3.10,FT,2,home
31-08-2024,Genoa,Verona,,0-2,1.25,DC,1X,away
31-08-2024,Sevilla,Girona,,0-2,2.35,FT,1,away
31-08-2024,Getafe,Real Sociedad,,0-0,1.25,DC,X2,draw
31-08-2024,Juventus,AS Roma,,0-0,1.75,FT,1,draw
24-08-2024,Crystal Palace,West Ham,,0-2,1.35,DC,1X,away
24-08-2024,Southampton,Nottingham,,0-1,1.50,DC,X2,away
24-08-2024,Norwich,Sheffield Utd,,1-1,1.45,DC,X2,draw
24-08-2024,Preston,Luton,,1-0,2.15,FT,2,home
24-08-2024,Stoke,WBA,,1-2,2.85,FT,2,away
24-08-2024,Sunderland,Burnley,,1-0,2.90,FT,1,home
24-08-2024,Osasuna,Mallorca,,1-0,3.00,FT,X,home
24-08-2024,Olympique Lyon,Monaco,,0-2,2.70,FT,2,away
24-08-2024,Udinese,Lazio,,2-1,1.35,DC,X2,home
24-08-2024,Monza,Genoa,,0-1,1.50,DC,X2,away
24-08-2024,St Etienne,Le Havre,,0-2,2.05,FT,1,away
24-08-2024,Espanyol,Sociedad,,0-1,2.10,FT,2,away
24-08-2024,Getafe,Rayo Vallecano,,0-0,2.95,FT,X,draw
24-08-2024,Bournemouth,Newcastle,,1-1,2.20,FT,2,draw
24-08-2024,Nantes,Auxerre,,2-0,3.40,FT,X,home
24-08-2024,Strasbourg,Rennes,,3-1,2.20,FT,2,home
24-08-2024,St. Pauli,Heidenheim,,0-2,2.10,FT,1,away
24-08-2024,Torino,Atalanta,,2-1,2.40,FT,2,home
24-08-2024,Leganes,Las Palmas,,2-1,3.00,FT,X,home
24-08-2024,Alaves,Betis,,0-0,3.10,FT,X,draw
17-08-2024,Everton,Brighton,,0-3,2.65,FT,2,away
17-08-2024,Nottingham,Bournemouth,,1-1,2.40,FT,1,draw
17-08-2024,Bristol City,Millwall,,4-3,1.25,DC,1X,home
17-08-2024,Norwich,Blackburn,,2-2,3.50,FT,2,draw
17-08-2024,Plymouth,Hull,,1-1,2.30,FT,2,draw
17-08-2024,Watford,Stoke,,3-0,1.45,DC,X2,home
17-08-2024,Brest,Olympique Marseille,,1-5,2.40,FT,2,away
17-08-2024,West Ham,Aston Villa,,1-2,2.60,FT,2,away
17-08-2024,Parma,Fiorentina,,1-1,2.20,FT,2,draw
17-08-2024,Reims,Lille,,0-2,2.20,FT,2,away
17-08-2024,Sunderland,Sheffield Wed,,4-0,2.10,FT,1,home
17-08-2024,Brentford,Crystal Palace,,2-1,3.40,FT,X,home
17-08-2024,Auxerre,Nice,,2-1,1.35,DC,X2,home
17-08-2024,Montpellier,Strasbourg,,1-1,2.05,FT,1,draw
17-08-2024,Toulouse,Nantes,,0-0,1.25,DC,1X,draw
17-08-2024,Chelsea,Manchester City,,0-2,1.85,FT,2,away
17-08-2024,Bologna,Udinese,,1-1,1.20,DC,1X,draw
17-08-2024,Verona,Napoli,,3-0,1.75,FT,2,home
17-08-2024,Cagliari,AS Roma,,0-0,1.95,FT,2,draw
17-08-2024,Rennes,Olympique Lyon,,3-0,2.95,FT,2,home
10-08-2024,Ross County,Dundee Utd,,1-1,1.50,DC,X2,draw
10-08-2024,AVS,Nacional,,1-1,1.30,DC,1X,draw
10-08-2024,WSG Tirol,GAK,,0-0,2.65,FT,2,draw
10-08-2024,Teplice,Liberec,,2-1,3.20,FT,X,home
10-08-2024,Goteborg,Varnamo,,0-0,1.30,DC,1X,draw
10-08-2024,Sion,Winterthur,,2-0,1.85,FT,1,home
10-08-2024,Dundee FC,Hearts,,3-1,3.50,FT,X,home
10-08-2024,NEC,Twente,,1-2,1.95,FT,2,away
10-08-2024,Casa Pia,Boavista,,0-1,1.25,DC,1X,away
10-08-2024,Go Head,Fortuna S.,,0-2,2.00,FT,1,away
10-08-2024,Pardubice,Slovacko,,0-1,2.30,FT,2,away
10-08-2024,Brondby,Aarhus,,0-1,3.60,FT,X,away
10-08-2024,AIK,Mjallby,,1-0,1.85,FT,1,home
10-08-2024,Haka,KuPS,,2-2,1.90,FT,2,draw
10-08-2024,Estoril,Santa Clara,,1-4,1.30,DC,1X,away
10-08-2024,Austria Vienna,Wolfsberger,,3-1,3.50,FT,X,home
10-08-2024,Farense,Moreirense,,1-2,2.50,FT,2,away
10-08-2024,Sivasspor,Trabzonspor,,0-0,2.00,FT,2,draw
10-08-2024,Kasimpasa,Konyaspor,,2-3,3.45,FT,X,away
10-08-2024,Flamengo RJ,Palmeiras,,1-1,1.95,FT,1,draw
03-08-2024,Motherwell,Ross County,,0-0,1.90,FT,1,draw
03-08-2024,Hartberg,LASK,,1-2,3.30,FT,X,away
03-08-2024,Grasshoppers,Basel,,0-3,2.50,FT,1,away
03-08-2024,Lugano,Servette,,3-1,2.70,FT,1,home
03-08-2024,Leuven,Genk,,3-1,1.25,DC,12,home
03-08-2024,Luzern,Sion,,1-0,1.25,DC,12,home
03-08-2024,St. Truiden,Charleroi,,1-4,2.80,FT,2,away
03-08-2024,Sporting,Porto,,3-3,3.30,FT,X,draw
03-08-2024,Darmstadt,Fortuna Dusseldorf,,0-2,1.40,DC,X2,away
03-08-2024,Ulm,Kaiserslautern,,1-2,1.40,DC,X2,away
03-08-2024,Antwerp,Anderlecht,,1-2,3.40,FT,X,away
03-08-2024,Lausanne,St. Gallen,,3-4,2.60,FT,2,away
03-08-2024,Dundee Utd,Dundee FC,,2-2,3.30,FT,X,draw
03-08-2024,St. Mirren,Hibernian,,3-0,3.25,FT,X,home
03-08-2024,Young Boys,Zurich,,2-2,2.00,FT,1,draw
03-08-2024,BW Linz,Austria Vienna,,1-0,2.25,FT,2,home
03-08-2024,Rapid,Sturm,,1-0,2.20,FT,2,home
03-08-2024,Fredrikstad,Kfum,,0-0,3.50,FT,X,draw
03-08-2024,Ham Kam,Viking,,3-3,2.15,FT,2,draw
03-08-2024,Kristiansund,Lillestrom,,2-1,1.80,FT,2,home
27-07-2024,Nordsjaelland,Midtjylland,,2-2,2.10,FT,1,draw
27-07-2024,Dynamo Moscow,Lokomotiv Moscow,,3-1,2.10,FT,1,home
27-07-2024,Goteborg,Brommapojkarna,,3-4,1.30,DC,1X,away
27-07-2024,Grasshoppers,Luzern,,2-2,2.35,FT,1,draw
27-07-2024,Sion,Lausanne,,4-0,2.60,FT,2,home
27-07-2024,Fredrikstad,Rosenborg,,2-2,1.30,DC,1X,draw
27-07-2024,Beerschot VA,Leuven,,0-0,2.45,FT,2,draw
27-07-2024,Halmstad,Varnamo,,1-0,1.25,DC,12,home
27-07-2024,Basel,Lugano,,1-2,2.40,FT,1,away
27-07-2024,Randers FC,Viborg,,3-1,2.00,FT,1,home
27-07-2024,Aalborg,Silkeborg,,2-1,2.55,FT,2,home
27-07-2024,St. Gallen,Young Boys,,4-0,2.35,FT,1,home
27-07-2024,Elfsborg,Djurgarden,,1-2,2.70,FT,2,away
27-07-2024,Hammarby,Mjallby,,3-0,2.15,FT,1,home
27-07-2024,Odd Grenland,Stromsgodset,,2-0,3.50,FT,X,home
27-07-2024,Sandefjord,Haugesund,,4-3,3.60,FT,X,home
27-07-2024,Ruzomberok,Banska Bystrica,,1-1,3.30,FT,X,draw
27-07-2024,Charleroi,Antwerp,,0-1,2.15,FT,2,away
27-07-2024,Westerlo,Cercle Brugge KSV,,3-0,1.35,DC,X2,home
27-07-2024,Viking,Molde,,1-0,2.50,FT,1,home
20-07-2024,Egersund,Bryne,,0-2,2.60,FT,2,away
20-07-2024,Moss,Kongsvinger,,1-0,2.40,FT,1,home
20-07-2024,Ranheim,Sogndal,,3-0,2.00,FT,1,home
20-07-2024,Raufoss,Stabaek,,0-0,1.95,FT,2,draw
20-07-2024,Orebro,Orgryte,,0-0,1.95,FT,1,draw
20-07-2024,Brommapojkarna,Hammarby TFF,,0-2,2.40,FT,1,away
20-07-2024,Yverdon,Zurich,,0-2,1.25,DC,X2,away
20-07-2024,Bellinzona,Wil,,2-1,1.30,DC,X2,home
20-07-2024,Club Brugge,St.Gilloise,,1-2,2.10,FT,1,away
20-07-2024,Ostersund,Degerfors,,2-1,3.30,FT,X,home
20-07-2024,Norrkoping,Halmstad,,1-0,1.85,FT,1,home
20-07-2024,Stromsgodset,Tromso,,0-1,2.00,FT,1,away
20-07-2024,Horsens,Fredericia,,1-3,1.95,FT,1,away
20-07-2024,Vejle Kolding,Randers,,2-3,1.40,DC,X2,away
20-07-2024,Lausanne,Basel,,3-2,1.35,DC,1X,home
20-07-2024,Luzern,Servette,,1-2,2.10,FT,2,away
20-07-2024,HamKam,Fredrikstad,,0-1,3.25,FT,X,away
20-07-2024,Haugesund,Viking,,1-0,1.95,FT,2,home
20-07-2024,Viborg,Brondby,,3-3,1.95,FT,2,draw
20-07-2024,Rosenborg,Lillestrom,,Abn,2.05,FT,1,abandoned
13-07-2024,Fredrikstad,Molde,,0-0,1.35,DC,X2,draw
13-07-2024,Lillestrom,Stromsgodset,,3-1,2.10,FT,1,home
13-07-2024,Odd Grenland,HamKam,,1-2,2.35,FT,1,away
13-07-2024,Sirius,GAIS,,3-1,1.35,DC,1X,home
13-07-2024,UTA Arad,FC Rapid Bucuresti,,1-1,1.35,DC,X2,draw
13-07-2024,Tromso,KFUM Oslo,,1-2,2.00,FT,1,away
13-07-2024,Club Leon,Pachuca,,0-0,1.45,DC,X2,draw
13-07-2024,CF Montreal,Atlanta Utd,,1-0,2.35,FT,1,home
13-07-2024,New England Revolution,Orlando City,,1-3,2.70,FT,2,away
13-07-2024,Toronto FC,Philadelphia Union,,2-1,2.10,FT,1,home
13-07-2024,Chicago Fire,New York City,,0-0,2.30,FT,1,draw
13-07-2024,FC Dallas,Los Angeles Galaxy,,2-0,2.35,FT,2,home
13-07-2024,Santos Laguna,Pumas Unam,,1-1,2.05,FT,2,draw
13-07-2024,Monterrey,Cruz Azul,,0-4,2.05,FT,1,away
13-07-2024,Nagoya Grampus,Kashiwa Reysol,,2-1,3.10,FT,X,home
13-07-2024,Kyoto Purple Sanga,Urawa Reds,,0-0,1.90,FT,2,draw
13-07-2024,Gnistan,Mariehamn,,Postp,3.50,FT,X,postponed
13-07-2024,Hacken,Elfsborg,,3-5,2.00,FT,1,away
13-07-2024,Kalmar,Brommapojkarna,,0-1,2.50,FT,1,away
13-07-2024,Lahti,AC Oulu,,1-2,3.30,FT,X,away
06-07-2024,Mjallby,Sirius,,3-2,2.10,FT,1,home
06-07-2024,KR Reykjavik,Stjarnan,,1-1,2.15,FT,1,draw
06-07-2024,England,Switzerland,,1-1,2.20,FT,1,draw
06-07-2024,Guadalajara Chivas,Toluca,,0-0,3.30,FT,X,draw
06-07-2024,Avispa Fukuoka,Kyoto,,1-2,2.10,FT,1,away
06-07-2024,Ehime,Kusatsu,,0-4,2.00,FT,1,away
06-07-2024,Daejeon,Jeonbuk,,2-2,2.70,FT,1,draw
06-07-2024,Gangwon,Gwangju FC,,2-0,2.70,FT,1,home
06-07-2024,Varnamo,Goteborg,,2-0,2.75,FT,1,home
06-07-2024,Fenix,River Plate,,1-0,1.25,DC,1X,home
06-07-2024,GAIS,Hammarby,,0-0,1.25,DC,12,draw
06-07-2024,Haugesund,Sarpsborg 08,,1-2,2.10,FT,1,away
06-07-2024,KFUM Oslo,Viking,,1-2,2.25,FT,2,away
06-07-2024,Mariehamn,Haka,,0-3,2.35,FT,1,away
06-07-2024,Progreso,Racing Montevideo,,3-2,3.10,FT,X,home
06-07-2024,Botafogo RJ,Atletico-MG,,3-0,1.25,DC,1X,home
06-07-2024,Juventude,Gremio,,3-0,2.30,FT,1,home
06-07-2024,Atletico GO,Athletico-PR,,1-2,2.30,FT,1,away
06-07-2024,Vitoria,Criciuma,,2-1,1.25,DC,1X,home
06-07-2024,Pachuca,Monterrey,,0-1,2.20,FT,1,away
29-06-2024,Degerfors,Sandviken,,4-1,1.90,FT,1,home
29-06-2024,Sundsvall,Orebro,,1-3,1.45,DC,X2,away
29-06-2024,Utsikten,Oddevold,,2-3,1.30,DC,1X,away
29-06-2024,Switzerland,Italy,,2-0,1.30,DC,X2,home
29-06-2024,Botafogo SP,Sport Recife,,1-1,2.90,FT,X,draw
29-06-2024,Cuiaba,Bragantino,,1-1,3.00,FT,X,draw
29-06-2024,Vasco da Gama,Botafogo,,1-1,2.40,FT,2,draw
29-06-2024,Montreal,Philadelphia,,4-2,2.45,FT,1,home
29-06-2024,New England,Columbus,,1-5,2.10,FT,2,away
29-06-2024,Birmingham Legion,Louisville,,1-4,2.15,FT,2,away
29-06-2024,Canada,Chile,,0-0,3.20,FT,X,draw
29-06-2024,Dallas,Cincinnati,,0-1,2.50,FT,1,away
29-06-2024,Nashville,Inter Miami,,1-2,1.90,FT,1,away
29-06-2024,San Antonio,New Mexico,,2-3,2.10,FT,1,away
29-06-2024,Portland,Minnesota,,3-2,1.85,FT,1,home
29-06-2024,San Jose,Los Angeles Galaxy,,0-3,2.40,FT,2,away
29-06-2024,Las Vegas Lights,Pittsburgh,,2-0,2.30,FT,1,home
29-06-2024,Trelleborg,Oster,,1-4,1.85,FT,2,away
29-06-2024,Jamaica,Venezuela,,0-3,1.20,DC,X2,away
29-06-2024,Mexico,Ecuador,,0-0,3.00,FT,X,draw
22-06-2024,Sogndal,Kongsvinger,,2-0,2.60,FT,1,home
22-06-2024,Cuiaba,Atletico GO,,0-0,3.00,FT,X,draw
22-06-2024,Gremio,Internacional,,0-1,3.00,FT,X,away
22-06-2024,DC United,Houston Dynamo,,1-4,3.40,FT,X,away
22-06-2024,Vasco da Gama,Sao Paulo,,4-1,2.25,FT,2,home
22-06-2024,Nashville SC,New York City,,1-0,1.35,DC,1X,home
22-06-2024,St. Louis City,Atlanta Utd,,1-1,1.85,FT,1,draw
22-06-2024,Portland,Vancouver,,2-0,1.40,DC,1X,home
22-06-2024,Sapporo,Yokohama F. Marinos,,0-1,1.30,DC,X2,away
22-06-2024,Tokushima,Mito Hollyhock,,1-0,3.00,FT,X,home
22-06-2024,Oddevold,Degerfors,,1-1,2.20,FT,2,draw
22-06-2024,Ostersund,Utsikten,,1-0,3.30,FT,X,home
22-06-2024,Aalesund,Ranheim,,0-3,2.25,FT,1,away
22-06-2024,Asane,Moss,,1-4,1.25,DC,12,away
22-06-2024,Mjondalen,Egersund,,0-3,3.80,FT,X,away
22-06-2024,Raufoss,Start,,2-1,2.00,FT,1,home
22-06-2024,Skovde,Sandviken,,0-2,2.00,FT,2,away
22-06-2024,Espanyol,Oviedo,,2-0,1.95,FT,1,home
22-06-2024,Bahia,Cruzeiro,,4-1,1.95,FT,1,home
22-06-2024,Scotland,Hungary,,0-1,2.60,FT,1,away
15-06-2024,Gefle,Landskrona,,1-2,2.05,FT,2,away
15-06-2024,Hungary,Switzerland,,1-3,2.25,FT,2,away
15-06-2024,Atlanta Utd,Houston,,2-2,1.25,DC,12,draw
15-06-2024,Montreal,Salt Lake,,0-0,2.00,FT,2,draw
15-06-2024,Charlotte,DC United,,1-0,2.00,FT,1,home
15-06-2024,New England,Vancouver,,3-2,3.40,FT,X,home
15-06-2024,Orlando City,Los Angeles,,1-3,1.50,DC,X2,away
15-06-2024,Dallas,St. Louis City,,2-0,2.85,FT,2,home
15-06-2024,San Jose,Cincinnati,,2-4,2.70,FT,1,away
15-06-2024,Mito Hollyhock,Blaublitz,,1-0,2.90,FT,X,home
15-06-2024,Tokyo,Jubilo Iwata,,1-1,2.00,FT,1,draw
15-06-2024,Gamba Osaka,Kashiwa Reysol,,2-1,1.35,DC,1X,home
15-06-2024,Nagoya GE,Bellmare S.,,1-1,1.30,DC,1X,draw
15-06-2024,Kumamoto,Okayama,,0-1,3.15,FT,X,away
15-06-2024,Vegalta Sendai,V-Varen Nagasaki,,2-2,2.45,FT,2,draw
15-06-2024,Kusatsu,Yamaguchi,,0-1,1.95,FT,2,away
15-06-2024,Daegu,Jeju Utd,,1-0,2.15,FT,1,home
15-06-2024,Egersund,Valerenga,,1-1,2.00,FT,2,draw
15-06-2024,Moss,Bryne,,1-0,2.35,FT,1,home
15-06-2024,Sandviken,Oddevold,,2-0,2.00,FT,1,home
08-06-2024,E.I.F.,Gnistan,,1-0,2.00,FT,2,home
08-06-2024,Sweden,Serbia,,0-3,2.60,FT,2,away
08-06-2024,Switzerland,Austria,,1-1,3.10,FT,X,draw
08-06-2024,Moldova,Cyprus,,3-2,2.05,FT,1,home
08-06-2024,Oviedo,Eibar,,0-0,1.30,DC,1X,draw
08-06-2024,Denmark,Norway,,3-1,2.10,FT,1,home
08-06-2024,Guarani,Operario PR,,0-1,2.35,FT,1,away
08-06-2024,USA,Colombia,,1-5,2.55,FT,1,away
08-06-2024,New England,New York,,1-0,2.25,FT,2,home
08-06-2024,Minnesota,Dallas,,1-1,1.95,FT,1,draw
08-06-2024,Kansas City,Seattle,,2-1,2.40,FT,2,home
08-06-2024,Bucaramanga,Santa Fe,,1-0,2.30,FT,1,home
08-06-2024,Montedio Yamagata,Oita Trinita,,0-0,1.35,DC,1X,draw
08-06-2024,Aalesund,Kongsvinger,,4-4,1.90,FT,2,draw
08-06-2024,Mjondalen,Ranheim,,3-3,2.30,FT,1,draw
08-06-2024,Sogndal,Egersund,,2-2,2.00,FT,1,draw
08-06-2024,Start,Lyn,,1-4,1.45,DC,1X,away
08-06-2024,Slovakia,Wales,,4-0,1.95,FT,1,home
08-06-2024,Gijon,Espanyol,,0-1,3.00,FT,X,away
08-06-2024,Criciuma,Cuiaba,,2-5,2.00,FT,1,away
02-06-2024,Belgrano,Argentinos Jrs,,1-0,2.95,FT,X,home
02-06-2024,Iwaki,Vegalta Sendai,,1-2,3.20,FT,X,away
02-06-2024,Tokyo Verdy,Sapporo,,5-3,2.30,FT,1,home
02-06-2024,Kagoshima Utd,Blaublitz,,0-0,2.95,FT,X,draw
02-06-2024,Mito Hollyhock,V-Varen Nagasaki,,2-3,2.20,FT,2,away
02-06-2024,Yamaguchi,Shimizu SP,,2-0,1.25,DC,X2,home
02-06-2024,Kusatsu,Montedio Yamagata,,0-0,1.95,FT,2,draw
02-06-2024,Kawasaki F.,Nagoya GE,,2-1,3.45,FT,X,home
02-06-2024,Tochigi,Kumamoto,,1-3,3.15,FT,X,away
02-06-2024,Fredericia,Hobro,,0-1,2.05,FT,1,away
02-06-2024,Alcorcon,Burgos,,1-0,2.60,FT,2,home
02-06-2024,Eibar,Oviedo,,4-2,1.25,DC,1X,home
02-06-2024,Andorra FC,Ferrol,,1-0,3.30,FT,X,home
02-06-2024,Huesca,Levante,,0-0,3.15,FT,X,draw
02-06-2024,Mirandes,Amorebieta,,1-0,1.25,DC,1X,home
02-06-2024,Tenerife,Valladolid,,2-1,2.80,FT,2,home
02-06-2024,Zaragoza,Albacete,,1-1,1.25,DC,1X,draw
02-06-2024,Platense,Boca Juniors,,1-0,2.15,FT,2,home
02-06-2024,Rosario,Lanus,,1-1,3.00,FT,X,draw
02-06-2024,Instituto,Gimnasia LP,,2-1,3.10,FT,X,home
23-05-2024,Sociedad,Atl. Madrid,,0-2,3.40,FT,X,away
23-05-2024,Almeria,Cadiz,,6-1,2.05,FT,1,home
23-05-2024,Leuven,Westerlo,,1-2,2.00,FT,1,away
23-05-2024,Getafe,Mallorca,,1-2,3.20,FT,X,away
23-05-2024,Atalanta,Torino,,3-0,2.10,FT,2,home
23-05-2024,Cagliari,Fiorentina,,2-3,1.85,FT,2,away
23-05-2024,Empoli,Roma,,2-1,2.00,FT,1,home
23-05-2024,Frosinone,Udinese,,0-1,1.35,DC,12,away
23-05-2024,Genoa,Bologna,,2-0,2.15,FT,2,home
23-05-2024,Las Palmas,Alaves,,1-1,1.50,DC,X2,draw
23-05-2024,Porto,Sporting,,1-1,1.35,DC,X2,draw
23-05-2024,Cartagena,Huesca,,0-2,2.10,FT,2,away
23-05-2024,Ferrol,Leganes,,2-2,2.60,FT,2,draw
23-05-2024,Gijon,Eibar,,1-0,2.50,FT,2,home
23-05-2024,Antwerp,Anderlecht,,3-1,1.75,FT,2,home
23-05-2024,Demirspor,Basaksehir,,2-6,1.80,FT,2,away
23-05-2024,Kasimpasa,Besiktas,,2-1,1.25,DC,12,home
23-05-2024,Pendikspor,Gaziantep,,0-1,2.20,FT,2,away
23-05-2024,Sivasspor,Kayserispor,,2-1,1.90,FT,1,home
23-05-2024,Sevilla,Barcelona,,1-2,1.80,FT,2,away
18-05-2024,Torino,Milan,,3-1,1.40,DC,X2,home
18-05-2024,Lille,Nice,,2-2,1.65,FT,1,draw
18-05-2024,Lorient,Clermont,,5-0,1.70,FT,1,home
18-05-2024,Reims,Rennes,,2-1,3.50,FT,X,home
18-05-2024,Toulouse,Brest,,0-3,1.85,FT,2,away
18-05-2024,New England,Philadelphia,,0-3,2.40,FT,2,away
18-05-2024,Toronto,Montreal,,5-1,1.85,FT,1,home
18-05-2024,Sassuolo,Cagliari,,0-2,1.35,DC,1X,away
18-05-2024,Crawley Town,Crewe,,2-0,2.05,FT,1,home
18-05-2024,Monza,Frosinone,,0-1,2.35,FT,2,away
18-05-2024,Udinese,Empoli,,1-1,1.25,DC,1X,draw
18-05-2024,Elversberg,Karlsruher,,0-3,1.25,DC,12,away
18-05-2024,Greuther Furth,Schalke,,2-0,2.15,FT,1,home
18-05-2024,Hansa,Paderborn,,1-2,2.25,FT,1,away
18-05-2024,Osnabruck,Hertha,,2-1,2.00,FT,2,home
18-05-2024,Brentford,Newcastle,,2-4,2.20,FT,2,away
18-05-2024,Brighton,Manchester Utd,,0-2,2.10,FT,1,away
18-05-2024,Burnley,Nottingham,,1-2,3.70,FT,X,away
18-05-2024,Crystal Palace,Aston Villa,,5-0,1.85,FT,1,home
18-05-2024,Luton,Fulham,,2-4,2.25,FT,2,away
11-05-2024,Bournemouth,Brentford,,1-2,1.95,FT,1,away
11-05-2024,Wolverhampton,Crystal Palace,,1-3,2.40,FT,2,away
11-05-2024,Villarreal,Sevilla,,3-2,1.85,FT,1,home
11-05-2024,Gijon,Andorra FC,,5-2,2.10,FT,1,home
11-05-2024,Napoli,Bologna,,0-2,3.45,FT,X,away
11-05-2024,Nottingham,Chelsea,,2-3,1.95,FT,2,away
11-05-2024,Valladolid,Espanyol,,0-0,2.10,FT,1,draw
11-05-2024,Levante,Eibar,,2-2,2.50,FT,1,draw
11-05-2024,Norwich,Leeds,,0-0,1.30,DC,X2,draw
11-05-2024,Cadiz,Getafe,,1-0,1.25,DC,1X,home
11-05-2024,Genoa,Sassuolo,,2-1,3.20,FT,2,home
11-05-2024,Verona,Torino,,1-2,1.50,DC,1X,away
11-05-2024,WBA,Southampton,,0-0,2.50,FT,2,draw
11-05-2024,Darmstadt,Hoffenheim,,0-6,1.60,FT,2,away
11-05-2024,Valencia,Rayo Vallecano,,0-0,2.30,FT,1,draw
11-05-2024,Albacete,Leganes,,1-0,2.90,FT,X,home
11-05-2024,Cartagena,Tenerife,,2-0,2.80,FT,X,home
11-05-2024,Atalanta,Roma,,2-1,1.25,DC,1X,home
11-05-2024,Rennes,Lens,,1-1,2.50,FT,1,draw
11-05-2024,Strasbourg,Metz,,2-1,2.20,FT,1,home
04-05-2024,Brentford,Fulham,,0-0,2.10,FT,1,draw
04-05-2024,Brighton,Aston Villa,,1-0,2.30,FT,2,home
04-05-2024,Burnley,Newcastle,,1-4,1.25,DC,12,away
04-05-2024,Huesca,Oviedo,,0-2,2.75,FT,X,away
04-05-2024,Koln,Freiburg,,0-0,2.35,FT,1,draw
04-05-2024,Girona,Barcelona,,4-2,2.40,FT,2,home
04-05-2024,Santander,Elche,,3-1,3.10,FT,X,home
04-05-2024,Metz,Rennes,,2-3,2.05,FT,2,away
04-05-2024,Oxford,Peterborough,,1-0,1.25,DC,12,home
04-05-2024,Mallorca,Atl. Madrid,,0-1,2.10,FT,2,away
04-05-2024,Cagliari,Lecce,,1-1,3.20,FT,X,draw
04-05-2024,Osasuna,Betis,,0-2,2.35,FT,2,away
04-05-2024,Empoli,Frosinone,,0-0,3.30,FT,X,draw
04-05-2024,Verona,Fiorentina,,2-1,1.35,DC,X2,home
04-05-2024,Union Berlin,Bochum,,3-4,1.95,FT,1,away
04-05-2024,Celta,Villarreal,,3-2,1.60,DC,X2,home
04-05-2024,Eintracht Frankfurt,Leverkusen,,1-5,3.50,FT,X,away
04-05-2024,Valencia,Alaves,,0-1,3.00,FT,X,away
04-05-2024,Heidenheim,Mainz,,1-1,2.30,FT,2,draw
04-05-2024,Roma,Juventus,,1-1,3.05,FT,X,draw
27-04-2024,Fulham,Crystal Palace,,1-1,2.05,FT,1,draw
27-04-2024,Wolverhampton,Luton,,2-1,1.30,DC,1X,home
27-04-2024,Blackburn,Coventry,,0-0,1.40,DC,1X,draw
27-04-2024,Cardiff,Middlesbrough,,1-4,2.00,FT,2,away
27-04-2024,Huddersfield,Birmingham,,1-1,1.35,DC,1X,draw
27-04-2024,Sheffield Wed,WBA,,3-0,3.20,FT,X,home
27-04-2024,Watford,Sunderland,,1-0,3.20,FT,X,home
27-04-2024,Almeria,Getafe,,1-3,2.70,FT,1,away
27-04-2024,Juventus,Milan,,0-0,3.70,FT,2,draw
27-04-2024,Everton,Brentford,,1-0,2.40,FT,1,home
27-04-2024,Alaves,Celta Vigo,,3-0,2.90,FT,2,home
27-04-2024,Aston Villa,Chelsea,,2-2,2.90,FT,2,draw
27-04-2024,Hull,Ipswich,,3-3,3.10,FT,1,draw
27-04-2024,Atl. Madrid,Ath Bilbao,,3-1,1.95,FT,1,home
27-04-2024,Cadiz,Mallorca,,1-1,2.60,FT,1,draw
27-04-2024,Bournemouth,Brighton,,3-0,1.40,DC,1X,home
27-04-2024,Tottenham,Arsenal,,2-3,1.80,FT,2,away
27-04-2024,Granada,Osasuna,,3-0,3.10,FT,X,home
27-04-2024,Napoli,Roma,,2-2,1.90,FT,1,draw
27-04-2024,Darmstadt,Heidenheim,,0-1,3.25,FT,1,away
19-04-2024,Genoa,Lazio,,0-1,1.40,DC,X2,away
19-04-2024,Eintracht Frankfurt,Augsburg,,3-1,1.30,DC,1X,home
19-04-2024,Hoffenheim,B. Monchengladbach,,4-3,2.00,FT,1,home
19-04-2024,Luton,Brentford,,1-5,2.15,FT,2,away
19-04-2024,Sheffield Utd,Burnley,,1-4,1.40,DC,X2,away
19-04-2024,Watford,Hull City,,0-0,1.45,DC,X2,draw
19-04-2024,Rayo Vallecano,Osasuna,,2-1,3.15,FT,X,home
19-04-2024,Nantes,Rennes,,0-3,3.00,FT,1,away
19-04-2024,Valencia,Betis,,1-2,2.20,FT,1,away
19-04-2024,Verona,Udinese,,1-0,3.10,FT,X,home
19-04-2024,Sassuolo,Lecce,,0-3,2.30,FT,1,away
19-04-2024,Getafe,Sociedad,,1-1,3.10,FT,X,draw
19-04-2024,Le Havre,Metz,,0-1,3.50,FT,2,away
19-04-2024,Crystal Palace,West Ham,,5-2,2.20,FT,1,home
19-04-2024,Almeria,Villarreal,,1-2,2.00,FT,2,away
19-04-2024,Brest,Monaco,,0-2,2.60,FT,2,away
19-04-2024,Dortmund,Leverkusen,,1-1,3.85,FT,X,draw
19-04-2024,Alaves,Atl. Madrid,,2-0,2.00,FT,2,home
19-04-2024,Toulouse,Olympique Marseille,,2-2,2.35,FT,2,draw
19-04-2024,Freiburg,Mainz,,1-1,2.70,FT,2,draw
12-04-2024,Augsburg,Union Berlin,,2-0,2.05,FT,1,home
12-04-2024,Betis,Celta Vigo,,2-1,2.10,FT,1,home
12-04-2024,Newcastle,Tottenham,,4-0,2.30,FT,2,home
12-04-2024,Atl. Madrid,Girona,,3-1,2.05,FT,1,home
12-04-2024,Lecce,Empoli,,1-0,1.25,DC,1X,home
12-04-2024,Bochum,Heidenheim,,1-1,2.10,FT,1,draw
12-04-2024,Nottingham,Wolves,,2-2,2.20,FT,1,draw
12-04-2024,Birmingham,Coventry,,3-0,2.60,FT,1,home
12-04-2024,Sheffield Wed,Stoke,,1-1,2.75,FT,2,draw
12-04-2024,Rayo Vallecano,Getafe,,0-0,1.25,DC,1X,draw
12-04-2024,Strasbourg,Reims,,3-1,3.30,FT,X,home
12-04-2024,Torino,Juventus,,0-0,1.25,DC,X2,draw
12-04-2024,Bournemouth,Manchester Utd,,2-2,2.65,FT,2,draw
12-04-2024,Le Havre,Nantes,,0-1,3.00,FT,2,away
12-04-2024,Las Palmas,Sevilla,,0-2,1.45,DC,X2,away
12-04-2024,West Ham,Fulham,,0-2,2.85,FT,2,away
12-04-2024,Clermont,Montpellier,,1-1,2.10,FT,2,draw
12-04-2024,Granada CF,Alaves,,2-0,2.40,FT,2,home
12-04-2024,Udinese,AS Roma,,1-1,2.10,FT,2,draw
12-04-2024,Olympique Lyon,Stade Brest,,4-3,2.25,FT,1,home
05-04-2024,Salernitana,Sassuolo,,2-2,2.20,FT,2,draw
05-04-2024,Lille,Olympique Marseille,,3-1,1.30,DC,1X,home
05-04-2024,Norwich,Ipswich,,1-0,1.25,DC,12,home
05-04-2024,Koln,Bochum,,2-1,2.20,FT,1,home
05-04-2024,Fulham,Newcastle,,0-1,2.40,FT,1,away
05-04-2024,Luton,Bournemouth,,2-1,1.95,FT,2,home
05-04-2024,Wolverhampton,West Ham,,1-2,2.70,FT,2,away
05-04-2024,Cardiff,Hull,,1-3,2.30,FT,2,away
05-04-2024,Stoke,West Brom,,2-2,2.60,FT,1,draw
05-04-2024,Sunderland,Bristol City,,0-0,3.00,FT,2,draw
05-04-2024,Roma,Lazio,,1-0,1.30,DC,1X,home
05-04-2024,Dortmund,Stuttgart,,0-1,2.20,FT,1,away
05-04-2024,Empoli,Torino,,3-2,1.30,DC,X2,home
05-04-2024,Rangers,Celtic,,3-3,2.20,FT,1,draw
05-04-2024,Reims,Nice,,0-0,2.45,FT,1,draw
05-04-2024,Toulouse,Strasbourg,,0-0,3.50,FT,X,draw
05-04-2024,Hoffenheim,Augsburg,,3-1,2.90,FT,2,home
05-04-2024,Verona,Genoa,,1-2,3.00,FT,X,away
05-04-2024,Galatasaray,Fenerbahce,,Abn,3.45,FT,X,abandoned
05-04-2024,Nantes,Olympique Lyon,,1-3,2.25,FT,2,away
30-03-2024,Bournemouth,Everton,,2-1,2.15,FT,1,home
30-03-2024,Nottingham,Crystal Palace,,1-1,2.25,FT,1,draw
30-03-2024,Almeria,Osasuna,,0-3,2.70,FT,1,away
30-03-2024,Lazio,Juventus,,1-0,1.35,DC,X2,home
30-03-2024,Valencia,Mallorca,,0-0,2.10,FT,1,draw
30-03-2024,Boavista,Rio Ave,,0-0,3.00,FT,X,draw
30-03-2024,Fiorentina,Milan,,1-2,1.40,DC,X2,away
30-03-2024,Brentford,Manchester Utd,,1-1,2.20,FT,2,draw
30-03-2024,Olympique Lyon,Reims,,1-1,2.10,FT,1,draw
30-03-2024,Lorient,Brest,,0-1,2.00,FT,2,away
30-03-2024,Greuther Furth,Hamburger,,1-1,2.20,FT,2,draw
30-03-2024,Magdeburg,Hannover,,0-3,3.55,FT,X,away
30-03-2024,Schalke,Karlsruher,,0-0,2.35,FT,1,draw
30-03-2024,Celta Vigo,Rayo Vallecano,,0-0,2.05,FT,1,draw
30-03-2024,Clermont,Toulouse,,0-3,2.30,FT,2,away
30-03-2024,Le Havre,Montpellier,,0-2,2.70,FT,2,away
30-03-2024,Strasbourg,Rennes,,2-0,2.25,FT,2,home
30-03-2024,Manchester City,Arsenal,,0-0,1.25,DC,1X,draw
30-03-2024,Alaves,Sociedad,,0-1,2.40,FT,2,away
30-03-2024,Olympique Marseille,PSG,,0-2,1.35,DC,X2,away
23-03-2024,R.Ireland,Belgium,,0-0,2.05,FT,2,draw
23-03-2024,Slovakia,Austria,,0-2,1.35,DC,X2,away
23-03-2024,Cartagena,Andorra FC,,1-0,1.35,DC,1X,home
23-03-2024,New England,Chicago,,1-1,1.90,FT,1,draw
23-03-2024,New York,Inter Miami,,4-0,2.20,FT,1,home
23-03-2024,Denmark,Switzerland,,0-0,1.25,DC,1X,draw
23-03-2024,England,Brazil,,0-1,1.85,FT,1,away
23-03-2024,Espanyol,Tenerife,,1-1,1.95,FT,1,draw
23-03-2024,Charlotte FC,Columbus Crew,,2-0,2.40,FT,2,home
23-03-2024,Toronto,Atlanta Utd,,2-0,2.95,FT,2,home
23-03-2024,Costa Rica,Honduras,,3-1,3.10,FT,X,home
23-03-2024,Colorado,Houston,,0-1,2.15,FT,1,away
23-03-2024,Portland,Philadelphia,,1-3,3.50,FT,X,away
23-03-2024,San Jose,Seattle,,3-2,3.20,FT,X,home
23-03-2024,Amorebieta,Gijon,,3-1,2.90,FT,X,home
23-03-2024,Huesca,Burgos,,3-0,1.30,DC,1X,home
23-03-2024,Valladolid,Eibar,,3-1,2.15,FT,1,home
23-03-2024,Levante,Elche,,3-2,3.00,FT,X,home
23-03-2024,Mirandes,Zaragoza,,0-0,2.75,FT,X,draw
23-03-2024,Santander,Eldense,,2-1,2.00,FT,1,home
16-03-2024,Burnley,Brentford,,2-1,2.10,FT,2,home
16-03-2024,Luton,Nottingham,,1-1,1.50,DC,X2,draw
16-03-2024,Birmingham,Watford,,0-1,3.30,FT,X,away
16-03-2024,Plymouth,Preston,,0-1,2.70,FT,2,away
16-03-2024,Rotherham,Huddersfield,,0-0,1.95,FT,2,draw
16-03-2024,Stoke,Norwich,,0-3,2.75,FT,2,away
16-03-2024,Sunderland,QPR,,0-0,3.05,FT,2,draw
16-03-2024,Nantes,Strasbourg,,1-3,3.25,FT,X,away
16-03-2024,Salernitana,Lecce,,0-1,1.40,DC,X2,away
16-03-2024,Fulham,Tottenham,,3-0,2.10,FT,2,home
16-03-2024,Getafe,Girona,,1-0,2.35,FT,2,home
16-03-2024,Frosinone,Lazio,,2-3,2.10,FT,2,away
16-03-2024,Lens,Nice,,1-3,2.00,FT,1,away
16-03-2024,Brest,Lille,,1-1,3.10,FT,X,draw
16-03-2024,Sevilla,Celta Vigo,,1-2,2.00,FT,1,away
16-03-2024,West Ham,Aston Villa,,1-1,1.40,DC,X2,draw
16-03-2024,Villarreal,Valencia,,1-0,1.25,DC,1X,home
16-03-2024,Rennes,Olympique Marseille,,2-0,3.40,FT,X,home
16-03-2024,Rayo Vallecano,Betis,,2-0,3.25,FT,2,home
16-03-2024,Atl. Madrid,Barcelona,,0-3,3.65,FT,X,away
09-03-2024,Wolverhampton,Fulham,,2-1,2.50,FT,1,home
09-03-2024,Hull,Leicester,,2-2,2.10,FT,2,draw
09-03-2024,Millwall,Birmingham,,1-0,2.20,FT,1,home
09-03-2024,Preston,Stoke,,1-2,2.40,FT,1,away
09-03-2024,QPR,Middlesbrough,,0-2,2.35,FT,1,away
09-03-2024,Watford,Coventry,,1-2,2.40,FT,2,away
09-03-2024,Genoa,Monza,,2-3,1.30,DC,1X,away
09-03-2024,Lecce,Verona,,0-1,3.30,FT,X,away
09-03-2024,Bristol City,Swansea,,1-0,3.20,FT,X,home
09-03-2024,Aston Villa,Tottenham,,0-4,4.00,FT,X,away
09-03-2024,Alaves,Rayo Vallecano,,1-0,3.10,FT,X,home
09-03-2024,Le Havre,Toulouse,,1-0,2.60,FT,2,home
09-03-2024,Metz,Clermont,,1-0,1.35,DC,1X,home
09-03-2024,Strasbourg,Monaco,,0-1,2.00,FT,2,away
09-03-2024,Bochum,Freiburg,,1-2,2.30,FT,1,away
09-03-2024,Liverpool,Manchester City,,1-1,3.80,FT,X,draw
09-03-2024,Lille,Rennes,,2-2,1.30,DC,1X,draw
09-03-2024,Juventus,Atalanta,,2-2,1.30,DC,1X,draw
09-03-2024,Fiorentina,Roma,,2-2,3.30,FT,X,draw
09-03-2024,Betis,Villarreal,,2-3,2.05,FT,1,away
02-03-2024,Brentford,Chelsea,,2-2,2.15,FT,2,draw
02-03-2024,Everton,West Ham,,1-3,1.30,DC,1X,away
02-03-2024,Fulham,Brighton,,3-0,1.50,DC,1X,home
02-03-2024,Millwall,Watford,,1-0,2.40,FT,1,home
02-03-2024,Norwich,Sunderland,,1-0,2.00,FT,1,home
02-03-2024,Preston,Hull,,0-0,2.70,FT,1,draw
02-03-2024,Rotherham,Sheffield Wed,,0-1,2.20,FT,2,away
02-03-2024,Stoke,Middlesbrough,,2-0,2.70,FT,1,home
02-03-2024,Swansea,Blackburn,,2-1,2.20,FT,1,home
02-03-2024,Monza,Roma,,1-4,2.05,FT,2,away
02-03-2024,Wolfsburg,Stuttgart,,2-3,3.55,FT,X,away
02-03-2024,Torino,Fiorentina,,0-0,1.40,DC,1X,draw
02-03-2024,Verona,Sassuolo,,1-0,1.35,DC,1X,home
02-03-2024,Burnley,Bournemouth,,0-2,1.95,FT,2,away
02-03-2024,Empoli,Cagliari,,0-1,2.10,FT,1,away
02-03-2024,Frosinone,Lecce,,1-1,2.20,FT,1,draw
02-03-2024,Hoffenheim,Werder,,2-1,3.90,FT,X,home
02-03-2024,Napoli,Juventus,,2-1,3.10,FT,X,home
02-03-2024,Olympique Lyon,Lens,,0-3,2.50,FT,1,away
02-03-2024,Ath Bilbao,Barcelona,,0-0,3.50,FT,X,draw
24-02-2024,Crystal Palace,Burnley,,3-0,1.25,DC,1X,home
24-02-2024,Blackburn,Norwich,,1-1,2.55,FT,2,draw
24-02-2024,Cardiff,Stoke,,2-1,3.10,FT,X,home
24-02-2024,Sheffield Wed,Bristol City,,2-1,2.80,FT,2,home
24-02-2024,Watford,Huddersfield,,1-2,3.50,FT,X,away
24-02-2024,Lorient,Nantes,,0-1,2.50,FT,1,away
24-02-2024,Salernitana,Monza,,0-2,1.50,DC,1X,away
24-02-2024,Genoa,Udinese,,2-0,3.00,FT,X,home
24-02-2024,Alaves,Mallorca,,1-1,1.95,FT,1,draw
24-02-2024,Strasbourg,Brest,,0-3,1.40,DC,X2,away
24-02-2024,Lens,Monaco,,2-3,3.50,FT,X,away
24-02-2024,Cadiz,Celta,,2-2,3.00,FT,X,draw
24-02-2024,Cagliari,Napoli,,1-1,1.85,FT,2,draw
24-02-2024,Le Havre,Reims,,1-2,3.30,FT,X,away
24-02-2024,Eintracht Frankfurt,Wolfsburg,,2-2,3.20,FT,2,draw
24-02-2024,Chelsea,Liverpool,,0-0,3.60,FT,X,draw
24-02-2024,Betis,Ath Bilbao,,3-1,3.25,FT,X,home
24-02-2024,Las Palmas,Osasuna,,1-1,3.00,FT,X,draw
24-02-2024,Augsburg,Freiburg,,2-1,3.50,FT,X,home
24-02-2024,Milan,Atalanta,,1-1,3.50,FT,X,draw
17-02-2024,Fulham,Aston Villa,,1-2,2.25,FT,2,away
17-02-2024,Nottingham,West Ham,,2-0,1.40,DC,1X,home
17-02-2024,Birmingham,Sunderland,,2-1,3.30,FT,X,home
17-02-2024,Bristol City,QPR,,0-1,1.95,FT,1,away
17-02-2024,Huddersfield,Hull,,1-2,2.25,FT,2,away
17-02-2024,Millwall,Sheffield Wed,,0-2,2.10,FT,1,away
17-02-2024,Preston,Blackburn,,2-2,2.45,FT,1,draw
17-02-2024,Stoke,Coventry,,0-1,2.45,FT,2,away
17-02-2024,Swansea,Ipswich,,1-2,2.25,FT,2,away
17-02-2024,Valencia,Sevilla,,0-0,1.35,DC,1X,draw
17-02-2024,Lazio,Bologna,,1-2,2.20,FT,1,away
17-02-2024,Empoli,Fiorentina,,1-1,2.10,FT,2,draw
17-02-2024,Udinese,Cagliari,,1-1,1.90,FT,1,draw
17-02-2024,Freiburg,Eintracht Frankfurt,,3-3,3.00,FT,2,draw
17-02-2024,Granada,Almeria,,1-1,2.10,FT,1,draw
17-02-2024,Reims,Lens,,1-1,2.60,FT,2,draw
17-02-2024,Mallorca,Real Sociedad,,1-2,1.30,DC,X2,away
17-02-2024,Brest,Olympique Marseille,,1-0,2.50,FT,2,home
17-02-2024,Betis,Alaves,,0-0,2.00,FT,1,draw
17-02-2024,Elche,Eibar,,0-0,3.00,FT,X,draw
10-02-2024,Fulham,Bournemouth,,3-1,2.40,FT,1,home
10-02-2024,Tottenham,Brighton,,2-1,1.75,FT,1,home
10-02-2024,Wolverhampton,Brentford,,0-2,2.10,FT,1,away
10-02-2024,Blackburn,Stoke,,3-1,3.50,FT,X,home
10-02-2024,Cardiff,Preston,,0-2,3.15,FT,X,away
10-02-2024,QPR,Norwich,,2-2,3.30,FT,X,draw
10-02-2024,Roma,Inter,,2-4,1.90,FT,2,away
10-02-2024,Nottingham,Newcastle,,2-3,2.10,FT,2,away
10-02-2024,Leverkusen,Bayern,,3-0,1.55,DC,1X,home
10-02-2024,Sassuolo,Torino,,1-1,2.20,FT,2,draw
10-02-2024,Las Palmas,Valencia,,2-0,1.45,DC,X2,home
10-02-2024,Getafe,Celta Vigo,,3-2,2.20,FT,1,home
10-02-2024,Monza,Verona,,0-0,2.05,FT,1,draw
10-02-2024,Toulouse,Nantes,,1-2,2.20,FT,1,away
10-02-2024,Montpellier,Olympique Lyon,,1-2,1.45,DC,X2,away
10-02-2024,Aston Villa,Manchester Utd,,1-2,2.05,FT,1,away
10-02-2024,Genoa,Atalanta,,1-4,2.10,FT,2,away
10-02-2024,Sevilla,Atl. Madrid,,1-0,2.10,FT,2,home
10-02-2024,Milan,Napoli,,1-0,1.95,FT,1,home
10-02-2024,Nice,Monaco,,2-3,3.30,FT,X,away
03-02-2024,Burnley,Fulham,,2-2,2.40,FT,2,draw
03-02-2024,Blackburn,QPR,,1-2,2.00,FT,1,away
03-02-2024,Huddersfield,Sheffield Wed,,4-0,2.40,FT,1,home
03-02-2024,Hull,Millwall,,1-0,2.00,FT,1,home
03-02-2024,Norwich,Coventry,,2-1,2.40,FT,1,home
03-02-2024,Preston,Ipswich,,3-2,2.00,FT,2,home
03-02-2024,Swansea,Plymouth,,0-1,2.00,FT,1,away
03-02-2024,Osasuna,Celta Vigo,,0-3,2.30,FT,1,away
03-02-2024,Koln,Eintracht Frankfurt,,2-0,2.25,FT,2,home
03-02-2024,Girona,Real Sociedad,,0-0,1.30,DC,1X,draw
03-02-2024,Nantes,Lens,,0-1,3.30,FT,X,away
03-02-2024,Middlesbrough,Sunderland,,1-1,3.40,FT,2,draw
03-02-2024,Metz,Lorient,,1-2,3.30,FT,2,away
03-02-2024,Wolfsburg,Hoffenheim,,2-2,2.10,FT,1,draw
03-02-2024,Granada CF,Las Palmas,,1-1,2.30,FT,1,draw
03-02-2024,Brest,Nice,,0-0,1.35,DC,1X,draw
03-02-2024,Arsenal,Liverpool,,3-1,2.85,FT,2,home
03-02-2024,Atalanta,Lazio,,3-1,2.05,FT,1,home
03-02-2024,Betis,Getafe,,1-1,1.90,FT,1,draw
03-02-2024,Olympique Lyon,Olympique Marseille,,1-0,1.40,DC,X2,home
27-01-2024,Sevilla,Osasuna,,1-1,2.05,FT,1,draw
27-01-2024,Oviedo,Leganes,,1-0,2.10,FT,1,home
27-01-2024,Fulham,Newcastle,,0-2,2.40,FT,1,away
27-01-2024,Mallorca,Betis,,0-1,3.00,FT,X,away
27-01-2024,Olympique Marseille,Monaco,,2-2,1.40,DC,1X,draw
27-01-2024,Levante,Tenerife,,0-0,2.20,FT,1,draw
27-01-2024,Genoa,Lecce,,2-1,2.05,FT,1,home
27-01-2024,WBA,Wolverhampton,,0-2,1.95,FT,2,away
27-01-2024,Montpellier,Lille,,0-0,2.00,FT,2,draw
27-01-2024,Celta Vigo,Girona,,0-1,2.50,FT,2,away
27-01-2024,Eldense,Espanyol,,3-2,2.40,FT,2,home
27-01-2024,Watford,Southampton,,1-1,2.05,FT,2,draw
27-01-2024,Monza,Sassuolo,,1-0,1.35,DC,1X,home
27-01-2024,Verona,Frosinone,,1-1,3.30,FT,X,draw
27-01-2024,Clermont,Strasbourg,,1-1,3.20,FT,X,draw
27-01-2024,Lorient,Le Havre,,3-3,3.00,FT,X,draw
27-01-2024,Andorra,Elche,,0-1,3.00,FT,X,away
27-01-2024,Toulouse,Lens,,0-2,2.05,FT,2,away
27-01-2024,Lazio,Napoli,,0-0,1.30,DC,1X,draw
27-01-2024,Burgos,Albacete,,2-1,2.95,FT,X,home
20-01-2024,Bristol City,Watford,,1-1,2.40,FT,1,draw
20-01-2024,Norwich,WBA,,2-0,2.50,FT,2,home
20-01-2024,Plymouth,Cardiff,,3-1,3.50,FT,X,home
20-01-2024,QPR,Millwall,,2-0,3.10,FT,X,home
20-01-2024,Sheffield Wed,Coventry,,1-2,2.25,FT,2,away
20-01-2024,Stoke,Birmingham,,1-2,1.90,FT,1,away
20-01-2024,Villarreal,Mallorca,,1-1,1.30,DC,1X,draw
20-01-2024,Brentford,Nottingham,,3-2,1.90,FT,1,home
20-01-2024,RB Leipzig,Bayer Leverkusen,,2-3,3.70,FT,X,away
20-01-2024,Valencia,Ath Bilbao,,1-0,1.30,DC,X2,home
20-01-2024,Udinese,Milan,,2-3,1.90,FT,2,away
20-01-2024,Celta Vigo,Real Sociedad,,0-1,1.30,DC,X2,away
20-01-2024,Frosinone,Cagliari,,3-1,2.35,FT,1,home
20-01-2024,Osasuna,Getafe,,3-2,3.00,FT,X,home
20-01-2024,Sheffield Utd,West Ham,,2-2,2.15,FT,2,draw
20-01-2024,Empoli,Monza,,3-0,3.30,FT,X,home
20-01-2024,Portimonense,Gil Vicente,,0-2,2.50,FT,1,away
20-01-2024,B. Monchengladbach,Augsburg,,1-2,1.90,FT,1,away
20-01-2024,Salernitana,Genoa,,1-2,2.20,FT,2,away
20-01-2024,Chaves,Rio Ave,,0-0,2.40,FT,2,draw
13-01-2024,Birmingham,Swansea,,2-2,2.20,FT,1,draw
13-01-2024,Huddersfield,Plymouth,,1-1,1.45,DC,1X,draw
13-01-2024,Millwall,Middlesbrough,,1-3,2.75,FT,1,away
13-01-2024,Preston,Bristol City,,2-0,1.45,DC,X2,home
13-01-2024,Rotherham,Stoke,,0-1,1.90,FT,2,away
13-01-2024,Mallorca,Celta Vigo,,1-1,3.00,FT,X,draw
13-01-2024,Verona,Empoli,,2-1,1.30,DC,1X,home
13-01-2024,Ipswich,Sunderland,,2-1,3.40,FT,2,home
13-01-2024,Ath Bilbao,Real Sociedad,,2-1,2.00,FT,1,home
13-01-2024,QPR,Watford,,1-2,2.95,FT,1,away
13-01-2024,Everton,Aston Villa,,0-0,2.40,FT,2,draw
13-01-2024,Cagliari,Bologna,,2-1,3.00,FT,X,home
13-01-2024,Metz,Toulouse,,0-1,3.10,FT,X,away
13-01-2024,Bochum,Werder Bremen,,1-1,3.65,FT,X,draw
13-01-2024,Cadiz,Valencia,,1-4,2.65,FT,2,away
13-01-2024,Le Havre,Olympique Lyon,,3-1,2.30,FT,2,home
13-01-2024,Manchester Utd,Tottenham,,2-2,2.95,FT,2,draw
13-01-2024,B. Monchengladbach,Stuttgart,,3-1,1.95,FT,2,home
13-01-2024,Vizela,Boavista,,1-4,3.20,FT,X,away
13-01-2024,Milan,Roma,,3-1,2.15,FT,1,home
06-01-2024,Ankaragucu,Trabzonspor,,0-1,2.15,FT,2,away
06-01-2024,Samsunspor,Karagumruk,,1-0,2.05,FT,1,home
06-01-2024,Espanyol,Getafe,,0-1,1.50,DC,1X,away
06-01-2024,Lecce,Cagliari,,1-1,2.20,FT,1,draw
06-01-2024,Amiens,Montpellier,,1-2,2.00,FT,2,away
06-01-2024,Elche,Girona,,0-2,2.00,FT,2,away
06-01-2024,Huesca,Rayo Vallecano,,0-0,2.20,FT,2,draw
06-01-2024,Alaves,Betis,,1-0,3.10,FT,X,home
06-01-2024,Sassuolo,Fiorentina,,1-0,2.20,FT,2,home
06-01-2024,Burgos,Mallorca,,0-3,3.00,FT,X,away
06-01-2024,Guingamp,Rennes,,0-2,1.95,FT,2,away
06-01-2024,Lens,Monaco,,2-2,3.50,FT,X,draw
06-01-2024,Torino,Napoli,,3-0,3.20,FT,X,home
06-01-2024,Udinese,Lazio,,1-2,1.30,DC,X2,away
06-01-2024,Castellon,Osasuna,,0-0,1.35,DC,X2,draw
06-01-2024,Arsenal,Liverpool,,0-2,1.95,FT,1,away
06-01-2024,Eibar,Ath Bilbao,,0-3,1.95,FT,2,away
06-01-2024,Cartagena,Valencia,,1-1,2.05,FT,2,draw
06-01-2024,Roma,Atalanta,,1-1,2.40,FT,1,draw
06-01-2024,Tenerife,Las Palmas,,2-0,3.00,FT,X,home
30-12-2023,Ferreira,Benfica II,,2-2,1.95,FT,1,draw
30-12-2023,Crystal Palace,Brentford,,3-1,1.25,DC,1X,home
30-12-2023,Wolverhampton,Everton,,3-0,1.40,DC,1X,home
30-12-2023,Aberdeen,St. Mirren,,0-3,1.95,FT,1,away
30-12-2023,Kilmarnock,Dundee FC,,2-2,1.80,FT,1,draw
30-12-2023,Queen’s Park,Airdrie,,1-2,3.30,FT,X,away
30-12-2023,Ayr,Dunfermline,,2-2,2.40,FT,1,draw
30-12-2023,Inverness,Morton,,0-0,3.20,FT,X,draw
30-12-2023,Montrose,Cove Rangers,,1-1,1.95,FT,2,draw
30-12-2023,Forfar Athletic,East Fife,,0-0,2.20,FT,1,draw
30-12-2023,Stranraer,Dumbarton,,Postp,2.00,FT,2,postponed
30-12-2023,Kelty Hearts,Alloa,,Postp,2.80,FT,2,postponed
30-12-2023,Bonnyrigg Rose,Spartans,,Postp,2.30,FT,2,postponed
30-12-2023,Estoril,Farense,,4-0,2.00,FT,1,home
30-12-2023,Gil Vicente,Boavista,,1-0,2.25,FT,1,home
30-12-2023,Verona,Salernitana,,0-1,1.95,FT,1,away
30-12-2023,Nottingham,Manchester Utd,,2-1,2.30,FT,2,home
30-12-2023,Al Shabab,Al Wehda,,1-0,1.65,FT,1,home
30-12-2023,Juventus,AS Roma,,1-0,1.25,DC,1X,home
30-12-2023,Mafra,AVS,,0-2,3.05,FT,X,away
23-12-2023,Nottingham,Bournemouth,,2-3,1.45,DC,X2,away
23-12-2023,Blackburn,Watford,,1-2,1.25,DC,12,away
23-12-2023,Middlesbrough,WBA,,1-0,2.20,FT,1,home
23-12-2023,Plymouth,Birmingham,,3-3,1.25,DC,12,draw
23-12-2023,Sheffield Wed,Cardiff,,1-2,2.15,FT,1,away
23-12-2023,Stoke,Millwall,,0-0,2.10,FT,1,draw
23-12-2023,Sunderland,Coventry,,0-3,2.00,FT,1,away
23-12-2023,Dundee FC,Aberdeen,,Postp,2.60,FT,2,postponed
23-12-2023,Hearts,St. Mirren,,2-0,1.95,FT,1,home
23-12-2023,Ross County,Hibernian,,Postp,2.50,FT,2,postponed
23-12-2023,Bari,Cosenza,,0-0,2.00,FT,1,draw
23-12-2023,Pisa,Ascoli,,1-0,3.15,FT,X,home
23-12-2023,Dordrecht,Emmen,,2-1,2.15,FT,2,home
23-12-2023,Verona,Cagliari,,2-0,2.40,FT,1,home
23-12-2023,St. Truiden,Charleroi,,1-0,2.20,FT,1,home
23-12-2023,Liverpool,Arsenal,,1-1,3.60,FT,X,draw
23-12-2023,Helmond,Roda,,3-3,2.20,FT,2,draw
23-12-2023,Roma,Napoli,,2-0,3.15,FT,X,home
23-12-2023,Anderlecht,Genk,,2-1,3.50,FT,X,home
23-12-2023,Wolverhampton,Chelsea,,2-1,1.95,FT,2,home
16-12-2023,Newcastle,Fulham,,3-0,1.85,FT,1,home
16-12-2023,Bristol City,Sunderland,,1-0,2.25,FT,2,home
16-12-2023,Hull,Cardiff,,3-0,1.85,FT,1,home
16-12-2023,Preston,Watford,,1-5,3.10,FT,X,away
16-12-2023,Sheffield Wed,QPR,,2-1,3.20,FT,2,home
16-12-2023,Swansea,Middlesbrough,,1-2,2.15,FT,2,away
16-12-2023,Ath Bilbao,Atl. Madrid,,2-0,3.40,FT,X,home
16-12-2023,Le Havre,Nice,,3-1,1.95,FT,2,home
16-12-2023,Burnley,Everton,,0-2,2.10,FT,2,away
16-12-2023,Mirandes,Albacete,,2-0,3.20,FT,X,home
16-12-2023,Nantes,Brest,,0-2,1.45,DC,1X,away
16-12-2023,Almeria,Mallorca,,0-0,3.20,FT,X,draw
16-12-2023,Brentford,Aston Villa,,1-2,2.15,FT,2,away
16-12-2023,West Ham,Wolverhampton,,3-0,1.30,DC,1X,home
16-12-2023,Udinese,Sassuolo,,2-2,2.25,FT,1,draw
16-12-2023,Lorient,Strasbourg,,1-2,3.20,FT,X,away
16-12-2023,Metz,Montpellier,,0-1,1.30,DC,X2,away
16-12-2023,Toulouse,Rennes,,0-0,2.20,FT,2,draw
16-12-2023,Freiburg,FC Koln,,2-0,1.85,FT,1,home
16-12-2023,Bologna,AS Roma,,2-0,2.40,FT,1,home
09-12-2023,Wolverhampton,Nottingham,,1-1,1.85,FT,1,draw
09-12-2023,Cardiff,Millwall,,1-0,2.10,FT,1,home
09-12-2023,Huddersfield,Bristol City,,1-1,3.00,FT,X,draw
09-12-2023,Middlesbrough,Ipswich,,0-2,2.80,FT,2,away
09-12-2023,Norwich,Preston,,0-0,1.90,FT,1,draw
09-12-2023,QPR,Hull,,2-0,3.00,FT,1,home
09-12-2023,Rotherham,Swansea,,1-2,3.30,FT,1,away
09-12-2023,Stoke,Sheffield Wed,,0-1,3.75,FT,2,away
09-12-2023,Watford,Southampton,,1-1,2.20,FT,2,draw
09-12-2023,Rennes,Monaco,,1-2,1.50,DC,X2,away
09-12-2023,Atalanta,Milan,,3-2,2.90,FT,2,home
09-12-2023,Aston Villa,Arsenal,,1-0,1.25,DC,12,home
09-12-2023,Dortmund,RB Leipzig,,2-3,2.50,FT,2,away
09-12-2023,Villarreal,Real Sociedad,,0-3,2.10,FT,2,away
09-12-2023,Everton,Chelsea,,2-0,1.30,DC,12,home
09-12-2023,Fulham,West Ham,,5-0,2.40,FT,1,home
09-12-2023,Stuttgart,Leverkusen,,1-1,2.25,FT,2,draw
09-12-2023,Tottenham,Newcastle,,4-1,2.30,FT,1,home
09-12-2023,Koln,Mainz,,0-0,2.30,FT,1,draw
09-12-2023,Roma,Fiorentina,,1-1,2.10,FT,1,draw
02-12-2023,Burnley,Sheffield Utd,,5-0,1.80,FT,1,home
02-12-2023,Hull,Watford,,1-2,2.10,FT,1,away
02-12-2023,Millwall,Sunderland,,1-1,2.30,FT,2,draw
02-12-2023,Plymouth,Stoke,,2-1,1.50,DC,X2,home
02-12-2023,Sheffield Wed,Blackburn,,3-1,2.30,FT,2,home
02-12-2023,Nottingham,Everton,,0-1,3.30,FT,X,away
02-12-2023,Newcastle,Manchester Utd,,1-0,1.95,FT,1,home
02-12-2023,Osasuna,Real Sociedad,,1-1,2.25,FT,2,draw
02-12-2023,Lecce,Bologna,,1-1,2.50,FT,2,draw
02-12-2023,Mallorca,Alaves,,0-0,2.40,FT,1,draw
02-12-2023,Bristol City,Norwich,,1-2,2.30,FT,1,away
02-12-2023,Bournemouth,Aston Villa,,2-2,2.00,FT,2,draw
02-12-2023,West Ham,Crystal Palace,,1-1,2.00,FT,1,draw
02-12-2023,Mainz,Freiburg,,0-1,2.25,FT,1,away
02-12-2023,Almeria,Betis,,0-0,2.15,FT,2,draw
02-12-2023,Sassuolo,AS Roma,,1-2,1.95,FT,2,away
02-12-2023,Sevilla,Villarreal,,1-1,3.60,FT,X,draw
02-12-2023,Augsburg,Eintracht Frankfurt,,2-1,1.45,DC,X2,home
02-12-2023,Napoli,Inter,,0-3,1.40,DC,X2,away
02-12-2023,Barcelona,Atl. Madrid,,1-0,3.60,FT,X,home
25-11-2023,Burnley,West Ham,,1-2,2.00,FT,2,away
25-11-2023,Luton,Crystal Palace,,2-1,2.10,FT,2,home
25-11-2023,Newcastle,Chelsea,,4-1,1.45,DC,1X,home
25-11-2023,Nottingham,Brighton,,2-3,2.20,FT,2,away
25-11-2023,Sheffield Utd,Bournemouth,,1-3,2.20,FT,2,away
25-11-2023,Birmingham,Sheffield Wed,,2-1,2.10,FT,1,home
25-11-2023,Millwall,Coventry,,0-3,3.10,FT,X,away
25-11-2023,Plymouth,Sunderland,,2-0,2.00,FT,2,home
25-11-2023,Preston,Cardiff,,1-2,3.10,FT,X,away
25-11-2023,Stoke,Blackburn,,0-3,2.15,FT,1,away
25-11-2023,Swansea,Hull,,2-2,3.20,FT,X,draw
25-11-2023,Valencia,Celta Vigo,,0-0,2.15,FT,1,draw
25-11-2023,Atalanta,Napoli,,1-2,1.45,DC,X2,away
25-11-2023,WBA,Ipswich,,2-0,2.55,FT,2,home
25-11-2023,Milan,Fiorentina,,1-0,2.05,FT,1,home
25-11-2023,Villarreal,Osasuna,,3-1,2.15,FT,1,home
25-11-2023,Tottenham,Aston Villa,,1-2,1.45,DC,1X,away
25-11-2023,Everton,Manchester Utd,,0-3,2.70,FT,1,away
25-11-2023,Juventus,Inter,,1-1,3.25,FT,X,draw
25-11-2023,Olympique Lyon,Lille,,0-2,2.40,FT,2,away
18-11-2023,Alcorcon,Gijon,,0-0,2.40,FT,2,draw
18-11-2023,Tondela,Feirense,,2-0,1.30,DC,1X,home
18-11-2023,Niger,Tanzania,,0-1,1.30,DC,X2,away
18-11-2023,Amorebieta,Tenerife,,2-0,1.30,DC,X2,home
18-11-2023,Zaragoza,Huesca,,0-2,2.00,FT,1,away
18-11-2023,Israel,Romania,,1-2,2.75,FT,1,away
18-11-2023,Vitoria,Sport Recife,,1-0,2.60,FT,2,home
18-11-2023,Espanyol,Elche,,2-0,2.05,FT,1,home
18-11-2023,Fortaleza,Cruzeiro,,0-1,2.10,FT,1,away
18-11-2023,Ferrol,Burgos CF,,1-1,2.20,FT,1,draw
18-11-2023,Cambuur,Roda,,1-1,2.20,FT,1,draw
18-11-2023,Os Belenenses,Penafiel,,2-0,3.20,FT,X,home
18-11-2023,Penybont,Newtown,,1-1,2.00,FT,1,draw
18-11-2023,Eldense,Mirandes,,2-2,2.10,FT,1,draw
18-11-2023,Oviedo,Eibar,,2-1,2.90,FT,X,home
18-11-2023,MVV,NAC Breda,,1-4,2.10,FT,2,away
18-11-2023,Cartagena,Albacete,,1-1,3.10,FT,X,draw
18-11-2023,Villarreal II,Andorra,,0-0,2.55,FT,1,draw
18-11-2023,Scotland,Norway,,3-3,2.05,FT,1,draw
18-11-2023,B&H,Slovakia,,1-2,2.40,FT,1,away
11-11-2023,Crystal Palace,Everton,,2-3,1.35,DC,1X,away
11-11-2023,Cardiff,Norwich,,2-3,2.00,FT,1,away
11-11-2023,Coventry,Stoke,,0-0,2.30,FT,1,draw
11-11-2023,Middlesbrough,Leicester,,1-0,2.30,FT,2,home
11-11-2023,QPR,Bristol City,,0-0,2.70,FT,1,draw
11-11-2023,Sheffield Wed,Millwall,,0-4,3.00,FT,X,away
11-11-2023,Southampton,WBA,,2-1,1.90,FT,1,home
11-11-2023,Bochum,Koln,,1-1,2.45,FT,1,draw
11-11-2023,Granada,Getafe,,1-1,1.50,DC,X2,draw
11-11-2023,Osasuna,Las Palmas,,1-1,1.95,FT,1,draw
11-11-2023,RKC Waalwijk,Go Ahead,,0-1,2.30,FT,2,away
11-11-2023,Monza,Torino,,1-1,3.10,FT,X,draw
11-11-2023,Vitesse,Heerenveen,,1-3,2.35,FT,1,away
11-11-2023,Volendam,Sparta,,1-4,2.10,FT,2,away
11-11-2023,Fiorentina,Bologna,,2-1,2.10,FT,1,home
11-11-2023,Udinese,Atalanta,,1-1,2.00,FT,2,draw
11-11-2023,Werder,Eintracht Frankfurt,,2-2,2.30,FT,2,draw
11-11-2023,Lazio,Roma,,0-0,2.85,FT,1,draw
11-11-2023,Sevilla,Betis,,1-1,1.35,DC,1X,draw
11-11-2023,Lens,Olympique Marseille,,1-0,3.45,FT,X,home
04-11-2023,Brentford,West Ham,,3-2,2.05,FT,1,home
04-11-2023,Burnley,Crystal Palace,,0-2,2.60,FT,2,away
04-11-2023,Everton,Brighton,,1-1,3.10,FT,1,draw
04-11-2023,Sheffield Utd,Wolverhampton,,2-1,2.00,FT,2,home
04-11-2023,Sampdoria,Palermo,,1-0,3.20,FT,X,home
04-11-2023,Atalanta,Inter,,1-2,2.15,FT,2,away
04-11-2023,Newcastle,Arsenal,,1-0,1.45,DC,X2,home
04-11-2023,Celta Vigo,Sevilla,,1-1,3.40,FT,X,draw
04-11-2023,Sociedad,Barcelona,,0-1,1.35,DC,X2,away
04-11-2023,Olympique Marseille,Lille,,0-0,1.35,DC,1X,draw
04-11-2023,Verona,Monza,,1-3,2.35,FT,2,away
04-11-2023,Hansa Rostock,Hertha Berlin,,0-0,2.25,FT,2,draw
04-11-2023,Karlsruher SC,Paderborn,,0-3,2.10,FT,1,away
04-11-2023,Cagliari,Genoa,,2-1,3.20,FT,X,home
04-11-2023,Nantes,Reims,,0-1,3.20,FT,X,away
04-11-2023,Strasbourg,Clermont,,0-0,2.35,FT,1,draw
04-11-2023,Toulouse,Le Havre,,1-2,2.15,FT,1,away
04-11-2023,Villarreal,Ath Bilbao,,2-3,2.35,FT,2,away
04-11-2023,Fiorentina,Juventus,,0-1,2.50,FT,2,away
04-11-2023,Nice,Rennes,,2-0,3.30,FT,X,home
28-10-2023,Bournemouth,Burnley,,2-1,2.10,FT,1,home
28-10-2023,Blackburn,Swansea,,0-1,2.00,FT,1,away
28-10-2023,Cardiff,Bristol City,,2-0,2.20,FT,1,home
28-10-2023,Barcelona,Real Madrid,,1-2,2.70,FT,2,away
28-10-2023,Lecce,Torino,,0-1,1.45,DC,1X,away
28-10-2023,Mallorca,Getafe,,0-0,1.30,DC,1X,draw
28-10-2023,Kaiserslautern,Hamburger SV,,3-3,2.20,FT,2,draw
28-10-2023,Cadiz,Sevilla,,2-2,1.35,DC,X2,draw
28-10-2023,Cagliari,Frosinone,,4-3,2.30,FT,1,home
28-10-2023,Holstein Kiel,Nurnberg,,0-2,2.00,FT,1,away
28-10-2023,Magdeburg,Elversberg,,1-2,2.00,FT,1,away
28-10-2023,Wehen,Hansa Rostock,,1-0,2.20,FT,1,home
28-10-2023,Betis,Osasuna,,2-1,2.05,FT,1,home
28-10-2023,West Ham,Everton,,0-1,2.10,FT,1,away
28-10-2023,Lille,Monaco,,2-0,2.90,FT,2,home
28-10-2023,Metz,Le Havre,,0-0,2.50,FT,1,draw
28-10-2023,Monza,Udinese,,1-1,2.10,FT,1,draw
28-10-2023,Eintracht Frankfurt,Dortmund,,3-3,2.15,FT,2,draw
28-10-2023,Rayo Vallecano,Real Sociedad,,2-2,2.35,FT,2,draw
28-10-2023,Napoli,Milan,,2-2,2.20,FT,1,draw
21-10-2023,Bournemouth,Wolverhampton,,1-2,3.45,FT,X,away
21-10-2023,Blackburn,Cardiff,,1-0,2.00,FT,1,home
21-10-2023,Bristol City,Coventry,,1-0,2.85,FT,2,home
21-10-2023,Huddersfield,QPR,,2-1,1.95,FT,1,home
21-10-2023,Hull,Southampton,,1-2,2.35,FT,2,away
21-10-2023,Norwich,Leeds,,2-3,2.25,FT,2,away
21-10-2023,Stoke,Sunderland,,2-1,1.55,DC,X2,home
21-10-2023,Getafe,Betis,,1-1,3.05,FT,X,draw
21-10-2023,Chelsea,Arsenal,,2-2,1.40,DC,X2,draw
21-10-2023,Sevilla,Real Madrid,,1-1,1.85,FT,2,draw
21-10-2023,Sassuolo,Lazio,,0-2,3.65,FT,X,away
21-10-2023,Celta Vigo,Atl. Madrid,,0-3,2.10,FT,2,away
21-10-2023,Nice,Olympique Marseille,,1-0,3.30,FT,X,home
21-10-2023,Las Palmas,Rayo Vallecano,,0-1,3.15,FT,X,away
21-10-2023,Salernitana,Cagliari,,2-2,2.30,FT,1,draw
21-10-2023,Nantes,Montpellier,,2-0,2.40,FT,2,home
21-10-2023,Toulouse,Reims,,1-1,2.35,FT,2,draw
21-10-2023,Koln,B. Monchengladbach,,3-1,2.85,FT,2,home
21-10-2023,Aston Villa,West Ham,,4-1,1.25,DC,1X,home
21-10-2023,Milan,Juventus,,0-1,2.30,FT,1,away
14-10-2023,Blackpool,Stevenage,,3-0,3.25,FT,X,home
14-10-2023,Cambridge Utd,Shrewsbury,,1-1,2.00,FT,1,draw
14-10-2023,Carlisle,Leyton Orient,,0-1,2.75,FT,2,away
14-10-2023,Mirandes,Tenerife,,1-1,2.45,FT,2,draw
14-10-2023,Bielefeld,Mannheim,,3-1,2.00,FT,1,home
14-10-2023,Slovenia,Finland,,3-0,1.20,DC,1X,home
14-10-2023,Cartagena,Santander,,2-3,1.30,DC,1X,away
14-10-2023,Gijon,Zaragoza,,2-2,1.25,DC,1X,draw
14-10-2023,Longford,Bray,,2-2,2.00,FT,2,draw
14-10-2023,Hungary,Serbia,,2-1,2.70,FT,2,home
14-10-2023,Finn Harps,Athlone,,4-1,1.85,FT,2,home
14-10-2023,Ituano,CRB,,0-0,3.20,FT,2,draw
14-10-2023,Cuiaba,Cruzeiro,,0-0,3.00,FT,2,draw
14-10-2023,Los Angeles Galaxy,Real Salt Lake,,2-2,2.50,FT,2,draw
14-10-2023,Ulm,Dynamo Dresden,,2-3,2.15,FT,2,away
14-10-2023,Burgos,Villarreal II,,3-2,3.25,FT,X,home
14-10-2023,Eldense,Elche,,1-1,2.20,FT,2,draw
14-10-2023,Andorra,Alcorcon,,2-0,3.05,FT,X,home
14-10-2023,Munster,Munich 1860,,1-1,2.20,FT,1,draw
14-10-2023,Wales,Croatia,,2-1,2.00,FT,2,home
06-10-2023,Empoli,Udinese,,0-0,1.35,DC,X2,draw
06-10-2023,B. Monchengladbach,Mainz,,2-2,2.00,FT,1,draw
06-10-2023,Lecce,Sassuolo,,1-1,2.70,FT,2,draw
06-10-2023,Strasbourg,Nantes,,1-2,2.20,FT,1,away
06-10-2023,Cadiz,Girona,,0-1,2.25,FT,2,away
06-10-2023,Stuttgart,Wolfsburg,,3-1,2.00,FT,1,home
06-10-2023,Crystal Palace,Nottingham,,0-0,3.20,FT,X,draw
06-10-2023,Mallorca,Valencia,,1-1,1.35,DC,1X,draw
06-10-2023,Werder Bremen,Hoffenheim,,2-3,2.35,FT,2,away
06-10-2023,Genoa,Milan,,0-1,2.00,FT,2,away
06-10-2023,Reims,Monaco,,1-3,1.45,DC,X2,away
06-10-2023,Brighton,Liverpool,,2-2,2.20,FT,2,draw
06-10-2023,West Ham,Newcastle,,2-2,2.10,FT,2,draw
06-10-2023,Wolverhampton,Aston Villa,,1-1,2.10,FT,2,draw
06-10-2023,Frosinone,Verona,,2-1,2.35,FT,1,home
06-10-2023,Lazio,Atalanta,,3-2,3.25,FT,X,home
06-10-2023,Lens,Lille,,1-1,2.20,FT,1,draw
06-10-2023,Arsenal,Manchester City,,1-0,2.40,FT,2,home
06-10-2023,Alaves,Betis,,1-1,2.80,FT,1,draw
06-10-2023,Celta,Getafe,,2-2,3.20,FT,X,draw
29-09-2023,Hoffenheim,Dortmund,,1-3,4.00,FT,X,away
29-09-2023,Strasbourg,Lens,,0-1,3.35,FT,X,away
29-09-2023,Benfica,Porto,,1-0,1.25,DC,1X,home
29-09-2023,Aston Villa,Brighton,,6-1,2.50,FT,1,home
29-09-2023,Getafe,Villarreal,,0-0,2.80,FT,1,draw
29-09-2023,Koln,Stuttgart,,0-2,2.35,FT,2,away
29-09-2023,Bochum,B. Monchengladbach,,1-3,2.80,FT,2,away
29-09-2023,Heidenheim,Union Berlin,,1-0,2.25,FT,2,home
29-09-2023,Wolfsburg,Eintracht Frankfurt,,2-0,1.30,DC,1X,home
29-09-2023,Tottenham,Liverpool,,2-1,4.00,FT,X,home
29-09-2023,Rayo Vallecano,Mallorca,,2-2,2.20,FT,1,draw
29-09-2023,RB Leipzig,Bayern Munich,,2-2,1.95,FT,2,draw
29-09-2023,Sociedad,Ath Bilbao,,3-0,3.20,FT,X,home
29-09-2023,Monaco,Olympique Marseille,,3-2,1.40,DC,1X,home
29-09-2023,Reims,Olympique Lyon,,2-0,2.00,FT,1,home
29-09-2023,Almeria,Granada,,3-3,2.00,FT,1,draw
29-09-2023,Nottingham,Brentford,,1-1,2.80,FT,1,draw
29-09-2023,Darmstadt,Werder Bremen,,4-2,2.40,FT,2,home
29-09-2023,Alaves,Osasuna,,0-2,2.85,FT,2,away
29-09-2023,Betis,Valencia,,3-0,3.30,FT,X,home
23-09-2023,Crystal Palace,Fulham,,0-0,1.30,DC,12,draw
23-09-2023,Luton,Wolverhampton,,1-1,2.20,FT,2,draw
23-09-2023,Middlesbrough,Southampton,,2-1,2.60,FT,2,home
23-09-2023,Plymouth,Norwich,,6-2,1.35,DC,X2,home
23-09-2023,Rotherham,Preston,,1-1,2.25,FT,2,draw
23-09-2023,Swansea,Sheffield Wed,,3-0,1.95,FT,1,home
23-09-2023,WBA,Millwall,,0-0,3.30,FT,X,draw
23-09-2023,Osasuna,Sevilla,,0-0,2.50,FT,1,draw
23-09-2023,Almeria,Valencia,,2-2,2.30,FT,2,draw
23-09-2023,Brest,Olympique Lyon,,1-0,2.60,FT,2,home
23-09-2023,Stoke,Hull,,1-3,3.60,FT,X,away
23-09-2023,Ajax,Feyenoord,,Abn,2.35,FT,2,abandoned
23-09-2023,Udinese,Fiorentina,,0-2,3.40,FT,X,away
23-09-2023,Sunderland,Cardiff,,0-1,1.90,FT,1,away
23-09-2023,Rayo Vallecano,Villarreal,,1-1,2.50,FT,1,draw
23-09-2023,Montpellier,Rennes,,0-0,2.50,FT,2,draw
23-09-2023,Eintracht Frankfurt,Freiburg,,0-0,2.05,FT,1,draw
23-09-2023,Las Palmas,Granada,,1-0,2.00,FT,1,home
23-09-2023,Torino,Roma,,1-1,3.00,FT,X,draw
23-09-2023,Atl. Madrid,Real Madrid,,3-1,1.45,DC,X2,home
16-09-2023,Aston Villa,Crystal Palace,,3-1,1.90,FT,1,home
16-09-2023,Manchester Utd,Brighton,,1-3,1.25,DC,12,away
16-09-2023,Blackburn,Middlesbrough,,2-1,2.50,FT,1,home
16-09-2023,Bristol City,WBA,,0-0,1.30,DC,12,draw
16-09-2023,Preston,Plymouth,,2-1,2.00,FT,1,home
16-09-2023,QPR,Sunderland,,1-3,2.20,FT,2,away
16-09-2023,Sheffield Wed,Ipswich,,0-1,2.00,FT,2,away
16-09-2023,Watford,Birmingham,,2-0,2.00,FT,1,home
16-09-2023,Inter,Milan,,5-1,1.35,DC,1X,home
16-09-2023,Bochum,Eintracht Frankfurt,,1-1,2.95,FT,1,draw
16-09-2023,Celta Vigo,Mallorca,,0-1,2.00,FT,1,away
16-09-2023,Cardiff,Swansea,,2-0,2.50,FT,1,home
16-09-2023,Cagliari,Udinese,,0-0,3.25,FT,X,draw
16-09-2023,Millwall,Leeds,,0-3,2.35,FT,2,away
16-09-2023,Getafe,Osasuna,,3-2,2.90,FT,X,home
16-09-2023,Frosinone,Sassuolo,,4-2,3.40,FT,X,home
16-09-2023,Monza,Lecce,,1-1,2.10,FT,1,draw
16-09-2023,Heidenheim,Werder Bremen,,4-2,2.30,FT,1,home
16-09-2023,Darmstadt,B. Monchengladbach,,3-3,2.30,FT,2,draw
16-09-2023,Fiorentina,Atalanta,,3-2,3.50,FT,X,home
09-09-2023,York City,Boreham Wood,,2-2,2.70,FT,2,draw
09-09-2023,Eastleigh,Gateshead,,0-6,2.25,FT,2,away
09-09-2023,Kidderminster,Rochdale,,1-1,2.30,FT,1,draw
09-09-2023,Oxford City,Hartlepool,,5-2,1.95,FT,2,home
09-09-2023,Accrington,Mansfield,,0-3,2.20,FT,2,away
09-09-2023,Wimbledon,Stockport,,1-2,1.40,DC,X2,away
09-09-2023,Wealdstone,Ebbsfleet,,2-1,2.25,FT,2,home
09-09-2023,Colchester,Tranmere,,2-0,2.25,FT,1,home
09-09-2023,Crawley,Newport,,4-1,2.30,FT,2,home
09-09-2023,Forest Green,Crewe,,1-4,2.10,FT,1,away
09-09-2023,Milton Keynes Dons,Notts County,,1-1,1.25,DC,12,draw
09-09-2023,Salford,Walsall,,1-2,2.05,FT,1,away
09-09-2023,Romania,Israel,,1-1,1.30,DC,1X,draw
09-09-2023,Inter Miami,Sporting Kansas City,,3-2,3.10,FT,2,home
09-09-2023,Portland Timbers,Los Angeles FC,,2-0,2.25,FT,2,home
09-09-2023,Ferrol,Villarreal II,,2-2,1.90,FT,1,draw
09-09-2023,Santander,Amorebieta,,1-0,1.85,FT,1,home
09-09-2023,Cartagena,Zaragoza,,1-3,2.90,FT,X,away
09-09-2023,Mirandes,Andorra,,4-3,2.35,FT,2,home
09-09-2023,Valladolid,Elche,,1-1,3.00,FT,X,draw
02-09-2023,Coventry,Watford,,3-3,2.10,FT,1,draw
02-09-2023,Plymouth,Blackburn,,3-0,1.25,DC,12,home
02-09-2023,Stoke,Preston,,0-2,1.90,FT,1,away
02-09-2023,Gijon,Burgos CF,,2-1,2.00,FT,1,home
02-09-2023,Brest,Rennes,,0-0,2.10,FT,2,draw
02-09-2023,Brighton,Newcastle,,3-1,1.25,DC,12,home
02-09-2023,Alaves,Valencia,,1-0,2.90,FT,X,home
02-09-2023,Betis,Rayo Vallecano,,1-0,1.95,FT,1,home
02-09-2023,Monaco,Lens,,3-0,2.10,FT,1,home
02-09-2023,Greuther Furth,Hannover,,1-3,2.00,FT,1,away
02-09-2023,VfL Osnabruck,Elversberg,,0-1,2.35,FT,1,away
02-09-2023,Crystal Palace,Wolverhampton,,3-2,1.95,FT,1,home
02-09-2023,Le Havre,Lorient,,3-0,3.15,FT,X,home
02-09-2023,Metz,Reims,,2-2,1.90,FT,2,draw
02-09-2023,Mallorca,Ath Bilbao,,0-0,1.35,DC,X2,draw
02-09-2023,Eibar,Leganes,,0-1,2.00,FT,1,away
02-09-2023,Nice,Strasbourg,,2-0,1.95,FT,1,home
02-09-2023,Union Berlin,RB Leipzig,,0-3,2.20,FT,2,away
02-09-2023,Torino,Genoa,,1-0,2.00,FT,1,home
02-09-2023,Lecce,Salernitana,,2-0,2.00,FT,1,home
26-08-2023,Brentford,Crystal Palace,,1-1,1.30,DC,1X,draw
26-08-2023,Everton,Wolverhampton,,0-1,1.30,DC,12,away
26-08-2023,Birmingham,Plymouth,,2-1,1.85,FT,1,home
26-08-2023,Cardiff,Sheffield Wed,,2-1,2.10,FT,1,home
26-08-2023,Coventry,Sunderland,,0-0,2.10,FT,1,draw
26-08-2023,Huddersfield,Norwich,,0-4,2.10,FT,2,away
26-08-2023,Ipswich,Leeds,,3-4,2.30,FT,1,away
26-08-2023,Millwall,Stoke,,1-0,3.10,FT,2,home
26-08-2023,Preston,Swansea,,2-1,3.20,FT,X,home
26-08-2023,WBA,Middlesbrough,,4-2,1.35,DC,1X,home
26-08-2023,B. Monchengladbach,Bayer Leverkusen,,0-3,1.90,FT,2,away
26-08-2023,Verona,Roma,,2-1,1.85,FT,2,home
26-08-2023,Watford,Blackburn,,0-1,2.20,FT,1,away
26-08-2023,Burnley,Aston Villa,,1-3,2.15,FT,2,away
26-08-2023,Strasbourg,Toulouse,,2-0,3.60,FT,X,home
26-08-2023,Mainz,Eintracht Frankfurt,,1-1,2.40,FT,1,draw
26-08-2023,Newcastle,Liverpool,,1-2,2.15,FT,1,away
26-08-2023,Villarreal,Barcelona,,3-4,2.00,FT,2,away
26-08-2023,Valencia,Osasuna,,1-2,1.90,FT,1,away
26-08-2023,Nice,Olympique Lyon,,0-0,2.10,FT,1,draw
19-08-2023,Fulham,Brentford,,0-3,2.60,FT,2,away
19-08-2023,Bristol City,Birmingham,,0-2,3.20,FT,X,away
19-08-2023,QPR,Ipswich,,0-1,1.90,FT,2,away
19-08-2023,Sheffield Wed,Preston,,0-1,2.50,FT,1,away
19-08-2023,Stoke,Watford,,1-0,2.20,FT,1,home
19-08-2023,Swansea,Coventry,,1-1,1.40,DC,1X,draw
19-08-2023,Tottenham,Manchester Utd,,2-0,2.80,FT,1,home
19-08-2023,Empoli,Verona,,0-1,3.20,FT,X,away
19-08-2023,Genoa,Fiorentina,,1-4,1.30,DC,X2,away
19-08-2023,Osasuna,Ath Bilbao,,0-2,1.45,DC,1X,away
19-08-2023,Norwich,Millwall,,3-1,2.00,FT,1,home
19-08-2023,Union Berlin,Mainz,,4-1,2.00,FT,1,home
19-08-2023,Monaco,Strasbourg,,3-0,1.80,FT,1,home
19-08-2023,West Ham,Chelsea,,3-1,2.05,FT,2,home
19-08-2023,Girona,Getafe,,3-0,2.05,FT,1,home
19-08-2023,Sassuolo,Atalanta,,0-2,2.05,FT,2,away
19-08-2023,Lecce,Lazio,,2-1,2.10,FT,2,home
19-08-2023,Udinese,Juventus,,0-3,1.85,FT,2,away
19-08-2023,Lens,Rennes,,1-1,2.75,FT,2,draw
19-08-2023,Betis,Atl. Madrid,,0-0,2.00,FT,2,draw
12-08-2023,Bournemouth,West Ham,,1-1,1.30,DC,12,draw
12-08-2023,Everton,Fulham,,0-1,2.20,FT,1,away
12-08-2023,Sheffield Utd,Crystal Palace,,0-1,2.40,FT,2,away
12-08-2023,Cardiff,QPR,,1-2,1.95,FT,1,away
12-08-2023,Hull,Sheffield Wed,,4-2,2.25,FT,1,home
12-08-2023,Ipswich,Stoke,,2-0,3.50,FT,X,home
12-08-2023,Preston,Sunderland,,2-1,2.70,FT,1,home
12-08-2023,Rotherham,Blackburn,,2-2,2.40,FT,2,draw
12-08-2023,WBA,Swansea,,3-2,2.00,FT,1,home
12-08-2023,Las Palmas,Mallorca,,1-1,1.35,DC,1X,draw
12-08-2023,Ath Bilbao,Real Madrid,,0-2,2.10,FT,2,away
12-08-2023,Brentford,Tottenham,,2-2,2.40,FT,2,draw
12-08-2023,Clermont,Monaco,,2-4,2.00,FT,2,away
12-08-2023,Montpellier,Le Havre,,2-2,1.90,FT,1,draw
12-08-2023,Nantes,Toulouse,,1-2,3.30,FT,X,away
12-08-2023,Celta Vigo,Osasuna,,0-2,2.10,FT,1,away
12-08-2023,Aalesund,Ham-Kam,,0-2,2.05,FT,1,away
12-08-2023,Lillestrom,Viking,,1-3,2.80,FT,2,away
12-08-2023,Chelsea,Liverpool,,1-1,1.30,DC,12,draw
12-08-2023,Strasbourg,Olympique Lyon,,2-1,2.60,FT,1,home
05-08-2023,Blackburn,WBA,,2-1,2.60,FT,2,home
05-08-2023,Bristol City,Preston,,1-1,2.05,FT,1,draw
05-08-2023,Middlesbrough,Millwall,,0-1,1.95,FT,1,away
05-08-2023,Plymouth,Huddersfield,,3-1,2.15,FT,1,home
05-08-2023,Watford,QPR,,4-0,1.85,FT,1,home
05-08-2023,Dundee,Motherwell,,1-1,2.55,FT,1,draw
05-08-2023,Livingston,Aberdeen,,0-0,2.80,FT,1,draw
05-08-2023,St Johnstone,Hearts,,0-2,2.20,FT,2,away
05-08-2023,Zurich,Lugano,,3-0,3.50,FT,X,home
05-08-2023,Karlsruher,Hamburger,,2-2,2.15,FT,2,draw
05-08-2023,Magdeburg,Braunschweig,,2-1,1.75,FT,1,home
05-08-2023,Nurnberg,Hannover,,2-2,3.50,FT,X,draw
05-08-2023,Anderlecht,Antwerp,,1-0,1.45,DC,1X,home
05-08-2023,Kalmar,AIK,,1-1,2.35,FT,2,draw
05-08-2023,Hibernian,St. Mirren,,2-3,1.25,DC,1X,away
05-08-2023,Lyngby,Midtjylland,,4-1,1.30,DC,X2,home
05-08-2023,Baltika,Fakel,,2-1,3.45,FT,X,home
05-08-2023,Grasshoppers,Basel,,3-1,2.25,FT,2,home
05-08-2023,Sunderland,Ipswich,,1-2,2.45,FT,1,away
05-08-2023,Sochi,Akhmat Grozny,,1-2,2.25,FT,1,away
29-07-2023,SJK,Helsinki,,1-2,2.60,FT,1,away
29-07-2023,Hartberg,A. Lustenau,,2-2,1.85,FT,1,draw
29-07-2023,WSG Tirol,Austria Klagenfurt,,1-3,2.05,FT,1,away
29-07-2023,Wolfsberger,BW Linz,,2-1,1.30,DC,12,home
29-07-2023,Degerfors,Brommapojkarna,,2-0,2.70,FT,1,home
29-07-2023,Lausanne,Grasshoppers,,1-1,2.00,FT,1,draw
29-07-2023,Lugano,St. Gallen,,1-0,2.25,FT,1,home
29-07-2023,Halmstad,Varbergs BoIS FC,,0-5,1.90,FT,1,away
29-07-2023,Fortuna Dusseldorf,Hertha Berlin,,1-0,1.40,DC,1X,home
29-07-2023,Braunschweig,Holstein Kiel,,0-1,2.50,FT,2,away
29-07-2023,Greuther Furth,Paderborn,,5-0,2.40,FT,1,home
29-07-2023,Hansa Rostock,Nurnberg,,2-0,3.20,FT,X,home
29-07-2023,Haka,Lahti,,1-1,1.25,DC,1X,draw
29-07-2023,Mjallby,Djurgarden,,0-1,2.05,FT,2,away
29-07-2023,Honka,AC Oulu,,4-1,2.00,FT,1,home
29-07-2023,Fakel,Lokomotiv Moscow,,1-4,2.40,FT,2,away
29-07-2023,Austria Vienna,Sturm Graz,,0-3,2.00,FT,2,away
29-07-2023,Aalesund,Stromsgodset,,1-0,2.65,FT,2,home
29-07-2023,Goteborg,Kalmar,,2-0,2.20,FT,1,home
29-07-2023,Akhmat Grozny,CSKA,,2-3,2.10,FT,2,away
22-07-2023,Grasshoppers,Servette,,1-3,1.30,DC,X2,away
22-07-2023,St. Gallen,Basel,,2-1,1.80,FT,1,home
22-07-2023,Akhmat Grozny,Krylya Sovetov,,1-2,2.10,FT,1,away
22-07-2023,Koper,Olimpija,,2-1,2.20,FT,2,home
22-07-2023,Winterthur,Luzern,,0-0,1.25,DC,12,draw
22-07-2023,Lahti,Mariehamn,,0-2,2.20,FT,1,away
22-07-2023,Bellinzona,Wil,,0-2,2.10,FT,2,away
22-07-2023,Vaduz,Sion,,0-2,1.40,DC,X2,away
22-07-2023,AIK,Malmo,,0-0,2.00,FT,2,draw
22-07-2023,Liberec,Ostrava,,3-1,2.05,FT,1,home
22-07-2023,Odense,Randers,,2-2,2.00,FT,1,draw
22-07-2023,Ham-Kam,Stabaek,,3-2,2.15,FT,1,home
22-07-2023,Haugesund,Lillestrom,,1-0,2.10,FT,2,home
22-07-2023,Odd Grenland,Valerenga,,2-1,2.35,FT,1,home
22-07-2023,Tromso,Brann,,3-1,2.85,FT,1,home
22-07-2023,Goteborg,Halmstad,,0-0,2.10,FT,1,draw
22-07-2023,Silkeborg,Brondby,,1-2,2.40,FT,2,away
22-07-2023,Stromsgodset,Rosenborg,,0-1,2.30,FT,1,away
22-07-2023,Aluminij,Celje,,2-2,1.75,FT,2,draw
22-07-2023,Lok. Zagreb,Istra 1961,,1-1,2.80,FT,2,draw
15-07-2023,VPS,AC Oulu,,3-0,3.30,FT,X,home
15-07-2023,Ostersund,Landskrona,,4-1,3.00,FT,2,home
15-07-2023,Degerfors,Sirius,,0-3,1.45,DC,X2,away
15-07-2023,Hermannstadt,Farul Constanta,,0-1,2.00,FT,1,away
15-07-2023,Valerenga,Molde,,0-4,1.80,FT,2,away
15-07-2023,D. Zagreb,Hajduk Split,,1-0,1.25,DC,1X,home
15-07-2023,Rakow,Legia,,0-0,2.40,FT,2,draw
15-07-2023,Tokyo,Kashima Antlers,,1-3,3.00,FT,X,away
15-07-2023,Gamba Osaka,Kashiwa Reysol,,3-1,1.25,DC,1X,home
15-07-2023,Kyoto Purple Sanga,Nagoya GE,,2-1,1.95,FT,2,home
15-07-2023,Shonan Bellmare,Fukuoka,,0-1,3.10,FT,X,away
15-07-2023,Hammarby TFF,Kalmar,,3-1,1.85,FT,1,home
15-07-2023,AFC Eskilstuna,Brage,,2-1,2.10,FT,2,home
15-07-2023,Aalesund,Odd Grenland,,0-3,2.25,FT,1,away
15-07-2023,Rosenborg,Tromso,,2-1,3.50,FT,2,home
15-07-2023,Stabaek,Viking,,0-1,2.20,FT,2,away
15-07-2023,Mjallby,Norrkoping,,1-2,2.10,FT,1,away
15-07-2023,Lahti,SJK,,1-1,3.30,FT,X,draw
15-07-2023,Fluminense,Flamengo,,0-0,3.30,FT,X,draw
15-07-2023,Internacional,Palmeiras,,0-0,3.10,FT,X,draw
08-07-2023,Haka,Inter Turku,,2-2,1.35,DC,X2,draw
08-07-2023,SJK,Honka,,1-0,1.30,DC,1X,home
08-07-2023,Gefle,AFC Eskilstuna,,2-0,3.20,FT,X,home
08-07-2023,Farul Constanta,Sepsi,,0-1,2.15,FT,1,away
08-07-2023,Montreal,Atlanta Utd,,0-1,2.80,FT,2,away
08-07-2023,Charlotte FC,Cincinnati,,2-2,1.60,DC,X2,draw
08-07-2023,New York,New England,,2-1,1.85,FT,1,home
08-07-2023,Toronto,St. Louis City,,0-1,2.45,FT,2,away
08-07-2023,Chicago,Nashville,,1-0,3.30,FT,X,home
08-07-2023,Fredrikstad,Kongsvinger,,1-1,2.20,FT,1,draw
08-07-2023,Moss,Bryne,,2-1,2.00,FT,1,home
08-07-2023,Sirius,Hammarby TFF,,1-2,2.50,FT,2,away
08-07-2023,Brage,Orgryte,,4-1,2.30,FT,1,home
08-07-2023,Rosenborg,Lillestrom,,1-2,2.20,FT,1,away
08-07-2023,Sandefjord,Stabaek,,0-0,2.35,FT,1,draw
08-07-2023,Stromsgodset,Sarpsborg 08,,5-2,2.20,FT,2,home
08-07-2023,Tromso,Valerenga,,0-0,2.30,FT,1,draw
08-07-2023,Kalmar,Elfsborg,,0-4,2.15,FT,2,away
08-07-2023,Mariehamn,AC Oulu,,1-2,2.20,FT,2,away
08-07-2023,Molde,Brann,,2-0,2.00,FT,1,home
01-07-2023,Valerenga,Viking,,1-2,2.80,FT,2,away
01-07-2023,Haugesund,Odd Grenland,,2-1,3.25,FT,X,home
01-07-2023,Aalesund,Rosenborg,,1-0,1.30,DC,X2,home
01-07-2023,Brommapojkarna,AIK,,0-2,2.80,FT,1,away
01-07-2023,Degerfors,Varnamo,,0-2,2.30,FT,1,away
01-07-2023,Halmstad,Goteborg,,0-0,2.60,FT,1,draw
01-07-2023,Honka,Helsink,,1-1,2.15,FT,2,draw
01-07-2023,Ilves,SJK,,1-1,3.05,FT,X,draw
01-07-2023,VPS,Inter Turku,,3-0,1.35,DC,X2,home
01-07-2023,El Salvador,Costa Rica,,0-0,2.10,FT,2,draw
01-07-2023,Cuba,Guadeloupe,,1-4,2.25,FT,2,away
01-07-2023,San Lorenzo,Rosario Central,,1-0,1.95,FT,1,home
01-07-2023,Sao Paulo,Fluminense,,1-0,2.05,FT,1,home
01-07-2023,Internacional,Cruzeiro,,0-0,2.20,FT,1,draw
01-07-2023,Corinthians,Bragantino,,0-1,3.05,FT,X,away
01-07-2023,Athletico-PR,Palmeiras,,2-2,3.00,FT,1,draw
01-07-2023,Inter Miami,Austin FC,,1-1,3.50,FT,X,draw
01-07-2023,Columbus Crew,New York Red Bulls,,2-1,1.95,FT,1,home
01-07-2023,CF Montreal,New York City,,0-1,1.30,DC,12,away
01-07-2023,FC Cincinnati,New England Revolution,,2-2,2.05,FT,1,draw
24-06-2023,Huracan,Newells Old Boys,,1-1,2.75,FT,X,draw
24-06-2023,Argentinos Jrs,Defensa y Justicia,,3-1,1.90,FT,1,home
24-06-2023,Viking,Brann,,3-1,1.25,DC,12,home
24-06-2023,Portugal U21,Netherlands U21,,1-1,2.60,FT,2,draw
24-06-2023,Romania U21,Ukraine U21,,0-1,2.05,FT,2,away
24-06-2023,Sogndal,Fredrikstad,,0-1,3.20,FT,X,away
24-06-2023,Athletico-PR,Corinthians,,1-0,1.25,DC,1X,home
24-06-2023,Union de Santa Fe,Independiente,,3-0,3.00,FT,X,home
24-06-2023,Lanus,Talleres,,2-1,2.95,FT,X,home
24-06-2023,DC United,Cincinnati,,3-0,2.65,FT,2,home
24-06-2023,Cruzeiro,Sao Paulo,,1-0,1.30,DC,1X,home
24-06-2023,Colorado,Los Angeles Galaxy,,0-0,2.10,FT,1,draw
24-06-2023,Salt Lake,Minnesota,,2-2,2.30,FT,1,draw
24-06-2023,San Jose,St. Louis City,,1-2,2.05,FT,1,away
24-06-2023,Seattle,Orlando City,,0-0,1.95,FT,1,draw
24-06-2023,Ham-Kam,Odd Grenland,,0-1,2.90,FT,2,away
24-06-2023,Rosenborg,Sarpsborg 08,,0-3,2.05,FT,1,away
24-06-2023,Tromso,Stabaek,,2-1,2.10,FT,1,home
24-06-2023,Switzerland U21,Italy U21,,2-3,1.95,FT,2,away
24-06-2023,Arsenal Sarandi,Platense,,0-2,2.90,FT,1,away
17-06-2023,KaPa,JaPS,,3-1,2.25,FT,2,home
17-06-2023,Saipa,Gnistan,,1-3,2.15,FT,2,away
17-06-2023,SJK II,HIFK,,2-2,2.40,FT,1,draw
17-06-2023,Lithuania,Bulgaria,,1-1,2.20,FT,2,draw
17-06-2023,Norway,Scotland,,1-2,2.00,FT,1,away
17-06-2023,Azerbaijan,Estonia,,1-1,2.00,FT,1,draw
17-06-2023,Montenegro,Hungary,,0-0,1.30,DC,X2,draw
17-06-2023,Cyprus,Georgia,,1-2,2.00,FT,2,away
17-06-2023,Iceland,Slovakia,,1-2,2.60,FT,2,away
17-06-2023,Levante,Alaves,,0-0,1.25,DC,1X,draw
17-06-2023,New York City,Columbus,,1-1,2.15,FT,1,draw
17-06-2023,New England,Orlando City,,3-1,1.80,FT,1,home
17-06-2023,Guyana,Grenada,,1-1,2.40,FT,1,draw
17-06-2023,San Jose,Portland,,0-0,2.00,FT,1,draw
17-06-2023,Shimizu SP,Urawa RD,,1-1,2.15,FT,2,draw
17-06-2023,Bellmare S.,Kawasaki F.,,2-3,2.15,FT,2,away
17-06-2023,Nagoya GE,Sanfrecce Hiroshima,,2-1,1.45,DC,1X,home
17-06-2023,Kashiwa R.,Fukuoka,,0-1,3.10,FT,X,away
17-06-2023,Cerezo Osaka,Gamba Osaka,,0-1,2.00,FT,1,away
17-06-2023,Kyoto Purple Sanga,Tokyo,,1-3,3.20,FT,X,away
10-06-2023,Varbergs BoIS FC,Halmstad,,1-2,1.40,DC,X2,away
10-06-2023,Montreal,Minnesota,,4-0,1.30,DC,12,home
10-06-2023,Charlotte FC,Seattle,,3-3,2.40,FT,1,draw
10-06-2023,Toronto,Nashville,,1-1,2.65,FT,2,draw
10-06-2023,Chicago,Columbus,,1-2,1.30,DC,12,away
10-06-2023,Houston,Los Angeles,,4-0,2.30,FT,2,home
10-06-2023,Kansas City,Austin,,4-1,1.90,FT,1,home
10-06-2023,Salt Lake,New York City,,0-0,2.15,FT,1,draw
10-06-2023,San Jose,Philadelphia,,2-1,3.45,FT,X,home
10-06-2023,Bryne,Asane,,1-2,2.00,FT,1,away
10-06-2023,Fredrikstad,Start,,3-1,3.45,FT,X,home
10-06-2023,Kongsvinger,Ranheim,,3-0,1.95,FT,1,home
10-06-2023,Sandnes,Hodd,,1-3,1.90,FT,1,away
10-06-2023,AIK,Elfsborg,,1-2,2.15,FT,2,away
10-06-2023,Sirius,Goteborg,,2-0,3.15,FT,2,home
10-06-2023,Krasnodar,CSKA,,1-1,1.95,FT,2,draw
10-06-2023,Aalesund,Tromso,,2-3,3.10,FT,X,away
10-06-2023,Haugesund,Sandefjord,,3-2,1.90,FT,1,home
10-06-2023,Sarpsborg 08,Viking,,1-3,2.00,FT,1,away
10-06-2023,Stabaek,Rosenborg,,2-2,3.20,FT,X,draw
02-06-2023,Roma,Spezia,,2-1,1.30,DC,12,home
02-06-2023,Cremonese,Salernitana,,2-0,1.45,DC,X2,home
02-06-2023,Empoli,Lazio,,0-2,2.05,FT,2,away
02-06-2023,Lecce,Bologna,,2-3,2.60,FT,2,away
02-06-2023,Sassuolo,Fiorentina,,1-3,2.50,FT,1,away
02-06-2023,Torino,Inter,,0-1,2.25,FT,1,away
02-06-2023,Udinese,Juventus,,0-1,1.95,FT,2,away
02-06-2023,Union de Santa Fe,Gimnasia L.P.,,2-0,3.20,FT,X,home
02-06-2023,Braga,Porto,,0-2,2.00,FT,2,away
02-06-2023,Genk,Antwerp,,2-2,2.65,FT,2,draw
02-06-2023,Betis,Valencia,,1-1,2.45,FT,2,draw
02-06-2023,Celta Vigo,Barcelona,,2-1,2.70,FT,1,home
02-06-2023,Elche,Cadiz,,1-1,2.60,FT,1,draw
02-06-2023,Espanyol,Almeria,,3-3,2.30,FT,2,draw
02-06-2023,Mallorca,Rayo Vallecano,,3-0,2.30,FT,2,home
02-06-2023,Osasuna,Girona,,2-1,2.10,FT,1,home
02-06-2023,Real Madrid,Ath Bilbao,,1-1,1.95,FT,1,draw
02-06-2023,Sociedad,Sevilla,,2-1,1.80,FT,1,home
02-06-2023,Valladolid,Getafe,,0-0,1.30,DC,1X,draw
02-06-2023,Villarreal,Atl. Madrid,,2-2,2.45,FT,2,draw
27-05-2023,Coventry,Luton,,1-1,3.00,FT,X,draw
27-05-2023,Fiorentina,Roma,,2-1,1.35,DC,12,home
27-05-2023,Angers,Troyes,,2-1,1.95,FT,1,home
27-05-2023,Clermont,Lorient,,2-0,2.15,FT,1,home
27-05-2023,Montpellier,Nice,,2-3,2.45,FT,1,away
27-05-2023,Rennes,Monaco,,2-0,1.25,DC,12,home
27-05-2023,Toulouse,Auxerre,,1-1,1.30,DC,12,draw
27-05-2023,AZ Alkmaar,PSV,,1-2,2.40,FT,2,away
27-05-2023,Cambuur,RKC Waalwijk,,4-0,3.35,FT,1,home
27-05-2023,Bologna,Napoli,,2-2,2.15,FT,2,draw
27-05-2023,Monza,Lecce,,0-1,2.60,FT,1,away
27-05-2023,Chaves,Boavista,,1-4,2.05,FT,1,away
27-05-2023,Gil Vicente,Casa Pia,,1-0,3.45,FT,X,home
27-05-2023,Portimonense,Arouca,,0-2,2.35,FT,2,away
27-05-2023,Aston Villa,Brighton,,2-1,2.00,FT,1,home
27-05-2023,Chelsea,Newcastle,,1-1,2.50,FT,2,draw
27-05-2023,Leeds,Tottenham,,1-4,2.70,FT,1,away
27-05-2023,Leicester,West Ham,,2-1,1.95,FT,1,home
27-05-2023,Juventus,Milan,,0-1,2.35,FT,1,away
27-05-2023,Corinthians,Fluminense,,2-0,3.05,FT,X,home
20-05-2023,Fulham,Crystal Palace,,2-2,2.40,FT,1,draw
20-05-2023,Wolverhampton,Everton,,1-1,1.30,DC,12,draw
20-05-2023,Nantes,Montpellier,,0-3,2.15,FT,1,away
20-05-2023,Almeria,Mallorca,,3-0,2.25,FT,1,home
20-05-2023,Cartagena,Las Palmas,,1-4,2.50,FT,2,away
20-05-2023,Leganes,Andorra,,1-1,2.00,FT,1,draw
20-05-2023,Oviedo,Santander,,1-0,2.15,FT,1,home
20-05-2023,Ibiza,Zaragoza,,1-0,2.00,FT,2,home
20-05-2023,Lille,Marseille,,2-1,1.30,DC,12,home
20-05-2023,Lecce,Spezia,,0-0,3.20,FT,X,draw
20-05-2023,Rayo Vallecano,Espanyol,,1-2,2.15,FT,1,away
20-05-2023,West Ham,Leeds,,3-1,1.30,DC,12,home
20-05-2023,Torino,Fiorentina,,1-1,2.25,FT,1,draw
20-05-2023,Brest,Clermont,,2-1,2.05,FT,1,home
20-05-2023,Mainz,Stuttgart,,1-4,2.70,FT,2,away
20-05-2023,Napoli,Inter,,3-1,2.80,FT,1,home
20-05-2023,Valencia,Real Madrid,,1-0,2.20,FT,2,home
20-05-2023,Udinese,Lazio,,0-1,2.00,FT,2,away
20-05-2023,Sevilla,Betis,,0-0,2.30,FT,1,draw
20-05-2023,Sporting,Benfica,,2-2,2.50,FT,2,draw
13-05-2023,Aston Villa,Tottenham,,2-1,2.25,FT,1,home
13-05-2023,Crystal Palace,Bournemouth,,2-0,1.30,DC,12,home
13-05-2023,Southampton,Fulham,,0-2,2.50,FT,2,away
13-05-2023,Osasuna,Almeria,,3-1,2.05,FT,1,home
13-05-2023,Strasbourg,Nice,,2-0,1.40,DC,1X,home
13-05-2023,Spezia,Milan,,2-0,1.90,FT,2,home
13-05-2023,Villarreal,Ath Bilbao,,5-1,1.35,DC,1X,home
13-05-2023,St. Pauli,Fortuna Dusseldorf,,0-0,2.00,FT,1,draw
13-05-2023,Verona,Torino,,0-1,2.35,FT,1,away
13-05-2023,Hannover,Darmstadt,,2-1,1.80,FT,2,home
13-05-2023,Paderborn,Heidenheim,,3-2,2.20,FT,1,home
13-05-2023,Celta,Valencia,,1-2,2.25,FT,1,away
13-05-2023,Brentford,West Ham,,2-0,2.05,FT,1,home
13-05-2023,Brest,Auxerre,,1-0,2.10,FT,1,home
13-05-2023,Toulouse,Nantes,,0-0,3.30,FT,2,draw
13-05-2023,Stuttgart,Leverkusen,,1-1,2.50,FT,1,draw
13-05-2023,Monaco,Lille,,0-0,2.70,FT,1,draw
13-05-2023,Arsenal,Brighton,,0-3,1.75,FT,1,away
13-05-2023,Bologna,Roma,,0-0,2.40,FT,2,draw
13-05-2023,Valladolid,Sevilla,,0-3,2.20,FT,1,away
06-05-2023,Bournemouth,Chelsea,,1-3,3.35,FT,1,away
06-05-2023,Wolverhampton,Aston Villa,,1-0,1.40,DC,X2,home
06-05-2023,Santa Clara,Gil Vicente,,3-2,2.50,FT,2,home
06-05-2023,Nice,Rennes,,2-1,2.80,FT,2,home
06-05-2023,Roma,Inter,,0-2,1.35,DC,12,away
06-05-2023,Reims,Lille,,1-0,2.00,FT,2,home
06-05-2023,NEC,Heerenveen,,2-3,2.10,FT,1,away
06-05-2023,Cremonese,Spezia,,2-0,2.30,FT,1,home
06-05-2023,Lens,Marseille,,2-1,1.30,DC,12,home
06-05-2023,Atalanta,Juventus,,0-2,2.35,FT,1,away
06-05-2023,Torino,Monza,,1-1,2.00,FT,1,draw
06-05-2023,Ajaccio,Toulouse,,0-0,2.15,FT,2,draw
06-05-2023,Auxerre,Clermont,,1-1,2.35,FT,1,draw
06-05-2023,Lorient,Brest,,2-1,2.90,FT,2,home
06-05-2023,Nantes,Strasbourg,,0-2,2.50,FT,2,away
06-05-2023,Maritimo,Rio Ave,,2-2,2.30,FT,1,draw
06-05-2023,Newcastle,Arsenal,,0-2,2.45,FT,1,away
06-05-2023,Guimaraes,Vizela,,3-0,2.30,FT,1,home
06-05-2023,West Ham,Manchester Utd,,1-0,2.05,FT,2,home
06-05-2023,Lecce,Verona,,0-1,2.20,FT,1,away
29-04-2023,Reading,Wigan,,1-1,1.35,DC,12,draw
29-04-2023,Stoke,QPR,,0-1,3.75,FT,2,away
29-04-2023,Elche,Rayo Vallecano,,4-0,1.80,FT,2,home
29-04-2023,Maritimo,Guimaraes,,1-2,2.50,FT,1,away
29-04-2023,Roma,Milan,,1-1,2.70,FT,1,draw
29-04-2023,WBA,Norwich,,2-1,2.00,FT,1,home
29-04-2023,Torino,Atalanta,,1-2,1.40,DC,X2,away
29-04-2023,Nantes,Toulouse,,1-5,1.30,DC,12,away
29-04-2023,Cardiff,Huddersfield,,1-2,2.35,FT,1,away
29-04-2023,Cadiz,Valencia,,2-1,2.35,FT,2,home
29-04-2023,Bournemouth,Leeds,,4-1,2.55,FT,2,home
29-04-2023,Cremonese,Verona,,1-1,2.40,FT,2,draw
29-04-2023,Sassuolo,Empoli,,2-1,1.75,FT,1,home
29-04-2023,Clermont,Reims,,1-0,3.50,FT,X,home
29-04-2023,Villarreal,Celta Vigo,,3-1,1.80,FT,1,home
29-04-2023,Estoril,Santa Clara,,3-0,3.35,FT,2,home
29-04-2023,Ajax,PSV,,1-1,2.20,FT,1,draw
29-04-2023,Besiktas,Galatasaray,,3-1,2.60,FT,1,home
29-04-2023,Espanyol,Getafe,,1-0,3.00,FT,X,home
29-04-2023,Bologna,Juventus,,1-1,3.00,FT,X,draw
22-04-2023,Brentford,Aston Villa,,1-1,2.80,FT,2,draw
22-04-2023,Crystal Palace,Everton,,0-0,2.05,FT,1,draw
22-04-2023,Leicester,Wolverhampton,,2-1,2.45,FT,1,home
22-04-2023,Birmingham,Blackpool,,0-1,2.10,FT,1,away
22-04-2023,Bristol City,Rotherham,,2-1,1.30,DC,1X,home
22-04-2023,Cardiff,Stoke,,1-1,2.40,FT,1,draw
22-04-2023,Hull,Watford,,1-0,2.65,FT,2,home
22-04-2023,Norwich,Swansea,,0-3,2.05,FT,1,away
22-04-2023,Wigan,Millwall,,2-1,2.00,FT,2,home
22-04-2023,Preston,Blackburn,,1-1,1.40,DC,1X,draw
22-04-2023,Lens,Monaco,,3-0,3.50,FT,X,home
22-04-2023,WBA,Sunderland,,1-2,1.95,FT,1,away
22-04-2023,Reims,Strasbourg,,0-2,1.95,FT,1,away
22-04-2023,PSV,Ajax,,3-0,2.30,FT,1,home
22-04-2023,Bournemouth,West Ham,,0-4,2.60,FT,2,away
22-04-2023,Barcelona,Atl. Madrid,,1-0,1.95,FT,1,home
22-04-2023,Montpellier,Rennes,,1-0,2.25,FT,2,home
22-04-2023,Olympique Lyon,Olympique Marseille,,1-2,1.45,DC,1X,away
22-04-2023,Juventus,Napoli,,0-1,2.60,FT,2,away
22-04-2023,Sevilla,Villarreal,,2-1,3.30,FT,X,home
15-04-2023,Chelsea,Brighton,,1-2,2.65,FT,2,away
15-04-2023,Everton,Fulham,,1-3,2.05,FT,1,away
15-04-2023,Southampton,Crystal Palace,,0-2,2.65,FT,2,away
15-04-2023,Wolverhampton,Brentford,,2-0,2.50,FT,1,home
15-04-2023,Ath Bilbao,Sociedad,,2-0,1.30,DC,1X,home
15-04-2023,Estoril,Portimonense,,0-1,2.30,FT,1,away
15-04-2023,Maritimo,Ferreira,,3-1,1.35,DC,1X,home
15-04-2023,Rennes,Reims,,3-0,2.20,FT,1,home
15-04-2023,Sparta,Heerenveen,,4-0,2.30,FT,1,home
15-04-2023,NEC,Vitesse,,1-4,2.15,FT,1,away
15-04-2023,Lecce,Sampdoria,,1-1,1.95,FT,1,draw
15-04-2023,Utrecht,Twente,,1-0,2.30,FT,2,home
15-04-2023,Auxerre,Nantes,,2-1,3.05,FT,X,home
15-04-2023,Brest,Nice,,1-0,2.35,FT,2,home
15-04-2023,Clermont,Angers,,2-1,1.85,FT,1,home
15-04-2023,Werder,Freiburg,,1-2,1.45,DC,X2,away
15-04-2023,Rio Ave,Casa Pia,,1-1,2.45,FT,1,draw
15-04-2023,Sassuolo,Juventus,,1-0,2.00,FT,2,home
15-04-2023,Wolfsburg,Leverkusen,,0-0,2.40,FT,2,draw
15-04-2023,Valencia,Sevilla,,0-2,2.20,FT,1,away
08-04-2023,Brentford,Newcastle,,1-2,1.30,DC,X2,away
08-04-2023,Fulham,West Ham,,0-1,3.20,FT,X,away
08-04-2023,Tottenham,Brighton,,2-1,2.50,FT,1,home
08-04-2023,Wolverhampton,Chelsea,,1-0,1.95,FT,2,home
08-04-2023,Espanyol,Ath Bilbao,,1-2,2.20,FT,2,away
08-04-2023,Sampdoria,Cremonese,,2-3,2.30,FT,1,away
08-04-2023,Torino,Roma,,0-1,2.35,FT,2,away
08-04-2023,Verona,Sassuolo,,2-1,1.50,DC,X2,home
08-04-2023,Vitesse,Go Head,,2-0,2.00,FT,1,home
08-04-2023,Lazio,Juventus,,2-1,2.95,FT,X,home
08-04-2023,Valladolid,Mallorca,,3-3,2.50,FT,1,draw
08-04-2023,Emmen,NEC,,0-0,1.40,DC,X2,draw
08-04-2023,Leeds,Crystal Palace,,1-5,2.10,FT,1,away
08-04-2023,B. Monchengladbach,Wolfsburg,,2-0,2.80,FT,2,home
08-04-2023,Nantes,Monaco,,2-2,1.95,FT,2,draw
08-04-2023,Liverpool,Arsenal,,2-2,2.40,FT,2,draw
08-04-2023,Bochum,Stuttgart,,2-3,2.30,FT,2,away
08-04-2023,Almeria,Valencia,,2-1,2.45,FT,2,home
08-04-2023,Hoffenheim,Schalke,,2-0,1.95,FT,1,home
08-04-2023,Rayo Vallecano,Atl. Madrid,,1-2,1.85,FT,2,away
01-04-2023,Bournemouth,Fulham,,2-1,1.50,DC,X2,home
01-04-2023,Crystal Palace,Leicester,,2-1,3.20,FT,X,home
01-04-2023,Nottingham,Wolverhampton,,1-1,1.50,DC,1X,draw
01-04-2023,Birmingham,Blackburn,,1-0,2.85,FT,2,home
01-04-2023,Cardiff,Swansea,,2-3,2.45,FT,1,away
01-04-2023,Coventry,Stoke,,0-4,1.40,DC,1X,away
01-04-2023,Hull,Rotherham,,0-0,3.35,FT,X,draw
01-04-2023,Norwich,Sheffield Utd,,0-1,3.30,FT,X,away
01-04-2023,WBA,Millwall,,0-0,1.85,FT,1,draw
01-04-2023,Wigan,QPR,,1-0,3.10,FT,X,home
01-04-2023,Cadiz,Sevilla,,0-2,3.10,FT,X,away
01-04-2023,Rennes,Lens,,0-1,3.30,FT,X,away
01-04-2023,Bologna,Udinese,,3-0,3.30,FT,X,home
01-04-2023,Monza,Lazio,,0-2,2.05,FT,2,away
01-04-2023,Spezia,Salernitana,,1-1,3.30,FT,X,draw
01-04-2023,Nantes,Reims,,0-3,3.30,FT,X,away
01-04-2023,Koln,B. Monchengladbach,,0-0,2.20,FT,1,draw
01-04-2023,Newcastle,Manchester Utd,,2-0,3.40,FT,X,home
01-04-2023,Werder,Hoffenheim,,1-2,2.30,FT,1,away
01-04-2023,Villarreal,Sociedad,,2-0,2.40,FT,1,home
25-03-2023,Charlton,Wycombe,,1-1,2.70,FT,2,draw
25-03-2023,Peterborough,Derby,,2-0,2.55,FT,1,home
25-03-2023,Portsmouth,Port Vale,,2-2,2.00,FT,1,draw
25-03-2023,Gillingham,Carlisle,,1-0,1.35,DC,X2,home
25-03-2023,Grimsby,Walsall,,1-1,1.30,DC,1X,draw
25-03-2023,Mansfield,Sutton,,0-0,3.30,FT,X,draw
25-03-2023,Swindon,Stockport County,,0-1,3.25,FT,X,away
25-03-2023,Santander,Levante,,0-1,1.30,DC,X2,away
25-03-2023,Portland Timbers,Los Angeles Galaxy,,0-0,3.00,FT,2,draw
25-03-2023,Columbus Crew,Atlanta Utd,,6-1,2.60,FT,2,home
25-03-2023,DC United,New England Revolution,,1-2,2.20,FT,1,away
25-03-2023,Inter Miami,Chicago Fire,,2-3,2.00,FT,1,away
25-03-2023,Houston Dynamo,New York City,,1-0,2.70,FT,2,home
25-03-2023,Minnesota United,Vancouver Whitecaps,,1-1,2.90,FT,2,draw
25-03-2023,Nashville SC,FC Cincinnati,,0-1,2.00,FT,1,away
25-03-2023,Sporting Kansas City,Seattle Sounders,,1-4,2.30,FT,1,away
25-03-2023,Real Salt Lake,St. Louis City,,0-4,1.95,FT,1,away
25-03-2023,Ponferradina,Mirandes,,0-0,2.00,FT,1,draw
25-03-2023,Zaragoza,Albacete,,1-1,2.10,FT,1,draw
25-03-2023,Raith,Hamilton,,0-1,2.15,FT,1,away
18-03-2023,Brentford,Leicester,,1-1,1.95,FT,1,draw
18-03-2023,Wolverhampton,Leeds,,2-4,1.30,DC,1X,away
18-03-2023,Rayo Vallecano,Girona,,2-2,2.05,FT,1,draw
18-03-2023,Toulouse,Lille,,0-2,2.05,FT,2,away
18-03-2023,Salernitana,Bologna,,2-2,1.30,DC,X2,draw
18-03-2023,Espanyol,Celta Vigo,,1-3,1.40,DC,X2,away
18-03-2023,Arouca,Ferreira,,1-1,2.10,FT,1,draw
18-03-2023,Udinese,Milan,,3-1,2.15,FT,2,home
18-03-2023,Sampdoria,Verona,,3-1,3.05,FT,X,home
18-03-2023,Montpellier,Clermont,,2-1,1.85,FT,1,home
18-03-2023,Strasbourg,Auxerre,,2-0,2.00,FT,1,home
18-03-2023,Troyes,Brest,,2-2,3.30,FT,X,draw
18-03-2023,Union Berlin,Eintracht Frankfurt,,2-0,3.20,FT,X,home
18-03-2023,Osasuna,Villarreal,,0-3,3.15,FT,X,away
18-03-2023,Lazio,AS Roma,,1-0,3.00,FT,X,home
18-03-2023,Getafe,Sevilla,,2-0,3.00,FT,X,home
18-03-2023,Mainz,Freiburg,,1-1,2.15,FT,1,draw
18-03-2023,Inter,Juventus,,0-1,1.95,FT,1,away
18-03-2023,Reims,Olympique Marseille,,1-2,3.50,FT,X,away
18-03-2023,Barcelona,Real Madrid,,2-1,2.15,FT,1,home
11-03-2023,Everton,Brentford,,1-0,1.35,DC,12,home
11-03-2023,Leeds,Brighton,,2-2,2.00,FT,2,draw
11-03-2023,Leicester,Chelsea,,1-3,2.00,FT,2,away
11-03-2023,Birmingham,Rotherham,,2-0,2.00,FT,1,home
11-03-2023,Coventry,Hull,,1-1,2.00,FT,1,draw
11-03-2023,Preston,Cardiff,,2-0,1.45,DC,X2,home
11-03-2023,QPR,Watford,,1-0,1.35,DC,X2,home
11-03-2023,Reading,Millwall,,0-1,2.10,FT,2,away
11-03-2023,Sheffield Utd,Luton,,0-1,2.00,FT,1,away
11-03-2023,Swansea,Middlesbrough,,1-3,2.15,FT,2,away
11-03-2023,Auxerre,Rennes,,0-0,1.95,FT,2,draw
11-03-2023,Bologna,Lazio,,0-0,2.40,FT,2,draw
11-03-2023,Lecce,Torino,,0-2,2.95,FT,X,away
11-03-2023,Norwich,Sunderland,,0-1,1.85,FT,1,away
11-03-2023,West Ham,Aston Villa,,1-1,3.30,FT,2,draw
11-03-2023,Verona,Monza,,1-1,3.10,FT,X,draw
11-03-2023,Nantes,Nice,,2-2,2.45,FT,2,draw
11-03-2023,Freiburg,Hoffenheim,,2-1,1.95,FT,1,home
11-03-2023,Werder,Leverkusen,,2-3,2.15,FT,2,away
11-03-2023,Wolfsburg,Union Berlin,,1-1,2.25,FT,1,draw
04-03-2023,Aston Villa,Crystal Palace,,1-0,2.05,FT,1,home
04-03-2023,Wolverhampton,Tottenham,,1-0,2.30,FT,2,home
04-03-2023,Huddersfield,Coventry,,0-4,1.30,DC,12,away
04-03-2023,Luton,Swansea,,1-0,2.00,FT,1,home
04-03-2023,Millwall,Norwich,,2-3,1.50,DC,X2,away
04-03-2023,Rotherham,QPR,,3-1,2.80,FT,1,home
04-03-2023,Sunderland,Stoke,,1-5,3.20,FT,2,away
04-03-2023,Watford,Preston,,0-0,1.80,FT,1,draw
04-03-2023,Wigan,Birmingham,,1-1,2.30,FT,1,draw
04-03-2023,Lens,Lille,,1-1,2.30,FT,1,draw
04-03-2023,Southampton,Leicester,,1-0,2.60,FT,2,home
04-03-2023,Fiorentina,Milan,,2-1,1.40,DC,X2,home
04-03-2023,Valladolid,Espanyol,,2-1,3.20,FT,X,home
04-03-2023,Nottingham,Everton,,2-2,2.70,FT,1,draw
04-03-2023,Liverpool,Manchester Utd,,7-0,3.60,FT,X,home
04-03-2023,Wolfsburg,Eintracht Frankfurt,,2-2,2.45,FT,1,draw
04-03-2023,Rayo Vallecano,Ath Bilbao,,0-0,3.05,FT,X,draw
04-03-2023,Roma,Juventus,,1-0,3.10,FT,X,home
04-03-2023,Rennes,Olympique Marseille,,0-1,2.40,FT,2,away
04-03-2023,Betis,Real Madrid,,0-0,1.75,FT,2,draw
25-02-2023,Everton,Aston Villa,,0-2,3.00,FT,2,away
25-02-2023,Leeds,Southampton,,1-0,3.70,FT,2,home
25-02-2023,Birmingham,Luton,,0-1,1.50,DC,1X,away
25-02-2023,Bristol City,Hull,,1-0,1.35,DC,1X,home
25-02-2023,Preston,Wigan,,2-1,3.20,FT,2,home
25-02-2023,Cadiz,Rayo Vallecano,,1-0,3.00,FT,X,home
25-02-2023,Schalke,Stuttgart,,2-1,3.30,FT,X,home
25-02-2023,Real Madrid,Atl. Madrid,,1-1,1.80,FT,1,draw
25-02-2023,Lecce,Sassuolo,,0-1,3.20,FT,X,away
25-02-2023,Valencia,Sociedad,,1-0,2.40,FT,2,home
25-02-2023,Lorient,Auxerre,,0-1,2.10,FT,1,away
25-02-2023,Tottenham,Chelsea,,2-0,2.45,FT,1,home
25-02-2023,Salernitana,Monza,,3-0,2.20,FT,2,home
25-02-2023,Ajaccio,Troyes,,2-1,2.20,FT,1,home
25-02-2023,Clermont,Strasbourg,,1-1,3.10,FT,X,draw
25-02-2023,Nantes,Rennes,,0-1,3.30,FT,X,away
25-02-2023,Reims,Toulouse,,3-0,2.10,FT,1,home
25-02-2023,Freiburg,Leverkusen,,1-1,2.20,FT,1,draw
25-02-2023,Milan,Atalanta,,2-0,2.15,FT,1,home
25-02-2023,Olympique Marseille,PSG,,0-3,1.55,DC,1X,away
18-02-2023,Brentford,Crystal Palace,,1-1,1.85,FT,1,draw
18-02-2023,Everton,Leeds,,1-0,2.40,FT,1,home
18-02-2023,Blackburn,Swansea,,1-0,2.65,FT,1,home
18-02-2023,Blackpool,Stoke,,1-0,1.40,DC,X2,home
18-02-2023,Huddersfield,Birmingham,,2-1,1.45,DC,1X,home
18-02-2023,Hull,Preston,,0-0,2.10,FT,1,draw
18-02-2023,Luton,Burnley,,0-1,2.20,FT,2,away
18-02-2023,Rotherham,Coventry,,0-2,3.30,FT,X,away
18-02-2023,Sunderland,Bristol City,,1-1,2.00,FT,1,draw
18-02-2023,Wigan,Norwich,,0-0,2.00,FT,2,draw
18-02-2023,Nice,Reims,,0-0,1.30,DC,1X,draw
18-02-2023,Monza,Milan,,0-1,2.10,FT,2,away
18-02-2023,Newcastle,Liverpool,,0-2,2.50,FT,1,away
18-02-2023,Mallorca,Villarreal,,4-2,2.45,FT,2,home
18-02-2023,Strasbourg,Angers,,2-1,1.90,FT,1,home
18-02-2023,Elche,Espanyol,,0-1,2.60,FT,2,away
18-02-2023,Lorient,Ajaccio,,3-0,2.05,FT,1,home
18-02-2023,Troyes,Montpellier,,0-1,3.30,FT,X,away
18-02-2023,Rayo Vallecano,Sevilla,,1-1,3.10,FT,X,draw
18-02-2023,Atl. Madrid,Ath Bilbao,,1-0,2.05,FT,1,home
11-02-2023,Crystal Palace,Brighton,,1-1,2.00,FT,2,draw
11-02-2023,Fulham,Nott.Forest,,2-0,1.90,FT,1,home
11-02-2023,Leicester,Tottenham,,4-1,2.10,FT,2,home
11-02-2023,Southampton,Wolverhampton,,1-2,1.40,DC,X2,away
11-02-2023,Wigan,Huddersfield,,1-0,2.20,FT,1,home
11-02-2023,Watford,Blackburn,,1-1,1.90,FT,1,draw
11-02-2023,Blackpool,Rotherham,,0-0,2.10,FT,1,draw
11-02-2023,Bristol City,Norwich,,1-0,2.40,FT,2,home
11-02-2023,Cardiff,Middlesbrough,,1-3,2.10,FT,2,away
11-02-2023,Monaco,PSG,,3-1,1.50,DC,1X,home
11-02-2023,Lecce,Roma,,1-1,2.00,FT,2,draw
11-02-2023,Sevilla,Mallorca,,2-0,1.95,FT,1,home
11-02-2023,Lazio,Atalanta,,0-2,1.40,DC,1X,away
11-02-2023,Valencia,Ath Bilbao,,1-2,3.20,FT,X,away
11-02-2023,Udinese,Sassuolo,,2-2,2.00,FT,1,draw
11-02-2023,Celta Vigo,Atl. Madrid,,0-1,2.20,FT,2,away
11-02-2023,Juventus,Fiorentina,,1-0,1.85,FT,1,home
11-02-2023,Sporting,Porto,,1-2,2.70,FT,1,away
11-02-2023,Olympique Lyon,Lens,,2-1,3.45,FT,X,home
11-02-2023,Villarreal,Barcelona,,0-1,1.80,FT,2,away
04-02-2023,Aston Villa,Leicester,,2-4,2.00,FT,1,away
04-02-2023,Brentford,Southampton,,3-0,1.85,FT,1,home
04-02-2023,Huddersfield,QPR,,1-1,1.55,DC,1X,draw
04-02-2023,Hull,Cardiff,,1-0,2.15,FT,1,home
04-02-2023,Luton,Stoke,,1-0,3.20,FT,2,home
04-02-2023,Millwall,Sunderland,,1-1,2.05,FT,1,draw
04-02-2023,Preston,Bristol City,,1-2,1.35,DC,1X,away
04-02-2023,Reading,Watford,,2-2,1.40,DC,X2,draw
04-02-2023,Swansea,Birmingham,,3-4,1.85,FT,1,away
04-02-2023,Sassuolo,Atalanta,,1-0,1.95,FT,2,home
04-02-2023,Betis,Celta Vigo,,3-4,2.20,FT,1,away
04-02-2023,Rennes,Lille,,1-3,2.30,FT,1,away
04-02-2023,Nottingham,Leeds,,1-0,2.60,FT,1,home
04-02-2023,Torino,Udinese,,1-0,3.15,FT,X,home
04-02-2023,Ajaccio,Nantes,,0-2,2.70,FT,2,away
04-02-2023,Auxerre,Reims,,0-0,2.10,FT,2,draw
04-02-2023,Strasbourg,Montpellier,,2-0,2.05,FT,1,home
04-02-2023,Stuttgart,Werder,,0-2,2.05,FT,1,away
04-02-2023,Girona,Valencia,,1-0,2.20,FT,1,home
04-02-2023,Inter,Milan,,1-0,2.00,FT,1,home
28-01-2023,Ipswich,Burnley,,0-0,3.10,FT,1,draw
28-01-2023,Blackburn,Birmingham,,2-2,2.30,FT,1,draw
28-01-2023,Bristol City,WBA,,3-0,2.20,FT,2,home
28-01-2023,Getafe,Betis,,0-1,1.35,DC,X2,away
28-01-2023,Olympique Marseille,Monaco,,1-1,2.10,FT,1,draw
28-01-2023,Nice,Lille,,1-0,2.45,FT,2,home
28-01-2023,Valladolid,Valencia,,1-0,1.35,DC,X2,home
28-01-2023,Brighton,Liverpool,,2-1,2.40,FT,2,home
28-01-2023,Auxerre,Montpellier,,0-2,3.40,FT,X,away
28-01-2023,Brest,Angers,,4-0,2.10,FT,1,home
28-01-2023,Clermont,Nantes,,0-0,1.55,DC,X2,draw
28-01-2023,Strasbourg,Toulouse,,1-2,3.40,FT,X,away
28-01-2023,Schalke,Koln,,0-0,1.95,FT,2,draw
28-01-2023,Osasuna,Atl. Madrid,,0-1,3.20,FT,X,away
28-01-2023,Vizela,Rio Ave,,3-1,1.90,FT,1,home
28-01-2023,Leverkusen,Dortmund,,0-2,2.65,FT,2,away
28-01-2023,Lazio,Fiorentina,,1-1,2.10,FT,1,draw
28-01-2023,Celta Vigo,Ath Bilbao,,1-0,3.00,FT,X,home
28-01-2023,Boavista,Portimonense,,4-2,2.15,FT,1,home
28-01-2023,Famalicao,Estoril,,1-0,2.10,FT,1,home
21-01-2023,Bournemouth,Nottingham,,1-1,1.35,DC,12,draw
21-01-2023,Leicester,Brighton,,2-2,2.05,FT,2,draw
21-01-2023,Southampton,Aston Villa,,0-1,2.50,FT,2,away
21-01-2023,Birmingham,Preston,,1-2,2.35,FT,1,away
21-01-2023,Blackpool,Huddersfield,,Postp,1.30,DC,12,postponed
21-01-2023,Bristol City,Blackburn,,1-1,2.15,FT,1,draw
21-01-2023,Cardiff,Millwall,,0-1,3.00,FT,X,away
21-01-2023,QPR,Swansea,,1-1,3.20,FT,X,draw
21-01-2023,Stoke,Reading,,4-0,1.85,FT,1,home
21-01-2023,Wigan,Luton,,0-2,2.50,FT,2,away
21-01-2023,Crystal Palace,Newcastle,,0-0,1.85,FT,2,draw
21-01-2023,Koln,Werder,,7-1,2.20,FT,1,home
21-01-2023,Fiorentina,Torino,,0-1,2.10,FT,1,away
21-01-2023,Sampdoria,Udinese,,0-1,2.10,FT,2,away
21-01-2023,Sunderland,Middlesbrough,,2-0,2.40,FT,2,home
21-01-2023,Leeds,Brentford,,0-0,1.30,DC,12,draw
21-01-2023,Arsenal,Manchester Utd,,3-2,1.85,FT,1,home
21-01-2023,Monchengladbach,Leverkusen,,2-3,2.40,FT,2,away
21-01-2023,Juventus,Atalanta,,3-3,2.10,FT,1,draw
21-01-2023,Ath Bilbao,Real Madrid,,0-2,2.40,FT,2,away
14-01-2023,Brighton,Liverpool,,3-0,2.10,FT,2,home
14-01-2023,Everton,Southampton,,1-2,2.25,FT,1,away
14-01-2023,Nott.Forest,Leicester,,2-0,2.70,FT,1,home
14-01-2023,Wolverhampton,West Ham,,1-0,1.45,DC,1X,home
14-01-2023,Bristol City,Birmingham,,4-2,3.20,FT,X,home
14-01-2023,Cardiff,Wigan,,1-1,1.95,FT,1,draw
14-01-2023,Hull,Huddersfield,,1-1,1.95,FT,1,draw
14-01-2023,Luton,WBA,,2-3,2.40,FT,2,away
14-01-2023,Middlesbrough,Millwall,,1-0,1.25,DC,1X,home
14-01-2023,Preston,Norwich,,0-4,2.40,FT,2,away
14-01-2023,Reading,QPR,,2-2,2.65,FT,2,draw
14-01-2023,Sunderland,Swansea,,1-3,2.50,FT,1,away
14-01-2023,Girona,Sevilla,,2-1,1.40,DC,1X,home
14-01-2023,Osasuna,Mallorca,,1-0,3.10,FT,X,home
14-01-2023,Sociedad,Ath Bilbao,,3-1,2.45,FT,1,home
14-01-2023,Sassuolo,Lazio,,0-2,2.20,FT,2,away
14-01-2023,Getafe,Espanyol,,1-2,2.50,FT,1,away
14-01-2023,Udinese,Bologna,,1-2,1.95,FT,1,away
14-01-2023,Tottenham,Arsenal,,0-2,2.15,FT,2,away
14-01-2023,Roma,Fiorentina,,2-0,2.00,FT,1,home
07-01-2023,Bournemouth,Burnley,,2-4,2.40,FT,1,away
07-01-2023,Millwall,Sheffield Utd,,0-2,1.50,DC,1X,away
07-01-2023,Shrewsbury,Sunderland,,1-2,2.00,FT,2,away
07-01-2023,Villarreal,Real Madrid,,2-1,2.05,FT,2,home
07-01-2023,Mallorca,Valladolid,,1-0,1.95,FT,1,home
07-01-2023,Brentford,West Ham,,0-1,2.45,FT,1,away
07-01-2023,Coventry,Wrexham,,3-4,1.80,FT,1,away
07-01-2023,Grimsby,Burton,,1-0,2.60,FT,2,home
07-01-2023,Luton,Wigan,,1-1,1.25,DC,12,draw
07-01-2023,Espanyol,Girona,,2-2,2.25,FT,1,draw
07-01-2023,Salernitana,Torino,,1-1,2.20,FT,2,draw
07-01-2023,Bristol City,Swansea,,1-1,2.40,FT,2,draw
07-01-2023,Derby,Barnsley,,3-0,1.25,DC,1X,home
07-01-2023,Almeria,Real Sociedad,,0-2,1.95,FT,2,away
07-01-2023,Spezia,Lecce,,0-0,3.05,FT,X,draw
07-01-2023,Norwich,Blackburn,,0-1,1.85,FT,1,away
07-01-2023,Cardiff,Leeds,,2-2,1.85,FT,2,draw
07-01-2023,Stockport County,Walsall,,1-2,1.75,FT,1,away
07-01-2023,Milan,Roma,,2-2,1.85,FT,1,draw
07-01-2023,Atl. Madrid,Barcelona,,0-1,2.20,FT,2,away
31-12-2022,Bournemouth,Crystal Palace,,0-2,2.90,FT,1,away
31-12-2022,Fulham,Southampton,,2-1,2.00,FT,1,home
31-12-2022,Sociedad,Osasuna,,2-0,1.20,DC,1X,home
31-12-2022,Villarreal,Valencia,,2-1,1.25,DC,1X,home
31-12-2022,Brighton,Arsenal,,2-4,2.10,FT,2,away
31-12-2022,Newcastle Jets,Sydney FC,,0-2,2.00,FT,2,away
31-12-2022,Sydney W.,Macarthur FC,,4-0,1.85,FT,1,home
31-12-2022,Angers,Lorient,,1-2,2.45,FT,2,away
31-12-2022,Nantes,Auxerre,,1-0,1.95,FT,1,home
31-12-2022,Toulouse,AC Ajaccio,,2-0,2.00,FT,1,home
31-12-2022,Blackpool,Sunderland,,1-1,2.50,FT,2,draw
31-12-2022,Coventry,Bristol City,,1-1,2.00,FT,1,draw
31-12-2022,Huddersfield,Luton,,1-2,1.30,DC,12,away
31-12-2022,Bristol Rovers,Cheltenham,,2-1,1.85,FT,1,home
31-12-2022,Forest Green,Port Vale,,1-3,2.15,FT,2,away
31-12-2022,Morecambe,Burton,,5-0,2.40,FT,2,home
31-12-2022,Oxford Utd,Exeter,,0-1,2.00,FT,1,away
31-12-2022,Peterborough,Wycombe,,0-3,1.90,FT,1,away
31-12-2022,Portsmouth,Charlton,,1-3,1.95,FT,1,away
31-12-2022,Shrewsbury,Fleetwood,,0-3,3.20,FT,X,away
26-12-2022,Ascoli,Reggina,,0-1,2.60,FT,2,away
26-12-2022,Benevento,Perugia,,0-2,1.95,FT,1,away
26-12-2022,Como,Cittadella,,2-0,2.30,FT,1,home
26-12-2022,Spal,Pisa,,0-1,3.00,FT,X,away
26-12-2022,Sudtirol,Modena,,0-2,2.20,FT,1,away
26-12-2022,Venezia,Parma,,2-2,2.45,FT,2,draw
26-12-2022,Crystal Palace,Fulham,,0-3,2.05,FT,1,away
26-12-2022,Everton,Wolverhampton,,1-2,1.35,DC,1X,away
26-12-2022,Leicester,Newcastle,,0-3,3.20,FT,2,away
26-12-2022,Southampton,Brighton,,1-3,2.10,FT,2,away
26-12-2022,Bristol City,WBA,,0-2,2.30,FT,2,away
26-12-2022,Hull,Blackpool,,1-1,2.10,FT,1,draw
26-12-2022,Rotherham,Stoke,,2-2,2.25,FT,2,draw
26-12-2022,Accrington,Barnsley,,1-1,2.15,FT,2,draw
26-12-2022,Burton,Lincoln,,3-0,1.30,DC,12,home
26-12-2022,Cambridge Utd,Shrewsbury,,2-1,1.45,DC,X2,home
26-12-2022,Cardiff,QPR,,0-0,2.95,FT,2,draw
26-12-2022,Aston Villa,Liverpool,,1-3,1.75,FT,2,away
26-12-2022,Bari,Genoa,,1-2,2.40,FT,2,away
26-12-2022,Luton,Norwich,,2-1,3.25,FT,X,home
17-12-2022,Bristol City,Stoke,,1-2,2.50,FT,1,away
17-12-2022,Burnley,Middlesbrough,,3-1,2.10,FT,1,home
17-12-2022,Cardiff,Blackpool,,1-1,2.10,DC,1X,draw
17-12-2022,Coventry,Swansea,,3-3,2.40,FT,1,draw
17-12-2022,Huddersfield,Watford,,0-2,1.30,DC,12,away
17-12-2022,Hull,Sunderland,,1-1,2.50,FT,1,draw
17-12-2022,Preston,QPR,,0-1,2.30,FT,1,away
17-12-2022,Lugo,Granada,,1-0,2.05,FT,2,home
17-12-2022,Reggina,Bari,,0-0,1.25,DC,1X,draw
17-12-2022,Oviedo,Gijon,,1-0,2.80,FT,1,home
17-12-2022,Luton,Millwall,,Postp,3.10,FT,X,postponed
17-12-2022,Cittadella,Sudtirol,,0-2,2.00,FT,1,away
17-12-2022,Cosenza,Ascoli,,1-3,3.00,FT,X,away
17-12-2022,Modena,Benevento,,1-1,3.05,FT,X,draw
17-12-2022,Ternana,Como,,0-3,2.00,FT,1,away
17-12-2022,Palermo,Cagliari,,2-1,2.70,FT,2,home
17-12-2022,Burgos,Huesca,,1-1,2.85,FT,X,draw
17-12-2022,Levante,Eibar,,0-0,2.05,FT,1,draw
17-12-2022,Genoa,Frosinone,,1-0,2.00,FT,1,home
17-12-2022,Malaga,Alaves,,1-0,2.90,FT,X,home
10-12-2022,Blackpool,Birmingham,,0-0,2.55,FT,2,draw
10-12-2022,Reading,Coventry,,1-0,2.80,FT,2,home
10-12-2022,Stoke,Cardiff,,2-2,2.10,FT,1,draw
10-12-2022,Swansea,Norwich,,0-1,1.40,DC,1X,away
10-12-2022,Accrington,Portsmouth,,Postp,2.15,FT,2,postponed
10-12-2022,Bristol Rovers,Port Vale,,1-0,3.25,FT,X,home
10-12-2022,Burton,Derby,,1-1,2.20,FT,2,draw
10-12-2022,Cambridge Utd,Plymouth,,0-0,3.10,FT,1,draw
10-12-2022,Exeter,Sheffield Wed,,1-1,1.95,FT,2,draw
10-12-2022,Forest Green,Cheltenham,,1-0,2.40,FT,1,home
10-12-2022,Lincoln,Wycombe,,0-0,3.20,FT,X,draw
10-12-2022,Milton Keynes Dons,Fleetwood,,1-2,2.15,FT,1,away
10-12-2022,Morecambe,Charlton,,Postp,1.95,FT,2,postponed
10-12-2022,Oxford Utd,Barnsley,,Postp,3.20,FT,X,postponed
10-12-2022,Grimsby,Tranmere,,2-1,3.20,FT,2,home
10-12-2022,Harrogate T.,Northampton,,Postp,2.25,FT,2,postponed
10-12-2022,Newport,Doncaster,,0-1,2.00,FT,1,away
10-12-2022,Salford,Walsall,,Postp,1.30,DC,12,postponed
10-12-2022,England,France,,1-2,2.40,FT,2,away
10-12-2022,QPR,Burnley,,0-3,1.35,DC,X2,away
03-12-2022,Accrington,Oxford Utd,,1-1,2.25,FT,2,draw
03-12-2022,Crawley,Swindon,,2-0,1.95,FT,2,home
03-12-2022,Northampton,Tranmere,,1-1,2.25,FT,1,draw
03-12-2022,Arbroath,Morton,,1-1,1.45,DC,X2,draw
03-12-2022,Ayr,Raith,,2-0,1.25,DC,1X,home
03-12-2022,Inverness,Dundee FC,,0-1,2.05,FT,2,away
03-12-2022,Falkirk,Airdrie,,1-1,3.40,FT,X,draw
03-12-2022,Cagliari,Parma,,1-1,2.40,FT,1,draw
03-12-2022,Gijon,Las Palmas,,0-1,1.40,DC,1X,away
03-12-2022,Mirandes,Albacete,,4-2,2.50,FT,1,home
03-12-2022,Villarreal II,Leganes,,0-0,2.90,FT,X,draw
03-12-2022,Spal,Modena,,2-3,2.30,FT,1,away
03-12-2022,Wycombe,Portsmouth,,2-0,3.30,FT,X,home
03-12-2022,Andorra FC,Cartagena,,0-1,2.15,FT,1,away
03-12-2022,Ascoli,Como,,3-3,3.25,FT,X,draw
03-12-2022,Bari,Pisa,,0-0,3.15,FT,X,draw
03-12-2022,Brescia,Reggina,,0-2,2.50,FT,1,away
03-12-2022,Cosenza,Perugia,,0-0,2.90,FT,1,draw
03-12-2022,Sudtirol,Frosinone,,1-1,2.25,FT,2,draw
03-12-2022,Benevento,Palermo,,0-1,1.95,FT,1,away
26-11-2022,Wimbledon,Chesterfield,,0-2,2.45,FT,1,away
26-11-2022,Cambridge Utd,Grimsby,,1-2,3.10,FT,2,away
26-11-2022,Oxford Utd,Exeter,,4-1,2.00,FT,1,home
26-11-2022,Shrewsbury,Peterborough,,3-1,1.30,DC,12,home
26-11-2022,Walsall,Carlisle,,2-1,3.00,FT,2,home
26-11-2022,Malaga,Ponferradina,,1-0,1.30,DC,1X,home
26-11-2022,France,Denmark,,2-1,1.85,FT,1,home
26-11-2022,Dag & Red,Gillingham,,1-1,2.55,FT,1,draw
26-11-2022,Pisa,Ternana,,3-1,1.30,DC,1X,home
26-11-2022,Albacete,Santander,,2-1,3.40,FT,2,home
26-11-2022,Oviedo,Mirandes,,1-0,2.10,FT,1,home
26-11-2022,Reggina,Benevento,,2-2,1.90,FT,1,draw
26-11-2022,Burgos,Zaragoza,,2-2,2.50,FT,1,draw
26-11-2022,Como,Bari,,1-1,2.40,FT,2,draw
26-11-2022,Frosinone,Cagliari,,2-2,1.95,FT,1,draw
26-11-2022,Perugia,Genoa,,1-0,1.90,FT,2,home
26-11-2022,Sudtirol,Ascoli,,2-2,3.05,FT,X,draw
26-11-2022,Leganes,Granada,,1-0,2.50,FT,1,home
26-11-2022,Lugo,Levante,,1-1,2.20,FT,2,draw
26-11-2022,Palermo,Venezia,,0-1,2.30,FT,1,away
19-11-2022,Bristol Rovers,Peterborough,,1-0,2.20,FT,2,home
19-11-2022,Burton,Plymouth,,2-2,2.80,FT,1,draw
19-11-2022,Cambridge Utd,Accrington,,0-1,2.35,FT,1,away
19-11-2022,Cheltenham,Wycombe,,1-0,2.10,FT,2,home
19-11-2022,Fleetwood,Bolton,,1-2,3.30,FT,X,away
19-11-2022,Port Vale,Charlton,,1-0,1.55,DC,X2,home
19-11-2022,Bradford City,Northampton,,1-3,2.15,FT,1,away
19-11-2022,Newport,Gillingham,,2-0,1.95,FT,1,home
19-11-2022,Salford,Carlisle,,1-4,3.20,FT,X,away
19-11-2022,Stockport,Leyton,,1-2,3.20,FT,X,away
19-11-2022,Sutton,Rochdale,,1-0,2.10,FT,1,home
19-11-2022,Tranmere,Wimbledon,,0-2,1.95,FT,1,away
19-11-2022,Ponferradina,Oviedo,,1-1,2.50,FT,1,draw
19-11-2022,Gijon,Leganes,,2-2,2.20,FT,1,draw
19-11-2022,Tenerife,Huesca,,2-0,1.25,DC,1X,home
19-11-2022,Zaragoza,Malaga,,1-1,2.05,FT,1,draw
19-11-2022,Villarreal II,Ibiza,,1-0,1.30,DC,1X,home
19-11-2022,Eibar,Alaves,,0-0,2.00,FT,1,draw
19-11-2022,Santander,Burgos,,0-1,2.35,FT,1,away
19-11-2022,Levante,Las Palmas,,1-1,2.25,FT,1,draw
12-11-2022,Bournemouth,Everton,,3-0,1.35,DC,12,home
12-11-2022,Nottingham,Crystal Palace,,1-0,2.40,FT,2,home
12-11-2022,West Ham,Leicester,,0-2,3.60,FT,2,away
12-11-2022,Bristol City,Watford,,0-0,2.35,FT,2,draw
12-11-2022,Cardiff,Sheffield Utd,,0-1,1.30,DC,12,away
12-11-2022,Coventry,QPR,,2-0,2.35,FT,1,home
12-11-2022,Huddersfield,Swansea,,0-0,2.35,FT,2,draw
12-11-2022,Hull,Reading,,1-2,2.40,FT,1,away
12-11-2022,Norwich,Middlesbrough,,1-2,1.30,DC,12,away
12-11-2022,Preston,Millwall,,2-4,2.50,FT,1,away
12-11-2022,WBA,Stoke,,2-0,1.95,FT,1,home
12-11-2022,Wigan,Blackpool,,2-1,2.20,FT,1,home
12-11-2022,Sampdoria,Lecce,,0-2,2.60,FT,1,away
12-11-2022,Newcastle,Chelsea,,1-0,2.30,FT,1,home
12-11-2022,Atalanta,Inter,,2-3,2.30,FT,2,away
12-11-2022,Verona,Spezia,,1-2,2.10,FT,1,away
12-11-2022,Mainz,Eintracht Frankfurt,,1-1,2.40,FT,2,draw
12-11-2022,Freiburg,Union Berlin,,4-1,2.00,FT,1,home
12-11-2022,Juventus,Lazio,,3-0,2.00,FT,1,home
12-11-2022,Monaco,Olympique Marseille,,2-3,2.90,FT,2,away
05-11-2022,Nottingham,Brentford,,2-2,3.30,FT,X,draw
05-11-2022,Wolverhampton,Brighton,,2-3,1.30,DC,X2,away
05-11-2022,Blackpool,Luton,,0-1,1.40,DC,X2,away
05-11-2022,Middlesbrough,Bristol City,,1-1,1.80,FT,1,draw
05-11-2022,QPR,WBA,,0-1,2.50,FT,1,away
05-11-2022,Rotherham,Norwich,,1-2,1.90,FT,2,away
05-11-2022,Stoke,Birmingham,,1-2,3.40,FT,X,away
05-11-2022,Sunderland,Cardiff,,0-1,2.15,FT,1,away
05-11-2022,Swansea,Wigan,,2-2,1.90,FT,1,draw
05-11-2022,Watford,Coventry,,0-1,1.90,FT,1,away
05-11-2022,Everton,Leicester,,0-2,3.30,FT,X,away
05-11-2022,Chelsea,Arsenal,,0-1,3.30,FT,X,away
05-11-2022,Aston Villa,Manchester Utd,,3-1,1.30,DC,12,home
05-11-2022,Southampton,Newcastle,,1-4,1.90,FT,2,away
05-11-2022,West Ham,Crystal Palace,,1-2,1.90,FT,1,away
05-11-2022,Tottenham,Liverpool,,1-2,2.15,FT,2,away
05-11-2022,Roma,Lazio,,0-1,2.00,FT,1,away
05-11-2022,Juventus,Inter,,2-0,2.35,FT,2,home
05-11-2022,Olympique Marseille,Olympique Lyon,,1-0,3.50,FT,X,home
05-11-2022,Betis,Sevilla,,1-1,2.15,FT,1,draw
29-10-2022,Brentford,Wolverhampton,,1-1,1.30,DC,12,draw
29-10-2022,Brighton,Chelsea,,4-1,1.40,DC,X2,home
29-10-2022,Crystal Palace,Southampton,,1-0,1.95,FT,1,home
29-10-2022,Cardiff,Rotherham,,1-0,2.10,FT,1,home
29-10-2022,Coventry,Blackpool,,1-2,2.45,FT,1,away
29-10-2022,Huddersfield,Millwall,,1-0,1.35,DC,12,home
29-10-2022,Hull,Blackburn,,0-1,2.50,FT,2,away
29-10-2022,Luton,Sunderland,,1-1,2.00,FT,1,draw
29-10-2022,Preston,Middlesbrough,,2-1,2.90,FT,2,home
29-10-2022,Wigan,Watford,,0-1,2.35,FT,2,away
29-10-2022,Fulham,Everton,,0-0,2.35,FT,1,draw
29-10-2022,Strasbourg,Olympique Marseille,,2-2,2.35,FT,2,draw
29-10-2022,Auxerre,Ajaccio,,1-0,3.10,FT,X,home
29-10-2022,Osasuna,Valladolid,,2-0,1.90,FT,1,home
29-10-2022,Brest,Reims,,0-0,2.70,FT,2,draw
29-10-2022,Lorient,Nice,,1-2,3.35,FT,X,away
29-10-2022,Ath Bilbao,Villarreal,,1-0,3.40,FT,X,home
29-10-2022,Torino,Milan,,2-1,2.10,FT,2,home
29-10-2022,Olympique Lyon,Lille,,1-0,2.05,FT,1,home
29-10-2022,Sociedad,Betis,,0-2,3.40,FT,X,away
22-10-2022,Everton,Crystal Palace,,3-0,3.20,FT,X,home
22-10-2022,Blackburn,Birmingham,,2-1,2.05,FT,1,home
22-10-2022,Millwall,WBA,,2-1,2.60,FT,2,home
22-10-2022,QPR,Wigan,,2-1,1.95,FT,1,home
22-10-2022,Reading,Bristol City,,2-0,2.80,FT,2,home
22-10-2022,Rotherham,Hull,,2-4,2.25,FT,1,away
22-10-2022,Sheffield Utd,Norwich,,2-2,2.35,FT,1,draw
22-10-2022,Stoke,Coventry,,0-2,2.15,FT,1,away
22-10-2022,Sunderland,Burnley,,2-4,1.35,DC,X2,away
22-10-2022,Chelsea,Manchester Utd,,1-1,3.50,FT,X,draw
22-10-2022,Fiorentina,Inter,,3-4,1.30,DC,X2,away
22-10-2022,Swansea,Cardiff,,2-0,2.10,FT,1,home
22-10-2022,Watford,Luton,,4-0,3.40,FT,2,home
22-10-2022,Aston Villa,Brentford,,4-0,2.05,FT,1,home
22-10-2022,Leeds,Fulham,,2-3,1.30,DC,1X,away
22-10-2022,Wolverhampton,Leicester,,0-4,3.20,FT,2,away
22-10-2022,Tottenham,Newcastle,,1-2,2.05,FT,1,away
22-10-2022,Atalanta,Lazio,,0-2,2.00,FT,1,away
22-10-2022,Roma,Napoli,,0-1,3.50,FT,X,away
22-10-2022,Lille,Monaco,,4-3,2.40,FT,1,home
15-10-2022,Empoli,Monza,,1-0,1.50,DC,X2,home
15-10-2022,Eintracht Frankfurt,Leverkusen,,5-1,2.70,FT,1,home
15-10-2022,Werder,Mainz,,0-2,2.30,FT,1,away
15-10-2022,Wolfsburg,B. Monchengladbach,,2-2,1.50,DC,X2,draw
15-10-2022,Bristol City,Millwall,,1-2,2.40,FT,1,away
15-10-2022,Cardiff,Coventry,,0-1,2.20,FT,1,away
15-10-2022,Middlesbrough,Blackburn,,1-2,2.00,FT,1,away
15-10-2022,Preston,Stoke,,0-2,2.35,FT,1,away
15-10-2022,Reading,WBA,,0-2,2.10,FT,2,away
15-10-2022,Sunderland,Wigan,,2-1,2.15,FT,1,home
15-10-2022,Ross County,Dundee Utd,,1-1,3.00,FT,2,draw
15-10-2022,Kasimpasa,Demirspor,,1-4,2.20,FT,2,away
15-10-2022,Varnamo,Kalmar,,1-3,2.00,FT,2,away
15-10-2022,Torino,Juventus,,0-1,2.40,FT,2,away
15-10-2022,Mallorca,Sevilla,,0-1,2.50,FT,2,away
15-10-2022,Fortuna S.,RKC Waalwijk,,0-0,2.95,FT,2,draw
15-10-2022,Watford,Norwich,,2-1,2.50,FT,2,home
15-10-2022,Ath Bilbao,Atl. Madrid,,0-1,1.40,DC,1X,away
15-10-2022,America Mineiro,Fortaleza CE,,1-2,3.20,FT,X,away
15-10-2022,Flamengo,Atletico Mineiro,,1-0,2.15,FT,1,home
08-10-2022,Bournemouth,Leicester,,2-1,2.05,FT,2,home
08-10-2022,Birmingham,Bristol City,,3-0,2.65,FT,1,home
08-10-2022,Blackpool,Watford,,3-1,1.30,DC,X2,home
08-10-2022,Coventry,Burnley,,0-1,1.35,DC,X2,away
08-10-2022,Millwall,Middlesbrough,,2-0,3.10,FT,X,home
08-10-2022,Stoke,Sheffield Utd,,3-1,2.35,FT,2,home
08-10-2022,Swansea,Sunderland,,2-1,2.30,FT,1,home
08-10-2022,Brighton,Tottenham,,0-1,2.10,FT,2,away
08-10-2022,Sevilla,Ath Bilbao,,1-1,2.40,FT,2,draw
08-10-2022,Bologna,Sampdoria,,1-1,2.00,FT,1,draw
08-10-2022,Crystal Palace,Leeds,,2-1,2.05,FT,1,home
08-10-2022,Salernitana,Verona,,2-1,2.40,FT,1,home
08-10-2022,Udinese,Atalanta,,2-2,1.45,DC,1X,draw
08-10-2022,Angers,Strasbourg,,2-3,2.65,FT,2,away
08-10-2022,Cadiz CF,Espanyol,,2-2,2.50,FT,2,draw
08-10-2022,Arsenal,Liverpool,,3-2,2.50,FT,1,home
08-10-2022,Hertha Berlin,Freiburg,,2-2,2.30,FT,2,draw
08-10-2022,Sociedad,Villarreal,,1-0,3.30,FT,X,home
08-10-2022,Stuttgart,Union Berlin,,0-1,2.70,FT,2,away
08-10-2022,Lille,Lens,,1-0,2.40,FT,1,home
01-10-2022,Bournemouth,Brentford,,0-0,2.20,FT,2,draw
01-10-2022,Fulham,Newcastle,,1-4,1.35,DC,X2,away
01-10-2022,Southampton,Everton,,1-2,3.40,FT,X,away
01-10-2022,Blackpool,Norwich,,0-1,1.85,FT,2,away
01-10-2022,Blackburn,Millwall,,2-1,1.30,DC,1X,home
01-10-2022,Bristol City,QPR,,1-2,3.40,FT,X,away
01-10-2022,Cardiff,Burnley,,1-1,2.40,FT,2,draw
01-10-2022,Coventry,Middlesbrough,,1-0,2.45,FT,2,home
01-10-2022,Reading,Huddersfield,,3-1,2.15,FT,1,home
01-10-2022,Rotherham,Wigan,,0-2,3.20,FT,X,away
01-10-2022,Werder Bremen,B. Monchengladbach,,5-1,2.55,FT,2,home
01-10-2022,Sevilla,Atl. Madrid,,0-2,1.40,DC,X2,away
01-10-2022,Stoke,Watford,,0-4,3.20,FT,X,away
01-10-2022,Lorient,Lille,,2-1,2.80,FT,1,home
01-10-2022,Espanyol,Valencia,,2-2,2.60,FT,2,draw
01-10-2022,Sampdoria,Monza,,0-3,3.10,FT,2,away
01-10-2022,Troyes,Reims,,2-2,2.45,FT,1,draw
01-10-2022,Hertha Berlin,Hoffenheim,,1-1,2.80,FT,1,draw
01-10-2022,Celta Vigo,Betis,,1-0,2.85,FT,2,home
01-10-2022,Leeds,Aston Villa,,0-0,2.35,FT,1,draw
24-09-2022,Barnsley,Charlton,,3-1,2.25,FT,1,home
24-09-2022,Bristol Rovers,Accrington,,0-1,3.40,FT,X,away
24-09-2022,Morecambe,Cambridge Utd,,1-2,3.25,FT,X,away
24-09-2022,Barrow,Leyton Orient,,0-2,1.45,DC,X2,away
24-09-2022,Colchester,Rochdale,,0-1,2.15,FT,1,away
24-09-2022,Crewe,Mansfield,,1-2,1.30,DC,X2,away
24-09-2022,Doncaster,Crawley,,4-1,2.10,FT,1,home
24-09-2022,Grimsby,Swindon,,1-2,3.30,FT,X,away
24-09-2022,Hartlepool,Gillingham,,0-0,2.60,FT,2,draw
24-09-2022,Newport,Carlisle,,1-1,1.30,DC,12,draw
24-09-2022,Walsall,Tranmere,,0-1,3.40,FT,2,away
24-09-2022,Slovenia,Norway,,2-1,1.90,FT,2,home
24-09-2022,Scotland,Ireland,,2-1,2.05,FT,1,home
24-09-2022,Israel,Albania,,2-1,2.30,FT,1,home
24-09-2022,Serbia,Sweden,,4-1,1.85,FT,1,home
24-09-2022,Univ.Cesar Vallejo,Melgar,,3-2,2.25,FT,2,home
24-09-2022,San Jose Earthquakes,Los Angeles Galaxy,,2-3,2.10,FT,2,away
24-09-2022,Plymouth,Ipswich,,2-1,2.15,FT,2,home
24-09-2022,Cliftonville,Queen’s Park,,2-3,2.20,FT,1,away
24-09-2022,Denmark,France,,2-0,2.10,FT,2,home
17-09-2022,Montpellier,Strasbourg,,2-1,1.30,DC,12,home
17-09-2022,Spezia,Sampdoria,,2-1,1.45,DC,1X,home
17-09-2022,Valencia,Celta Vigo,,3-0,2.35,FT,1,home
17-09-2022,Torino,Sassuolo,,0-1,1.80,FT,1,away
17-09-2022,Charleroi,Westerlo,,2-3,2.15,FT,1,away
17-09-2022,Udinese,Inter,,3-1,1.90,FT,2,home
17-09-2022,Reims,Monaco,,0-3,2.20,FT,2,away
17-09-2022,Genk,Gent,,1-0,2.15,FT,1,home
17-09-2022,Cremonese,Lazio,,0-4,1.80,FT,2,away
17-09-2022,Fiorentina,Verona,,2-0,1.75,FT,1,home
17-09-2022,Monza,Juventus,,1-0,1.80,FT,2,home
17-09-2022,Brest,Ajaccio,,0-1,2.05,FT,1,away
17-09-2022,Clermont,Troyes,,1-3,2.30,FT,1,away
17-09-2022,Olympique Marseille,Rennes,,1-1,2.05,FT,1,draw
17-09-2022,Nantes,Lens,,0-0,2.25,FT,2,draw
17-09-2022,Bochum,Koln,,1-1,2.20,FT,2,draw
17-09-2022,Roma,Atalanta,,0-1,3.50,FT,X,away
17-09-2022,Hoffenheim,Freiburg,,0-0,2.10,FT,1,draw
17-09-2022,Milan,Napoli,,1-2,2.10,FT,1,away
17-09-2022,Atl. Madrid,Real Madrid,,1-2,2.25,DC,X2,away
03-09-2022,Brentford,Leeds,,5-2,1.35,DC,1X,home
03-09-2022,Newcastle,Crystal Palace,,0-0,2.00,FT,1,draw
03-09-2022,Nottingham,Bournemouth,,2-3,2.00,FT,1,away
03-09-2022,Wolverhampton,Southampton,,1-0,1.35,DC,1X,home
03-09-2022,Blackburn,Bristol City,,2-3,3.30,FT,2,away
03-09-2022,Luton,Wigan,,1-2,1.25,DC,1X,away
03-09-2022,Millwall,Cardiff,,2-0,2.05,FT,1,home
03-09-2022,Rotherham,Watford,,1-1,1.30,DC,X2,draw
03-09-2022,Swansea,QPR,,1-0,2.35,FT,1,home
03-09-2022,Milan,Inter,,3-2,3.30,FT,X,home
03-09-2022,Sociedad,Atl. Madrid,,1-1,1.40,DC,X2,draw
03-09-2022,Lazio,Napoli,,1-2,2.35,FT,2,away
03-09-2022,Sevilla,Barcelona,,0-3,1.80,FT,2,away
03-09-2022,Reading,Stoke,,2-1,2.90,FT,1,home
03-09-2022,Augsburg,Hertha Berlin,,0-2,3.40,FT,X,away
03-09-2022,Huddersfield,Blackpool,,0-1,2.50,FT,1,away
03-09-2022,Hull,Sheffield Utd,,0-2,1.90,FT,2,away
03-09-2022,Manchester Utd,Arsenal,,3-1,2.55,FT,2,home
03-09-2022,Monchengladbach,Mainz,,0-1,2.15,FT,1,away
03-09-2022,Nice,Monaco,,0-1,2.40,FT,2,away
27-08-2022,Brentford,Everton,,1-1,2.00,FT,1,draw
27-08-2022,Brighton,Leeds,,1-0,1.25,DC,1X,home
27-08-2022,Blackburn,Stoke,,0-1,2.50,FT,1,away
27-08-2022,Blackpool,Bristol City,,3-3,1.30,DC,12,draw
27-08-2022,Cardiff,Preston,,0-0,3.00,FT,X,draw
27-08-2022,Huddersfield,WBA,,2-2,2.00,FT,2,draw
27-08-2022,Hull,Coventry,,3-2,1.30,DC,12,home
27-08-2022,Rotherham,Birmingham,,2-0,2.00,FT,1,home
27-08-2022,Watford,QPR,,2-3,1.90,FT,1,away
27-08-2022,Wigan,Burnley,,1-5,1.35,DC,X2,away
27-08-2022,Juventus,AS Roma,,1-1,3.20,FT,X,draw
27-08-2022,Almeria,Sevilla,,2-1,2.25,FT,2,home
27-08-2022,Aston Villa,West Ham,,0-1,2.25,FT,1,away
27-08-2022,Wolverhampton,Newcastle,,1-1,2.70,FT,2,draw
27-08-2022,Nice,Marseille,,0-3,2.65,FT,2,away
27-08-2022,Troyes,Angers,,3-1,3.25,FT,X,home
27-08-2022,Koln,Stuttgart,,0-0,1.30,DC,1X,draw
27-08-2022,Werder Bremen,Eintracht Frankfurt,,3-4,2.45,FT,1,away
27-08-2022,Getafe,Villarreal,,0-0,1.90,FT,2,draw
27-08-2022,Fiorentina,Napoli,,0-0,2.15,FT,2,draw
20-08-2022,Crystal Palace,Aston Villa,,3-1,1.50,DC,X2,home
20-08-2022,Everton,Nottingham,,1-1,1.95,FT,1,draw
20-08-2022,Fulham,Brentford,,3-2,1.30,DC,12,home
20-08-2022,Birmingham,Wigan,,0-1,1.35,DC,1X,away
20-08-2022,QPR,Rotherham,,1-1,2.05,FT,1,draw
20-08-2022,Preston,Watford,,0-0,3.10,FT,X,draw
20-08-2022,Reading,Middlesbrough,,1-0,1.30,DC,X2,home
20-08-2022,Stoke,Sunderland,,0-1,1.30,DC,12,away
20-08-2022,Swansea,Luton,,0-2,2.40,FT,1,away
20-08-2022,Bolton,Sheffield Wed,,0-2,2.40,FT,2,away
20-08-2022,Burton,Port Vale,,0-2,2.45,FT,2,away
20-08-2022,Union Berlin,RB Leipzig,,2-1,2.05,FT,2,home
20-08-2022,Torino,Lazio,,0-0,3.45,FT,X,draw
20-08-2022,Bristol City,Cardiff,,2-0,3.30,FT,X,home
20-08-2022,West Ham,Brighton,,0-2,3.40,FT,X,away
20-08-2022,Eintracht Frankfurt,FC Koln,,1-1,2.05,FT,1,draw
20-08-2022,Atl. Madrid,Villarreal,,0-2,1.90,FT,1,away
20-08-2022,Atalanta,AC Milan,,1-1,2.50,FT,2,draw
20-08-2022,Bologna,Verona,,1-1,2.15,FT,1,draw
20-08-2022,Sociedad,Barcelona,,1-4,2.10,FT,2,away
13-08-2022,Brighton,Newcastle,,0-0,1.40,DC,X2,draw
13-08-2022,Southampton,Leeds,,2-2,2.30,FT,1,draw
13-08-2022,Wolverhampton,Fulham,,0-0,1.35,DC,1X,draw
13-08-2022,Blackpool,Swansea,,0-1,2.95,FT,2,away
13-08-2022,Huddersfield,Stoke,,3-1,2.60,FT,2,home
13-08-2022,Hull,Norwich,,2-1,2.05,FT,2,home
13-08-2022,Luton,Preston,,0-1,2.25,FT,1,away
13-08-2022,Millwall,Coventry,,3-2,1.50,DC,X2,home
13-08-2022,Rotherham,Reading,,4-0,1.30,DC,12,home
13-08-2022,Sunderland,QPR,,2-2,2.10,FT,1,draw
13-08-2022,Wigan,Bristol City,,1-1,3.30,FT,X,draw
13-08-2022,Monaco,Rennes,,1-1,2.15,FT,1,draw
13-08-2022,Brentford,Manchester Utd,,4-0,2.00,FT,2,home
13-08-2022,Sampdoria,Atalanta,,0-2,1.75,FT,2,away
13-08-2022,Nottingham,West Ham,,1-0,1.90,FT,2,home
13-08-2022,Middlesbrough,Sheffield Utd,,2-2,2.85,FT,2,draw
13-08-2022,Mainz,Union Berlin,,0-0,1.30,DC,12,draw
13-08-2022,Blackburn,West Brom,,2-1,3.20,FT,X,home
13-08-2022,Chelsea,Tottenham,,2-2,2.25,FT,1,draw
13-08-2022,Spezia,Empoli,,1-0,2.45,FT,1,home
06-08-2022,Bournemouth,Aston Villa,,2-0,1.25,DC,X2,home
06-08-2022,Leeds,Wolverhampton,,2-1,1.60,DC,X2,home
06-08-2022,Bristol City,Sunderland,,2-3,3.25,FT,X,away
06-08-2022,Preston,Hull,,0-0,1.95,FT,1,draw
06-08-2022,QPR,Middlesbrough,,3-2,2.45,FT,2,home
06-08-2022,Reading,Cardiff,,2-1,2.50,FT,1,home
06-08-2022,Sheffield Utd,Millwall,,2-0,1.80,FT,1,home
06-08-2022,Stoke,Blackpool,,2-0,1.25,DC,1X,home
06-08-2022,Swansea,Blackburn,,0-3,3.20,FT,X,away
06-08-2022,Bolton,Wycombe,,3-0,1.50,DC,X2,home
06-08-2022,Charlton,Derby,,1-0,2.60,FT,2,home
06-08-2022,Exeter,Port Vale,,4-0,3.15,FT,X,home
06-08-2022,Forest Green,Ipswich,,1-2,2.05,FT,2,away
06-08-2022,Shrewsbury,Accrington,,0-1,1.35,DC,1X,away
06-08-2022,Strasbourg,Monaco,,1-2,1.45,DC,X2,away
06-08-2022,Dortmund,Bayer Leverkusen,,1-0,2.05,FT,1,home
06-08-2022,Toulouse,Nice,,1-1,3.40,FT,X,draw
06-08-2022,Leicester,Brentford,,2-2,2.00,FT,1,draw
06-08-2022,Angers,Nantes,,0-0,3.20,FT,X,draw
06-08-2022,Montpellier,Troyes,,3-2,2.15,FT,1,home
30-07-2022,Blackburn,QPR,,1-0,2.00,FT,1,home
30-07-2022,Blackpool,Reading,,1-0,2.00,FT,1,home
30-07-2022,Cardiff,Norwich,,1-0,2.35,FT,2,home
30-07-2022,Hull,Bristol City,,2-1,2.90,FT,2,home
30-07-2022,Luton,Birmingham,,0-0,1.85,FT,1,draw
30-07-2022,Millwall,Stoke,,2-0,1.35,DC,1X,home
30-07-2022,Rotherham,Swansea,,1-1,1.50,DC,1X,draw
30-07-2022,Wigan,Preston,,0-0,3.10,FT,X,draw
30-07-2022,Accrington,Charlton,,2-2,2.55,FT,2,draw
30-07-2022,Bristol Rovers,Forest Green,,1-2,1.35,DC,1X,away
30-07-2022,Derby,Oxford Utd,,1-0,2.20,FT,1,home
30-07-2022,Ipswich,Bolton,,1-1,1.90,FT,1,draw
30-07-2022,Liverpool,Manchester City,,3-1,2.35,FT,2,home
30-07-2022,Middlesbrough,WBA,,1-1,1.35,DC,1X,draw
30-07-2022,RB Leipzig,Bayern Munich,,3-5,1.90,FT,2,away
30-07-2022,Sunderland,Coventry,,1-1,2.60,FT,2,draw
30-07-2022,Viborg,Copenhagen,,4-2,1.85,FT,2,home
30-07-2022,Winterthur,Lugano,,1-4,2.70,FT,2,away
30-07-2022,Austria Vienna,LASK,,1-1,1.45,DC,X2,draw
30-07-2022,Silkeborg,Brondby,,2-0,1.85,FT,1,home
23-07-2022,Zurich,Luzern,,0-0,2.05,FT,1,draw
23-07-2022,Kortrijk,Leuven,,0-2,2.35,FT,1,away
23-07-2022,Zulte-Waregem,RFC Seraing,,2-0,2.20,FT,1,home
23-07-2022,Wolfsberger,Sturm Graz,,1-1,2.45,FT,1,draw
23-07-2022,Hannover,St. Pauli,,2-2,2.25,FT,1,draw
23-07-2022,St. Truiden,St.Gilloise,,1-1,1.90,FT,2,draw
23-07-2022,Karlsruher,Magdeburg,,2-3,1.40,DC,X2,away
23-07-2022,Aarhus,Viborg,,3-1,1.45,DC,X2,home
23-07-2022,Randers,Odense,,2-2,2.05,FT,1,draw
23-07-2022,Mechelen,Antwerp,,0-2,2.50,FT,2,away
23-07-2022,Grasshoppers,Lugano,,2-1,2.05,FT,1,home
23-07-2022,Sion,Young Boys,,0-3,1.70,FT,2,away
23-07-2022,A. Lustenau,WSG Tirol,,2-1,1.55,DC,X2,home
23-07-2022,Hartberg,Altach,,2-1,1.30,DC,1X,home
23-07-2022,Aalborg,Copenhagen,,1-3,2.00,FT,2,away
23-07-2022,Haugesund,Sarpsborg 08,,3-1,2.50,FT,2,home
23-07-2022,Kristiansund,Odd Grenland,,2-2,1.45,DC,1X,draw
23-07-2022,Valerenga,Viking,,4-2,2.10,FT,1,home
23-07-2022,Stromsgodset,Ham-Kam,,1-1,1.85,FT,1,draw
23-07-2022,Westerlo,Cercle Brugge,,2-0,2.60,FT,1,home
16-07-2022,Ham-Kam,Bodo/Glimt,,0-2,1.80,FT,2,away
16-07-2022,Magdeburg,Fortuna Dusseldorf,,1-2,2.30,FT,2,away
16-07-2022,Winterthur,Basel,,1-1,2.00,FT,2,draw
16-07-2022,Hansa,Heidenheim,,0-1,3.20,FT,X,away
16-07-2022,Paderborn,Karlsruher,,5-0,1.90,FT,1,home
16-07-2022,Torpedo Moscow,Sochi,,1-3,1.25,DC,X2,away
16-07-2022,Lyngby,Silkeborg,,2-2,1.90,FT,2,draw
16-07-2022,Viborg,Aalborg,,2-1,2.85,FT,2,home
16-07-2022,AIK,Kalmar,,1-0,1.80,FT,1,home
16-07-2022,Hammarby TFF,Elfsborg,,3-0,1.30,DC,1X,home
16-07-2022,Goteborg,Mjallby,,1-1,2.00,FT,1,draw
16-07-2022,SJK,Ilves,,3-3,1.35,DC,1X,draw
16-07-2022,Lugano,Sion,,2-3,1.90,FT,1,away
16-07-2022,Servette,St. Gallen,,1-0,2.65,FT,2,home
16-07-2022,Club Brugge,Gent,,1-0,2.10,FT,1,home
16-07-2022,Brondby,Aarhus,,1-0,1.95,FT,1,home
16-07-2022,Odd Grenland,Lillestrom,,1-2,1.40,DC,X2,away
16-07-2022,Sarpsborg 08,Valerenga,,0-1,2.05,FT,1,away
16-07-2022,Tromso,Stromsgodset,,Postp,1.80,FT,1,postponed
16-07-2022,Aalesund,Rosenborg,,0-0,1.40,DC,X2,draw
09-07-2022,HIFK,Haka,,0-2,1.85,FT,2,away
09-07-2022,Degerfors,Norrkoping,,1-1,1.95,FT,2,draw
09-07-2022,Stromsgodset,Odd Grenland,,0-0,1.85,FT,1,draw
09-07-2022,Cluj,Sepsi,,1-2,1.95,FT,1,away
09-07-2022,Lech Poznan,Rakow,,0-2,2.15,FT,2,away
09-07-2022,Chicago,Columbus,,2-3,3.30,FT,X,away
09-07-2022,Houston,Dallas,,2-2,1.30,DC,12,draw
09-07-2022,Sapporo,Kashima A.,,0-0,2.15,FT,2,draw
09-07-2022,Fukuoka,Kyoto Purple Sanga,,1-0,2.20,FT,1,home
09-07-2022,Cerezo Osaka,Yokohama F. Marinos,,2-2,2.05,FT,2,draw
09-07-2022,Sangan,Kashiwa R.,,0-1,1.30,DC,1X,away
09-07-2022,Urawa RD,Tokyo,,3-0,2.00,FT,1,home
09-07-2022,Jonkoping Sodra,Ostersund,,1-0,2.00,FT,1,home
09-07-2022,Elfsborg,AIK,,2-2,1.30,DC,1X,draw
09-07-2022,Mjallby,Hacken,,1-2,1.25,DC,X2,away
09-07-2022,Utsikten,Oster,,1-1,2.60,FT,1,draw
09-07-2022,SJK,Honka,,3-2,2.15,FT,2,home
09-07-2022,Lillestrom,Viking,,0-1,2.10,FT,1,away
09-07-2022,Sandefjord,Aalesund,,Postp,1.50,DC,1X,postponed
09-07-2022,Haugesund,Ham-Kam,,1-1,3.50,FT,X,draw
01-07-2022,Jerv,Haugesund,,1-0,2.15,FT,2,home
01-07-2022,AC Oulu,VPS,,0-6,2.20,FT,2,away
01-07-2022,Helsinki,KuPS,,1-1,1.30,DC,1X,draw
01-07-2022,Lahti,Inter Turku,,2-1,1.90,FT,2,home
01-07-2022,Helsingborg,Kalmar,,1-1,2.05,FT,2,draw
01-07-2022,Odd Grenland,Bodo/Glimt,,3-2,1.70,FT,2,home
01-07-2022,KR Reykjavik,Vikingur,,0-3,3.50,FT,X,away
01-07-2022,Sligo Rovers,Shelbourne,,3-1,1.30,DC,1X,home
01-07-2022,Fluminense,Corinthians,,4-0,1.20,DC,1X,home
01-07-2022,Santos,Flamengo RJ,,1-2,3.10,FT,X,away
01-07-2022,Vasteras,Brage,,1-3,2.10,FT,1,away
01-07-2022,Kfum,Sogndal,,3-2,1.95,FT,1,home
01-07-2022,Mjondalen,Stabaek,,2-4,2.10,FT,2,away
01-07-2022,Skeid,Grorud,,3-2,1.90,FT,1,home
01-07-2022,Djurgarden,Hammarby,,1-0,1.35,DC,1X,home
01-07-2022,Varberg,Varnamo,,3-0,2.55,FT,1,home
01-07-2022,Hacken,Elfsborg,,1-1,2.30,FT,1,draw
01-07-2022,Aalesund,Stromsgodset,,1-0,1.25,DC,12,home
01-07-2022,Ham-Kam,Molde,,0-0,2.00,FT,2,draw
01-07-2022,Viking,Rosenborg,,1-1,1.80,FT,1,draw
25-06-2022,Defensa y Justicia,Velez Sarsfield,,1-1,2.00,FT,1,draw
25-06-2022,Talleres Cordoba,Cordoba Santiago,,0-2,1.30,DC,1X,away
25-06-2022,Athletico-PR,Bragantino,,4-2,3.00,FT,X,home
25-06-2022,Colon Santa Fe,Huracan,,0-1,1.40,DC,1X,away
25-06-2022,DC United,Nashville SC,,1-3,2.20,FT,1,away
25-06-2022,Toronto FC,Atlanta Utd,,2-1,2.20,FT,2,home
25-06-2022,Houston Dynamo,Chicago Fire,,2-0,3.10,FT,2,home
25-06-2022,Portland Timbers,Colorado Rapids,,3-0,2.15,FT,1,home
25-06-2022,Nagoya Grampus,Kashima Antlers,,1-1,3.20,FT,X,draw
25-06-2022,Vissel Kobe,Urawa Reds,,0-1,1.45,DC,1X,away
25-06-2022,Kyoto Purple Sanga,Shonan Bellmare,,0-1,2.30,FT,2,away
25-06-2022,Sangan,Tokyo,,5-0,3.15,FT,X,home
25-06-2022,Mjallby,Norrkoping,,1-1,2.10,FT,2,draw
25-06-2022,Ham-Kam,Sarpsborg 08,,3-2,1.30,DC,12,home
25-06-2022,Sandefjord,Tromso,,2-2,2.20,FT,2,draw
25-06-2022,Stromsgodset,Lillestrom,,3-0,3.50,FT,X,home
25-06-2022,San Lorenzo,Tigre,,1-1,3.15,FT,X,draw
25-06-2022,Platense,Sarmiento Junin,,0-0,2.20,FT,1,draw
25-06-2022,Botafogo RJ,Fluminense,,0-1,1.40,DC,1X,away
25-06-2022,Goias,Cuiaba,,1-0,2.15,FT,1,home
18-06-2022,Sarpsborg 08,Stromsgodset,,5-1,1.85,FT,1,home
18-06-2022,SJK,Inter Turku,,1-1,2.45,FT,2,draw
18-06-2022,Sligo Rovers,Finn Harps,,3-0,1.90,FT,1,home
18-06-2022,Seattle Sounders,Los Angeles FC,,1-1,2.15,FT,1,draw
18-06-2022,Atletico GO,Juventude,,3-1,1.95,FT,1,home
18-06-2022,HIFK,VPS,,1-5,1.30,DC,12,away
18-06-2022,Cuiaba,Ceara,,0-0,1.40,DC,X2,draw
18-06-2022,Montreal,Austin,,0-1,1.95,FT,1,away
18-06-2022,Orlando City,Houston Dynamo,,2-1,1.75,FT,1,home
18-06-2022,Santos,Bragantino,,2-2,1.30,DC,1X,draw
18-06-2022,Chicago Fire,DC United,,1-0,1.95,FT,1,home
18-06-2022,M.Zelvia,Kanazawa,,3-2,1.20,DC,1X,home
18-06-2022,Ulsan,Jeonbuk M.,,1-3,2.05,FT,1,away
18-06-2022,Suwon Bluewings,Seoul,,0-1,3.10,FT,X,away
18-06-2022,Start,Stabaek,,0-0,3.00,FT,2,draw
18-06-2022,Jerv,Ham-Kam,,1-2,2.30,FT,2,away
18-06-2022,Lillestrom,Rosenborg,,3-1,1.30,DC,1X,home
18-06-2022,Odd Grenland,Molde,,1-2,1.90,FT,2,away
18-06-2022,Aalesund,Valerenga,,2-2,2.75,FT,2,draw
18-06-2022,Tenerife,Girona,,1-3,2.90,FT,X,away
11-06-2022,R.Ireland,Scotland,,3-0,2.80,FT,2,home
11-06-2022,Faroe Islands,Lithuania,,2-1,3.10,FT,2,home
11-06-2022,Arsenal Sarandi,Banfield,,0-0,3.00,FT,X,draw
11-06-2022,Montenegro,Bosnia & Herzegovina,,1-1,1.35,DC,X2,draw
11-06-2022,Romania,Finland,,1-0,1.30,DC,1X,home
11-06-2022,England,Italy,,0-0,1.80,FT,1,draw
11-06-2022,Charlotte,New York Red Bulls,,2-0,1.30,DC,12,home
11-06-2022,Ponte Preta,Londrina,,1-2,2.10,FT,1,away
11-06-2022,Sarmiento Junin,Argentinos Jrs,,1-0,2.05,FT,2,home
11-06-2022,Cuiaba,Bragantino,,1-1,2.95,FT,X,draw
11-06-2022,Renofa Yamaguchi,Okayama,,0-1,1.30,DC,X2,away
11-06-2022,Blaublitz,Omiya Ardija,,0-1,1.45,DC,1X,away
11-06-2022,M.Zelvia,Kumamoto,,1-1,3.20,FT,X,draw
11-06-2022,Mito Hollyhock,Montedio Yamagata,,1-0,3.25,FT,X,home
11-06-2022,Kusatsu,Tochigi,,0-0,2.70,FT,X,draw
11-06-2022,Jeonnam,Gyeongnam,,2-2,3.05,FT,X,draw
11-06-2022,Colon Santa FE,Union de Santa Fe,,2-2,2.20,FT,1,draw
11-06-2022,Godoy Cruz,Racing Club,,2-0,2.60,FT,2,home
11-06-2022,Kansas City,New England,,1-2,2.85,FT,X,away
11-06-2022,Vasco,Cruzeiro,,1-0,2.35,FT,2,home
04-06-2022,Finland,Bosnia & Herzegovina,,1-1,3.15,FT,X,draw
04-06-2022,Lithuania,Luxembourg,,0-2,2.35,FT,2,away
04-06-2022,Italy,Germany,,1-1,1.40,DC,X2,draw
04-06-2022,Montenegro,Romania,,2-0,3.05,FT,X,home
04-06-2022,Athletico-PR,Santos,,2-2,2.00,FT,2,draw
04-06-2022,Avai,Sao Paulo,,1-1,1.30,DC,12,draw
04-06-2022,Vancouver Whitecaps,Real Salt Lake,,2-1,2.40,FT,1,home
04-06-2022,Suriname,Jamaica,,1-1,1.35,DC,12,draw
04-06-2022,Atletico GO,Corinthians,,0-1,2.60,FT,2,away
04-06-2022,JEF United,Vegalta Sendai,,2-0,3.00,FT,X,home
04-06-2022,Omiya Ardija,Mito Hollyhock,,0-2,2.10,FT,2,away
04-06-2022,Yamaguchi,Kusatsu,,2-1,2.95,FT,X,home
04-06-2022,Grimsby,Solihull Moors,,1-1,2.20,FT,1,draw
04-06-2022,Juventude,Fluminense,,1-0,2.60,FT,2,home
04-06-2022,Cyprus,Northern Ireland,,0-0,2.00,FT,2,draw
04-06-2022,Portugal,Switzerland,,4-0,1.70,FT,1,home
04-06-2022,Sweden,Norway,,1-2,2.20,FT,1,away
04-06-2022,Kosovo,Greece,,0-1,1.35,DC,X2,away
04-06-2022,Bulgaria,Georgia,,2-5,1.60,DC,X2,away
04-06-2022,Palmeiras,Atletico-MG,,0-0,3.20,FT,X,draw
28-05-2022,Ham Kam,Odd Grenland,,1-2,1.30,DC,1X,away
28-05-2022,AC Oulu,SJK,,1-0,2.15,FT,2,home
28-05-2022,Haka,Lahti,,1-1,1.20,DC,1X,draw
28-05-2022,Mansfield,Port Vale,,0-3,1.40,DC,1X,away
28-05-2022,Stromsgodset,Viking,,3-2,3.60,FT,X,home
28-05-2022,Toronto,Chicago,,3-2,2.35,FT,2,home
28-05-2022,New England,Philadelphia,,1-1,2.00,FT,1,draw
28-05-2022,Kups,Helsinki,,0-0,2.60,FT,1,draw
28-05-2022,Spartak Moscow,Dynamo Moscow,,2-1,1.40,DC,X2,home
28-05-2022,Huddersfield,Nottingham,,0-1,2.15,FT,2,away
28-05-2022,Varnamo,Hammarby TFF,,1-0,1.80,FT,2,home
28-05-2022,Mariehamn,VPS,,1-3,2.30,FT,1,away
28-05-2022,Haugesund,Aalesund,,2-2,3.00,FT,2,draw
28-05-2022,Jerv,Sarpsborg 08,,0-5,2.00,FT,2,away
28-05-2022,Molde,Bodo/Glimt,,3-1,2.75,FT,2,home
28-05-2022,Sandefjord,Kristiansund,,Postp,2.15,FT,1,postponed
28-05-2022,Tromso,Lillestrom,,2-2,1.65,DC,X2,draw
28-05-2022,Vikingur,Ka Akureyri,,2-1,1.90,FT,1,home
28-05-2022,Akranes,Keflavik,,0-2,2.20,FT,1,away
28-05-2022,Valerenga,Rosenborg,,0-4,3.00,FT,2,away
20-05-2022,Freiburg,RB Leipzig,,1-1,2.00,FT,2,draw
20-05-2022,Fiorentina,Juventus,,2-0,1.95,FT,1,home
20-05-2022,Cartagena,Amorebieta,,5-0,2.20,FT,2,home
20-05-2022,Fuenlabrada,Gijon,,0-0,2.20,FT,2,draw
20-05-2022,Eibar,Tenerife,,2-0,2.00,FT,1,home
20-05-2022,Huesca,Sociedad II,,3-2,2.20,FT,2,home
20-05-2022,Las Palmas,Oviedo,,2-1,1.25,DC,1X,home
20-05-2022,Zaragoza,Lugo,,1-0,1.25,DC,1X,home
20-05-2022,Brentford,Leeds,,1-2,1.30,DC,12,away
20-05-2022,Brighton,West Ham,,3-1,2.50,FT,1,home
20-05-2022,Burnley,Newcastle,,1-2,2.40,FT,1,away
20-05-2022,Crystal Palace,Manchester Utd,,1-0,1.30,DC,12,home
20-05-2022,Leicester,Southampton,,4-1,1.90,FT,1,home
20-05-2022,Brondby,Silkeborg,,2-1,2.30,FT,1,home
20-05-2022,Elche,Getafe,,3-1,2.90,FT,X,home
20-05-2022,Valencia,Celta Vigo,,2-0,2.75,FT,1,home
20-05-2022,Osasuna,Mallorca,,0-2,2.20,FT,2,away
20-05-2022,Barcelona,Villarreal,,0-2,2.00,FT,1,away
20-05-2022,Sociedad,Atl. Madrid,,1-2,1.35,DC,12,away
20-05-2022,Sevilla,Ath Bilbao,,1-0,2.45,FT,1,home
14-05-2022,Chelsea,Liverpool,,0-0,2.05,FT,2,draw
14-05-2022,Verona,Torino,,0-1,3.50,FT,X,away
14-05-2022,Leganes,Eibar,,2-3,1.25,DC,X2,away
14-05-2022,Bordeaux,Lorient,,0-0,1.30,DC,12,draw
14-05-2022,Metz,Angers,,1-0,1.95,DC,1X,home
14-05-2022,Rennes,Marseille,,2-0,1.30,DC,12,home
14-05-2022,St Etienne,Reims,,1-2,1.80,FT,1,away
14-05-2022,Troyes,Lens,,1-3,2.10,FT,2,away
14-05-2022,Bologna,Sassuolo,,1-3,1.50,DC,1X,away
14-05-2022,Aston Villa,Crystal Palace,,1-1,2.05,FT,1,draw
14-05-2022,Everton,Brentford,,2-3,2.10,FT,1,away
14-05-2022,Leeds,Brighton,,1-1,2.65,FT,1,draw
14-05-2022,Watford,Leicester,,1-5,2.05,FT,2,away
14-05-2022,Hacken,Kalmar,,3-1,1.95,FT,1,home
14-05-2022,Hammarby,AIK,,3-3,2.15,FT,1,draw
14-05-2022,Gijon,Girona,,2-1,3.00,FT,1,home
14-05-2022,Goteborg,Varbergs,,1-1,1.20,DC,1X,draw
14-05-2022,Atl. Madrid,Sevilla,,1-1,3.00,FT,X,draw
14-05-2022,Espanyol,Valencia,,1-1,2.75,FT,2,draw
14-05-2022,Villarreal,Real Sociedad,,1-2,2.10,FT,1,away
07-05-2022,Brentford,Southampton,,3-0,1.35,DC,1X,home
07-05-2022,Burnley,Aston Villa,,1-3,1.40,DC,X2,away
07-05-2022,Sassuolo,Udinese,,1-1,2.30,FT,1,draw
07-05-2022,Brighton,Manchester Utd,,4-0,2.50,FT,2,home
07-05-2022,Hertha Berlin,Mainz,,1-2,2.50,FT,1,away
07-05-2022,Cadiz CF,Elche,,3-0,1.75,FT,1,home
07-05-2022,Celta Vigo,Alaves,,4-0,1.30,DC,12,home
07-05-2022,Betis,Barcelona,,1-2,2.20,FT,2,away
07-05-2022,Getafe,Rayo Vallecano,,0-0,2.10,FT,1,draw
07-05-2022,Leicester,Everton,,1-2,1.50,DC,X2,away
07-05-2022,Norwich,West Ham,,0-4,1.80,FT,2,away
07-05-2022,Venezia,Bologna,,4-3,1.40,DC,X2,home
07-05-2022,Angers,Bordeaux,,4-1,2.10,FT,1,home
07-05-2022,Clermont,Montpellier,,2-1,1.85,FT,1,home
07-05-2022,Reims,Lens,,1-2,2.20,FT,2,away
07-05-2022,Eintracht Frankfurt,B. Monchengladbach,,1-1,2.70,FT,2,draw
07-05-2022,Villarreal,Sevilla,,1-1,1.35,DC,1X,draw
07-05-2022,Salernitana,Cagliari,,1-1,2.40,FT,1,draw
07-05-2022,Espanyol,Osasuna,,1-1,2.35,FT,1,draw
07-05-2022,Atl. Madrid,Real Madrid,,1-0,2.10,FT,1,home
30-04-2022,Southampton,Crystal Palace,,1-2,1.55,DC,X2,away
30-04-2022,Watford,Burnley,,1-2,2.70,FT,2,away
30-04-2022,Wolverhampton,Brighton,,0-3,1.40,DC,1X,away
30-04-2022,Blackburn,Bournemouth,,0-3,1.40,DC,X2,away
30-04-2022,Blackpool,Derby,,0-2,1.85,FT,1,away
30-04-2022,Bristol City,Hull,,5-0,2.20,FT,1,home
30-04-2022,Cardiff,Birmingham,,1-1,2.05,FT,1,draw
30-04-2022,Coventry,Huddersfield,,1-2,2.95,FT,2,away
30-04-2022,Middlesbrough,Stoke,,3-1,1.80,FT,1,home
30-04-2022,Reading,WBA,,0-1,2.40,FT,2,away
30-04-2022,Sampdoria,Genoa,,1-0,1.35,DC,12,home
30-04-2022,Hoffenheim,Freiburg,,3-4,2.75,FT,2,away
30-04-2022,Valencia,Levante,,1-1,2.25,FT,1,draw
30-04-2022,Heracles,Twente,,1-1,2.20,FT,2,draw
30-04-2022,Ath Bilbao,Atl. Madrid,,2-0,1.40,DC,X2,home
30-04-2022,Elche,Osasuna,,1-1,3.10,FT,X,draw
30-04-2022,Empoli,Torino,,1-3,3.40,FT,X,away
30-04-2022,Granada,Celta Vigo,,1-1,2.75,FT,1,draw
30-04-2022,West Ham,Arsenal,,1-2,1.80,FT,2,away
30-04-2022,Rayo Vallecano,Sociedad,,1-1,1.35,DC,X2,draw
23-04-2022,Leicester,Aston Villa,,0-0,1.30,DC,12,draw
23-04-2022,Norwich,Newcastle,,0-3,1.35,DC,12,away
23-04-2022,Portimonense,Moreirense,,1-0,1.35,DC,12,home
23-04-2022,Brentford,Tottenham,,0-0,1.85,FT,2,draw
23-04-2022,Santa Clara,Maritimo,,2-2,3.20,FT,X,draw
23-04-2022,RKC Waalwijk,Zwolle,,0-2,2.60,FT,2,away
23-04-2022,Betis,Valencia,,1-1,1.30,DC,1X,draw
23-04-2022,Willem II,Vitesse,,1-0,2.00,FT,2,home
23-04-2022,Groningen,Heracles,,0-1,2.05,FT,1,away
23-04-2022,Brighton,Southampton,,2-2,2.15,FT,1,draw
23-04-2022,Burnley,Wolverhampton,,1-0,1.35,DC,12,home
23-04-2022,Clermont,Angers,,2-2,1.35,DC,12,draw
23-04-2022,Metz,Brest,,0-1,2.40,FT,2,away
23-04-2022,Bochum,Augsburg,,0-2,2.25,FT,1,away
23-04-2022,Rostov,Spartak Moscow,,3-2,2.30,FT,2,home
23-04-2022,Fortuna Sittard,Go Head,,1-0,2.30,FT,1,home
23-04-2022,Lille,Strasbourg,,1-0,3.25,FT,2,home
23-04-2022,Hertha Berlin,Stuttgart,,2-0,2.50,FT,2,home
23-04-2022,CSKA,Dynamo Moscow,,1-0,3.30,FT,X,home
23-04-2022,Reims,Marseille,,0-1,2.00,FT,2,away
16-04-2022,Southampton,Arsenal,,1-0,2.00,FT,2,home
16-04-2022,Watford,Brentford,,1-2,1.40,DC,X2,away
16-04-2022,Alaves,Rayo Vallecano,,1-0,3.10,FT,X,home
16-04-2022,Manchester City,Liverpool,,2-3,1.50,DC,X2,away
16-04-2022,St Etienne,Brest,,2-1,1.30,DC,1X,home
16-04-2022,B. Monchengladbach,Koln,,1-3,2.00,FT,1,away
16-04-2022,Valencia,Osasuna,,1-2,2.20,FT,1,away
16-04-2022,Maritimo,Boavista,,4-0,1.50,DC,X2,home
16-04-2022,Getafe,Villarreal,,1-2,2.50,FT,2,away
16-04-2022,Lille,Lens,,1-2,2.00,FT,1,away
16-04-2022,Granada,Levante,,1-4,2.35,FT,1,away
16-04-2022,Metz,Clermont,,1-1,2.70,FT,2,draw
16-04-2022,Montpellier,Reims,,0-0,2.20,FT,1,draw
16-04-2022,Nantes,Angers,,1-1,2.00,FT,1,draw
16-04-2022,Troyes,Strasbourg,,1-1,2.00,FT,2,draw
16-04-2022,Newcastle,Leicester,,2-1,1.35,DC,1X,home
16-04-2022,Union Berlin,Eintracht Frankfurt,,2-0,2.10,FT,1,home
16-04-2022,Ath Bilbao,Celta Vigo,,0-2,1.80,FT,1,away
16-04-2022,Bayer Leverkusen,RB Leipzig,,0-1,3.60,FT,X,away
16-04-2022,Sevilla,Real Madrid,,2-3,1.40,DC,X2,away
09-04-2022,Watford,Leeds,,0-3,2.55,FT,2,away
09-04-2022,Preston,QPR,,2-1,2.15,FT,1,home
09-04-2022,Reading,Cardiff,,1-2,1.35,DC,1X,away
09-04-2022,Swansea,Derby,,2-1,2.10,FT,1,home
09-04-2022,WBA,Stoke,,1-3,1.90,FT,1,away
09-04-2022,Aston Villa,Tottenham,,0-4,2.20,FT,2,away
09-04-2022,Hertha Berlin,Union Berlin,,1-4,2.85,FT,1,away
09-04-2022,Villarreal,Ath Bilbao,,1-1,1.60,DC,X2,draw
09-04-2022,Bordeaux,Metz,,3-1,1.90,FT,1,home
09-04-2022,Brentford,West Ham,,2-0,2.65,FT,1,home
09-04-2022,Leicester,Crystal Palace,,2-1,1.60,DC,X2,home
09-04-2022,Norwich,Burnley,,2-0,2.50,FT,2,home
09-04-2022,Venezia,Udinese,,1-2,3.30,FT,X,away
09-04-2022,Brest,Nantes,,1-1,3.20,FT,X,draw
09-04-2022,Espanyol,Celta Vigo,,1-0,1.45,DC,1X,home
09-04-2022,Lens,Nice,,3-0,3.35,FT,X,home
09-04-2022,Manchester City,Liverpool,,2-2,3.70,FT,X,draw
09-04-2022,Elche,Real Sociedad,,1-2,1.25,DC,X2,away
09-04-2022,Strasbourg,Lyon,,1-1,3.35,FT,X,draw
09-04-2022,Torino,Milan,,0-0,1.25,DC,X2,draw
02-04-2022,Leeds,Southampton,,1-1,2.40,FT,1,draw
02-04-2022,Wolverhampton,Aston Villa,,2-1,1.35,DC,12,home
02-04-2022,Stoke,Sheffield Utd,,1-0,1.40,DC,X2,home
02-04-2022,Levante,Villarreal,,2-0,2.00,FT,2,home
02-04-2022,Nice,Rennes,,1-1,1.60,DC,1X,draw
02-04-2022,Dortmund,RB Leipzig,,1-4,1.45,DC,1X,away
02-04-2022,Celta Vigo,Real Madrid,,1-2,1.90,FT,2,away
02-04-2022,St Etienne,Olympique Marseille,,2-4,2.10,FT,2,away
02-04-2022,Strasbourg,Lens,,1-0,2.10,FT,1,home
02-04-2022,Atalanta,Napoli,,1-3,3.00,FT,2,away
02-04-2022,Udinese,Cagliari,,5-1,1.85,FT,1,home
02-04-2022,Clermont,Nantes,,2-3,1.40,DC,1X,away
02-04-2022,Montpellier,Brest,,1-2,2.05,FT,1,away
02-04-2022,Troyes,Reims,,1-0,3.00,FT,X,home
02-04-2022,Augsburg,Wolfsburg,,3-0,2.50,FT,2,home
02-04-2022,Birmingham,WBA,,1-0,2.05,FT,2,home
02-04-2022,B. Monchengladbach,Mainz,,1-1,2.25,FT,1,draw
02-04-2022,Sampdoria,Roma,,0-1,1.90,FT,2,away
02-04-2022,Granada,Rayo Vallecano,,2-2,1.40,DC,1X,draw
02-04-2022,Juventus,Inter,,0-1,2.80,FT,1,away
26-03-2022,Wimbledon,Cambridge Utd,,0-1,1.35,DC,1X,away
26-03-2022,Doncaster,Charlton,,0-1,1.90,FT,2,away
26-03-2022,Ipswich,Plymouth,,1-0,1.90,FT,1,home
26-03-2022,Shrewsbury,Lincoln,,1-0,2.00,FT,1,home
26-03-2022,Bradford City,Newport,,0-0,2.50,FT,2,draw
26-03-2022,Carlisle,Bristol Rovers,,1-0,2.35,FT,2,home
26-03-2022,Colchester,Tranmere,,1-0,1.45,DC,X2,home
26-03-2022,Crawley,Rochdale,,1-0,2.40,FT,1,home
26-03-2022,Leyton Orient,Barrow,,2-0,2.05,FT,1,home
26-03-2022,Northampton,Hartlepool,,2-0,1.25,DC,1X,home
26-03-2022,Oldham,Mansfield,,1-2,1.95,FT,2,away
26-03-2022,Port Vale,Sutton,,2-0,2.00,FT,1,home
26-03-2022,Salford,Walsall,,2-1,1.30,DC,12,home
26-03-2022,Scunthorpe,Harrogate,,0-3,1.30,DC,12,away
26-03-2022,Gijon,Cartagena,,4-1,2.15,FT,1,home
26-03-2022,Oviedo,Fuenlabrada,,3-0,1.80,FT,1,home
26-03-2022,Mirandes,Ponferradina,,3-1,2.20,FT,1,home
26-03-2022,Burgos,Tenerife,,1-0,2.85,FT,X,home
26-03-2022,Malaga,Huesca,,0-2,1.40,DC,1X,away
26-03-2022,Alcorcon,Valladolid,,1-2,1.85,FT,2,away
19-03-2022,Bristol City,WBA,,2-2,2.05,FT,2,draw
19-03-2022,Huddersfield,Bournemouth,,0-3,2.35,FT,2,away
19-03-2022,Hull,Luton,,1-3,1.35,DC,12,away
19-03-2022,Reading,Blackburn,,1-0,2.30,FT,2,home
19-03-2022,Stoke,Millwall,,2-0,1.55,DC,X2,home
19-03-2022,Swansea,Birmingham,,0-0,1.95,FT,1,draw
19-03-2022,Elche,Valencia,,0-1,1.45,DC,X2,away
19-03-2022,Osasuna,Levante,,3-1,1.90,FT,1,home
19-03-2022,Nantes,Lille,,0-1,1.45,DC,1X,away
19-03-2022,Rayo Vallecano,Atl. Madrid,,0-1,2.00,FT,2,away
19-03-2022,Venezia,Sampdoria,,0-2,3.30,FT,X,away
19-03-2022,Monaco,PSG,,3-0,1.90,FT,2,home
19-03-2022,Crystal Palace,Everton,,4-0,1.90,FT,1,home
19-03-2022,Bordeaux,Montpellier,,0-2,1.30,DC,12,away
19-03-2022,Lorient,Strasbourg,,0-0,2.20,FT,2,draw
19-03-2022,Empoli,Verona,,1-1,1.45,DC,X2,draw
19-03-2022,Leicester,Brentford,,2-1,2.20,FT,1,home
19-03-2022,Wolfsburg,Leverkusen,,0-2,2.30,FT,2,away
19-03-2022,Tottenham,West Ham,,3-1,1.75,FT,1,home
19-03-2022,Roma,Lazio,,3-0,3.40,FT,X,home
12-03-2022,Brentford,Burnley,,2-0,1.30,DC,1X,home
12-03-2022,Birmingham,Hull,,0-0,2.10,FT,1,draw
12-03-2022,Blackpool,Swansea,,1-0,1.30,DC,12,home
12-03-2022,Cardiff,Preston,,0-0,1.35,DC,1X,draw
12-03-2022,Coventry,Sheffield Utd,,4-1,2.50,FT,2,home
12-03-2022,Millwall,Middlesbrough,,0-0,1.40,DC,X2,draw
12-03-2022,Peterborough,Stoke,,2-2,2.05,FT,2,draw
12-03-2022,Granada CF,Elche,,0-1,2.20,FT,1,away
12-03-2022,Montpellier,Nice,,0-0,2.30,FT,2,draw
12-03-2022,Manchester Utd,Tottenham,,3-2,3.30,FT,2,home
12-03-2022,Getafe,Valencia,,0-0,1.35,DC,1X,draw
12-03-2022,Troyes,Nantes,,1-0,1.40,DC,X2,home
12-03-2022,Luton,QPR,,1-2,2.20,FT,1,away
12-03-2022,Rayo Vallecano,Sevilla,,1-1,2.30,FT,2,draw
12-03-2022,Everton,Wolverhampton,,0-1,2.30,FT,1,away
12-03-2022,West Ham,Aston Villa,,2-1,3.10,FT,2,home
12-03-2022,Verona,Napoli,,1-2,2.10,FT,2,away
12-03-2022,Betis,Ath Bilbao,,1-0,2.30,FT,1,home
12-03-2022,Eintracht Frankfurt,Bochum,,2-1,1.90,FT,1,home
12-03-2022,Udinese,AS Roma,,1-1,2.20,FT,2,draw
05-03-2022,Aston Villa,Southampton,,4-0,2.30,FT,1,home
05-03-2022,Newcastle,Brighton,,2-1,1.45,DC,1X,home
05-03-2022,Norwich,Brentford,,1-3,2.90,FT,1,away
05-03-2022,Wolverhampton,Crystal Palace,,0-2,1.30,DC,1X,away
05-03-2022,Bristol City,Birmingham,,1-2,2.25,FT,1,away
05-03-2022,Derby,Barnsley,,2-0,2.15,FT,1,home
05-03-2022,Hull,West Brom,,0-2,2.05,FT,2,away
05-03-2022,Middlesbrough,Luton,,2-1,1.80,FT,1,home
05-03-2022,Preston,Bournemouth,,2-1,1.30,DC,X2,home
05-03-2022,QPR,Cardiff,,1-2,1.30,DC,12,away
05-03-2022,Reading,Millwall,,0-1,2.40,FT,2,away
05-03-2022,Stoke,Blackpool,,0-1,1.90,FT,1,away
05-03-2022,Swansea,Coventry,,3-1,2.65,FT,2,home
05-03-2022,AS Roma,Atalanta,,1-0,3.50,FT,X,home
05-03-2022,Stuttgart,B. Monchengladbach,,3-2,1.40,DC,X2,home
05-03-2022,Cagliari,Lazio,,0-3,2.10,FT,2,away
05-03-2022,Genoa,Empoli,,0-0,1.40,DC,1X,draw
05-03-2022,Bologna,Torino,,0-0,3.30,FT,X,draw
05-03-2022,Grasshoppers,Servette,,2-4,2.60,FT,2,away
05-03-2022,FC Koln,Hoffenheim,,0-1,2.45,FT,2,away
26-02-2022,Brentford,Newcastle,,0-2,1.50,DC,X2,away
26-02-2022,Brighton,Aston Villa,,0-2,1.60,DC,X2,away
26-02-2022,Crystal Palace,Burnley,,1-1,1.25,DC,1X,draw
26-02-2022,Barnsley,Middlesbrough,,3-2,1.85,FT,2,home
26-02-2022,Birmingham,Huddersfield,,0-2,1.40,DC,1X,away
26-02-2022,Blackpool,Reading,,4-1,3.60,FT,2,home
26-02-2022,Coventry,Preston,,1-1,1.95,FT,1,draw
26-02-2022,Millwall,Sheffield Utd,,1-0,2.20,FT,2,home
26-02-2022,Peterborough,Hull,,0-3,1.30,DC,12,away
26-02-2022,Dundee FC,Livingston,,0-4,2.50,FT,2,away
26-02-2022,Ross County,St Johnstone,,3-1,3.00,FT,X,home
26-02-2022,St. Mirren,Hearts,,0-2,3.10,FT,X,away
26-02-2022,Sassuolo,Fiorentina,,2-1,1.30,DC,12,home
26-02-2022,Strasbourg,Nice,,0-0,3.30,FT,2,draw
26-02-2022,West Ham,Wolverhampton,,1-0,2.05,FT,1,home
26-02-2022,Angers,Lens,,1-2,2.50,FT,2,away
26-02-2022,Brest,Lorient,,0-1,2.05,FT,1,away
26-02-2022,Clermont,Bordeaux,,1-1,1.95,FT,1,draw
26-02-2022,Metz,Nantes,,0-0,2.50,FT,2,draw
26-02-2022,Sevilla,Betis,,2-1,2.15,FT,1,home
19-02-2022,Southampton,Everton,,2-0,1.30,DC,1X,home
19-02-2022,Bristol City,Middlesbrough,,2-1,2.00,FT,2,home
19-02-2022,Cardiff,Blackpool,,1-1,2.10,FT,1,draw
19-02-2022,Derby,Peterborough,,1-0,1.90,FT,1,home
19-02-2022,Luton,WBA,,2-0,2.40,FT,2,home
19-02-2022,Motherwell,Aberdeen,,1-1,1.35,DC,12,draw
19-02-2022,Osasuna,Atl. Madrid,,0-3,1.25,DC,X2,away
19-02-2022,Lens,Olympique Lyon,,1-1,1.40,DC,X2,draw
19-02-2022,Koln,Eintracht Frankfurt,,1-0,1.25,DC,12,home
19-02-2022,Cadiz,Getafe,,1-1,2.50,FT,2,draw
19-02-2022,Fiorentina,Atalanta,,1-0,3.40,FT,X,home
19-02-2022,Espanyol,Sevilla,,1-1,2.20,FT,2,draw
19-02-2022,Leeds,Manchester Utd,,2-4,1.25,DC,X2,away
19-02-2022,Venezia,Genoa,,1-1,2.80,FT,2,draw
19-02-2022,Lorient,Montpellier,,0-1,2.30,FT,1,away
19-02-2022,Reims,Brest,,1-1,3.10,FT,2,draw
19-02-2022,Valencia,Barcelona,,1-4,2.00,FT,2,away
19-02-2022,Wolverhampton,Leicester,,2-1,3.20,FT,X,home
19-02-2022,Udinese,Lazio,,1-1,2.20,FT,2,draw
19-02-2022,Ath Bilbao,Sociedad,,4-0,2.90,FT,X,home
12-02-2022,Brentford,Crystal Palace,,0-0,1.40,DC,1X,draw
12-02-2022,Everton,Leeds,,3-0,2.30,FT,1,home
12-02-2022,Watford,Brighton,,0-2,1.25,DC,X2,away
12-02-2022,Barnsley,QPR,,1-0,2.05,FT,2,home
12-02-2022,Birmingham,Luton,,3-0,1.50,DC,1X,home
12-02-2022,Blackpool,Bournemouth,,1-2,1.90,FT,2,away
12-02-2022,Hull,Fulham,,0-1,1.60,FT,2,away
12-02-2022,Millwall,Cardiff,,2-1,3.10,FT,X,home
12-02-2022,Nottingham,Stoke,,2-2,2.30,FT,1,draw
12-02-2022,Peterborough,Preston,,0-1,2.10,FT,2,away
12-02-2022,Reading,Coventry,,2-3,2.05,FT,2,away
12-02-2022,Wimbledon,Sunderland,,1-1,1.30,DC,X2,draw
12-02-2022,Burton,Cambridge Utd,,2-2,1.90,FT,1,draw
12-02-2022,Lincoln,Wycombe,,1-1,1.30,DC,12,draw
12-02-2022,Morecambe,Gillingham,,1-1,3.20,FT,2,draw
12-02-2022,Plymouth,Shrewsbury,,1-0,2.00,FT,1,home
12-02-2022,Sheffield Wed,Rotherham,,0-2,3.20,FT,X,away
12-02-2022,Swansea,Bristol City,,3-1,1.95,FT,1,home
12-02-2022,Newcastle,Aston Villa,,1-0,1.30,DC,12,home
12-02-2022,Leicester,West Ham,,2-2,2.80,FT,1,draw
05-02-2022,Everton,Brentford,,4-1,2.00,FT,1,home
05-02-2022,Peterborough,QPR,,2-0,2.05,FT,2,home
05-02-2022,Blackpool,Bristol City,,3-1,1.60,DC,X2,home
05-02-2022,Hull,Preston,,0-1,1.40,DC,1X,away
05-02-2022,Cambridge Utd,Luton,,0-3,2.00,FT,2,away
05-02-2022,Swansea,Blackburn,,1-0,1.50,DC,X2,home
05-02-2022,Celta Vigo,Rayo Vallecano,,2-0,1.95,FT,1,home
05-02-2022,Fortuna Sittard,Heerenveen,,2-0,2.70,FT,1,home
05-02-2022,Zwolle,NEC,,1-1,2.15,FT,1,draw
05-02-2022,Fiorentina,Lazio,,0-3,1.40,DC,1X,away
05-02-2022,Twente,Vitesse,,3-0,1.40,DC,1X,home
05-02-2022,Osasuna,Sevilla,,0-0,2.20,FT,2,draw
05-02-2022,Monaco,Olympique Lyon,,2-0,2.00,FT,1,home
05-02-2022,Valencia,Sociedad,,0-0,2.50,FT,2,draw
05-02-2022,Bologna,Empoli,,0-0,2.00,FT,1,draw
05-02-2022,Sampdoria,Sassuolo,,4-0,1.25,DC,12,home
05-02-2022,Dortmund,Leverkusen,,2-5,1.95,FT,1,away
05-02-2022,Barcelona,Atl. Madrid,,4-2,2.25,FT,1,home
05-02-2022,Udinese,Torino,,2-0,3.20,FT,X,home
05-02-2022,Betis,Villarreal,,0-2,2.30,FT,1,away
29-01-2022,Barnsley,Bournemouth,,0-1,1.70,FT,2,away
29-01-2022,Hull,Swansea,,2-0,1.45,DC,X2,home
29-01-2022,Luton,Blackburn,,0-0,1.55,DC,X2,draw
29-01-2022,Middlesbrough,Coventry,,1-0,2.05,FT,1,home
29-01-2022,Millwall,WBA,,2-0,1.30,DC,X2,home
29-01-2022,Accrington,Morecambe,,2-2,1.95,FT,1,draw
29-01-2022,Wimbledon,Shrewsbury,,1-1,2.80,FT,2,draw
29-01-2022,Bolton,Sunderland,,6-0,2.00,FT,2,home
29-01-2022,Fleetwood,Cambridge Utd,,1-1,2.00,FT,1,draw
29-01-2022,Lincoln,Burton,,1-2,2.10,FT,1,away
29-01-2022,Sheffield Wed,Ipswich,,1-0,3.30,FT,2,home
29-01-2022,Wycombe,Milton Keynes Dons,,0-1,2.10,FT,1,away
29-01-2022,Amorebieta,Girona,,1-0,3.05,FT,X,home
29-01-2022,Lugo,Burgos CF,,1-0,2.05,FT,1,home
29-01-2022,Peterborough,Sheffield Utd,,0-2,1.95,FT,2,away
29-01-2022,Oviedo,Almeria,,2-0,1.40,DC,X2,home
29-01-2022,Derby,Birmingham,,2-2,3.10,FT,X,draw
29-01-2022,Portimonense,Tondela,,1-2,2.00,FT,1,away
29-01-2022,Vizela,Vitoria Guimaraes,,3-2,1.30,DC,12,home
29-01-2022,Cardiff,Nottingham,,2-1,1.40,DC,X2,home
22-01-2022,Brentford,Wolverhampton,,1-2,1.35,DC,X2,away
22-01-2022,Leeds,Newcastle,,0-1,2.00,FT,1,away
22-01-2022,Manchester Utd,West Ham,,1-0,1.25,DC,1X,home
22-01-2022,Blackpool,Millwall,,1-0,3.00,FT,2,home
22-01-2022,Coventry,QPR,,1-2,2.35,FT,1,away
22-01-2022,Reading,Huddersfield,,3-4,2.40,FT,2,away
22-01-2022,Sheffield Utd,Luton,,2-0,1.25,DC,12,home
22-01-2022,Stoke,Fulham,,2-3,1.85,FT,2,away
22-01-2022,Swansea,Preston,,1-0,2.10,FT,1,home
22-01-2022,Brest,Lille,,2-0,2.10,FT,2,home
22-01-2022,Bochum,Koln,,2-2,2.20,FT,2,draw
22-01-2022,Lazio,Atalanta,,0-0,3.70,FT,X,draw
22-01-2022,Lens,Olympique Marseille,,0-2,3.40,FT,X,away
22-01-2022,Cagliari,Fiorentina,,1-1,1.60,FT,2,draw
22-01-2022,Granada,Osasuna,,0-2,1.40,DC,1X,away
22-01-2022,Leicester,Brighton,,1-1,1.45,DC,1X,draw
22-01-2022,Spezia,Sampdoria,,1-0,2.70,FT,1,home
22-01-2022,Torino,Sassuolo,,1-1,2.10,FT,1,draw
22-01-2022,Rayo Vallecano,Ath Bilbao,,0-1,1.40,DC,1X,away
22-01-2022,Milan,Juventus,,0-0,3.20,FT,X,draw
15-01-2022,Sampdoria,Torino,,1-2,1.40,DC,X2,away
15-01-2022,Newcastle,Watford,,1-1,2.00,FT,1,draw
15-01-2022,Norwich,Everton,,2-1,2.05,FT,2,home
15-01-2022,Wolverhampton,Southampton,,3-1,1.30,DC,1X,home
15-01-2022,Cheltenham,Charlton,,1-1,2.35,FT,2,draw
15-01-2022,Cardiff,Blackburn,,0-1,1.45,DC,X2,away
15-01-2022,Derby,Sheffield Utd,,2-0,2.15,FT,2,home
15-01-2022,Huddersfield,Swansea,,1-1,1.40,DC,1X,draw
15-01-2022,Millwall,Nottingham,,0-1,3.10,FT,X,away
15-01-2022,Peterborough,Coventry,,1-4,2.10,FT,1,away
15-01-2022,Preston,Birmingham,,1-1,1.90,FT,1,draw
15-01-2022,QPR,WBA,,1-0,2.10,FT,2,home
15-01-2022,Aston Villa,Manchester Utd,,2-2,1.30,DC,12,draw
15-01-2022,B. Monchengladbach,Leverkusen,,1-2,1.25,DC,12,away
15-01-2022,Sassuolo,Verona,,2-4,2.20,FT,1,away
15-01-2022,Hull,Stoke,,0-2,2.40,FT,2,away
15-01-2022,Venezia,Empoli,,1-1,2.20,FT,2,draw
15-01-2022,Augsburg,Eintracht Frankfurt,,1-1,2.10,FT,2,draw
15-01-2022,Tottenham,Arsenal,,Postp,2.30,FT,1,postponed
15-01-2022,Atalanta,Inter,,0-0,2.30,FT,2,draw
08-01-2022,WBA,Brighton,,1-1,2.15,FT,2,draw
08-01-2022,Wigan,Blackburn,,3-2,3.20,FT,X,home
08-01-2022,Hull,Everton,,2-2,1.90,FT,2,draw
08-01-2022,Swansea,Southampton,,1-1,2.00,FT,2,draw
08-01-2022,Eintracht Frankfurt,Dortmund,,2-3,1.95,FT,2,away
08-01-2022,Lens,Rennes,,1-0,3.40,FT,X,home
08-01-2022,Empoli,Sassuolo,,1-5,3.80,FT,X,away
08-01-2022,Brest,Nice,,0-3,1.40,DC,X2,away
08-01-2022,Rayo Vallecano,Betis,,1-1,1.30,DC,12,draw
08-01-2022,Cardiff,Preston,,1-1,2.95,FT,2,draw
08-01-2022,West Ham,Leeds,,2-0,1.80,FT,1,home
08-01-2022,Clermont,Reims,,0-0,3.10,FT,X,draw
08-01-2022,Metz,Strasbourg,,0-2,1.75,FT,2,away
08-01-2022,Hertha Berlin,FC Koln,,1-3,2.70,FT,1,away
08-01-2022,Nantes,Monaco,,0-0,1.30,DC,X2,draw
08-01-2022,Bochum,Wolfsburg,,1-0,2.10,FT,2,home
08-01-2022,AEK,PAOK,,Postp,3.10,FT,X,postponed
08-01-2022,AS Roma,Juventus,,3-4,1.30,DC,X2,away
08-01-2022,Genoa,Spezia,,0-1,1.30,DC,1X,away
08-01-2022,Alaves,Ath Bilbao,,0-0,1.25,DC,X2,draw
01-01-2022,Blackpool,Hull,,1-0,2.05,FT,1,home
01-01-2022,Charlton,Wycombe,,0-1,3.30,FT,X,away
01-01-2022,Crystal Palace,West Ham,,2-3,3.40,FT,X,away
01-01-2022,Bristol City,Millwall,,3-2,3.10,FT,X,home
01-01-2022,Valladolid,Leganes,,1-0,2.00,FT,1,home
01-01-2022,Brentford,Aston Villa,,2-1,1.40,DC,X2,home
01-01-2022,Everton,Brighton,,2-3,1.40,DC,1X,away
01-01-2022,Leeds,Burnley,,3-1,1.30,DC,1X,home
01-01-2022,Birmingham,QPR,,1-2,1.30,DC,12,away
01-01-2022,Blackburn,Huddersfield,,0-0,1.85,FT,1,draw
01-01-2022,Shrewsbury,Sheffield Wed,,1-0,1.30,DC,12,home
01-01-2022,Montpellier,Strasbourg,,1-0,2.40,FT,1,home
01-01-2022,Elche,Granada,,0-0,2.50,FT,1,draw
01-01-2022,Chelsea,Liverpool,,2-2,1.40,DC,X2,draw
01-01-2022,Huesca,Girona,,0-1,3.00,FT,X,away
01-01-2022,Mirandes,Zaragoza,,2-0,2.15,FT,2,home
01-01-2022,Alaves,Sociedad,,1-1,2.25,FT,2,draw
01-01-2022,Vizela,Belenenses,,2-0,2.05,FT,1,home
01-01-2022,Fuenlabrada,Ibiza,,1-2,2.90,FT,X,away
01-01-2022,Tenerife,Las Palmas,,0-1,3.00,FT,X,away
26-12-2021,Carlisle,Rochdale,,Postp,2.50,FT,2,postponed
26-12-2021,Huddersfield,Blackpool,,3-2,2.20,FT,1,home
26-12-2021,Hull,Blackburn,,Postp,2.30,FT,2,postponed
26-12-2021,Middlesbrough,Nottingham,,2-0,1.25,DC,1X,home
26-12-2021,Cheltenham,Plymouth,,0-2,1.30,DC,12,away
26-12-2021,Fleetwood,Shrewsbury,,0-3,1.30,DC,12,away
26-12-2021,Lincoln,MK Dons,,2-3,1.30,DC,12,away
26-12-2021,Mansfield,Hartlepool,,3-2,1.90,FT,1,home
26-12-2021,Oldham,Scunthorpe,,1-3,2.10,FT,1,away
26-12-2021,Tranmere,Barrow,,2-0,2.10,FT,1,home
26-12-2021,Dundee Utd,Hibernian,,1-3,2.10,FT,2,away
26-12-2021,Motherwell,Livingston,,2-1,1.30,DC,1X,home
26-12-2021,Ayr,Raith,,2-0,2.20,FT,2,home
26-12-2021,Dunfermline,Arbroath,,0-3,2.45,FT,2,away
26-12-2021,Hamilton,Kilmarnock,,2-3,2.20,FT,2,away
26-12-2021,Torquay,Yeovil,,3-0,3.00,FT,2,home
26-12-2021,Airdrie,Alloa,,3-1,2.05,FT,1,home
26-12-2021,Kortrijk,Antwerp,,Postp,1.40,DC,X2,postponed
26-12-2021,Brighton,Brentford,,2-0,3.40,FT,X,home
26-12-2021,Oostende,Genk,,0-4,1.90,FT,2,away
18-12-2021,Blackburn,Birmingham,,4-0,1.95,FT,1,home
18-12-2021,Blackpool,Peterborough,,3-1,1.30,DC,12,home
18-12-2021,Bristol City,Huddersfield,,2-3,1.40,DC,1X,away
18-12-2021,Nottingham,Hull,,2-1,1.90,FT,1,home
18-12-2021,Bologna,Juventus,,0-2,1.90,FT,2,away
18-12-2021,Leeds,Arsenal,,1-4,1.90,FT,2,away
18-12-2021,Cagliari,Udinese,,0-4,3.30,FT,X,away
18-12-2021,Sevilla,Atl. Madrid,,2-1,3.00,FT,X,home
18-12-2021,Fiorentina,Sassuolo,,2-2,1.25,DC,1X,draw
18-12-2021,Hannover,Werder Bremen,,1-4,2.00,FT,2,away
18-12-2021,Jahn Regensburg,Darmstadt,,0-2,2.25,FT,2,away
18-12-2021,Karlsruher,Hansa,,2-2,1.30,DC,1X,draw
18-12-2021,Granada,Mallorca,,4-1,1.40,DC,1X,home
18-12-2021,Spezia,Empoli,,1-1,2.60,FT,2,draw
18-12-2021,Freiburg,Leverkusen,,2-1,2.50,FT,2,home
18-12-2021,Eupen,Charleroi,,0-4,2.30,FT,2,away
18-12-2021,Ath Bilbao,Betis,,3-2,3.20,FT,X,home
18-12-2021,Boavista,Moreirense,,1-0,2.50,FT,1,home
18-12-2021,Getafe,Osasuna,,1-0,1.30,DC,1X,home
18-12-2021,Sepsi,FCSB,,0-0,2.35,FT,2,draw
11-12-2021,Birmingham,Cardiff,,2-2,1.30,DC,12,draw
11-12-2021,Derby,Blackpool,,1-0,1.35,DC,1X,home
11-12-2021,Hull,Bristol City,,2-2,2.05,FT,1,draw
11-12-2021,Luton,Fulham,,1-1,1.85,FT,2,draw
11-12-2021,Peterborough,Millwall,,2-1,1.30,DC,X2,home
11-12-2021,Preston,Barnsley,,2-1,1.80,FT,1,home
11-12-2021,Stoke,Middlesbrough,,0-0,1.35,DC,1X,draw
11-12-2021,Swansea,Nottingham,,1-4,2.15,FT,1,away
11-12-2021,Alaves,Getafe,,1-1,2.90,FT,X,draw
11-12-2021,Udinese,AC Milan,,1-1,1.90,FT,2,draw
11-12-2021,Ath Bilbao,Sevilla,,0-1,1.50,DC,X2,away
11-12-2021,Torino,Bologna,,2-1,1.30,DC,1X,home
11-12-2021,Burnley,West Ham,,0-0,2.00,FT,2,draw
11-12-2021,Verona,Atalanta,,1-2,1.90,FT,2,away
11-12-2021,Crystal Palace,Everton,,3-1,3.20,FT,X,home
11-12-2021,Eintracht Frankfurt,Bayer Leverkusen,,5-2,2.10,FT,2,home
11-12-2021,Sassuolo,Lazio,,2-1,2.70,FT,1,home
11-12-2021,Alcorcon,Cartagena,,1-1,2.70,FT,1,draw
11-12-2021,Betis,Real Sociedad,,4-0,2.30,FT,1,home
11-12-2021,Real Madrid,Atl. Madrid,,2-0,2.10,FT,1,home
04-12-2021,Newcastle,Burnley,,1-0,1.35,DC,1X,home
04-12-2021,Southampton,Brighton,,1-1,1.35,DC,1X,draw
04-12-2021,Barnsley,Huddersfield,,1-1,1.30,DC,12,draw
04-12-2021,Blackburn,Preston,,1-0,2.20,FT,1,home
04-12-2021,Blackpool,Luton,,0-3,1.30,DC,12,away
04-12-2021,Bristol City,Derby,,1-0,2.40,FT,1,home
04-12-2021,Cardiff,Sheffield Utd,,2-3,2.20,FT,2,away
04-12-2021,Middlesbrough,Swansea,,1-0,2.00,FT,1,home
04-12-2021,Millwall,Birmingham,,3-1,2.15,FT,1,home
04-12-2021,Reading,Hull,,1-1,1.30,DC,12,draw
04-12-2021,Roma,Inter,,0-3,1.95,FT,2,away
04-12-2021,Napoli,Atalanta,,2-3,2.70,FT,1,away
04-12-2021,Bologna,Fiorentina,,2-3,1.30,DC,12,away
04-12-2021,Leeds,Brentford,,2-2,1.95,FT,1,draw
04-12-2021,Spezia,Sassuolo,,2-2,2.10,FT,2,draw
04-12-2021,Venezia,Verona,,3-4,3.40,FT,X,away
04-12-2021,QPR,Stoke,,0-2,2.35,FT,1,away
04-12-2021,Aston Villa,Leicester,,2-1,2.40,FT,1,home
04-12-2021,Sampdoria,Lazio,,1-3,2.10,FT,2,away
04-12-2021,Celta Vigo,Valencia,,1-2,2.10,FT,1,away
27-11-2021,Crystal Palace,Aston Villa,,1-2,1.65,DC,X2,away
27-11-2021,Norwich,Wolverhampton,,0-0,1.30,DC,X2,draw
27-11-2021,Dundee,Motherwell,,3-0,2.80,FT,2,home
27-11-2021,Ross County,Dundee Utd,,1-1,1.30,DC,12,draw
27-11-2021,St Johnstone,Hibernian,,1-2,3.05,FT,X,away
27-11-2021,Valencia,Rayo Vallecano,,1-1,2.00,FT,1,draw
27-11-2021,Juventus,Atalanta,,0-1,2.15,FT,1,away
27-11-2021,Brighton,Leeds,,0-0,1.30,DC,1X,draw
27-11-2021,Mallorca,Getafe,,0-0,1.60,DC,X2,draw
27-11-2021,Fortuna Sittard,Groningen,,1-4,2.35,FT,2,away
27-11-2021,Zwolle,RKC Waalwijk,,0-0,2.10,FT,1,draw
27-11-2021,Villarreal,Barcelona,,1-3,1.30,DC,12,away
27-11-2021,Udinese,Genoa,,0-0,1.80,FT,1,draw
27-11-2021,Brentford,Everton,,1-0,2.20,FT,1,home
27-11-2021,Burnley,Tottenham,,Postp,2.00,FT,2,postponed
27-11-2021,Spezia,Bologna,,0-1,3.40,FT,X,away
27-11-2021,Bordeaux,Brest,,1-2,2.80,FT,2,away
27-11-2021,Reims,Clermont,,1-0,3.10,FT,X,home
27-11-2021,Eintracht Frankfurt,Union Berlin,,2-1,2.30,FT,1,home
27-11-2021,Espanyol,Sociedad,,1-0,2.20,FT,2,home
20-11-2021,Aston Villa,Brighton,,2-0,1.40,DC,1X,home
20-11-2021,Burnley,Crystal Palace,,3-3,1.40,DC,X2,draw
20-11-2021,Newcastle,Brentford,,3-3,2.60,FT,1,draw
20-11-2021,Norwich,Southampton,,2-1,1.30,DC,12,home
20-11-2021,Wolverhamton,West Ham,,1-0,1.40,DC,X2,home
20-11-2021,Bristol City,Blackburn,,1-1,1.35,DC,X2,draw
20-11-2021,Huddersfield,WBA,,1-0,2.05,FT,2,home
20-11-2021,Hull,Birmingham,,2-0,1.30,DC,12,home
20-11-2021,Middlesbrough,Millwall,,1-1,2.05,FT,1,draw
20-11-2021,Preston,Cardiff,,1-2,2.10,FT,1,away
20-11-2021,Reading,Nottingham,,1-1,2.35,FT,2,draw
20-11-2021,Swansea,Blackpool,,1-1,1.85,FT,1,draw
20-11-2021,Lazio,Juventus,,0-2,2.30,FT,2,away
20-11-2021,Union Berlin,Hertha Berlin,,2-0,2.00,FT,1,home
20-11-2021,Fiorentina,Milan,,4-3,2.20,FT,2,home
20-11-2021,Salernitana,Sampdoria,,0-2,2.40,FT,2,away
20-11-2021,Freiburg,Eintracht Frankfurt,,0-2,2.05,FT,1,away
20-11-2021,Mainz,Koln,,1-1,2.10,FT,1,draw
20-11-2021,Inter,Napoli,,3-2,3.40,FT,X,home
20-11-2021,Elche,Betis,,0-3,2.10,FT,2,away
13-11-2021,Accrington,Plymouth,,1-4,1.35,DC,X2,away
13-11-2021,Burton,Charlton,,0-1,2.60,FT,1,away
13-11-2021,Ipswich,Oxford Utd,,0-0,2.25,FT,1,draw
13-11-2021,Wycombe,Portsmouth,,0-1,2.05,FT,1,away
13-11-2021,Bristol Rovers,Northampton,,2-1,1.30,DC,12,home
13-11-2021,Rochdale,Leyton Orient,,2-2,3.20,FT,X,draw
13-11-2021,Stevenage,Mansfield,,1-1,2.45,FT,1,draw
13-11-2021,Tranmere,Sutton,,0-1,2.60,FT,1,away
13-11-2021,Walsall,Harrogate,,1-3,1.40,DC,1X,away
13-11-2021,Arbroath,Queen of South,,1-1,1.80,FT,1,draw
13-11-2021,Ayr,Partick Thistle,,0-4,2.40,FT,2,away
13-11-2021,Hamilton,Raith,,0-3,2.30,FT,2,away
13-11-2021,Morton,Kilmarnock,,0-2,1.20,DC,X2,away
13-11-2021,Mirandes,Huesca,,0-1,2.25,FT,2,away
13-11-2021,Las Palmas,Zaragoza,,2-3,1.20,DC,1X,away
13-11-2021,Amorebieta,Lugo,,1-3,1.25,DC,1X,away
13-11-2021,Ibiza,Almeria,,0-1,2.20,FT,2,away
13-11-2021,Burgos CF,Ponferradina,,1-0,2.90,FT,X,home
13-11-2021,Leganes,R. Oviedo,,0-0,2.00,FT,1,draw
13-11-2021,Excelsior,Almere City,,4-4,1.95,FT,1,draw
06-11-2021,Crystal Palace,Wolverhampton,,2-0,1.35,DC,1X,home
06-11-2021,Celta Vigo,Barcelona,,3-3,2.15,FT,2,draw
06-11-2021,Lille,Angers,,1-1,1.80,FT,1,draw
06-11-2021,RB Leipzig,Dortmund,,2-1,1.95,FT,1,home
06-11-2021,Alaves,Levante,,2-1,1.35,DC,1X,home
06-11-2021,Everton,Tottenham,,0-0,2.40,FT,2,draw
06-11-2021,Leeds,Leicester,,1-1,2.45,FT,2,draw
06-11-2021,Sampdoria,Bologna,,1-2,1.30,DC,12,away
06-11-2021,Udinese,Sassuolo,,3-2,1.30,DC,12,home
06-11-2021,Lorient,Brest,,1-2,1.35,DC,1X,away
06-11-2021,Nantes,Strasbourg,,2-2,3.30,FT,X,draw
06-11-2021,St Etienne,Clermont,,3-2,2.50,FT,1,home
06-11-2021,Hertha,Leverkusen,,1-1,2.05,FT,2,draw
06-11-2021,Valencia,Atl. Madrid,,3-3,1.95,FT,2,draw
06-11-2021,FC Koln,Union Berlin,,2-2,2.10,FT,1,draw
06-11-2021,Mallorca,Elche,,2-2,2.05,FT,1,draw
06-11-2021,Osasuna,Sociedad,,0-2,2.30,FT,2,away
06-11-2021,Milan,Inter,,1-1,3.60,FT,X,draw
06-11-2021,Rennes,Olympique Lyon,,4-1,1.50,DC,1X,home
06-11-2021,Betis,Sevilla,,0-2,3.20,FT,X,away
30-10-2021,Burnley,Brentford,,3-1,1.45,DC,X2,home
30-10-2021,Watford,Southampton,,0-1,3.30,FT,X,away
30-10-2021,Bristol City,Barnsley,,2-1,1.35,DC,1X,home
30-10-2021,Derby,Blackburn,,1-2,1.45,DC,1X,away
30-10-2021,Huddersfield,Millwall,,1-0,2.90,FT,2,home
30-10-2021,Hull,Coventry,,0-1,3.20,FT,X,away
30-10-2021,Middlesbrough,Birmingham,,0-2,2.10,FT,1,away
30-10-2021,Preston,Luton,,2-0,1.30,DC,12,home
30-10-2021,Metz,St Etienne,,1-1,2.60,FT,2,draw
30-10-2021,Tottenham,Manchester Utd,,0-3,1.30,DC,12,away
30-10-2021,Eintracht Frankfurt,RB Leipzig,,1-1,1.80,FT,2,draw
30-10-2021,Angers,Nice,,1-2,2.40,FT,2,away
30-10-2021,Norwich,Leeds,,1-2,2.05,FT,2,away
30-10-2021,Bordeaux,Reims,,3-2,1.40,DC,1X,home
30-10-2021,Montpellier,Nantes,,2-0,3.40,FT,X,home
30-10-2021,Strasbourg,Lorient,,4-0,2.00,FT,1,home
30-10-2021,Augsburg,Stuttgart,,4-1,2.45,FT,2,home
30-10-2021,Maritimo,Gil Vicente,,1-2,2.55,FT,2,away
30-10-2021,Aston Villa,West Ham,,1-4,3.40,FT,X,away
30-10-2021,Clermont,Olympique Marseille,,0-1,2.35,FT,2,away
23-10-2021,Crystal Palace,Newcastle,,1-1,1.95,FT,1,draw
23-10-2021,Leeds,Wolverhampton,,1-1,2.80,FT,2,draw
23-10-2021,Southampton,Burnley,,2-2,1.25,DC,1X,draw
23-10-2021,Cadiz,Alaves,,0-2,1.35,DC,1X,away
23-10-2021,Hertha,B. Monchengladbach,,1-0,2.00,FT,2,home
23-10-2021,Bologna,Milan,,2-4,2.05,FT,2,away
23-10-2021,Ath Bilbao,Villarreal,,2-1,1.40,DC,1X,home
23-10-2021,Nice,Olympique Lyon,,3-2,2.60,FT,2,home
23-10-2021,Elche,Espanyol,,2-2,3.00,FT,X,draw
23-10-2021,Brentford,Leicester,,1-2,2.70,FT,2,away
23-10-2021,West Ham,Tottenham,,1-0,1.40,DC,1X,home
23-10-2021,Verona,Lazio,,4-1,2.20,FT,2,home
23-10-2021,Reims,Troyes,,1-2,3.20,FT,X,away
23-10-2021,Koln,Leverkusen,,2-2,2.10,FT,2,draw
23-10-2021,Barcelona,Real Madrid,,1-2,2.45,FT,2,away
23-10-2021,Manchester Utd,Liverpool,,0-5,1.40,DC,X2,away
23-10-2021,Stuttgart,Union Berlin,,1-1,2.80,FT,2,draw
23-10-2021,Roma,Napoli,,0-0,2.45,FT,2,draw
23-10-2021,Bochum,Eintracht Frankfurt,,2-0,2.25,FT,2,home
23-10-2021,Inter,Juventus,,1-1,1.30,DC,1X,draw
16-10-2021,Aston Villa,Wolverhampton,,2-3,1.35,DC,12,away
16-10-2021,Leicester,Manchester Utd,,4-2,2.10,FT,2,home
16-10-2021,Norwich,Brighton,,0-0,1.25,DC,X2,draw
16-10-2021,Southampton,Leeds,,1-0,1.40,DC,1X,home
16-10-2021,Clermont,Lille,,1-0,2.30,FT,2,home
16-10-2021,Lazio,Inter,,3-1,1.30,DC,X2,home
16-10-2021,Levante,Getafe,,1-1,3.20,FT,2,draw
16-10-2021,Olympique Lyon,Monaco,,2-0,1.25,DC,12,home
16-10-2021,Cagliari,Sampdoria,,3-1,3.30,FT,X,home
16-10-2021,Troyes,Nice,,1-0,1.90,FT,2,home
16-10-2021,Everton,West Ham,,0-1,1.40,DC,1X,away
16-10-2021,Genoa,Sassuolo,,2-2,2.25,FT,2,draw
16-10-2021,Udinese,Bologna,,1-1,2.30,FT,1,draw
16-10-2021,Bordeaux,Nantes,,1-1,2.80,FT,1,draw
16-10-2021,Brest,Reims,,1-1,2.30,FT,1,draw
16-10-2021,Strasbourg,St Etienne,,5-1,2.10,FT,1,home
16-10-2021,Celta Vigo,Sevilla,,0-1,2.25,FT,2,away
16-10-2021,Montpellier,Lens,,1-0,2.25,FT,2,home
16-10-2021,Newcastle,Tottenham,,2-3,2.05,FT,2,away
16-10-2021,Augsburg,Bielefeld,,1-1,2.30,FT,1,draw
09-10-2021,Plymouth,Burton,,2-1,2.20,FT,1,home
09-10-2021,Sheffield Wed,Bolton,,1-0,2.30,FT,1,home
09-10-2021,Barrow,Leyton,,1-1,2.40,FT,1,draw
09-10-2021,Hartlepool,Northampton,,2-1,3.05,FT,X,home
09-10-2021,Newport,Bradford,,0-0,1.30,DC,12,draw
09-10-2021,Sutton,Port Vale,,4-3,1.30,DC,12,home
09-10-2021,Stevenage,Exeter,,2-2,1.40,DC,X2,draw
09-10-2021,Lugo,Girona,,1-0,1.30,DC,12,home
09-10-2021,Mirandes,Eibar,,3-3,1.30,DC,X2,draw
09-10-2021,Azerbaijan,R.Ireland,,0-3,1.30,DC,X2,away
09-10-2021,Georgia,Greece,,0-2,2.25,FT,2,away
09-10-2021,Finland,Ukraine,,1-2,2.20,FT,2,away
09-10-2021,Scotland,Israel,,3-2,1.95,FT,1,home
09-10-2021,Hungary,Albania,,0-1,2.00,FT,1,away
09-10-2021,Oviedo,Gijon,,1-1,2.65,FT,1,draw
09-10-2021,Cincinnati,Philadelphia,,1-2,2.35,FT,2,away
09-10-2021,Sociedad II,Ponferradina,,1-1,2.85,FT,2,draw
09-10-2021,Cartagena,Ibiza,,5-1,3.00,FT,X,home
09-10-2021,Alcorcon,Burgos,,1-0,2.65,FT,1,home
09-10-2021,Fuenlabrada,Leganes,,2-1,2.85,FT,X,home
02-10-2021,Burnley,Norwich,,0-0,1.90,FT,1,draw
02-10-2021,Mallorca,Levante,,1-0,1.30,DC,1X,home
02-10-2021,Montpellier,Strasbourg,,1-1,1.40,DC,1X,draw
02-10-2021,Torino,Juventus,,0-1,1.90,FT,2,away
02-10-2021,Brighton,Arsenal,,0-0,2.50,FT,2,draw
02-10-2021,Cadiz,Valencia,,0-0,2.35,FT,2,draw
02-10-2021,Atl. Madrid,Barcelona,,2-0,1.25,DC,1X,home
02-10-2021,Bologna,Lazio,,3-0,2.10,FT,2,home
02-10-2021,Elche,Celta,,1-0,2.30,FT,2,home
02-10-2021,Crystal Palace,Leicester,,2-2,1.35,DC,X2,draw
02-10-2021,Tottenham,Aston Villa,,2-1,2.15,FT,1,home
02-10-2021,Sampdoria,Udinese,,3-3,1.30,DC,1X,draw
02-10-2021,Angers,Metz,,3-2,1.25,DC,1X,home
02-10-2021,Lorient,Clermont,,1-1,2.40,FT,1,draw
02-10-2021,Mainz,Union Berlin,,1-2,2.05,FT,1,away
02-10-2021,Lille,Olympique Marseille,,2-0,3.25,FT,X,home
02-10-2021,Liverpool,Manchester City,,2-2,2.40,FT,2,draw
02-10-2021,Getafe,Sociedad,,1-1,2.20,FT,2,draw
02-10-2021,Villarreal,Betis,,2-0,2.00,FT,1,home
02-10-2021,Atalanta,Milan,,2-3,2.10,FT,1,away
25-09-2021,Leeds,West Ham,,1-2,1.40,DC,X2,away
25-09-2021,Watford,Newcastle,,1-1,2.30,FT,1,draw
25-09-2021,Birmingham,Preston,,0-0,2.05,FT,1,draw
25-09-2021,Blackburn,Cardiff,,5-1,1.35,DC,1X,home
25-09-2021,Blackpool,Barnsley,,1-0,2.50,FT,1,home
25-09-2021,Nottingham,Millwall,,1-1,1.35,DC,12,draw
25-09-2021,Swansea,Huddersfield,,1-0,1.35,DC,1X,home
25-09-2021,Valencia,Ath Bilbao,,1-1,2.90,FT,2,draw
25-09-2021,Inter,Atalanta,,2-2,1.95,FT,1,draw
25-09-2021,Hansa Rostock,Schalke,,0-2,1.90,FT,2,away
25-09-2021,Genoa,Verona,,3-3,3.10,FT,X,draw
25-09-2021,Dynamo Dresden,Werder,,3-0,3.40,FT,X,home
25-09-2021,Mallorca,Osasuna,,2-3,2.80,FT,1,away
25-09-2021,Southampton,Wolverhampton,,0-1,2.60,FT,1,away
25-09-2021,Empoli,Bologna,,4-2,1.25,DC,12,home
25-09-2021,Udinese,Fiorentina,,0-1,2.25,FT,2,away
25-09-2021,Bochum,Stuttgart,,0-0,3.50,FT,X,draw
25-09-2021,Arsenal,Tottenham,,3-1,1.30,DC,1X,home
25-09-2021,Lazio,AS Roma,,3-2,2.60,FT,2,home
25-09-2021,Brann,Kristiansund,,3-1,3.50,FT,X,home
18-09-2021,Burnley,Arsenal,,0-1,2.00,FT,2,away
18-09-2021,Norwich,Watford,,1-3,1.30,DC,1X,away
18-09-2021,Millwall,Coventry,,1-1,2.50,FT,1,draw
18-09-2021,Peterborough,Birmingham,,3-0,1.35,DC,X2,home
18-09-2021,Preston,West Brom,,1-1,2.00,FT,2,draw
18-09-2021,Lens,Lille,,1-0,2.75,FT,2,home
18-09-2021,Aston Villa,Everton,,3-0,1.40,DC,1X,home
18-09-2021,Elche,Levante,,1-1,3.10,FT,X,draw
18-09-2021,Alaves,Osasuna,,0-2,3.05,FT,X,away
18-09-2021,St Etienne,Bordeaux,,1-2,1.25,DC,1X,away
18-09-2021,Empoli,Sampdoria,,0-3,2.60,FT,1,away
18-09-2021,Nice,Monaco,,2-2,1.30,DC,12,draw
18-09-2021,Mallorca,Villarreal,,0-0,2.25,FT,2,draw
18-09-2021,Brighton,Leicester,,2-1,2.70,FT,2,home
18-09-2021,Venezia,Spezia,,1-2,2.45,FT,1,away
18-09-2021,Reims,Lorient,,0-0,1.30,DC,1X,draw
18-09-2021,Troyes,Montpellier,,1-1,2.70,FT,2,draw
18-09-2021,Stuttgart,Bayer Leverkusen,,1-3,2.15,FT,2,away
18-09-2021,Real Sociedad,Sevilla,,0-0,2.50,FT,1,draw
18-09-2021,Juventus,AC Milan,,1-1,2.15,FT,1,draw
11-09-2021,Brentford,Brighton,,0-1,1.45,DC,1X,away
11-09-2021,Southampton,West Ham,,0-0,1.40,DC,X2,draw
11-09-2021,Watford,Wolverhampton,,0-2,1.30,DC,X2,away
11-09-2021,Blackburn,Luton,,2-2,2.15,FT,1,draw
11-09-2021,Bristol City,Preston,,0-0,1.30,DC,1X,draw
11-09-2021,Coventry,Middlesbrough,,2-0,3.10,FT,X,home
11-09-2021,Reading,QPR,,3-3,2.35,FT,2,draw
11-09-2021,Swansea,Hull,,0-0,2.10,FT,1,draw
11-09-2021,Napoli,Juventus,,2-1,2.40,FT,1,home
11-09-2021,RB Leipzig,Bayern Munich,,1-4,2.15,FT,2,away
11-09-2021,Levante,Rayo Vallecano,,1-1,2.10,FT,1,draw
11-09-2021,AZ Alkmaar,PSV,,0-3,2.10,FT,2,away
11-09-2021,Espanyol,Atl. Madrid,,1-2,1.90,FT,2,away
11-09-2021,Cagliari,Genoa,,2-3,2.10,FT,1,away
11-09-2021,Spezia,Udinese,,0-1,2.25,FT,2,away
11-09-2021,Notti.Forest,Cardiff,,1-2,1.35,DC,X2,away
11-09-2021,Eintracht Frankfurt,Stuttgart,,1-1,2.00,FT,1,draw
11-09-2021,Osasuna,Valencia,,1-4,3.10,FT,X,away
11-09-2021,Bochum,Hertha Berlin,,1-3,1.30,DC,12,away
11-09-2021,Milan,Lazio,,2-0,2.20,FT,1,home
04-09-2021,Eibar,Leganes,,1-1,2.95,FT,X,draw
04-09-2021,Accrington,Shrewsbury,,1-0,1.30,DC,12,home
04-09-2021,Wimbledon,Oxford,,3-1,2.25,FT,2,home
04-09-2021,Cheltenham,Milton Keynes Dons,,1-1,2.80,FT,2,draw
04-09-2021,Operario PR,Vitoria,,0-1,1.25,DC,1X,away
04-09-2021,Magdeburg,Kaiserslautern,,1-0,1.75,FT,1,home
04-09-2021,Cartagena,Sociedad II,,1-0,1.55,DC,X2,home
04-09-2021,Tenerife,Ponferradina,,2-0,1.20,DC,1X,home
04-09-2021,Fuenlabrada,Lugo,,1-1,1.20,DC,1X,draw
04-09-2021,Nautico,Guarani,,1-1,2.95,FT,X,draw
04-09-2021,Tochigi,Yamaguchi,,3-2,1.30,DC,1X,home
04-09-2021,Omiya Ardija,Tokyo Verdy,,2-1,2.10,FT,1,home
04-09-2021,Burgos,Valladolid,,3-0,2.25,FT,2,home
04-09-2021,Ibiza,Amorebieta,,1-1,2.05,FT,1,draw
04-09-2021,ADO Den Haag,Eindhoven,,4-2,1.95,FT,1,home
04-09-2021,Alcorcon,Zaragoza,,1-2,3.30,FT,2,away
04-09-2021,Mirandes,Las Palmas,,4-2,2.55,FT,1,home
04-09-2021,Dordrecht,VVV Venlo,,0-1,2.15,FT,2,away
04-09-2021,Brazil,Argentina,,Abn,3.20,FT,X,abandoned
04-09-2021,Ecuador,Chile,,0-0,2.10,FT,1,draw
28-08-2021,Aston Villa,Brentford,,1-1,2.00,FT,1,draw
28-08-2021,Brighton,Everton,,0-2,1.35,DC,12,away
28-08-2021,Newcastle,Southampton,,2-2,2.50,FT,1,draw
28-08-2021,Barnsley,Birmingham,,1-1,3.10,FT,X,draw
28-08-2021,Huddersfield,Reading,,4-0,1.35,DC,1X,home
28-08-2021,Hull,Bournemouth,,0-0,2.15,FT,2,draw
28-08-2021,Luton,Sheffield Utd,,0-0,1.40,DC,X2,draw
28-08-2021,Middlesbrough,Blackburn,,1-1,3.20,FT,X,draw
28-08-2021,Preston,Swansea,,3-1,1.35,DC,1X,home
28-08-2021,QPR,Coventry,,2-0,2.20,FT,1,home
28-08-2021,Celta Vigo,Ath Bilbao,,0-1,1.55,DC,X2,away
28-08-2021,Liverpool,Chelsea,,1-1,3.30,FT,X,draw
28-08-2021,Cambuur,Twente,,2-0,2.60,FT,2,home
28-08-2021,Go Head,Sparta,,2-0,2.25,FT,2,home
28-08-2021,Fiorentina,Torino,,2-1,2.20,FT,1,home
28-08-2021,Willem II,Zwolle,,1-0,2.20,FT,1,home
28-08-2021,Utrecht,Feyenoord,,3-1,2.45,FT,2,home
28-08-2021,Burnley,Leeds,,1-1,1.40,DC,X2,draw
28-08-2021,Union Berlin,B. Monchengladbach,,2-1,2.60,FT,1,home
28-08-2021,Wolfsburg,RB Leipzig,,1-0,2.10,FT,2,home
21-08-2021,Bochum,Mainz,,2-0,1.30,DC,12,home
21-08-2021,Greuther Furth,Bielefeld,,1-1,2.60,FT,1,draw
21-08-2021,Hertha,Wolfsburg,,1-2,2.30,FT,2,away
21-08-2021,Crystal Palace,Brentford,,0-0,1.35,DC,12,draw
21-08-2021,Leeds,Everton,,2-2,1.30,DC,12,draw
21-08-2021,RFC Seraing,Cercle Brugge,,2-1,1.30,DC,12,home
21-08-2021,Leverkusen,B. Monchengladbach,,4-0,2.30,FT,1,home
21-08-2021,Verona,Sassuolo,,2-3,2.60,FT,1,away
21-08-2021,Leuven,Eupen,,1-4,1.25,DC,12,away
21-08-2021,Groningen,Utrecht,,0-0,1.95,FT,2,draw
21-08-2021,St Etienne,Lille,,1-1,2.40,FT,2,draw
21-08-2021,Ath Bilbao,Barcelona,,1-1,1.90,FT,2,draw
21-08-2021,Wolverhampton,Tottenham,,0-1,2.35,FT,2,away
21-08-2021,Bordeaux,Angers,,1-1,1.40,DC,X2,draw
21-08-2021,Metz,Reims,,1-1,3.00,FT,X,draw
21-08-2021,Montpellier,Lorient,,3-1,2.20,FT,1,home
21-08-2021,Strasbourg,Troyes,,1-1,2.10,FT,1,draw
21-08-2021,Hoffenheim,Union Berlin,,2-2,2.05,FT,1,draw
21-08-2021,Nice,Olympique Marseille,,Abn,2.70,FT,1,abandoned
21-08-2021,Mechelen,St. Gilloise,,3-1,2.00,FT,2,home
14-08-2021,Burnley,Brighton,,1-2,1.35,DC,X2,away
14-08-2021,Watford,Aston Villa,,3-2,2.35,FT,2,home
14-08-2021,Barnsley,Coventry,,1-0,2.00,FT,1,home
14-08-2021,Birmingham,Stoke,,0-0,3.00,FT,X,draw
14-08-2021,Blackpool,Cardiff,,0-2,1.30,DC,12,away
14-08-2021,Hull,QPR,,0-3,2.60,FT,2,away
14-08-2021,Millwall,Blackburn,,1-1,3.10,FT,X,draw
14-08-2021,Nottingham,Bournemouth,,1-2,2.10,FT,2,away
14-08-2021,Reading,Preston,,2-1,2.20,FT,1,home
14-08-2021,Vizela,Tondela,,2-1,1.55,DC,X2,home
14-08-2021,Swansea,Sheffield Utd,,0-0,1.35,DC,X2,draw
14-08-2021,Braga,Sporting,,1-2,2.20,FT,2,away
14-08-2021,Newcastle,West Ham,,2-4,1.35,DC,X2,away
14-08-2021,Brest,Rennes,,1-1,2.35,FT,2,draw
14-08-2021,Clermont,Troyes,,2-0,2.05,FT,1,home
14-08-2021,Nantes,Metz,,2-0,3.20,FT,X,home
14-08-2021,Reims,Montpellier,,3-3,1.40,DC,1X,draw
14-08-2021,Portimonense,Gil Vicente,,0-1,3.05,FT,X,away
14-08-2021,Lens,St Etienne,,2-2,2.00,FT,1,draw
14-08-2021,FC Koln,Hertha Berlin,,3-1,3.30,FT,X,home
07-08-2021,St. Mirren,Hearts,,1-2,2.40,FT,2,away
07-08-2021,Beerschot VA,St. Gilloise,,0-3,1.80,FT,2,away
07-08-2021,Arouca,Estoril,,0-2,3.10,FT,X,away
07-08-2021,Arsenal Tula,Krylya Sovetov,,2-1,2.70,FT,1,home
07-08-2021,Avustria Kl.,Hartberg,,4-3,2.50,FT,2,home
07-08-2021,Ried,Admira,,2-1,1.30,DC,12,home
07-08-2021,Manchester City,Leicester,,0-1,1.90,FT,1,away
07-08-2021,St. Truiden,Zulte-Waregem,,1-3,1.30,DC,12,away
07-08-2021,Grasshoppers,Lausanne,,3-1,2.35,FT,1,home
07-08-2021,Standard,Antwerp,,2-5,1.35,DC,1X,away
07-08-2021,Lugano,St. Gallen,,2-1,1.40,DC,1X,home
07-08-2021,St Etienne,Lorient,,1-1,2.25,FT,1,draw
07-08-2021,Livingston,Aberdeen,,1-2,2.60,FT,2,away
07-08-2021,Leuven,Charleroi,,1-1,1.45,DC,X2,draw
07-08-2021,Tondela,Santa Clara,,3-0,2.35,FT,2,home
07-08-2021,Goteborg,Hammarby TFF,,0-0,2.35,FT,1,draw
07-08-2021,Sandefjord,Lillestrom,,1-1,3.30,FT,X,draw
07-08-2021,Dynamo Moscow,CSKA,,2-1,2.80,FT,2,home
07-08-2021,Stabaek,Sarpsborg 08,,3-1,1.45,DC,X2,home
07-08-2021,Montpellier,Olympique Marseille,,2-3,2.30,FT,2,away
31-07-2021,Degerfors,Varbergs,,1-1,1.30,DC,12,draw
31-07-2021,Cercle Brugge,Leuven,,1-1,1.25,DC,12,draw
31-07-2021,RFC Seraing,Mechelen,,1-0,1.30,DC,X2,home
31-07-2021,CSKA,Lokomotiv Moscow,,1-2,3.00,FT,2,away
31-07-2021,Eupen,Anderlecht,,1-1,2.05,FT,2,draw
31-07-2021,Sligo,Dundalk,,Postp,1.40,DC,X2,postponed
31-07-2021,New York,New England,,2-3,2.95,FT,2,away
31-07-2021,Cincinnati,DC United,,0-0,2.40,FT,2,draw
31-07-2021,Houston,Salt Lake,,0-0,2.05,FT,1,draw
31-07-2021,Austin,Colorado,,0-1,2.20,FT,1,away
31-07-2021,Vancouver,Minnesota,,2-2,1.95,FT,2,draw
31-07-2021,Erzgebirge Aue,St. Pauli,,0-0,2.00,FT,2,draw
31-07-2021,Holstein Kiel,Schalke,,0-3,2.75,FT,2,away
31-07-2021,Aarhus,Randers,,1-2,1.40,DC,X2,away
31-07-2021,Silkeborg,Aalborg,,0-0,1.45,DC,1X,draw
31-07-2021,Zulte-Waregem,St. Liege,,1-2,2.25,FT,2,away
31-07-2021,Vejle Kolding,Brondby,,2-2,2.15,FT,2,draw
31-07-2021,Motherwell,Hibernian,,2-3,2.10,FT,2,away
31-07-2021,Kalmar,Mjallby,,1-0,2.00,FT,1,home
31-07-2021,Odense,Copenhagen,,0-2,2.15,FT,2,away
24-07-2021,Luzern,Young Boys,,3-4,1.85,FT,2,away
24-07-2021,Aalborg,Midtjylland,,0-1,1.55,DC,1X,away
24-07-2021,Beerschot VA,Cercle Brugge,,Abn,1.30,DC,1X,abandoned
24-07-2021,Amiens,Auxerre,,1-2,2.80,FT,2,away
24-07-2021,Caen,Rodez,,4-0,2.40,FT,1,home
24-07-2021,Grenoble,Paris,,0-4,3.00,FT,X,away
24-07-2021,Toulouse,Ajaccio,,2-2,1.95,FT,1,draw
24-07-2021,Valenciennes,Niort,,0-0,1.30,DC,1X,draw
24-07-2021,Werder Bremen,Hannover,,1-1,1.90,FT,1,draw
24-07-2021,Lausanne,St. Gallen,,1-2,2.15,FT,1,away
24-07-2021,Oostende,Charleroi,,0-3,1.30,DC,12,away
24-07-2021,Viktoria Berlin,Viktoria Koln,,2-1,2.25,FT,2,home
24-07-2021,Sandhausen,Fortuna Dusseldorf,,0-2,2.20,FT,2,away
24-07-2021,St. Pauli,Holstein Kiel,,3-0,2.50,FT,1,home
24-07-2021,Mechelen,Antwerp,,3-2,1.30,DC,12,home
24-07-2021,Verl,Turkgucu,,0-0,2.20,FT,1,draw
24-07-2021,Nordsjaelland,Aarhus,,0-0,2.80,FT,1,draw
24-07-2021,Randers,Odense,,1-1,2.25,FT,1,draw
24-07-2021,Lugano,Zurich,,0-2,1.30,DC,12,away
24-07-2021,Kalmar,Djurgarden,,0-1,2.00,FT,2,away
17-07-2021,Varnamo,Osters,,2-0,1.30,DC,1X,home
17-07-2021,Odd Grenland,Viking,,3-2,2.15,FT,1,home
17-07-2021,Sarpsborg 08,Bodo,,2-2,2.15,FT,2,draw
17-07-2021,Ceara,Athletico-PR,,1-0,1.30,DC,1X,home
17-07-2021,Atlanta Utd,New England,,0-1,2.20,FT,2,away
17-07-2021,Corinthians,Atletico-MG,,1-2,1.35,DC,1X,away
17-07-2021,Montreal,Cincinnati,,5-4,2.00,FT,1,home
17-07-2021,Columbus Crew,New York City,,2-1,1.30,DC,12,home
17-07-2021,Toronto,Orlando City,,1-1,1.25,DC,12,draw
17-07-2021,AFC Eskilstuna,Sundsvall,,2-0,2.10,FT,2,home
17-07-2021,Nordsjaelland,Viborg,,1-2,1.90,FT,1,away
17-07-2021,Vejle Kolding,Randers FC,,0-2,3.30,FT,X,away
17-07-2021,Norrkoping,Hacken,,0-1,2.30,FT,1,away
17-07-2021,Vasteras,Helsingborg,,0-4,3.05,FT,X,away
17-07-2021,AIK,Kalmar,,2-0,1.90,FT,1,home
17-07-2021,Goteborg,Mjallby,,3-2,1.85,FT,1,home
17-07-2021,Brann,Mjondalen,,1-1,1.90,FT,1,draw
17-07-2021,Haugesund,Valerenga,,3-1,3.30,FT,X,home
17-07-2021,Kristiansund,Sandefjord,,2-0,1.90,FT,1,home
17-07-2021,Tromso,Rosenborg,,1-3,1.40,DC,X2,away
10-07-2021,JIPPO,MuSa,,1-1,1.30,DC,X2,draw
10-07-2021,KPV,Klubi 04,,2-2,1.25,DC,12,draw
10-07-2021,Mjondalen,Haugesund,,3-0,1.35,DC,X2,home
10-07-2021,Sandefjord,Sarpsborg 08,,2-0,1.35,DC,1X,home
10-07-2021,Cluj,CS Universitatea,,0-0,1.35,DC,1X,draw
10-07-2021,Brann,Tromso,,1-1,2.00,FT,1,draw
10-07-2021,Botafogo RJ,Cruzeiro,,3-3,2.90,FT,X,draw
10-07-2021,Confianca,Vitoria,,1-1,3.05,FT,X,draw
10-07-2021,Brazil,Argentina,,1-0,3.20,FT,X,home
10-07-2021,Tokushima,Shimizu SP,,2-2,1.30,DC,12,draw
10-07-2021,Blaublitz,JEF United,,1-1,2.95,FT,X,draw
10-07-2021,V-Varen Nagasaki,Omiya Ardija,,1-1,1.90,FT,1,draw
10-07-2021,Kashiwa R.,Kashima A.,,2-1,1.90,FT,2,home
10-07-2021,Bellmare S.,Tokyo,,0-1,2.25,FT,2,away
10-07-2021,Kanazawa,Okayama,,0-0,2.50,FT,1,draw
10-07-2021,M.Zelvia,Mito Hollyhock,,2-1,3.20,FT,X,home
10-07-2021,Kusatsu,Tokyo Verdy,,2-2,2.10,FT,2,draw
10-07-2021,Mjallby,Norrkoping,,0-1,3.30,FT,X,away
10-07-2021,Ostersunds,Goteborg,,2-3,2.00,FT,2,away
10-07-2021,Brusque,CSA,,2-3,2.15,FT,1,away
03-07-2021,Norrkoping,Malmo,,3-2,1.30,DC,X2,home
03-07-2021,Czech Republic,Denmark,,1-2,2.10,FT,2,away
03-07-2021,Columbus,New England,,2-2,1.60,DC,X2,draw
03-07-2021,Uruguay,Colombia,,0-0,1.30,DC,1X,draw
03-07-2021,Montreal,Inter Miami,,1-0,1.40,DC,1X,home
03-07-2021,Chicago,Atlanta Utd,,3-0,1.30,DC,12,home
03-07-2021,Nashville,Philadelphia,,1-0,3.30,FT,X,home
03-07-2021,Houston,Cincinnati,,1-1,1.95,FT,1,draw
03-07-2021,Salt Lake,Los Angeles,,0-1,2.25,FT,2,away
03-07-2021,Vanraure,Fujieda,,1-0,2.85,FT,2,home
03-07-2021,Sapporo,Tokushima,,1-0,1.85,FT,1,home
03-07-2021,Yokohama SK,Kamatamare,,1-2,2.85,FT,2,away
03-07-2021,Shimizu SP,Oita Trinita,,1-0,1.90,FT,1,home
03-07-2021,Ehime,Blaublitz,,1-3,3.05,FT,X,away
03-07-2021,Parceiro N.,Gifu,,2-1,2.45,FT,2,home
03-07-2021,Hacken,AIK,,2-1,2.95,FT,2,home
03-07-2021,Varbergs BoIS FC,Kalmar,,1-1,3.05,FT,X,draw
03-07-2021,Sirius,Mjallby,,2-1,2.45,FT,1,home
03-07-2021,Colorado,Seattle,,1-1,1.25,DC,12,draw
03-07-2021,Los Angeles Galaxy,Kansas City,,0-2,2.45,FT,2,away
18-06-2021,Croatia,Czech Republic,,1-1,2.15,FT,1,draw
18-06-2021,Bohemians,Drogheda,,5-0,1.80,FT,1,home
18-06-2021,St. Patricks,Sligo Rovers,,2-0,1.20,DC,1X,home
18-06-2021,Finn Harps,Derry City,,1-2,1.45,DC,X2,away
18-06-2021,New York,Nashville,,2-0,2.30,FT,1,home
18-06-2021,Fukuoka,Vissel Kobe,,1-2,3.10,FT,X,away
18-06-2021,Yokohama FC,Tokyo,,0-1,1.95,FT,2,away
18-06-2021,Sandefjord,Viking,,3-0,2.30,FT,2,home
18-06-2021,Portugal,Germany,,2-4,1.35,DC,X2,away
18-06-2021,Dinamo Minsk,Bate Borisov,,0-2,1.30,DC,12,away
18-06-2021,Cincinnati,Colorado,,0-2,1.30,DC,12,away
18-06-2021,Toronto,Orlando City,,2-3,2.50,FT,2,away
18-06-2021,Los Angeles Galaxy,Seattle,,1-2,2.90,FT,1,away
18-06-2021,Portland,Kansas City,,2-1,3.50,FT,X,home
18-06-2021,Mjondalen,Stromsgodset,,1-1,3.10,FT,X,draw
18-06-2021,Switzerland,Turkey,,3-1,1.25,DC,12,home
18-06-2021,Bahia,Corinthians,,0-0,3.00,FT,X,draw
18-06-2021,Santos,Sao Paulo,,2-0,2.75,FT,1,home
18-06-2021,Athletico-PR,Atletico GO,,2-1,2.10,FT,1,home
18-06-2021,Fortaleza CE,Fluminense,,1-1,2.40,FT,1,draw
12-06-2021,Kristiansund,Odd Grenland,,2-0,2.00,FT,1,home
12-06-2021,Landskrona,Brage,,2-1,2.55,FT,1,home
12-06-2021,Orgryte,Jonkopings Sodra,,0-0,2.20,FT,2,draw
12-06-2021,Akropolis,Vasalunds,,3-2,2.15,FT,1,home
12-06-2021,Sligo Rovers,Drogheda,,1-2,1.20,DC,1X,away
12-06-2021,JEF United,Tokyo Verdy,,0-1,1.30,DC,1X,away
12-06-2021,V-Varen Nagasaki,Yamaga,,1-0,1.20,DC,1X,home
12-06-2021,Brisbane Roar,Adelaide,,1-2,1.25,DC,12,away
12-06-2021,Jubilo Iwata,Kofu,,1-0,1.25,DC,1X,home
12-06-2021,M.Zelvia,Blaublitz,,0-2,2.00,FT,1,away
12-06-2021,Bellmare S.,Tokyo,,1-4,3.10,FT,X,away
12-06-2021,Urawa RD,Vissel Kobe,,2-2,2.65,FT,1,draw
12-06-2021,Ehime,Kanazawa,,1-3,3.20,FT,X,away
12-06-2021,Omiya Ardija,Tochigi,,1-1,2.40,FT,1,draw
12-06-2021,Varnamo,Trelleborgs,,0-1,2.10,FT,1,away
12-06-2021,Stockport,Hartlepool,,0-1,3.30,FT,X,away
12-06-2021,Lillestrom,Haugesund,,2-1,2.20,FT,1,home
12-06-2021,Sarpsborg 08,Brann,,0-0,2.20,FT,1,draw
12-06-2021,Viking,Valerenga,,4-1,2.35,FT,2,home
12-06-2021,Rayo Vallecano,Girona,,1-2,1.25,DC,1X,away
05-06-2021,Belchatow,Jastrzebie,,0-2,1.30,DC,12,away
05-06-2021,Resovia,Chrobry Glogow,,1-0,2.30,FT,1,home
05-06-2021,Cobresal,Union La Calera,,0-1,2.30,FT,1,away
05-06-2021,Orgryte,Varnamo,,0-0,3.15,FT,X,draw
05-06-2021,Palestino,Universitad Chile,,0-0,1.30,DC,1X,draw
05-06-2021,Atletico GO,Sao Paulo,,2-0,1.25,DC,X2,home
05-06-2021,Huachipato,Everton CD,,0-0,1.30,DC,12,draw
05-06-2021,Sapporo,Yokohama F. Marinos,,1-1,2.35,FT,2,draw
05-06-2021,JEF United,Montedio Yamagata,,1-1,2.50,FT,2,draw
05-06-2021,Kanazawa,Omiya Ardija,,1-0,2.65,FT,2,home
05-06-2021,Tochigi,Kyoto Purple Sanga,,0-0,2.05,FT,2,draw
05-06-2021,Seongnam Ilhwa,Jeonbuk M.,,1-5,2.05,FT,2,away
05-06-2021,Vissel Kobe,Urawa RD,,1-2,2.10,FT,1,away
05-06-2021,Odra Opole,GKS Tychy,,1-5,1.30,DC,12,away
05-06-2021,Zaglebie S.,Lecczna Bogdanka,,0-1,1.25,DC,12,away
05-06-2021,Falkenbergs,Vasteras,,2-1,2.45,FT,1,home
05-06-2021,RoPS,E.I.F.,,0-0,2.40,FT,1,draw
05-06-2021,Sandecja,Niepolomice,,2-1,2.05,FT,1,home
05-06-2021,JIPPO,VPS,,1-1,1.85,FT,2,draw
05-06-2021,PK-35,TPS,,0-0,3.00,FT,X,draw
03-06-2021,Adelaide,Sydney W.,,2-2,2.00,FT,1,draw
03-06-2021,Bolivia,Venezuela,,3-1,1.90,FT,1,home
03-06-2021,Peru,Colombia,,0-3,2.20,FT,2,away
03-06-2021,Macarthur,Wellington,,0-3,1.30,DC,12,away
03-06-2021,Kusatsu,Mito Hollyhock,,2-1,3.20,FT,X,home
03-06-2021,Latvia,Lithuania,,3-1,3.05,FT,X,home
03-06-2021,Spain,Portugal,,0-0,1.30,DC,1X,draw
03-06-2021,Yamaguchi,Ehime,,2-2,2.25,FT,1,draw
03-06-2021,Tokyo,Bellmare S.,,0-1,1.95,FT,1,away
03-06-2021,Kofu,Albirex Niigata,,2-2,1.40,DC,X2,draw
03-06-2021,Yamaga,M.Zelvia,,1-5,1.40,DC,X2,away
03-06-2021,Blaublitz,Ryukyu,,1-1,1.30,DC,12,draw
03-06-2021,Okayama,Tokyo Verdy,,0-1,1.30,DC,1X,away
03-06-2021,Notts County,Chesterfield,,3-2,2.15,FT,1,home
03-06-2021,Sapporo,Yokohama F. Marinos,,1-1,2.35,FT,2,draw
03-06-2021,JEF United,Montedio Yamagata,,1-1,2.50,FT,2,draw
03-06-2021,Kanazawa,Omiya Ardija,,1-0,3.00,FT,X,home
03-06-2021,Tochigi,Kyoto Purple Sanga,,0-0,2.05,FT,2,draw
03-06-2021,Vissel Kobe,Urawa RD,,1-2,2.10,FT,1,away
03-06-2021,Hartlepool,Bromley,,3-2,1.90,FT,1,home
29-05-2021,New York,Orlando City,,2-1,1.30,DC,12,home
29-05-2021,Columbus,Toronto,,2-1,1.30,DC,1X,home
29-05-2021,Manchester City,Chelsea,,0-1,1.90,FT,1,away
29-05-2021,Atlanta Utd,Nashville,,2-2,1.30,DC,1X,draw
29-05-2021,Salt Lake,Minnesota,,1-1,2.05,FT,1,draw
29-05-2021,Yamaga,Okayama,,1-3,1.30,DC,1X,away
29-05-2021,Wellington,Perth Glory,,2-2,1.85,FT,1,draw
29-05-2021,Tokyo,Sanfrecce Hiroshima,,0-0,2.70,FT,1,draw
29-05-2021,Vissel Kobe,Sagan,,1-1,1.30,DC,1X,draw
29-05-2021,Albirex Niigata,Ryukyu,,2-1,2.00,FT,1,home
29-05-2021,Kyoto Purple Sanga,Kofu,,0-0,3.20,FT,X,draw
29-05-2021,Oita Trinita,Fukuoka,,2-1,2.70,FT,2,home
29-05-2021,Tokushima,Bellmare S.,,1-1,3.10,FT,X,draw
29-05-2021,Vegalta Sendai,Cerezo Osaka,,1-1,2.10,FT,2,draw
29-05-2021,Sydney W.,Brisbane Roar,,2-0,2.55,FT,2,home
29-05-2021,Daegu,Gangwon FC,,1-0,1.30,DC,1X,home
29-05-2021,Ehime,Mito Hollyhock,,0-5,2.15,FT,2,away
29-05-2021,Urawa RD,Nagoya GE,,0-0,2.90,FT,1,draw
29-05-2021,Hammarby TFF,Hacken,,0-0,2.75,FT,2,draw
29-05-2021,Blackpool,Lincoln,,2-1,2.25,FT,1,home
22-05-2021,St Johnstone,Hibernian,,1-0,3.00,FT,X,home
22-05-2021,Eintracht Frankfurt,Freiburg,,3-1,2.05,FT,1,home
22-05-2021,Hoffenheim,Hertha Berlin,,2-1,1.90,FT,1,home
22-05-2021,Stuttgart,Bielefeld,,0-2,1.25,DC,12,away
22-05-2021,Union Berlin,RB Leipzig,,2-1,1.25,DC,12,home
22-05-2021,Werder,B. Monchengladbach,,2-4,1.25,DC,12,away
22-05-2021,Astra Giurgiu,CS Universitatea,,1-1,1.75,FT,2,draw
22-05-2021,Ostersunds,Sirius,,3-0,1.40,DC,X2,home
22-05-2021,Celta,Betis,,2-3,2.10,FT,2,away
22-05-2021,Cagliari,Genoa,,0-1,2.10,FT,1,away
22-05-2021,Chicago,Inter Miami,,1-0,2.20,FT,1,home
22-05-2021,San Jose,Kansas City,,1-3,2.60,FT,2,away
22-05-2021,Melbourne Victory,Adelaide,,0-1,1.95,FT,2,away
22-05-2021,Perth Glory,Macarthur,,1-1,2.20,FT,1,draw
22-05-2021,Halmstad,Degerfors,,0-0,2.15,FT,1,draw
22-05-2021,Kalmar,Hammarby TFF,,2-1,1.40,DC,X2,home
22-05-2021,Granada,Getafe,,0-0,1.30,DC,12,draw
22-05-2021,Metz,Olympique Marseille,,1-1,2.10,FT,2,draw
22-05-2021,Reims,Bordeaux,,1-2,2.85,FT,X,away
22-05-2021,Strasbourg,Lorient,,1-1,2.15,FT,X,draw
15-05-2021,Juventus,Inter,,3-2,2.15,FT,1,home
15-05-2021,Chelsea,Leicester,,0-1,1.90,FT,1,away
15-05-2021,Roma,Lazio,,2-0,1.30,DC,12,home
15-05-2021,Brighton,West Ham,,1-1,1.30,DC,12,draw
15-05-2021,Crystal Palace,Aston Villa,,3-2,2.35,FT,2,home
15-05-2021,Udinese,Sampdoria,,0-1,3.45,FT,X,away
15-05-2021,Darmstadt,Heidenheim,,5-1,2.70,FT,1,home
15-05-2021,Karlsruher,Holstein Kiel,,3-2,2.15,FT,2,home
15-05-2021,Nurnberg,Bochum,,1-1,2.00,FT,2,draw
15-05-2021,Paderborn,Greuther Furth,,2-4,1.30,DC,X2,away
15-05-2021,St. Pauli,Hannover,,1-2,2.10,FT,1,away
15-05-2021,Alaves,Granada,,4-2,1.85,FT,1,home
15-05-2021,Betis,Huesca,,1-0,1.85,FT,1,home
15-05-2021,Cadiz,Elche,,1-3,1.35,DC,X2,away
15-05-2021,Valencia,Eibar,,4-1,2.50,FT,1,home
15-05-2021,Villarreal,Sevilla,,4-0,2.85,FT,1,home
15-05-2021,RB Leipzig,Wolfsburg,,2-2,1.30,DC,12,draw
15-05-2021,Bordeaux,Lens,,3-0,1.30,DC,12,home
15-05-2021,Montpellier,Brest,,0-0,2.80,FT,2,draw
15-05-2021,Nice,Strasbourg,,0-2,2.05,FT,2,away
08-05-2021,Sheffield Utd,Crystal Palace,,0-2,1.40,DC,X2,away
08-05-2021,Manchester City,Chelsea,,1-2,1.90,FT,1,away
08-05-2021,Cadiz,Huesca,,2-1,2.15,FT,2,home
08-05-2021,Genoa,Sassuolo,,1-2,2.15,FT,2,away
08-05-2021,Wolverhampton,Brighton,,2-1,2.25,FT,2,home
08-05-2021,St Etienne,Olympique Marseille,,1-0,2.15,FT,2,home
08-05-2021,Koln,Freiburg,,1-4,2.00,FT,1,away
08-05-2021,Erzgebirge Aue,Paderborn,,3-8,2.30,FT,2,away
08-05-2021,Getafe,Eibar,,0-1,1.30,DC,1X,away
08-05-2021,Benevento,Cagliari,,1-3,1.35,DC,X2,away
08-05-2021,Verona,Torino,,1-1,2.35,FT,2,draw
08-05-2021,Metz,Nimes,,0-3,1.30,DC,12,away
08-05-2021,Nice,Brest,,3-2,1.40,DC,1X,home
08-05-2021,Eintracht Frankfurt,Mainz,,1-1,1.75,FT,1,draw
08-05-2021,Randers,Aarhus,,0-1,2.05,FT,2,away
08-05-2021,Valencia,Valladolid,,3-0,2.10,FT,1,home
08-05-2021,West Ham,Everton,,0-1,2.25,FT,1,away
08-05-2021,Hertha,Bielefeld,,0-0,1.25,DC,1X,draw
08-05-2021,Brondby,Midtjylland,,3-1,2.10,FT,2,home
08-05-2021,Real Madrid,Sevilla,,2-2,2.00,FT,1,draw
01-05-2021,Brighton,Leeds,,2-0,1.30,DC,12,home
01-05-2021,Hibernian,St Johnstone,,0-1,1.30,DC,1X,away
01-05-2021,Livingston,Aberdeen,,1-2,2.60,FT,2,away
01-05-2021,Gil Vicente,Farense,,0-0,1.30,DC,12,draw
01-05-2021,Huesca,Sociedad,,1-0,2.00,FT,2,home
01-05-2021,Fortuna Sittard,Twente,,3-0,2.30,FT,2,home
01-05-2021,Portimonense,Rio Ave,,0-0,1.35,DC,1X,draw
01-05-2021,Santa Clara,Boavista,,3-3,3.10,FT,X,draw
01-05-2021,Everton,Aston Villa,,1-2,2.00,FT,1,away
01-05-2021,Rangers,Celtic,,4-1,2.45,FT,1,home
01-05-2021,Valladolid,Betis,,1-1,1.30,DC,12,draw
01-05-2021,Groningen,Sparta,,1-2,2.30,FT,1,away
01-05-2021,Bologna,Fiorentina,,3-3,3.30,FT,X,draw
01-05-2021,Brest,Nantes,,1-4,2.60,FT,2,away
01-05-2021,Nimes,Reims,,2-2,2.20,FT,1,draw
01-05-2021,Randers,Brondby,,4-2,2.10,FT,2,home
01-05-2021,Montpellier,St Etienne,,1-2,2.90,FT,2,away
01-05-2021,Manchester Utd,Liverpool,,Postp,2.80,FT,1,postponed
01-05-2021,Sampdoria,Roma,,2-0,1.30,DC,12,home
01-05-2021,Monaco,Olympique Lyon,,2-3,2.20,FT,1,away
24-04-2021,Valladolid,Cadiz,,1-1,1.95,FT,1,draw
24-04-2021,Heerenveen,Zwolle,,0-2,1.25,DC,12,away
24-04-2021,Leverkusen,Eintracht Frankfurt,,3-1,1.25,DC,12,home
24-04-2021,Valencia,Alaves,,1-1,2.15,FT,1,draw
24-04-2021,Sassuolo,Sampdoria,,1-0,2.05,FT,1,home
24-04-2021,Emmen,Heracles,,3-1,2.50,FT,1,home
24-04-2021,Benevento,Udinese,,2-4,2.30,FT,2,away
24-04-2021,Wolverhampton,Burnley,,0-4,2.05,FT,1,away
24-04-2021,Nice,Montpellier,,3-1,1.45,DC,X2,home
24-04-2021,Huesca,Getafe,,0-2,2.90,FT,2,away
24-04-2021,Lorient,Bordeaux,,4-1,2.10,FT,1,home
24-04-2021,Strasbourg,Nantes,,1-2,2.15,FT,1,away
24-04-2021,Rostov,Arsenal Tula,,1-0,2.25,FT,1,home
24-04-2021,Spartak Moscow,CSKA,,1-0,1.30,DC,12,home
24-04-2021,Twente,Utrecht,,1-2,1.95,FT,2,away
24-04-2021,Cagliari,Roma,,3-2,1.25,DC,12,home
24-04-2021,Rubin,Krasnodar,,0-1,1.30,DC,12,away
24-04-2021,Celta,Osasuna,,2-1,2.25,FT,1,home
24-04-2021,Ath Bilbao,Atl. Madrid,,2-1,1.90,FT,2,home
24-04-2021,Olympique Lyon,Lille,,2-3,2.15,FT,1,away
16-04-2021,Blackburn,Derby,,2-1,2.15,FT,1,home
16-04-2021,Nottingham,Huddersfield,,0-2,2.05,FT,1,away
16-04-2021,Stoke,Preston,,0-0,2.10,FT,1,draw
16-04-2021,Moreirense,Tondela,,2-3,1.30,DC,1X,away
16-04-2021,Guimaraes,Santa Clara,,1-0,1.30,DC,12,home
16-04-2021,Sassuolo,Fiorentina,,3-1,1.40,DC,1X,home
16-04-2021,Cagliari,Parma,,4-3,2.20,FT,1,home
16-04-2021,Rotherham,Birmingham,,0-1,1.45,DC,X2,away
16-04-2021,Sociedad,Sevilla,,1-2,2.50,FT,2,away
16-04-2021,Atalanta,Juventus,,1-0,2.45,FT,1,home
16-04-2021,Brest,Lens,,1-1,1.40,DC,X2,draw
16-04-2021,Reims,Metz,,0-0,3.10,FT,X,draw
16-04-2021,Coventry,Barnsley,,2-0,2.10,FT,2,home
16-04-2021,Famalicao,Portimonense,,0-1,1.30,DC,12,away
16-04-2021,Alaves,Huesca,,1-0,2.40,FT,1,home
16-04-2021,Mainz,Hertha Berlin,,Postp,2.90,FT,2,postponed
16-04-2021,Torino,Roma,,3-1,3.50,FT,X,home
16-04-2021,Brondby,Aarhus,,2-2,2.10,FT,1,draw
16-04-2021,Cadiz,Celta Vigo,,0-0,2.10,FT,2,draw
16-04-2021,Napoli,Inter,,1-1,3.00,FT,1,draw
10-04-2021,Birmingham,Stoke,,2-0,1.50,DC,1X,home
10-04-2021,Bristol City,Nottingham,,0-0,2.35,FT,2,draw
10-04-2021,Huddersfield,Rotherham,,0-0,2.40,FT,1,draw
10-04-2021,Stuttgart,Dortmund,,2-3,1.80,FT,2,away
10-04-2021,Eibar,Levante,,0-1,1.35,DC,1X,away
10-04-2021,Udinese,Torino,,0-1,1.60,DC,X2,away
10-04-2021,Real Madrid,Barcelona,,2-1,1.25,DC,12,home
10-04-2021,Montpellier,Marseille,,3-3,3.35,FT,X,draw
10-04-2021,Burnley,Newcastle,,1-2,2.30,FT,1,away
10-04-2021,Verona,Lazio,,0-1,2.10,FT,2,away
10-04-2021,Brest,Nimes,,1-1,1.30,DC,1X,draw
10-04-2021,Nice,Reims,,0-0,2.20,FT,1,draw
10-04-2021,St Etienne,Bordeaux,,4-1,3.05,FT,X,home
10-04-2021,West Ham,Leicester,,3-2,2.40,FT,2,home
10-04-2021,Schalke,Augsburg,,1-0,2.30,FT,2,home
10-04-2021,Valencia,Sociedad,,2-2,2.15,FT,2,draw
10-04-2021,Tottenham,Manchester Utd,,1-3,3.45,FT,X,away
10-04-2021,Koln,Mainz,,2-3,1.30,DC,12,away
10-04-2021,Valladolid,Granada,,1-2,2.20,FT,1,away
10-04-2021,Betis,Atl. Madrid,,1-1,2.40,FT,2,draw
03-04-2021,RB Leipzig,Bayern Munich,,0-1,1.30,DC,12,away
03-04-2021,Osasuna,Getafe,,0-0,1.30,DC,1X,draw
03-04-2021,Rio Ave,Gil Vicente,,0-2,2.10,FT,1,away
03-04-2021,Twente,Vitesse,,1-2,1.45,DC,X2,away
03-04-2021,Arsenal,Liverpool,,0-3,1.65,DC,1X,away
03-04-2021,Sparta,Zwolle,,3-2,2.10,FT,1,home
03-04-2021,Southampton,Burnley,,3-2,2.10,FT,1,home
03-04-2021,Angers,Montpellier,,1-1,1.50,DC,X2,draw
03-04-2021,Alaves,Celta Vigo,,1-3,3.00,FT,1,away
03-04-2021,Bordeaux,Strasbourg,,2-3,3.10,FT,X,away
03-04-2021,Lorient,Brest,,1-0,2.40,FT,1,home
03-04-2021,Nantes,Nice,,1-2,2.50,FT,1,away
03-04-2021,Reims,Rennes,,2-2,2.15,FT,2,draw
03-04-2021,Belenenses,Boavista,,0-2,2.90,FT,X,away
03-04-2021,Emmen,RKC Waalwijk,,3-1,2.20,FT,1,home
03-04-2021,Nimes,St Etienne,,0-2,2.20,FT,2,away
03-04-2021,Aston Villa,Fulham,,3-1,2.25,FT,1,home
03-04-2021,Union Berlin,Hertha Berlin,,1-1,3.20,FT,X,draw
03-04-2021,Cadiz,Valencia,,2-1,3.15,FT,X,home
03-04-2021,Sevilla,Atl. Madrid,,1-0,3.05,FT,X,home
27-03-2021,Wimbledon,Northampton,,1-0,1.40,DC,1X,home
27-03-2021,Milton Keynes Dons,Doncaster,,1-0,2.00,FT,1,home
27-03-2021,Shrewsbury,Portsmouth,,1-2,2.15,FT,2,away
27-03-2021,Wigan,Ipswich,,0-0,1.30,DC,X2,draw
27-03-2021,Alloa,Ayr,,2-2,2.10,FT,2,draw
27-03-2021,Inverness,Arbroath,,1-0,1.80,FT,1,home
27-03-2021,Raith,Morton,,1-0,1.90,FT,1,home
27-03-2021,Hereford,Woking,,1-0,1.30,DC,12,home
27-03-2021,Carlisle,Cambridge Utd,,1-2,2.90,FT,2,away
27-03-2021,Colchester,Bradford City,,1-2,1.55,DC,1X,away
27-03-2021,Crawley,Port Vale,,1-3,3.10,FT,2,away
27-03-2021,Grimsby,Walsall,,1-1,1.30,DC,12,draw
27-03-2021,Leyton Orient,Oldham,,2-1,2.15,FT,1,home
27-03-2021,Morecambe,Cheltenham,,1-0,3.20,FT,X,home
27-03-2021,Stevenage,Barrow,,2-1,2.35,FT,1,home
27-03-2021,Tranmere,Mansfield,,1-1,2.40,FT,1,draw
27-03-2021,Dundee,Dunfermline,,3-2,1.30,DC,12,home
27-03-2021,Wellington,Macarthur,,0-1,2.60,FT,2,away
27-03-2021,Adelaide,Sydney,,1-0,2.10,FT,2,home
27-03-2021,NAC Breda,Graafschap,,3-1,2.30,FT,1,home
20-03-2021,Nice,Olympique Marseille,,3-0,1.40,DC,X2,home
20-03-2021,Spezia,Cagliari,,2-1,1.40,DC,1X,home
20-03-2021,Huesca,Osasuna,,0-0,1.35,DC,12,draw
20-03-2021,RKC Waalwijk,Groningen,,3-1,1.35,DC,X2,home
20-03-2021,Strasbourg,Lens,,1-2,3.30,FT,X,away
20-03-2021,AZ Alkmaar,PSV,,2-0,1.25,DC,12,home
20-03-2021,Brest,Angers,,0-0,2.50,FT,1,draw
20-03-2021,Dijon,Reims,,0-1,2.15,FT,2,away
20-03-2021,Montpellier,Bordeaux,,3-1,2.15,FT,1,home
20-03-2021,Nantes,Lorient,,1-1,2.30,FT,1,draw
20-03-2021,Sampdoria,Torino,,1-0,3.20,FT,X,home
20-03-2021,Udinese,Lazio,,0-1,2.15,FT,2,away
20-03-2021,Hertha,Leverkusen,,3-0,2.10,FT,2,home
20-03-2021,West Ham,Arsenal,,3-3,2.80,FT,1,draw
20-03-2021,Heracles,Sparta,,1-1,2.15,FT,1,draw
20-03-2021,Fiorentina,Milan,,2-3,2.10,FT,2,away
20-03-2021,Aston Villa,Tottenham,,0-2,2.30,FT,2,away
20-03-2021,Roma,Napoli,,0-2,2.60,FT,1,away
20-03-2021,Sociedad,Barcelona,,1-6,2.00,FT,2,away
20-03-2021,Olympique Lyon,PSG,,2-4,2.25,FT,2,away
13-03-2021,Crystal Palace,WBA,,1-0,1.35,DC,12,home
13-03-2021,Farense,Belenenses,,0-1,1.35,DC,1X,away
13-03-2021,Benevento,Fiorentina,,1-4,1.30,DC,X2,away
13-03-2021,Osasuna,Valladolid,,0-0,1.30,DC,1X,draw
13-03-2021,Santa Clara,Portimonense,,2-0,1.35,DC,1X,home
13-03-2021,Genoa,Udinese,,1-1,3.00,FT,X,draw
13-03-2021,Bologna,Sampdoria,,3-1,1.35,DC,1X,home
13-03-2021,Southampton,Brighton,,1-2,3.00,FT,1,away
13-03-2021,Nimes,Montpellier,,1-1,2.15,FT,2,draw
13-03-2021,Celta Vigo,Ath Bilbao,,0-0,3.20,FT,X,draw
13-03-2021,Dijon,Bordeaux,,1-3,2.10,FT,2,away
13-03-2021,Lorient,Nice,,1-1,2.50,FT,1,draw
13-03-2021,Rennes,Strasbourg,,1-0,3.25,FT,X,home
13-03-2021,Moreirense,Rio Ave,,1-1,3.00,FT,1,draw
13-03-2021,Monaco,Lille,,0-0,3.10,FT,2,draw
13-03-2021,Arsenal,Tottenham,,2-1,2.55,FT,1,home
13-03-2021,Stuttgart,Hoffenheim,,2-0,2.45,FT,1,home
13-03-2021,Eibar,Villarreal,,1-3,2.50,FT,2,away
13-03-2021,Milan,Napoli,,0-1,2.60,FT,1,away
13-03-2021,Sevilla,Betis,,1-0,2.05,FT,1,home
06-03-2021,Sheffield Utd,Southampton,,0-2,1.30,DC,12,away
06-03-2021,Bristol City,QPR,,0-2,2.40,FT,2,away
06-03-2021,Coventry,Derby,,1-0,1.50,DC,X2,home
06-03-2021,Millwall,Blackburn,,0-2,1.35,DC,12,away
06-03-2021,Preston,Bournemouth,,1-1,2.10,FT,2,draw
06-03-2021,Swansea,Middlesbrough,,2-1,1.35,DC,1X,home
06-03-2021,Udinese,Sassuolo,,2-0,3.30,FT,X,home
06-03-2021,Aston Villa,Wolverhampton,,0-0,1.30,DC,12,draw
06-03-2021,Cadiz,Eibar,,1-0,3.20,FT,1,home
06-03-2021,Brighton,Leicester,,1-2,1.50,DC,X2,away
06-03-2021,WBA,Newcastle,,0-0,2.40,FT,1,draw
06-03-2021,Braunschweig,Sandhausen,,1-0,2.70,FT,1,home
06-03-2021,Fortuna Dusseldorf,Nurnberg,,3-1,2.00,FT,1,home
06-03-2021,Huesca,Celta,,3-4,3.25,FT,X,away
06-03-2021,Koln,Werder,,1-1,3.15,FT,X,draw
06-03-2021,Atl. Madrid,Real Madrid,,1-1,2.70,FT,2,draw
06-03-2021,Vitesse,AZ Alkmaar,,2-1,2.10,FT,2,home
06-03-2021,Spartak Moscow,Krasnodar,,6-1,2.40,FT,1,home
06-03-2021,Bielefeld,Union Berlin,,0-0,2.10,FT,2,draw
06-03-2021,Sampdoria,Cagliari,,2-2,2.40,FT,1,draw
27-02-2021,Birmingham,QPR,,2-1,1.50,DC,1X,home
27-02-2021,Rotherham,Reading,,0-1,2.55,FT,2,away
27-02-2021,Sevilla,Barcelona,,0-2,1.35,DC,X2,away
27-02-2021,Alaves,Osasuna,,0-1,2.75,FT,1,away
27-02-2021,Leeds,Aston Villa,,0-1,1.40,DC,1X,away
27-02-2021,Getafe,Valencia,,3-0,1.35,DC,1X,home
27-02-2021,Newcastle,Wolverhampton,,1-1,1.30,DC,X2,draw
27-02-2021,Crystal Palace,Fulham,,0-0,2.25,FT,2,draw
27-02-2021,Leicester,Arsenal,,1-3,2.50,FT,1,away
27-02-2021,Union Berlin,Hoffenheim,,1-1,2.35,FT,1,draw
27-02-2021,Crotone,Cagliari,,0-2,2.10,FT,2,away
27-02-2021,Udinese,Fiorentina,,1-0,1.35,DC,1X,home
27-02-2021,Angers,Lens,,2-2,2.70,FT,2,draw
27-02-2021,Lorient,St Etienne,,2-1,2.50,FT,2,home
27-02-2021,Nimes,Nantes,,1-1,2.90,FT,1,draw
27-02-2021,Reims,Montpellier,,0-0,2.70,FT,2,draw
27-02-2021,Mainz,Augsburg,,0-1,2.10,FT,1,away
27-02-2021,Chelsea,Manchester Utd,,0-0,2.25,FT,1,draw
27-02-2021,Roma,Milan,,1-2,2.35,FT,1,away
27-02-2021,Villarreal,Atl. Madrid,,0-2,2.45,FT,2,away
20-02-2021,Burnley,WBA,,0-0,2.05,FT,1,draw
20-02-2021,Nottingham,Blackburn,,1-0,1.45,DC,1X,home
20-02-2021,QPR,Bournemouth,,2-1,3.30,FT,X,home
20-02-2021,Nantes,Olympique Marseille,,1-1,1.40,DC,X2,draw
20-02-2021,Genoa,Verona,,2-2,1.40,DC,1X,draw
20-02-2021,Valencia,Celta Vigo,,2-0,2.45,FT,1,home
20-02-2021,Sassuolo,Bologna,,1-1,2.25,FT,1,draw
20-02-2021,Fulham,Sheffield Utd,,1-0,2.20,FT,1,home
20-02-2021,Parma,Udinese,,2-2,1.30,DC,12,draw
20-02-2021,West Ham,Tottenham,,2-1,1.45,DC,1X,home
20-02-2021,Montpellier,Rennes,,2-1,2.90,FT,1,home
20-02-2021,Aston Villa,Leicester,,1-2,2.40,FT,2,away
20-02-2021,Milan,Inter,,0-3,2.00,FT,2,away
20-02-2021,Nice,Metz,,1-2,2.35,FT,1,away
20-02-2021,Nimes,Bordeaux,,2-0,2.25,FT,2,home
20-02-2021,Strasbourg,Angers,,0-0,2.25,FT,1,draw
20-02-2021,Hoffenheim,Werder Bremen,,4-0,2.10,FT,1,home
20-02-2021,Atalanta,Napoli,,4-2,1.85,FT,1,home
20-02-2021,Huesca,Granada,,3-2,1.30,DC,12,home
20-02-2021,Ath Bilbao,Villarreal,,1-1,2.50,FT,1,draw
13-02-2021,Crystal Palace,Burnley,,0-3,1.35,DC,12,away
13-02-2021,Cardiff,Coventry,,3-1,2.05,FT,1,home
13-02-2021,Napoli,Juventus,,1-0,2.00,FT,2,home
13-02-2021,Eibar,Valladolid,,1-1,2.05,FT,1,draw
13-02-2021,Reims,Lens,,1-1,3.00,FT,X,draw
13-02-2021,Brighton,Aston Villa,,0-0,3.40,FT,X,draw
13-02-2021,Southampton,Wolvethampton,,1-2,1.35,DC,12,away
13-02-2021,Getafe,Sociedad,,0-1,2.10,FT,2,away
13-02-2021,Aalborg,Randers,,0-0,1.30,DC,12,draw
13-02-2021,Vejle Kolding,Nordsjaelland,,2-2,1.55,DC,X2,draw
13-02-2021,Sampdoria,Fiorentina,,2-1,1.40,DC,X2,home
13-02-2021,Angers,Nantes,,1-3,2.30,FT,1,away
13-02-2021,Dijon,Nimes,,0-2,2.85,FT,2,away
13-02-2021,Metz,Strasbourg,,1-2,3.00,FT,1,away
13-02-2021,Rennes,St Etienne,,0-2,1.95,FT,1,away
13-02-2021,Wolfsburg,B. Monchengladbach,,0-0,1.40,DC,1X,draw
13-02-2021,Crotone,Sassuolo,,1-2,1.95,FT,2,away
13-02-2021,Levante,Osasuna,,0-1,2.30,FT,1,away
13-02-2021,Odense,Aarhus,,0-0,2.25,FT,2,draw
13-02-2021,Bordeaux,Olympique Marseille,,0-0,2.70,FT,1,draw
06-02-2021,Stoke,Reading,,0-0,3.10,FT,X,draw
06-02-2021,Luton,Huddersfield,,1-1,1.30,DC,12,draw
06-02-2021,QPR,Blackburn,,1-0,1.30,DC,12,home
06-02-2021,Middlesbrough,Brentford,,1-4,2.30,FT,2,away
06-02-2021,Barnsley,Derby,,Postp,1.35,DC,12,postponed
06-02-2021,Bristol City,Cardiff,,0-2,1.30,DC,12,away
06-02-2021,Bournemouth,Birmingham,,3-2,1.70,FT,1,home
06-02-2021,Millwall,Sheffield Wed,,4-1,2.00,FT,1,home
06-02-2021,Preston,Rotherham,,1-2,1.30,DC,12,away
06-02-2021,Wycombe,Nottingham,,0-3,2.00,FT,2,away
06-02-2021,Lorient,Reims,,1-0,2.50,FT,1,home
06-02-2021,Lens,Rennes,,0-0,2.60,FT,2,draw
06-02-2021,Benevento,Sampdoria,,1-1,3.25,FT,X,draw
06-02-2021,Brest,Bordeaux,,2-1,1.50,DC,X2,home
06-02-2021,Paderborn,Heidenheim,,Postp,2.20,FT,1,postponed
06-02-2021,Udinese,Verona,,2-0,3.10,FT,X,home
06-02-2021,Hoffenheim,Eintracht Frankfurt,,1-3,2.20,FT,2,away
06-02-2021,Bielefeld,Werder Bremen,,Postp,2.50,FT,2,postponed
06-02-2021,Parma,Bologna,,0-3,2.30,FT,2,away
06-02-2021,Osasuna,Eibar,,2-1,3.00,FT,X,home
30-01-2021,Crystal Palace,Wolverhampton,,1-0,3.10,FT,X,home
30-01-2021,WBA,Fulham,,2-2,1.30,DC,X2,draw
30-01-2021,Montpellier,Lens,,1-2,2.70,FT,1,away
30-01-2021,Arsenal,Manchester Utd,,0-0,2.80,FT,1,draw
30-01-2021,RB Leipzig,Leverkusen,,1-0,1.90,FT,1,home
30-01-2021,Southampton,Aston Villa,,0-1,1.30,DC,12,away
30-01-2021,Villarreal,Real Sociedad,,1-1,1.35,DC,1X,draw
30-01-2021,Olympique Marseille,Rennes,,Postp,2.60,FT,1,postponed
30-01-2021,Spezia,Udinese,,0-1,2.10,FT,2,away
30-01-2021,Nice,St Etienne,,0-1,2.20,FT,1,away
30-01-2021,Leicester,Leeds,,1-3,1.85,FT,1,away
30-01-2021,Cagliari,Sassuolo,,1-1,1.35,DC,X2,draw
30-01-2021,Crotone,Genoa,,0-3,2.90,FT,1,away
30-01-2021,Brest,Metz,,2-4,2.20,FT,1,away
30-01-2021,Strasbourg,Reims,,0-1,2.05,FT,1,away
30-01-2021,Koln,Bielefeld,,3-1,2.25,FT,1,home
30-01-2021,West Ham,Liverpool,,1-3,1.80,FT,2,away
30-01-2021,Wolfsburg,Freiburg,,3-0,1.25,DC,1X,home
30-01-2021,Granada,Celta Vigo,,0-0,3.20,FT,X,draw
30-01-2021,Brighton,Tottenham,,1-0,1.30,DC,X2,home
23-01-2021,QPR,Derby,,0-1,1.35,DC,1X,away
23-01-2021,Aberdeen,Motherwell,,2-0,1.25,DC,1X,home
23-01-2021,ADO Den Haag,Emmen,,0-0,2.60,FT,1,draw
23-01-2021,Lens,Nice,,0-1,2.20,FT,1,away
23-01-2021,Monaco,Olympique Marseille,,3-1,1.90,FT,1,home
23-01-2021,Heracles,Heerenveen,,1-0,2.95,FT,2,home
23-01-2021,Bordeaux,Angers,,2-1,1.35,DC,1X,home
23-01-2021,Preston,Reading,,0-0,3.00,FT,2,draw
23-01-2021,Darmstadt,Holstein Kiel,,0-2,1.30,DC,12,away
23-01-2021,Nurnberg,Hannover,,2-5,3.30,FT,X,away
23-01-2021,Osasuna,Granada,,3-1,2.50,FT,1,home
23-01-2021,Fulham,Burnley,,0-3,3.20,FT,X,away
23-01-2021,Metz,Nantes,,2-0,2.40,FT,1,home
23-01-2021,Reims,Brest,,1-0,2.35,FT,1,home
23-01-2021,Genoa,Cagliari,,1-0,2.25,FT,1,home
23-01-2021,Middlesbrough,Blackburn,,0-1,1.40,DC,1X,away
23-01-2021,Feyenoord,AZ Alkmaar,,2-3,3.60,FT,X,away
23-01-2021,Rennes,Lille,,0-1,3.10,FT,X,away
23-01-2021,Manchester Utd,Liverpool,,3-2,1.25,DC,12,home
23-01-2021,Parma,Sampdoria,,0-2,2.40,FT,2,away
